gtosd-board-texture-v1
name identity
river-key turn
flop 573
66 0
68 1
70 2
72 3
74 4
76 5
78 6
80 7
82 8
84 9
86 10
88 11
90 12
92 13
94 14
96 15
98 16
261 17
264 18
265 19
268 20
269 21
272 22
273 23
276 24
277 25
280 26
281 27
284 28
285 29
288 30
289 31
326 32
328 33
329 34
330 35
332 36
333 37
334 38
336 39
337 40
338 41
340 42
341 43
342 44
344 45
345 46
346 47
348 48
349 49
350 50
352 51
353 52
354 53
521 54
524 55
525 56
528 57
529 58
532 59
533 60
536 61
537 62
540 63
541 64
544 65
545 66
586 67
588 68
589 69
590 70
592 71
593 72
594 73
596 74
597 75
598 76
600 77
601 78
602 79
604 80
605 81
606 82
608 83
609 84
610 85
781 86
784 87
785 88
788 89
789 90
792 91
793 92
796 93
797 94
800 95
801 96
846 97
848 98
849 99
850 100
852 101
853 102
854 103
856 104
857 105
858 106
860 107
861 108
862 109
864 110
865 111
866 112
1041 113
1044 114
1045 115
1048 116
1049 117
1052 118
1053 119
1056 120
1057 121
1106 122
1108 123
1109 124
1110 125
1112 126
1113 127
1114 128
1116 129
1117 130
1118 131
1120 132
1121 133
1122 134
1301 135
1304 136
1305 137
1308 138
1309 139
1312 140
1313 141
1366 142
1368 143
1369 144
1370 145
1372 146
1373 147
1374 148
1376 149
1377 150
1378 151
1561 152
1564 153
1565 154
1568 155
1569 156
1626 157
1628 158
1629 159
1630 160
1632 161
1633 162
1634 163
1821 164
1824 165
1825 166
1886 167
1888 168
1889 169
1890 170
2081 171
2146 172
16710 173
16712 174
16714 175
16716 176
16718 177
16720 178
16722 179
16724 180
16726 181
16728 182
16730 183
16732 184
16734 185
16736 186
16738 187
16905 188
16908 189
16909 190
16912 191
16913 192
16916 193
16917 194
16920 195
16921 196
16924 197
16925 198
16928 199
16929 200
16970 201
16972 202
16973 203
16974 204
16976 205
16977 206
16978 207
16980 208
16981 209
16982 210
16984 211
16985 212
16986 213
16988 214
16989 215
16990 216
16992 217
16993 218
16994 219
17165 220
17168 221
17169 222
17172 223
17173 224
17176 225
17177 226
17180 227
17181 228
17184 229
17185 230
17230 231
17232 232
17233 233
17234 234
17236 235
17237 236
17238 237
17240 238
17241 239
17242 240
17244 241
17245 242
17246 243
17248 244
17249 245
17250 246
17425 247
17428 248
17429 249
17432 250
17433 251
17436 252
17437 253
17440 254
17441 255
17490 256
17492 257
17493 258
17494 259
17496 260
17497 261
17498 262
17500 263
17501 264
17502 265
17504 266
17505 267
17506 268
17685 269
17688 270
17689 271
17692 272
17693 273
17696 274
17697 275
17750 276
17752 277
17753 278
17754 279
17756 280
17757 281
17758 282
17760 283
17761 284
17762 285
17945 286
17948 287
17949 288
17952 289
17953 290
18010 291
18012 292
18013 293
18014 294
18016 295
18017 296
18018 297
18205 298
18208 299
18209 300
18270 301
18272 302
18273 303
18274 304
18465 305
18530 306
33354 307
33356 308
33358 309
33360 310
33362 311
33364 312
33366 313
33368 314
33370 315
33372 316
33374 317
33376 318
33378 319
33549 320
33552 321
33553 322
33556 323
33557 324
33560 325
33561 326
33564 327
33565 328
33568 329
33569 330
33614 331
33616 332
33617 333
33618 334
33620 335
33621 336
33622 337
33624 338
33625 339
33626 340
33628 341
33629 342
33630 343
33632 344
33633 345
33634 346
33809 347
33812 348
33813 349
33816 350
33817 351
33820 352
33821 353
33824 354
33825 355
33874 356
33876 357
33877 358
33878 359
33880 360
33881 361
33882 362
33884 363
33885 364
33886 365
33888 366
33889 367
33890 368
34069 369
34072 370
34073 371
34076 372
34077 373
34080 374
34081 375
34134 376
34136 377
34137 378
34138 379
34140 380
34141 381
34142 382
34144 383
34145 384
34146 385
34329 386
34332 387
34333 388
34336 389
34337 390
34394 391
34396 392
34397 393
34398 394
34400 395
34401 396
34402 397
34589 398
34592 399
34593 400
34654 401
34656 402
34657 403
34658 404
34849 405
34914 406
49998 407
50000 408
50002 409
50004 410
50006 411
50008 412
50010 413
50012 414
50014 415
50016 416
50018 417
50193 418
50196 419
50197 420
50200 421
50201 422
50204 423
50205 424
50208 425
50209 426
50258 427
50260 428
50261 429
50262 430
50264 431
50265 432
50266 433
50268 434
50269 435
50270 436
50272 437
50273 438
50274 439
50453 440
50456 441
50457 442
50460 443
50461 444
50464 445
50465 446
50518 447
50520 448
50521 449
50522 450
50524 451
50525 452
50526 453
50528 454
50529 455
50530 456
50713 457
50716 458
50717 459
50720 460
50721 461
50778 462
50780 463
50781 464
50782 465
50784 466
50785 467
50786 468
50973 469
50976 470
50977 471
51038 472
51040 473
51041 474
51042 475
51233 476
51298 477
66642 478
66644 479
66646 480
66648 481
66650 482
66652 483
66654 484
66656 485
66658 486
66837 487
66840 488
66841 489
66844 490
66845 491
66848 492
66849 493
66902 494
66904 495
66905 496
66906 497
66908 498
66909 499
66910 500
66912 501
66913 502
66914 503
67097 504
67100 505
67101 506
67104 507
67105 508
67162 509
67164 510
67165 511
67166 512
67168 513
67169 514
67170 515
67357 516
67360 517
67361 518
67422 519
67424 520
67425 521
67426 522
67617 523
67682 524
83286 525
83288 526
83290 527
83292 528
83294 529
83296 530
83298 531
83481 532
83484 533
83485 534
83488 535
83489 536
83546 537
83548 538
83549 539
83550 540
83552 541
83553 542
83554 543
83741 544
83744 545
83745 546
83806 547
83808 548
83809 549
83810 550
84001 551
84066 552
99930 553
99932 554
99934 555
99936 556
99938 557
100125 558
100128 559
100129 560
100190 561
100192 562
100193 563
100194 564
100385 565
100450 566
116574 567
116576 568
116578 569
116769 570
116834 571
133218 572
turn 13761
4227 0
4228 1
4231 2
4232 3
4235 4
4236 5
4239 6
4240 7
4243 8
4244 9
4247 10
4248 11
4251 12
4252 13
4255 14
4256 15
4259 16
4354 17
4357 18
4358 19
4360 20
4361 21
4362 22
4364 23
4365 24
4366 25
4368 26
4369 27
4370 28
4372 29
4373 30
4374 31
4376 32
4377 33
4378 34
4380 35
4381 36
4382 37
4384 38
4385 39
4386 40
4482 41
4483 42
4484 43
4487 44
4488 45
4490 46
4491 47
4492 48
4494 49
4495 50
4496 51
4498 52
4499 53
4500 54
4502 55
4503 56
4504 57
4506 58
4507 59
4508 60
4510 61
4511 62
4512 63
4514 64
4515 65
4610 66
4612 67
4613 68
4614 69
4617 70
4618 71
4620 72
4621 73
4622 74
4624 75
4625 76
4626 77
4628 78
4629 79
4630 80
4632 81
4633 82
4634 83
4636 84
4637 85
4638 86
4640 87
4641 88
4642 89
4738 90
4739 91
4740 92
4742 93
4743 94
4744 95
4747 96
4748 97
4750 98
4751 99
4752 100
4754 101
4755 102
4756 103
4758 104
4759 105
4760 106
4762 107
4763 108
4764 109
4766 110
4767 111
4768 112
4770 113
4771 114
4866 115
4868 116
4869 117
4870 118
4872 119
4873 120
4874 121
4877 122
4878 123
4880 124
4881 125
4882 126
4884 127
4885 128
4886 129
4888 130
4889 131
4890 132
4892 133
4893 134
4894 135
4896 136
4897 137
4898 138
4994 139
4995 140
4996 141
4998 142
4999 143
5000 144
5002 145
5003 146
5004 147
5007 148
5008 149
5010 150
5011 151
5012 152
5014 153
5015 154
5016 155
5018 156
5019 157
5020 158
5022 159
5023 160
5024 161
5026 162
5027 163
5122 164
5124 165
5125 166
5126 167
5128 168
5129 169
5130 170
5132 171
5133 172
5134 173
5137 174
5138 175
5140 176
5141 177
5142 178
5144 179
5145 180
5146 181
5148 182
5149 183
5150 184
5152 185
5153 186
5154 187
5250 188
5251 189
5252 190
5254 191
5255 192
5256 193
5258 194
5259 195
5260 196
5262 197
5263 198
5264 199
5267 200
5268 201
5270 202
5271 203
5272 204
5274 205
5275 206
5276 207
5278 208
5279 209
5280 210
5282 211
5283 212
5378 213
5380 214
5381 215
5382 216
5384 217
5385 218
5386 219
5388 220
5389 221
5390 222
5392 223
5393 224
5394 225
5397 226
5398 227
5400 228
5401 229
5402 230
5404 231
5405 232
5406 233
5408 234
5409 235
5410 236
5506 237
5507 238
5508 239
5510 240
5511 241
5512 242
5514 243
5515 244
5516 245
5518 246
5519 247
5520 248
5522 249
5523 250
5524 251
5527 252
5528 253
5530 254
5531 255
5532 256
5534 257
5535 258
5536 259
5538 260
5539 261
5634 262
5636 263
5637 264
5638 265
5640 266
5641 267
5642 268
5644 269
5645 270
5646 271
5648 272
5649 273
5650 274
5652 275
5653 276
5654 277
5657 278
5658 279
5660 280
5661 281
5662 282
5664 283
5665 284
5666 285
5762 286
5763 287
5764 288
5766 289
5767 290
5768 291
5770 292
5771 293
5772 294
5774 295
5775 296
5776 297
5778 298
5779 299
5780 300
5782 301
5783 302
5784 303
5787 304
5788 305
5790 306
5791 307
5792 308
5794 309
5795 310
5890 311
5892 312
5893 313
5894 314
5896 315
5897 316
5898 317
5900 318
5901 319
5902 320
5904 321
5905 322
5906 323
5908 324
5909 325
5910 326
5912 327
5913 328
5914 329
5917 330
5918 331
5920 332
5921 333
5922 334
6018 335
6019 336
6020 337
6022 338
6023 339
6024 340
6026 341
6027 342
6028 343
6030 344
6031 345
6032 346
6034 347
6035 348
6036 349
6038 350
6039 351
6040 352
6042 353
6043 354
6044 355
6047 356
6048 357
6050 358
6051 359
6146 360
6148 361
6149 362
6150 363
6152 364
6153 365
6154 366
6156 367
6157 368
6158 369
6160 370
6161 371
6162 372
6164 373
6165 374
6166 375
6168 376
6169 377
6170 378
6172 379
6173 380
6174 381
6177 382
6178 383
6274 384
6275 385
6276 386
6278 387
6279 388
6280 389
6282 390
6283 391
6284 392
6286 393
6287 394
6288 395
6290 396
6291 397
6292 398
6294 399
6295 400
6296 401
6298 402
6299 403
6300 404
6302 405
6303 406
6304 407
6307 408
16705 409
16706 410
16710 411
16712 412
16713 413
16714 414
16716 415
16717 416
16718 417
16720 418
16721 419
16722 420
16724 421
16725 422
16726 423
16728 424
16729 425
16730 426
16732 427
16733 428
16734 429
16736 430
16737 431
16738 432
16897 433
16901 434
16905 435
16908 436
16909 437
16912 438
16913 439
16916 440
16917 441
16920 442
16921 443
16924 444
16925 445
16928 446
16929 447
16961 448
16962 449
16965 450
16966 451
16968 452
16970 453
16972 454
16973 455
16974 456
16976 457
16977 458
16978 459
16980 460
16981 461
16982 462
16984 463
16985 464
16986 465
16988 466
16989 467
16990 468
16992 469
16993 470
16994 471
17153 472
17157 473
17160 474
17161 475
17165 476
17168 477
17169 478
17172 479
17173 480
17176 481
17177 482
17180 483
17181 484
17184 485
17185 486
17217 487
17218 488
17221 489
17222 490
17224 491
17225 492
17226 493
17228 494
17230 495
17232 496
17233 497
17234 498
17236 499
17237 500
17238 501
17240 502
17241 503
17242 504
17244 505
17245 506
17246 507
17248 508
17249 509
17250 510
17409 511
17413 512
17416 513
17417 514
17420 515
17421 516
17425 517
17428 518
17429 519
17432 520
17433 521
17436 522
17437 523
17440 524
17441 525
17473 526
17474 527
17477 528
17478 529
17480 530
17481 531
17482 532
17484 533
17485 534
17486 535
17488 536
17490 537
17492 538
17493 539
17494 540
17496 541
17497 542
17498 543
17500 544
17501 545
17502 546
17504 547
17505 548
17506 549
17665 550
17669 551
17672 552
17673 553
17676 554
17677 555
17680 556
17681 557
17685 558
17688 559
17689 560
17692 561
17693 562
17696 563
17697 564
17729 565
17730 566
17733 567
17734 568
17736 569
17737 570
17738 571
17740 572
17741 573
17742 574
17744 575
17745 576
17746 577
17748 578
17750 579
17752 580
17753 581
17754 582
17756 583
17757 584
17758 585
17760 586
17761 587
17762 588
17921 589
17925 590
17928 591
17929 592
17932 593
17933 594
17936 595
17937 596
17940 597
17941 598
17945 599
17948 600
17949 601
17952 602
17953 603
17985 604
17986 605
17989 606
17990 607
17992 608
17993 609
17994 610
17996 611
17997 612
17998 613
18000 614
18001 615
18002 616
18004 617
18005 618
18006 619
18008 620
18010 621
18012 622
18013 623
18014 624
18016 625
18017 626
18018 627
18177 628
18181 629
18184 630
18185 631
18188 632
18189 633
18192 634
18193 635
18196 636
18197 637
18200 638
18201 639
18205 640
18208 641
18209 642
18241 643
18242 644
18245 645
18246 646
18248 647
18249 648
18250 649
18252 650
18253 651
18254 652
18256 653
18257 654
18258 655
18260 656
18261 657
18262 658
18264 659
18265 660
18266 661
18268 662
18270 663
18272 664
18273 665
18274 666
18433 667
18437 668
18440 669
18441 670
18444 671
18445 672
18448 673
18449 674
18452 675
18453 676
18456 677
18457 678
18460 679
18461 680
18465 681
18497 682
18498 683
18501 684
18502 685
18504 686
18505 687
18506 688
18508 689
18509 690
18510 691
18512 692
18513 693
18514 694
18516 695
18517 696
18518 697
18520 698
18521 699
18522 700
18524 701
18525 702
18526 703
18528 704
18530 705
20865 706
20867 707
20868 708
20871 709
20872 710
20873 711
20875 712
20876 713
20877 714
20879 715
20880 716
20881 717
20883 718
20884 719
20885 720
20887 721
20888 722
20889 723
20891 724
20892 725
20893 726
20895 727
20896 728
20897 729
20899 730
20993 731
20994 732
20996 733
20998 734
21001 735
21002 736
21004 737
21005 738
21006 739
21008 740
21009 741
21010 742
21012 743
21013 744
21014 745
21016 746
21017 747
21018 748
21020 749
21021 750
21022 751
21024 752
21025 753
21026 754
21057 755
21058 756
21060 757
21062 758
21064 759
21066 760
21068 761
21069 762
21070 763
21072 764
21073 765
21074 766
21076 767
21077 768
21078 769
21080 770
21081 771
21082 772
21084 773
21085 774
21086 775
21088 776
21089 777
21090 778
21121 779
21122 780
21123 781
21124 782
21126 783
21127 784
21128 785
21129 786
21131 787
21132 788
21133 789
21134 790
21135 791
21136 792
21137 793
21138 794
21139 795
21140 796
21141 797
21142 798
21143 799
21144 800
21145 801
21146 802
21147 803
21148 804
21149 805
21150 806
21151 807
21152 808
21153 809
21154 810
21155 811
21249 812
21250 813
21252 814
21254 815
21256 816
21257 817
21258 818
21261 819
21262 820
21264 821
21265 822
21266 823
21268 824
21269 825
21270 826
21272 827
21273 828
21274 829
21276 830
21277 831
21278 832
21280 833
21281 834
21282 835
21313 836
21314 837
21316 838
21318 839
21320 840
21321 841
21322 842
21324 843
21326 844
21328 845
21329 846
21330 847
21332 848
21333 849
21334 850
21336 851
21337 852
21338 853
21340 854
21341 855
21342 856
21344 857
21345 858
21346 859
21377 860
21378 861
21379 862
21380 863
21382 864
21383 865
21384 866
21385 867
21386 868
21387 869
21388 870
21389 871
21391 872
21392 873
21393 874
21394 875
21395 876
21396 877
21397 878
21398 879
21399 880
21400 881
21401 882
21402 883
21403 884
21404 885
21405 886
21406 887
21407 888
21408 889
21409 890
21410 891
21411 892
21505 893
21506 894
21508 895
21510 896
21512 897
21513 898
21514 899
21516 900
21517 901
21518 902
21521 903
21522 904
21524 905
21525 906
21526 907
21528 908
21529 909
21530 910
21532 911
21533 912
21534 913
21536 914
21537 915
21538 916
21569 917
21570 918
21572 919
21574 920
21576 921
21577 922
21578 923
21580 924
21581 925
21582 926
21584 927
21586 928
21588 929
21589 930
21590 931
21592 932
21593 933
21594 934
21596 935
21597 936
21598 937
21600 938
21601 939
21602 940
21633 941
21634 942
21635 943
21636 944
21638 945
21639 946
21640 947
21641 948
21642 949
21643 950
21644 951
21645 952
21646 953
21647 954
21648 955
21649 956
21651 957
21652 958
21653 959
21654 960
21655 961
21656 962
21657 963
21658 964
21659 965
21660 966
21661 967
21662 968
21663 969
21664 970
21665 971
21666 972
21667 973
21761 974
21762 975
21764 976
21766 977
21768 978
21769 979
21770 980
21772 981
21773 982
21774 983
21776 984
21777 985
21778 986
21781 987
21782 988
21784 989
21785 990
21786 991
21788 992
21789 993
21790 994
21792 995
21793 996
21794 997
21825 998
21826 999
21828 1000
21830 1001
21832 1002
21833 1003
21834 1004
21836 1005
21837 1006
21838 1007
21840 1008
21841 1009
21842 1010
21844 1011
21846 1012
21848 1013
21849 1014
21850 1015
21852 1016
21853 1017
21854 1018
21856 1019
21857 1020
21858 1021
21889 1022
21890 1023
21891 1024
21892 1025
21894 1026
21895 1027
21896 1028
21897 1029
21898 1030
21899 1031
21900 1032
21901 1033
21902 1034
21903 1035
21904 1036
21905 1037
21906 1038
21907 1039
21908 1040
21909 1041
21911 1042
21912 1043
21913 1044
21914 1045
21915 1046
21916 1047
21917 1048
21918 1049
21919 1050
21920 1051
21921 1052
21922 1053
21923 1054
22017 1055
22018 1056
22020 1057
22022 1058
22024 1059
22025 1060
22026 1061
22028 1062
22029 1063
22030 1064
22032 1065
22033 1066
22034 1067
22036 1068
22037 1069
22038 1070
22041 1071
22042 1072
22044 1073
22045 1074
22046 1075
22048 1076
22049 1077
22050 1078
22081 1079
22082 1080
22084 1081
22086 1082
22088 1083
22089 1084
22090 1085
22092 1086
22093 1087
22094 1088
22096 1089
22097 1090
22098 1091
22100 1092
22101 1093
22102 1094
22104 1095
22106 1096
22108 1097
22109 1098
22110 1099
22112 1100
22113 1101
22114 1102
22145 1103
22146 1104
22147 1105
22148 1106
22150 1107
22151 1108
22152 1109
22153 1110
22154 1111
22155 1112
22156 1113
22157 1114
22158 1115
22159 1116
22160 1117
22161 1118
22162 1119
22163 1120
22164 1121
22165 1122
22166 1123
22167 1124
22168 1125
22169 1126
22171 1127
22172 1128
22173 1129
22174 1130
22175 1131
22176 1132
22177 1133
22178 1134
22179 1135
22273 1136
22274 1137
22276 1138
22278 1139
22280 1140
22281 1141
22282 1142
22284 1143
22285 1144
22286 1145
22288 1146
22289 1147
22290 1148
22292 1149
22293 1150
22294 1151
22296 1152
22297 1153
22298 1154
22301 1155
22302 1156
22304 1157
22305 1158
22306 1159
22337 1160
22338 1161
22340 1162
22342 1163
22344 1164
22345 1165
22346 1166
22348 1167
22349 1168
22350 1169
22352 1170
22353 1171
22354 1172
22356 1173
22357 1174
22358 1175
22360 1176
22361 1177
22362 1178
22364 1179
22366 1180
22368 1181
22369 1182
22370 1183
22401 1184
22402 1185
22403 1186
22404 1187
22406 1188
22407 1189
22408 1190
22409 1191
22410 1192
22411 1193
22412 1194
22413 1195
22414 1196
22415 1197
22416 1198
22417 1199
22418 1200
22419 1201
22420 1202
22421 1203
22422 1204
22423 1205
22424 1206
22425 1207
22426 1208
22427 1209
22428 1210
22429 1211
22431 1212
22432 1213
22433 1214
22434 1215
22435 1216
22529 1217
22530 1218
22532 1219
22534 1220
22536 1221
22537 1222
22538 1223
22540 1224
22541 1225
22542 1226
22544 1227
22545 1228
22546 1229
22548 1230
22549 1231
22550 1232
22552 1233
22553 1234
22554 1235
22556 1236
22557 1237
22558 1238
22561 1239
22562 1240
22593 1241
22594 1242
22596 1243
22598 1244
22600 1245
22601 1246
22602 1247
22604 1248
22605 1249
22606 1250
22608 1251
22609 1252
22610 1253
22612 1254
22613 1255
22614 1256
22616 1257
22617 1258
22618 1259
22620 1260
22621 1261
22622 1262
22624 1263
22626 1264
22657 1265
22658 1266
22659 1267
22660 1268
22662 1269
22663 1270
22664 1271
22665 1272
22666 1273
22667 1274
22668 1275
22669 1276
22670 1277
22671 1278
22672 1279
22673 1280
22674 1281
22675 1282
22676 1283
22677 1284
22678 1285
22679 1286
22680 1287
22681 1288
22682 1289
22683 1290
22684 1291
22685 1292
22686 1293
22687 1294
22688 1295
22689 1296
22691 1297
33345 1298
33346 1299
33348 1300
33349 1301
33350 1302
33354 1303
33356 1304
33357 1305
33358 1306
33360 1307
33361 1308
33362 1309
33364 1310
33365 1311
33366 1312
33368 1313
33369 1314
33370 1315
33372 1316
33373 1317
33374 1318
33376 1319
33377 1320
33378 1321
33537 1322
33540 1323
33541 1324
33545 1325
33549 1326
33552 1327
33553 1328
33556 1329
33557 1330
33560 1331
33561 1332
33564 1333
33565 1334
33568 1335
33569 1336
33601 1337
33602 1338
33604 1339
33605 1340
33606 1341
33609 1342
33610 1343
33612 1344
33614 1345
33616 1346
33617 1347
33618 1348
33620 1349
33621 1350
33622 1351
33624 1352
33625 1353
33626 1354
33628 1355
33629 1356
33630 1357
33632 1358
33633 1359
33634 1360
33793 1361
33796 1362
33797 1363
33801 1364
33804 1365
33805 1366
33809 1367
33812 1368
33813 1369
33816 1370
33817 1371
33820 1372
33821 1373
33824 1374
33825 1375
33857 1376
33858 1377
33860 1378
33861 1379
33862 1380
33865 1381
33866 1382
33868 1383
33869 1384
33870 1385
33872 1386
33874 1387
33876 1388
33877 1389
33878 1390
33880 1391
33881 1392
33882 1393
33884 1394
33885 1395
33886 1396
33888 1397
33889 1398
33890 1399
34049 1400
34052 1401
34053 1402
34057 1403
34060 1404
34061 1405
34064 1406
34065 1407
34069 1408
34072 1409
34073 1410
34076 1411
34077 1412
34080 1413
34081 1414
34113 1415
34114 1416
34116 1417
34117 1418
34118 1419
34121 1420
34122 1421
34124 1422
34125 1423
34126 1424
34128 1425
34129 1426
34130 1427
34132 1428
34134 1429
34136 1430
34137 1431
34138 1432
34140 1433
34141 1434
34142 1435
34144 1436
34145 1437
34146 1438
34305 1439
34308 1440
34309 1441
34313 1442
34316 1443
34317 1444
34320 1445
34321 1446
34324 1447
34325 1448
34329 1449
34332 1450
34333 1451
34336 1452
34337 1453
34369 1454
34370 1455
34372 1456
34373 1457
34374 1458
34377 1459
34378 1460
34380 1461
34381 1462
34382 1463
34384 1464
34385 1465
34386 1466
34388 1467
34389 1468
34390 1469
34392 1470
34394 1471
34396 1472
34397 1473
34398 1474
34400 1475
34401 1476
34402 1477
34561 1478
34564 1479
34565 1480
34569 1481
34572 1482
34573 1483
34576 1484
34577 1485
34580 1486
34581 1487
34584 1488
34585 1489
34589 1490
34592 1491
34593 1492
34625 1493
34626 1494
34628 1495
34629 1496
34630 1497
34633 1498
34634 1499
34636 1500
34637 1501
34638 1502
34640 1503
34641 1504
34642 1505
34644 1506
34645 1507
34646 1508
34648 1509
34649 1510
34650 1511
34652 1512
34654 1513
34656 1514
34657 1515
34658 1516
34817 1517
34820 1518
34821 1519
34825 1520
34828 1521
34829 1522
34832 1523
34833 1524
34836 1525
34837 1526
34840 1527
34841 1528
34844 1529
34845 1530
34849 1531
34881 1532
34882 1533
34884 1534
34885 1535
34886 1536
34889 1537
34890 1538
34892 1539
34893 1540
34894 1541
34896 1542
34897 1543
34898 1544
34900 1545
34901 1546
34902 1547
34904 1548
34905 1549
34906 1550
34908 1551
34909 1552
34910 1553
34912 1554
34914 1555
37505 1556
37507 1557
37508 1558
37509 1559
37511 1560
37512 1561
37515 1562
37516 1563
37517 1564
37519 1565
37520 1566
37521 1567
37523 1568
37524 1569
37525 1570
37527 1571
37528 1572
37529 1573
37531 1574
37532 1575
37533 1576
37535 1577
37536 1578
37537 1579
37539 1580
37633 1581
37634 1582
37636 1583
37637 1584
37638 1585
37640 1586
37642 1587
37645 1588
37646 1589
37648 1590
37649 1591
37650 1592
37652 1593
37653 1594
37654 1595
37656 1596
37657 1597
37658 1598
37660 1599
37661 1600
37662 1601
37664 1602
37665 1603
37666 1604
37697 1605
37698 1606
37700 1607
37701 1608
37702 1609
37704 1610
37706 1611
37708 1612
37710 1613
37712 1614
37713 1615
37714 1616
37716 1617
37717 1618
37718 1619
37720 1620
37721 1621
37722 1622
37724 1623
37725 1624
37726 1625
37728 1626
37729 1627
37730 1628
37761 1629
37762 1630
37763 1631
37764 1632
37765 1633
37766 1634
37767 1635
37768 1636
37770 1637
37771 1638
37772 1639
37773 1640
37775 1641
37776 1642
37777 1643
37778 1644
37779 1645
37780 1646
37781 1647
37782 1648
37783 1649
37784 1650
37785 1651
37786 1652
37787 1653
37788 1654
37789 1655
37790 1656
37791 1657
37792 1658
37793 1659
37794 1660
37795 1661
37889 1662
37890 1663
37892 1664
37893 1665
37894 1666
37896 1667
37898 1668
37900 1669
37901 1670
37902 1671
37905 1672
37906 1673
37908 1674
37909 1675
37910 1676
37912 1677
37913 1678
37914 1679
37916 1680
37917 1681
37918 1682
37920 1683
37921 1684
37922 1685
37953 1686
37954 1687
37956 1688
37957 1689
37958 1690
37960 1691
37962 1692
37964 1693
37965 1694
37966 1695
37968 1696
37970 1697
37972 1698
37973 1699
37974 1700
37976 1701
37977 1702
37978 1703
37980 1704
37981 1705
37982 1706
37984 1707
37985 1708
37986 1709
38017 1710
38018 1711
38019 1712
38020 1713
38021 1714
38022 1715
38023 1716
38024 1717
38026 1718
38027 1719
38028 1720
38029 1721
38030 1722
38031 1723
38032 1724
38033 1725
38035 1726
38036 1727
38037 1728
38038 1729
38039 1730
38040 1731
38041 1732
38042 1733
38043 1734
38044 1735
38045 1736
38046 1737
38047 1738
38048 1739
38049 1740
38050 1741
38051 1742
38145 1743
38146 1744
38148 1745
38149 1746
38150 1747
38152 1748
38154 1749
38156 1750
38157 1751
38158 1752
38160 1753
38161 1754
38162 1755
38165 1756
38166 1757
38168 1758
38169 1759
38170 1760
38172 1761
38173 1762
38174 1763
38176 1764
38177 1765
38178 1766
38209 1767
38210 1768
38212 1769
38213 1770
38214 1771
38216 1772
38218 1773
38220 1774
38221 1775
38222 1776
38224 1777
38225 1778
38226 1779
38228 1780
38230 1781
38232 1782
38233 1783
38234 1784
38236 1785
38237 1786
38238 1787
38240 1788
38241 1789
38242 1790
38273 1791
38274 1792
38275 1793
38276 1794
38277 1795
38278 1796
38279 1797
38280 1798
38282 1799
38283 1800
38284 1801
38285 1802
38286 1803
38287 1804
38288 1805
38289 1806
38290 1807
38291 1808
38292 1809
38293 1810
38295 1811
38296 1812
38297 1813
38298 1814
38299 1815
38300 1816
38301 1817
38302 1818
38303 1819
38304 1820
38305 1821
38306 1822
38307 1823
38401 1824
38402 1825
38404 1826
38405 1827
38406 1828
38408 1829
38410 1830
38412 1831
38413 1832
38414 1833
38416 1834
38417 1835
38418 1836
38420 1837
38421 1838
38422 1839
38425 1840
38426 1841
38428 1842
38429 1843
38430 1844
38432 1845
38433 1846
38434 1847
38465 1848
38466 1849
38468 1850
38469 1851
38470 1852
38472 1853
38474 1854
38476 1855
38477 1856
38478 1857
38480 1858
38481 1859
38482 1860
38484 1861
38485 1862
38486 1863
38488 1864
38490 1865
38492 1866
38493 1867
38494 1868
38496 1869
38497 1870
38498 1871
38529 1872
38530 1873
38531 1874
38532 1875
38533 1876
38534 1877
38535 1878
38536 1879
38538 1880
38539 1881
38540 1882
38541 1883
38542 1884
38543 1885
38544 1886
38545 1887
38546 1888
38547 1889
38548 1890
38549 1891
38550 1892
38551 1893
38552 1894
38553 1895
38555 1896
38556 1897
38557 1898
38558 1899
38559 1900
38560 1901
38561 1902
38562 1903
38563 1904
38657 1905
38658 1906
38660 1907
38661 1908
38662 1909
38664 1910
38666 1911
38668 1912
38669 1913
38670 1914
38672 1915
38673 1916
38674 1917
38676 1918
38677 1919
38678 1920
38680 1921
38681 1922
38682 1923
38685 1924
38686 1925
38688 1926
38689 1927
38690 1928
38721 1929
38722 1930
38724 1931
38725 1932
38726 1933
38728 1934
38730 1935
38732 1936
38733 1937
38734 1938
38736 1939
38737 1940
38738 1941
38740 1942
38741 1943
38742 1944
38744 1945
38745 1946
38746 1947
38748 1948
38750 1949
38752 1950
38753 1951
38754 1952
38785 1953
38786 1954
38787 1955
38788 1956
38789 1957
38790 1958
38791 1959
38792 1960
38794 1961
38795 1962
38796 1963
38797 1964
38798 1965
38799 1966
38800 1967
38801 1968
38802 1969
38803 1970
38804 1971
38805 1972
38806 1973
38807 1974
38808 1975
38809 1976
38810 1977
38811 1978
38812 1979
38813 1980
38815 1981
38816 1982
38817 1983
38818 1984
38819 1985
38913 1986
38914 1987
38916 1988
38917 1989
38918 1990
38920 1991
38922 1992
38924 1993
38925 1994
38926 1995
38928 1996
38929 1997
38930 1998
38932 1999
38933 2000
38934 2001
38936 2002
38937 2003
38938 2004
38940 2005
38941 2006
38942 2007
38945 2008
38946 2009
38977 2010
38978 2011
38980 2012
38981 2013
38982 2014
38984 2015
38986 2016
38988 2017
38989 2018
38990 2019
38992 2020
38993 2021
38994 2022
38996 2023
38997 2024
38998 2025
39000 2026
39001 2027
39002 2028
39004 2029
39005 2030
39006 2031
39008 2032
39010 2033
39041 2034
39042 2035
39043 2036
39044 2037
39045 2038
39046 2039
39047 2040
39048 2041
39050 2042
39051 2043
39052 2044
39053 2045
39054 2046
39055 2047
39056 2048
39057 2049
39058 2050
39059 2051
39060 2052
39061 2053
39062 2054
39063 2055
39064 2056
39065 2057
39066 2058
39067 2059
39068 2060
39069 2061
39070 2062
39071 2063
39072 2064
39073 2065
39075 2066
49985 2067
49986 2068
49988 2069
49989 2070
49990 2071
49992 2072
49993 2073
49994 2074
49998 2075
50000 2076
50001 2077
50002 2078
50004 2079
50005 2080
50006 2081
50008 2082
50009 2083
50010 2084
50012 2085
50013 2086
50014 2087
50016 2088
50017 2089
50018 2090
50177 2091
50180 2092
50181 2093
50184 2094
50185 2095
50189 2096
50193 2097
50196 2098
50197 2099
50200 2100
50201 2101
50204 2102
50205 2103
50208 2104
50209 2105
50241 2106
50242 2107
50244 2108
50245 2109
50246 2110
50248 2111
50249 2112
50250 2113
50253 2114
50254 2115
50256 2116
50258 2117
50260 2118
50261 2119
50262 2120
50264 2121
50265 2122
50266 2123
50268 2124
50269 2125
50270 2126
50272 2127
50273 2128
50274 2129
50433 2130
50436 2131
50437 2132
50440 2133
50441 2134
50445 2135
50448 2136
50449 2137
50453 2138
50456 2139
50457 2140
50460 2141
50461 2142
50464 2143
50465 2144
50497 2145
50498 2146
50500 2147
50501 2148
50502 2149
50504 2150
50505 2151
50506 2152
50509 2153
50510 2154
50512 2155
50513 2156
50514 2157
50516 2158
50518 2159
50520 2160
50521 2161
50522 2162
50524 2163
50525 2164
50526 2165
50528 2166
50529 2167
50530 2168
50689 2169
50692 2170
50693 2171
50696 2172
50697 2173
50701 2174
50704 2175
50705 2176
50708 2177
50709 2178
50713 2179
50716 2180
50717 2181
50720 2182
50721 2183
50753 2184
50754 2185
50756 2186
50757 2187
50758 2188
50760 2189
50761 2190
50762 2191
50765 2192
50766 2193
50768 2194
50769 2195
50770 2196
50772 2197
50773 2198
50774 2199
50776 2200
50778 2201
50780 2202
50781 2203
50782 2204
50784 2205
50785 2206
50786 2207
50945 2208
50948 2209
50949 2210
50952 2211
50953 2212
50957 2213
50960 2214
50961 2215
50964 2216
50965 2217
50968 2218
50969 2219
50973 2220
50976 2221
50977 2222
51009 2223
51010 2224
51012 2225
51013 2226
51014 2227
51016 2228
51017 2229
51018 2230
51021 2231
51022 2232
51024 2233
51025 2234
51026 2235
51028 2236
51029 2237
51030 2238
51032 2239
51033 2240
51034 2241
51036 2242
51038 2243
51040 2244
51041 2245
51042 2246
51201 2247
51204 2248
51205 2249
51208 2250
51209 2251
51213 2252
51216 2253
51217 2254
51220 2255
51221 2256
51224 2257
51225 2258
51228 2259
51229 2260
51233 2261
51265 2262
51266 2263
51268 2264
51269 2265
51270 2266
51272 2267
51273 2268
51274 2269
51277 2270
51278 2271
51280 2272
51281 2273
51282 2274
51284 2275
51285 2276
51286 2277
51288 2278
51289 2279
51290 2280
51292 2281
51293 2282
51294 2283
51296 2284
51298 2285
54145 2286
54147 2287
54148 2288
54149 2289
54151 2290
54152 2291
54153 2292
54155 2293
54156 2294
54159 2295
54160 2296
54161 2297
54163 2298
54164 2299
54165 2300
54167 2301
54168 2302
54169 2303
54171 2304
54172 2305
54173 2306
54175 2307
54176 2308
54177 2309
54179 2310
54273 2311
54274 2312
54276 2313
54277 2314
54278 2315
54280 2316
54281 2317
54282 2318
54284 2319
54286 2320
54289 2321
54290 2322
54292 2323
54293 2324
54294 2325
54296 2326
54297 2327
54298 2328
54300 2329
54301 2330
54302 2331
54304 2332
54305 2333
54306 2334
54337 2335
54338 2336
54340 2337
54341 2338
54342 2339
54344 2340
54345 2341
54346 2342
54348 2343
54350 2344
54352 2345
54354 2346
54356 2347
54357 2348
54358 2349
54360 2350
54361 2351
54362 2352
54364 2353
54365 2354
54366 2355
54368 2356
54369 2357
54370 2358
54401 2359
54402 2360
54403 2361
54404 2362
54405 2363
54406 2364
54407 2365
54408 2366
54409 2367
54410 2368
54411 2369
54412 2370
54414 2371
54415 2372
54416 2373
54417 2374
54419 2375
54420 2376
54421 2377
54422 2378
54423 2379
54424 2380
54425 2381
54426 2382
54427 2383
54428 2384
54429 2385
54430 2386
54431 2387
54432 2388
54433 2389
54434 2390
54435 2391
54529 2392
54530 2393
54532 2394
54533 2395
54534 2396
54536 2397
54537 2398
54538 2399
54540 2400
54542 2401
54544 2402
54545 2403
54546 2404
54549 2405
54550 2406
54552 2407
54553 2408
54554 2409
54556 2410
54557 2411
54558 2412
54560 2413
54561 2414
54562 2415
54593 2416
54594 2417
54596 2418
54597 2419
54598 2420
54600 2421
54601 2422
54602 2423
54604 2424
54606 2425
54608 2426
54609 2427
54610 2428
54612 2429
54614 2430
54616 2431
54617 2432
54618 2433
54620 2434
54621 2435
54622 2436
54624 2437
54625 2438
54626 2439
54657 2440
54658 2441
54659 2442
54660 2443
54661 2444
54662 2445
54663 2446
54664 2447
54665 2448
54666 2449
54667 2450
54668 2451
54670 2452
54671 2453
54672 2454
54673 2455
54674 2456
54675 2457
54676 2458
54677 2459
54679 2460
54680 2461
54681 2462
54682 2463
54683 2464
54684 2465
54685 2466
54686 2467
54687 2468
54688 2469
54689 2470
54690 2471
54691 2472
54785 2473
54786 2474
54788 2475
54789 2476
54790 2477
54792 2478
54793 2479
54794 2480
54796 2481
54798 2482
54800 2483
54801 2484
54802 2485
54804 2486
54805 2487
54806 2488
54809 2489
54810 2490
54812 2491
54813 2492
54814 2493
54816 2494
54817 2495
54818 2496
54849 2497
54850 2498
54852 2499
54853 2500
54854 2501
54856 2502
54857 2503
54858 2504
54860 2505
54862 2506
54864 2507
54865 2508
54866 2509
54868 2510
54869 2511
54870 2512
54872 2513
54874 2514
54876 2515
54877 2516
54878 2517
54880 2518
54881 2519
54882 2520
54913 2521
54914 2522
54915 2523
54916 2524
54917 2525
54918 2526
54919 2527
54920 2528
54921 2529
54922 2530
54923 2531
54924 2532
54926 2533
54927 2534
54928 2535
54929 2536
54930 2537
54931 2538
54932 2539
54933 2540
54934 2541
54935 2542
54936 2543
54937 2544
54939 2545
54940 2546
54941 2547
54942 2548
54943 2549
54944 2550
54945 2551
54946 2552
54947 2553
55041 2554
55042 2555
55044 2556
55045 2557
55046 2558
55048 2559
55049 2560
55050 2561
55052 2562
55054 2563
55056 2564
55057 2565
55058 2566
55060 2567
55061 2568
55062 2569
55064 2570
55065 2571
55066 2572
55069 2573
55070 2574
55072 2575
55073 2576
55074 2577
55105 2578
55106 2579
55108 2580
55109 2581
55110 2582
55112 2583
55113 2584
55114 2585
55116 2586
55118 2587
55120 2588
55121 2589
55122 2590
55124 2591
55125 2592
55126 2593
55128 2594
55129 2595
55130 2596
55132 2597
55134 2598
55136 2599
55137 2600
55138 2601
55169 2602
55170 2603
55171 2604
55172 2605
55173 2606
55174 2607
55175 2608
55176 2609
55177 2610
55178 2611
55179 2612
55180 2613
55182 2614
55183 2615
55184 2616
55185 2617
55186 2618
55187 2619
55188 2620
55189 2621
55190 2622
55191 2623
55192 2624
55193 2625
55194 2626
55195 2627
55196 2628
55197 2629
55199 2630
55200 2631
55201 2632
55202 2633
55203 2634
55297 2635
55298 2636
55300 2637
55301 2638
55302 2639
55304 2640
55305 2641
55306 2642
55308 2643
55310 2644
55312 2645
55313 2646
55314 2647
55316 2648
55317 2649
55318 2650
55320 2651
55321 2652
55322 2653
55324 2654
55325 2655
55326 2656
55329 2657
55330 2658
55361 2659
55362 2660
55364 2661
55365 2662
55366 2663
55368 2664
55369 2665
55370 2666
55372 2667
55374 2668
55376 2669
55377 2670
55378 2671
55380 2672
55381 2673
55382 2674
55384 2675
55385 2676
55386 2677
55388 2678
55389 2679
55390 2680
55392 2681
55394 2682
55425 2683
55426 2684
55427 2685
55428 2686
55429 2687
55430 2688
55431 2689
55432 2690
55433 2691
55434 2692
55435 2693
55436 2694
55438 2695
55439 2696
55440 2697
55441 2698
55442 2699
55443 2700
55444 2701
55445 2702
55446 2703
55447 2704
55448 2705
55449 2706
55450 2707
55451 2708
55452 2709
55453 2710
55454 2711
55455 2712
55456 2713
55457 2714
55459 2715
66625 2716
66626 2717
66628 2718
66629 2719
66630 2720
66632 2721
66633 2722
66634 2723
66636 2724
66637 2725
66638 2726
66642 2727
66644 2728
66645 2729
66646 2730
66648 2731
66649 2732
66650 2733
66652 2734
66653 2735
66654 2736
66656 2737
66657 2738
66658 2739
66817 2740
66820 2741
66821 2742
66824 2743
66825 2744
66828 2745
66829 2746
66833 2747
66837 2748
66840 2749
66841 2750
66844 2751
66845 2752
66848 2753
66849 2754
66881 2755
66882 2756
66884 2757
66885 2758
66886 2759
66888 2760
66889 2761
66890 2762
66892 2763
66893 2764
66894 2765
66897 2766
66898 2767
66900 2768
66902 2769
66904 2770
66905 2771
66906 2772
66908 2773
66909 2774
66910 2775
66912 2776
66913 2777
66914 2778
67073 2779
67076 2780
67077 2781
67080 2782
67081 2783
67084 2784
67085 2785
67089 2786
67092 2787
67093 2788
67097 2789
67100 2790
67101 2791
67104 2792
67105 2793
67137 2794
67138 2795
67140 2796
67141 2797
67142 2798
67144 2799
67145 2800
67146 2801
67148 2802
67149 2803
67150 2804
67153 2805
67154 2806
67156 2807
67157 2808
67158 2809
67160 2810
67162 2811
67164 2812
67165 2813
67166 2814
67168 2815
67169 2816
67170 2817
67329 2818
67332 2819
67333 2820
67336 2821
67337 2822
67340 2823
67341 2824
67345 2825
67348 2826
67349 2827
67352 2828
67353 2829
67357 2830
67360 2831
67361 2832
67393 2833
67394 2834
67396 2835
67397 2836
67398 2837
67400 2838
67401 2839
67402 2840
67404 2841
67405 2842
67406 2843
67409 2844
67410 2845
67412 2846
67413 2847
67414 2848
67416 2849
67417 2850
67418 2851
67420 2852
67422 2853
67424 2854
67425 2855
67426 2856
67585 2857
67588 2858
67589 2859
67592 2860
67593 2861
67596 2862
67597 2863
67601 2864
67604 2865
67605 2866
67608 2867
67609 2868
67612 2869
67613 2870
67617 2871
67649 2872
67650 2873
67652 2874
67653 2875
67654 2876
67656 2877
67657 2878
67658 2879
67660 2880
67661 2881
67662 2882
67665 2883
67666 2884
67668 2885
67669 2886
67670 2887
67672 2888
67673 2889
67674 2890
67676 2891
67677 2892
67678 2893
67680 2894
67682 2895
70785 2896
70787 2897
70788 2898
70789 2899
70791 2900
70792 2901
70793 2902
70795 2903
70796 2904
70797 2905
70799 2906
70800 2907
70803 2908
70804 2909
70805 2910
70807 2911
70808 2912
70809 2913
70811 2914
70812 2915
70813 2916
70815 2917
70816 2918
70817 2919
70819 2920
70913 2921
70914 2922
70916 2923
70917 2924
70918 2925
70920 2926
70921 2927
70922 2928
70924 2929
70925 2930
70926 2931
70928 2932
70930 2933
70933 2934
70934 2935
70936 2936
70937 2937
70938 2938
70940 2939
70941 2940
70942 2941
70944 2942
70945 2943
70946 2944
70977 2945
70978 2946
70980 2947
70981 2948
70982 2949
70984 2950
70985 2951
70986 2952
70988 2953
70989 2954
70990 2955
70992 2956
70994 2957
70996 2958
70998 2959
71000 2960
71001 2961
71002 2962
71004 2963
71005 2964
71006 2965
71008 2966
71009 2967
71010 2968
71041 2969
71042 2970
71043 2971
71044 2972
71045 2973
71046 2974
71047 2975
71048 2976
71049 2977
71050 2978
71051 2979
71052 2980
71053 2981
71054 2982
71055 2983
71056 2984
71058 2985
71059 2986
71060 2987
71061 2988
71063 2989
71064 2990
71065 2991
71066 2992
71067 2993
71068 2994
71069 2995
71070 2996
71071 2997
71072 2998
71073 2999
71074 3000
71075 3001
71169 3002
71170 3003
71172 3004
71173 3005
71174 3006
71176 3007
71177 3008
71178 3009
71180 3010
71181 3011
71182 3012
71184 3013
71186 3014
71188 3015
71189 3016
71190 3017
71193 3018
71194 3019
71196 3020
71197 3021
71198 3022
71200 3023
71201 3024
71202 3025
71233 3026
71234 3027
71236 3028
71237 3029
71238 3030
71240 3031
71241 3032
71242 3033
71244 3034
71245 3035
71246 3036
71248 3037
71250 3038
71252 3039
71253 3040
71254 3041
71256 3042
71258 3043
71260 3044
71261 3045
71262 3046
71264 3047
71265 3048
71266 3049
71297 3050
71298 3051
71299 3052
71300 3053
71301 3054
71302 3055
71303 3056
71304 3057
71305 3058
71306 3059
71307 3060
71308 3061
71309 3062
71310 3063
71311 3064
71312 3065
71314 3066
71315 3067
71316 3068
71317 3069
71318 3070
71319 3071
71320 3072
71321 3073
71323 3074
71324 3075
71325 3076
71326 3077
71327 3078
71328 3079
71329 3080
71330 3081
71331 3082
71425 3083
71426 3084
71428 3085
71429 3086
71430 3087
71432 3088
71433 3089
71434 3090
71436 3091
71437 3092
71438 3093
71440 3094
71442 3095
71444 3096
71445 3097
71446 3098
71448 3099
71449 3100
71450 3101
71453 3102
71454 3103
71456 3104
71457 3105
71458 3106
71489 3107
71490 3108
71492 3109
71493 3110
71494 3111
71496 3112
71497 3113
71498 3114
71500 3115
71501 3116
71502 3117
71504 3118
71506 3119
71508 3120
71509 3121
71510 3122
71512 3123
71513 3124
71514 3125
71516 3126
71518 3127
71520 3128
71521 3129
71522 3130
71553 3131
71554 3132
71555 3133
71556 3134
71557 3135
71558 3136
71559 3137
71560 3138
71561 3139
71562 3140
71563 3141
71564 3142
71565 3143
71566 3144
71567 3145
71568 3146
71570 3147
71571 3148
71572 3149
71573 3150
71574 3151
71575 3152
71576 3153
71577 3154
71578 3155
71579 3156
71580 3157
71581 3158
71583 3159
71584 3160
71585 3161
71586 3162
71587 3163
71681 3164
71682 3165
71684 3166
71685 3167
71686 3168
71688 3169
71689 3170
71690 3171
71692 3172
71693 3173
71694 3174
71696 3175
71698 3176
71700 3177
71701 3178
71702 3179
71704 3180
71705 3181
71706 3182
71708 3183
71709 3184
71710 3185
71713 3186
71714 3187
71745 3188
71746 3189
71748 3190
71749 3191
71750 3192
71752 3193
71753 3194
71754 3195
71756 3196
71757 3197
71758 3198
71760 3199
71762 3200
71764 3201
71765 3202
71766 3203
71768 3204
71769 3205
71770 3206
71772 3207
71773 3208
71774 3209
71776 3210
71778 3211
71809 3212
71810 3213
71811 3214
71812 3215
71813 3216
71814 3217
71815 3218
71816 3219
71817 3220
71818 3221
71819 3222
71820 3223
71821 3224
71822 3225
71823 3226
71824 3227
71826 3228
71827 3229
71828 3230
71829 3231
71830 3232
71831 3233
71832 3234
71833 3235
71834 3236
71835 3237
71836 3238
71837 3239
71838 3240
71839 3241
71840 3242
71841 3243
71843 3244
83265 3245
83266 3246
83268 3247
83269 3248
83270 3249
83272 3250
83273 3251
83274 3252
83276 3253
83277 3254
83278 3255
83280 3256
83281 3257
83282 3258
83286 3259
83288 3260
83289 3261
83290 3262
83292 3263
83293 3264
83294 3265
83296 3266
83297 3267
83298 3268
83457 3269
83460 3270
83461 3271
83464 3272
83465 3273
83468 3274
83469 3275
83472 3276
83473 3277
83477 3278
83481 3279
83484 3280
83485 3281
83488 3282
83489 3283
83521 3284
83522 3285
83524 3286
83525 3287
83526 3288
83528 3289
83529 3290
83530 3291
83532 3292
83533 3293
83534 3294
83536 3295
83537 3296
83538 3297
83541 3298
83542 3299
83544 3300
83546 3301
83548 3302
83549 3303
83550 3304
83552 3305
83553 3306
83554 3307
83713 3308
83716 3309
83717 3310
83720 3311
83721 3312
83724 3313
83725 3314
83728 3315
83729 3316
83733 3317
83736 3318
83737 3319
83741 3320
83744 3321
83745 3322
83777 3323
83778 3324
83780 3325
83781 3326
83782 3327
83784 3328
83785 3329
83786 3330
83788 3331
83789 3332
83790 3333
83792 3334
83793 3335
83794 3336
83797 3337
83798 3338
83800 3339
83801 3340
83802 3341
83804 3342
83806 3343
83808 3344
83809 3345
83810 3346
83969 3347
83972 3348
83973 3349
83976 3350
83977 3351
83980 3352
83981 3353
83984 3354
83985 3355
83989 3356
83992 3357
83993 3358
83996 3359
83997 3360
84001 3361
84033 3362
84034 3363
84036 3364
84037 3365
84038 3366
84040 3367
84041 3368
84042 3369
84044 3370
84045 3371
84046 3372
84048 3373
84049 3374
84050 3375
84053 3376
84054 3377
84056 3378
84057 3379
84058 3380
84060 3381
84061 3382
84062 3383
84064 3384
84066 3385
87425 3386
87427 3387
87428 3388
87429 3389
87431 3390
87432 3391
87433 3392
87435 3393
87436 3394
87437 3395
87439 3396
87440 3397
87441 3398
87443 3399
87444 3400
87447 3401
87448 3402
87449 3403
87451 3404
87452 3405
87453 3406
87455 3407
87456 3408
87457 3409
87459 3410
87553 3411
87554 3412
87556 3413
87557 3414
87558 3415
87560 3416
87561 3417
87562 3418
87564 3419
87565 3420
87566 3421
87568 3422
87569 3423
87570 3424
87572 3425
87574 3426
87577 3427
87578 3428
87580 3429
87581 3430
87582 3431
87584 3432
87585 3433
87586 3434
87617 3435
87618 3436
87620 3437
87621 3438
87622 3439
87624 3440
87625 3441
87626 3442
87628 3443
87629 3444
87630 3445
87632 3446
87633 3447
87634 3448
87636 3449
87638 3450
87640 3451
87642 3452
87644 3453
87645 3454
87646 3455
87648 3456
87649 3457
87650 3458
87681 3459
87682 3460
87683 3461
87684 3462
87685 3463
87686 3464
87687 3465
87688 3466
87689 3467
87690 3468
87691 3469
87692 3470
87693 3471
87694 3472
87695 3473
87696 3474
87697 3475
87698 3476
87699 3477
87700 3478
87702 3479
87703 3480
87704 3481
87705 3482
87707 3483
87708 3484
87709 3485
87710 3486
87711 3487
87712 3488
87713 3489
87714 3490
87715 3491
87809 3492
87810 3493
87812 3494
87813 3495
87814 3496
87816 3497
87817 3498
87818 3499
87820 3500
87821 3501
87822 3502
87824 3503
87825 3504
87826 3505
87828 3506
87830 3507
87832 3508
87833 3509
87834 3510
87837 3511
87838 3512
87840 3513
87841 3514
87842 3515
87873 3516
87874 3517
87876 3518
87877 3519
87878 3520
87880 3521
87881 3522
87882 3523
87884 3524
87885 3525
87886 3526
87888 3527
87889 3528
87890 3529
87892 3530
87894 3531
87896 3532
87897 3533
87898 3534
87900 3535
87902 3536
87904 3537
87905 3538
87906 3539
87937 3540
87938 3541
87939 3542
87940 3543
87941 3544
87942 3545
87943 3546
87944 3547
87945 3548
87946 3549
87947 3550
87948 3551
87949 3552
87950 3553
87951 3554
87952 3555
87953 3556
87954 3557
87955 3558
87956 3559
87958 3560
87959 3561
87960 3562
87961 3563
87962 3564
87963 3565
87964 3566
87965 3567
87967 3568
87968 3569
87969 3570
87970 3571
87971 3572
88065 3573
88066 3574
88068 3575
88069 3576
88070 3577
88072 3578
88073 3579
88074 3580
88076 3581
88077 3582
88078 3583
88080 3584
88081 3585
88082 3586
88084 3587
88086 3588
88088 3589
88089 3590
88090 3591
88092 3592
88093 3593
88094 3594
88097 3595
88098 3596
88129 3597
88130 3598
88132 3599
88133 3600
88134 3601
88136 3602
88137 3603
88138 3604
88140 3605
88141 3606
88142 3607
88144 3608
88145 3609
88146 3610
88148 3611
88150 3612
88152 3613
88153 3614
88154 3615
88156 3616
88157 3617
88158 3618
88160 3619
88162 3620
88193 3621
88194 3622
88195 3623
88196 3624
88197 3625
88198 3626
88199 3627
88200 3628
88201 3629
88202 3630
88203 3631
88204 3632
88205 3633
88206 3634
88207 3635
88208 3636
88209 3637
88210 3638
88211 3639
88212 3640
88214 3641
88215 3642
88216 3643
88217 3644
88218 3645
88219 3646
88220 3647
88221 3648
88222 3649
88223 3650
88224 3651
88225 3652
88227 3653
99905 3654
99906 3655
99908 3656
99909 3657
99910 3658
99912 3659
99913 3660
99914 3661
99916 3662
99917 3663
99918 3664
99920 3665
99921 3666
99922 3667
99924 3668
99925 3669
99926 3670
99930 3671
99932 3672
99933 3673
99934 3674
99936 3675
99937 3676
99938 3677
100097 3678
100100 3679
100101 3680
100104 3681
100105 3682
100108 3683
100109 3684
100112 3685
100113 3686
100116 3687
100117 3688
100121 3689
100125 3690
100128 3691
100129 3692
100161 3693
100162 3694
100164 3695
100165 3696
100166 3697
100168 3698
100169 3699
100170 3700
100172 3701
100173 3702
100174 3703
100176 3704
100177 3705
100178 3706
100180 3707
100181 3708
100182 3709
100185 3710
100186 3711
100188 3712
100190 3713
100192 3714
100193 3715
100194 3716
100353 3717
100356 3718
100357 3719
100360 3720
100361 3721
100364 3722
100365 3723
100368 3724
100369 3725
100372 3726
100373 3727
100377 3728
100380 3729
100381 3730
100385 3731
100417 3732
100418 3733
100420 3734
100421 3735
100422 3736
100424 3737
100425 3738
100426 3739
100428 3740
100429 3741
100430 3742
100432 3743
100433 3744
100434 3745
100436 3746
100437 3747
100438 3748
100441 3749
100442 3750
100444 3751
100445 3752
100446 3753
100448 3754
100450 3755
104065 3756
104067 3757
104068 3758
104069 3759
104071 3760
104072 3761
104073 3762
104075 3763
104076 3764
104077 3765
104079 3766
104080 3767
104081 3768
104083 3769
104084 3770
104085 3771
104087 3772
104088 3773
104091 3774
104092 3775
104093 3776
104095 3777
104096 3778
104097 3779
104099 3780
104193 3781
104194 3782
104196 3783
104197 3784
104198 3785
104200 3786
104201 3787
104202 3788
104204 3789
104205 3790
104206 3791
104208 3792
104209 3793
104210 3794
104212 3795
104213 3796
104214 3797
104216 3798
104218 3799
104221 3800
104222 3801
104224 3802
104225 3803
104226 3804
104257 3805
104258 3806
104260 3807
104261 3808
104262 3809
104264 3810
104265 3811
104266 3812
104268 3813
104269 3814
104270 3815
104272 3816
104273 3817
104274 3818
104276 3819
104277 3820
104278 3821
104280 3822
104282 3823
104284 3824
104286 3825
104288 3826
104289 3827
104290 3828
104321 3829
104322 3830
104323 3831
104324 3832
104325 3833
104326 3834
104327 3835
104328 3836
104329 3837
104330 3838
104331 3839
104332 3840
104333 3841
104334 3842
104335 3843
104336 3844
104337 3845
104338 3846
104339 3847
104340 3848
104341 3849
104342 3850
104343 3851
104344 3852
104346 3853
104347 3854
104348 3855
104349 3856
104351 3857
104352 3858
104353 3859
104354 3860
104355 3861
104449 3862
104450 3863
104452 3864
104453 3865
104454 3866
104456 3867
104457 3868
104458 3869
104460 3870
104461 3871
104462 3872
104464 3873
104465 3874
104466 3875
104468 3876
104469 3877
104470 3878
104472 3879
104474 3880
104476 3881
104477 3882
104478 3883
104481 3884
104482 3885
104513 3886
104514 3887
104516 3888
104517 3889
104518 3890
104520 3891
104521 3892
104522 3893
104524 3894
104525 3895
104526 3896
104528 3897
104529 3898
104530 3899
104532 3900
104533 3901
104534 3902
104536 3903
104538 3904
104540 3905
104541 3906
104542 3907
104544 3908
104546 3909
104577 3910
104578 3911
104579 3912
104580 3913
104581 3914
104582 3915
104583 3916
104584 3917
104585 3918
104586 3919
104587 3920
104588 3921
104589 3922
104590 3923
104591 3924
104592 3925
104593 3926
104594 3927
104595 3928
104596 3929
104597 3930
104598 3931
104599 3932
104600 3933
104602 3934
104603 3935
104604 3936
104605 3937
104606 3938
104607 3939
104608 3940
104609 3941
104611 3942
116545 3943
116546 3944
116548 3945
116549 3946
116550 3947
116552 3948
116553 3949
116554 3950
116556 3951
116557 3952
116558 3953
116560 3954
116561 3955
116562 3956
116564 3957
116565 3958
116566 3959
116568 3960
116569 3961
116570 3962
116574 3963
116576 3964
116577 3965
116578 3966
116737 3967
116740 3968
116741 3969
116744 3970
116745 3971
116748 3972
116749 3973
116752 3974
116753 3975
116756 3976
116757 3977
116760 3978
116761 3979
116765 3980
116769 3981
116801 3982
116802 3983
116804 3984
116805 3985
116806 3986
116808 3987
116809 3988
116810 3989
116812 3990
116813 3991
116814 3992
116816 3993
116817 3994
116818 3995
116820 3996
116821 3997
116822 3998
116824 3999
116825 4000
116826 4001
116829 4002
116830 4003
116832 4004
116834 4005
120705 4006
120707 4007
120708 4008
120709 4009
120711 4010
120712 4011
120713 4012
120715 4013
120716 4014
120717 4015
120719 4016
120720 4017
120721 4018
120723 4019
120724 4020
120725 4021
120727 4022
120728 4023
120729 4024
120731 4025
120732 4026
120735 4027
120736 4028
120737 4029
120739 4030
120833 4031
120834 4032
120836 4033
120837 4034
120838 4035
120840 4036
120841 4037
120842 4038
120844 4039
120845 4040
120846 4041
120848 4042
120849 4043
120850 4044
120852 4045
120853 4046
120854 4047
120856 4048
120857 4049
120858 4050
120860 4051
120862 4052
120865 4053
120866 4054
120897 4055
120898 4056
120900 4057
120901 4058
120902 4059
120904 4060
120905 4061
120906 4062
120908 4063
120909 4064
120910 4065
120912 4066
120913 4067
120914 4068
120916 4069
120917 4070
120918 4071
120920 4072
120921 4073
120922 4074
120924 4075
120926 4076
120928 4077
120930 4078
120961 4079
120962 4080
120963 4081
120964 4082
120965 4083
120966 4084
120967 4085
120968 4086
120969 4087
120970 4088
120971 4089
120972 4090
120973 4091
120974 4092
120975 4093
120976 4094
120977 4095
120978 4096
120979 4097
120980 4098
120981 4099
120982 4100
120983 4101
120984 4102
120985 4103
120986 4104
120987 4105
120988 4106
120990 4107
120991 4108
120992 4109
120993 4110
120995 4111
133185 4112
133186 4113
133188 4114
133189 4115
133190 4116
133192 4117
133193 4118
133194 4119
133196 4120
133197 4121
133198 4122
133200 4123
133201 4124
133202 4125
133204 4126
133205 4127
133206 4128
133208 4129
133209 4130
133210 4131
133212 4132
133213 4133
133214 4134
133218 4135
137345 4136
137347 4137
137348 4138
137349 4139
137351 4140
137352 4141
137353 4142
137355 4143
137356 4144
137357 4145
137359 4146
137360 4147
137361 4148
137363 4149
137364 4150
137365 4151
137367 4152
137368 4153
137369 4154
137371 4155
137372 4156
137373 4157
137375 4158
137376 4159
137379 4160
1069440 4161
1069443 4162
1069447 4163
1069448 4164
1069451 4165
1069452 4166
1069455 4167
1069456 4168
1069459 4169
1069460 4170
1069463 4171
1069464 4172
1069467 4173
1069468 4174
1069471 4175
1069472 4176
1069475 4177
1069568 4178
1069569 4179
1069570 4180
1069574 4181
1069577 4182
1069578 4183
1069580 4184
1069581 4185
1069582 4186
1069584 4187
1069585 4188
1069586 4189
1069588 4190
1069589 4191
1069590 4192
1069592 4193
1069593 4194
1069594 4195
1069596 4196
1069597 4197
1069598 4198
1069600 4199
1069601 4200
1069602 4201
1069696 4202
1069698 4203
1069699 4204
1069702 4205
1069703 4206
1069704 4207
1069707 4208
1069708 4209
1069710 4210
1069711 4211
1069712 4212
1069714 4213
1069715 4214
1069716 4215
1069718 4216
1069719 4217
1069720 4218
1069722 4219
1069723 4220
1069724 4221
1069726 4222
1069727 4223
1069728 4224
1069730 4225
1069731 4226
1069824 4227
1069825 4228
1069826 4229
1069830 4230
1069832 4231
1069833 4232
1069834 4233
1069837 4234
1069838 4235
1069840 4236
1069841 4237
1069842 4238
1069844 4239
1069845 4240
1069846 4241
1069848 4242
1069849 4243
1069850 4244
1069852 4245
1069853 4246
1069854 4247
1069856 4248
1069857 4249
1069858 4250
1069952 4251
1069954 4252
1069955 4253
1069958 4254
1069959 4255
1069960 4256
1069962 4257
1069963 4258
1069964 4259
1069967 4260
1069968 4261
1069970 4262
1069971 4263
1069972 4264
1069974 4265
1069975 4266
1069976 4267
1069978 4268
1069979 4269
1069980 4270
1069982 4271
1069983 4272
1069984 4273
1069986 4274
1069987 4275
1070080 4276
1070081 4277
1070082 4278
1070086 4279
1070088 4280
1070089 4281
1070090 4282
1070092 4283
1070093 4284
1070094 4285
1070097 4286
1070098 4287
1070100 4288
1070101 4289
1070102 4290
1070104 4291
1070105 4292
1070106 4293
1070108 4294
1070109 4295
1070110 4296
1070112 4297
1070113 4298
1070114 4299
1070208 4300
1070210 4301
1070211 4302
1070214 4303
1070215 4304
1070216 4305
1070218 4306
1070219 4307
1070220 4308
1070222 4309
1070223 4310
1070224 4311
1070227 4312
1070228 4313
1070230 4314
1070231 4315
1070232 4316
1070234 4317
1070235 4318
1070236 4319
1070238 4320
1070239 4321
1070240 4322
1070242 4323
1070243 4324
1070336 4325
1070337 4326
1070338 4327
1070342 4328
1070344 4329
1070345 4330
1070346 4331
1070348 4332
1070349 4333
1070350 4334
1070352 4335
1070353 4336
1070354 4337
1070357 4338
1070358 4339
1070360 4340
1070361 4341
1070362 4342
1070364 4343
1070365 4344
1070366 4345
1070368 4346
1070369 4347
1070370 4348
1070464 4349
1070466 4350
1070467 4351
1070470 4352
1070471 4353
1070472 4354
1070474 4355
1070475 4356
1070476 4357
1070478 4358
1070479 4359
1070480 4360
1070482 4361
1070483 4362
1070484 4363
1070487 4364
1070488 4365
1070490 4366
1070491 4367
1070492 4368
1070494 4369
1070495 4370
1070496 4371
1070498 4372
1070499 4373
1070592 4374
1070593 4375
1070594 4376
1070598 4377
1070600 4378
1070601 4379
1070602 4380
1070604 4381
1070605 4382
1070606 4383
1070608 4384
1070609 4385
1070610 4386
1070612 4387
1070613 4388
1070614 4389
1070617 4390
1070618 4391
1070620 4392
1070621 4393
1070622 4394
1070624 4395
1070625 4396
1070626 4397
1070720 4398
1070722 4399
1070723 4400
1070726 4401
1070727 4402
1070728 4403
1070730 4404
1070731 4405
1070732 4406
1070734 4407
1070735 4408
1070736 4409
1070738 4410
1070739 4411
1070740 4412
1070742 4413
1070743 4414
1070744 4415
1070747 4416
1070748 4417
1070750 4418
1070751 4419
1070752 4420
1070754 4421
1070755 4422
1070848 4423
1070849 4424
1070850 4425
1070854 4426
1070856 4427
1070857 4428
1070858 4429
1070860 4430
1070861 4431
1070862 4432
1070864 4433
1070865 4434
1070866 4435
1070868 4436
1070869 4437
1070870 4438
1070872 4439
1070873 4440
1070874 4441
1070877 4442
1070878 4443
1070880 4444
1070881 4445
1070882 4446
1070976 4447
1070978 4448
1070979 4449
1070982 4450
1070983 4451
1070984 4452
1070986 4453
1070987 4454
1070988 4455
1070990 4456
1070991 4457
1070992 4458
1070994 4459
1070995 4460
1070996 4461
1070998 4462
1070999 4463
1071000 4464
1071002 4465
1071003 4466
1071004 4467
1071007 4468
1071008 4469
1071010 4470
1071011 4471
1071104 4472
1071105 4473
1071106 4474
1071110 4475
1071112 4476
1071113 4477
1071114 4478
1071116 4479
1071117 4480
1071118 4481
1071120 4482
1071121 4483
1071122 4484
1071124 4485
1071125 4486
1071126 4487
1071128 4488
1071129 4489
1071130 4490
1071132 4491
1071133 4492
1071134 4493
1071137 4494
1071138 4495
1071232 4496
1071234 4497
1071235 4498
1071238 4499
1071239 4500
1071240 4501
1071242 4502
1071243 4503
1071244 4504
1071246 4505
1071247 4506
1071248 4507
1071250 4508
1071251 4509
1071252 4510
1071254 4511
1071255 4512
1071256 4513
1071258 4514
1071259 4515
1071260 4516
1071262 4517
1071263 4518
1071264 4519
1071267 4520
1081920 4521
1081921 4522
1081922 4523
1081925 4524
1081926 4525
1081930 4526
1081932 4527
1081933 4528
1081934 4529
1081936 4530
1081937 4531
1081938 4532
1081940 4533
1081941 4534
1081942 4535
1081944 4536
1081945 4537
1081946 4538
1081948 4539
1081949 4540
1081950 4541
1081952 4542
1081953 4543
1081954 4544
1082112 4545
1082113 4546
1082117 4547
1082121 4548
1082125 4549
1082128 4550
1082129 4551
1082132 4552
1082133 4553
1082136 4554
1082137 4555
1082140 4556
1082141 4557
1082144 4558
1082145 4559
1082176 4560
1082177 4561
1082178 4562
1082181 4563
1082182 4564
1082185 4565
1082186 4566
1082188 4567
1082190 4568
1082192 4569
1082193 4570
1082194 4571
1082196 4572
1082197 4573
1082198 4574
1082200 4575
1082201 4576
1082202 4577
1082204 4578
1082205 4579
1082206 4580
1082208 4581
1082209 4582
1082210 4583
1082368 4584
1082369 4585
1082373 4586
1082377 4587
1082380 4588
1082381 4589
1082385 4590
1082388 4591
1082389 4592
1082392 4593
1082393 4594
1082396 4595
1082397 4596
1082400 4597
1082401 4598
1082432 4599
1082433 4600
1082434 4601
1082437 4602
1082438 4603
1082441 4604
1082442 4605
1082444 4606
1082445 4607
1082446 4608
1082448 4609
1082450 4610
1082452 4611
1082453 4612
1082454 4613
1082456 4614
1082457 4615
1082458 4616
1082460 4617
1082461 4618
1082462 4619
1082464 4620
1082465 4621
1082466 4622
1082624 4623
1082625 4624
1082629 4625
1082633 4626
1082636 4627
1082637 4628
1082640 4629
1082641 4630
1082645 4631
1082648 4632
1082649 4633
1082652 4634
1082653 4635
1082656 4636
1082657 4637
1082688 4638
1082689 4639
1082690 4640
1082693 4641
1082694 4642
1082697 4643
1082698 4644
1082700 4645
1082701 4646
1082702 4647
1082704 4648
1082705 4649
1082706 4650
1082708 4651
1082710 4652
1082712 4653
1082713 4654
1082714 4655
1082716 4656
1082717 4657
1082718 4658
1082720 4659
1082721 4660
1082722 4661
1082880 4662
1082881 4663
1082885 4664
1082889 4665
1082892 4666
1082893 4667
1082896 4668
1082897 4669
1082900 4670
1082901 4671
1082905 4672
1082908 4673
1082909 4674
1082912 4675
1082913 4676
1082944 4677
1082945 4678
1082946 4679
1082949 4680
1082950 4681
1082953 4682
1082954 4683
1082956 4684
1082957 4685
1082958 4686
1082960 4687
1082961 4688
1082962 4689
1082964 4690
1082965 4691
1082966 4692
1082968 4693
1082970 4694
1082972 4695
1082973 4696
1082974 4697
1082976 4698
1082977 4699
1082978 4700
1083136 4701
1083137 4702
1083141 4703
1083145 4704
1083148 4705
1083149 4706
1083152 4707
1083153 4708
1083156 4709
1083157 4710
1083160 4711
1083161 4712
1083165 4713
1083168 4714
1083169 4715
1083200 4716
1083201 4717
1083202 4718
1083205 4719
1083206 4720
1083209 4721
1083210 4722
1083212 4723
1083213 4724
1083214 4725
1083216 4726
1083217 4727
1083218 4728
1083220 4729
1083221 4730
1083222 4731
1083224 4732
1083225 4733
1083226 4734
1083228 4735
1083230 4736
1083232 4737
1083233 4738
1083234 4739
1083392 4740
1083393 4741
1083397 4742
1083401 4743
1083404 4744
1083405 4745
1083408 4746
1083409 4747
1083412 4748
1083413 4749
1083416 4750
1083417 4751
1083420 4752
1083421 4753
1083425 4754
1083456 4755
1083457 4756
1083458 4757
1083461 4758
1083462 4759
1083465 4760
1083466 4761
1083468 4762
1083469 4763
1083470 4764
1083472 4765
1083473 4766
1083474 4767
1083476 4768
1083477 4769
1083478 4770
1083480 4771
1083481 4772
1083482 4773
1083484 4774
1083485 4775
1083486 4776
1083488 4777
1083490 4778
1086080 4779
1086081 4780
1086083 4781
1086085 4782
1086087 4783
1086088 4784
1086091 4785
1086092 4786
1086093 4787
1086095 4788
1086096 4789
1086097 4790
1086099 4791
1086100 4792
1086101 4793
1086103 4794
1086104 4795
1086105 4796
1086107 4797
1086108 4798
1086109 4799
1086111 4800
1086112 4801
1086113 4802
1086115 4803
1086208 4804
1086209 4805
1086210 4806
1086213 4807
1086214 4808
1086216 4809
1086218 4810
1086221 4811
1086222 4812
1086224 4813
1086225 4814
1086226 4815
1086228 4816
1086229 4817
1086230 4818
1086232 4819
1086233 4820
1086234 4821
1086236 4822
1086237 4823
1086238 4824
1086240 4825
1086241 4826
1086242 4827
1086272 4828
1086273 4829
1086274 4830
1086277 4831
1086278 4832
1086280 4833
1086282 4834
1086284 4835
1086286 4836
1086288 4837
1086289 4838
1086290 4839
1086292 4840
1086293 4841
1086294 4842
1086296 4843
1086297 4844
1086298 4845
1086300 4846
1086301 4847
1086302 4848
1086304 4849
1086305 4850
1086306 4851
1086336 4852
1086337 4853
1086338 4854
1086339 4855
1086341 4856
1086342 4857
1086343 4858
1086344 4859
1086346 4860
1086347 4861
1086348 4862
1086349 4863
1086351 4864
1086352 4865
1086353 4866
1086354 4867
1086355 4868
1086356 4869
1086357 4870
1086358 4871
1086359 4872
1086360 4873
1086361 4874
1086362 4875
1086363 4876
1086364 4877
1086365 4878
1086366 4879
1086367 4880
1086368 4881
1086369 4882
1086370 4883
1086371 4884
1086464 4885
1086465 4886
1086466 4887
1086469 4888
1086470 4889
1086472 4890
1086474 4891
1086476 4892
1086477 4893
1086478 4894
1086481 4895
1086482 4896
1086484 4897
1086485 4898
1086486 4899
1086488 4900
1086489 4901
1086490 4902
1086492 4903
1086493 4904
1086494 4905
1086496 4906
1086497 4907
1086498 4908
1086528 4909
1086529 4910
1086530 4911
1086533 4912
1086534 4913
1086536 4914
1086538 4915
1086540 4916
1086541 4917
1086542 4918
1086544 4919
1086546 4920
1086548 4921
1086549 4922
1086550 4923
1086552 4924
1086553 4925
1086554 4926
1086556 4927
1086557 4928
1086558 4929
1086560 4930
1086561 4931
1086562 4932
1086592 4933
1086593 4934
1086594 4935
1086595 4936
1086597 4937
1086598 4938
1086599 4939
1086600 4940
1086602 4941
1086603 4942
1086604 4943
1086605 4944
1086606 4945
1086607 4946
1086608 4947
1086609 4948
1086611 4949
1086612 4950
1086613 4951
1086614 4952
1086615 4953
1086616 4954
1086617 4955
1086618 4956
1086619 4957
1086620 4958
1086621 4959
1086622 4960
1086623 4961
1086624 4962
1086625 4963
1086626 4964
1086627 4965
1086720 4966
1086721 4967
1086722 4968
1086725 4969
1086726 4970
1086728 4971
1086730 4972
1086732 4973
1086733 4974
1086734 4975
1086736 4976
1086737 4977
1086738 4978
1086741 4979
1086742 4980
1086744 4981
1086745 4982
1086746 4983
1086748 4984
1086749 4985
1086750 4986
1086752 4987
1086753 4988
1086754 4989
1086784 4990
1086785 4991
1086786 4992
1086789 4993
1086790 4994
1086792 4995
1086794 4996
1086796 4997
1086797 4998
1086798 4999
1086800 5000
1086801 5001
1086802 5002
1086804 5003
1086806 5004
1086808 5005
1086809 5006
1086810 5007
1086812 5008
1086813 5009
1086814 5010
1086816 5011
1086817 5012
1086818 5013
1086848 5014
1086849 5015
1086850 5016
1086851 5017
1086853 5018
1086854 5019
1086855 5020
1086856 5021
1086858 5022
1086859 5023
1086860 5024
1086861 5025
1086862 5026
1086863 5027
1086864 5028
1086865 5029
1086866 5030
1086867 5031
1086868 5032
1086869 5033
1086871 5034
1086872 5035
1086873 5036
1086874 5037
1086875 5038
1086876 5039
1086877 5040
1086878 5041
1086879 5042
1086880 5043
1086881 5044
1086882 5045
1086883 5046
1086976 5047
1086977 5048
1086978 5049
1086981 5050
1086982 5051
1086984 5052
1086986 5053
1086988 5054
1086989 5055
1086990 5056
1086992 5057
1086993 5058
1086994 5059
1086996 5060
1086997 5061
1086998 5062
1087001 5063
1087002 5064
1087004 5065
1087005 5066
1087006 5067
1087008 5068
1087009 5069
1087010 5070
1087040 5071
1087041 5072
1087042 5073
1087045 5074
1087046 5075
1087048 5076
1087050 5077
1087052 5078
1087053 5079
1087054 5080
1087056 5081
1087057 5082
1087058 5083
1087060 5084
1087061 5085
1087062 5086
1087064 5087
1087066 5088
1087068 5089
1087069 5090
1087070 5091
1087072 5092
1087073 5093
1087074 5094
1087104 5095
1087105 5096
1087106 5097
1087107 5098
1087109 5099
1087110 5100
1087111 5101
1087112 5102
1087114 5103
1087115 5104
1087116 5105
1087117 5106
1087118 5107
1087119 5108
1087120 5109
1087121 5110
1087122 5111
1087123 5112
1087124 5113
1087125 5114
1087126 5115
1087127 5116
1087128 5117
1087129 5118
1087131 5119
1087132 5120
1087133 5121
1087134 5122
1087135 5123
1087136 5124
1087137 5125
1087138 5126
1087139 5127
1087232 5128
1087233 5129
1087234 5130
1087237 5131
1087238 5132
1087240 5133
1087242 5134
1087244 5135
1087245 5136
1087246 5137
1087248 5138
1087249 5139
1087250 5140
1087252 5141
1087253 5142
1087254 5143
1087256 5144
1087257 5145
1087258 5146
1087261 5147
1087262 5148
1087264 5149
1087265 5150
1087266 5151
1087296 5152
1087297 5153
1087298 5154
1087301 5155
1087302 5156
1087304 5157
1087306 5158
1087308 5159
1087309 5160
1087310 5161
1087312 5162
1087313 5163
1087314 5164
1087316 5165
1087317 5166
1087318 5167
1087320 5168
1087321 5169
1087322 5170
1087324 5171
1087326 5172
1087328 5173
1087329 5174
1087330 5175
1087360 5176
1087361 5177
1087362 5178
1087363 5179
1087365 5180
1087366 5181
1087367 5182
1087368 5183
1087370 5184
1087371 5185
1087372 5186
1087373 5187
1087374 5188
1087375 5189
1087376 5190
1087377 5191
1087378 5192
1087379 5193
1087380 5194
1087381 5195
1087382 5196
1087383 5197
1087384 5198
1087385 5199
1087386 5200
1087387 5201
1087388 5202
1087389 5203
1087391 5204
1087392 5205
1087393 5206
1087394 5207
1087395 5208
1087488 5209
1087489 5210
1087490 5211
1087493 5212
1087494 5213
1087496 5214
1087498 5215
1087500 5216
1087501 5217
1087502 5218
1087504 5219
1087505 5220
1087506 5221
1087508 5222
1087509 5223
1087510 5224
1087512 5225
1087513 5226
1087514 5227
1087516 5228
1087517 5229
1087518 5230
1087521 5231
1087522 5232
1087552 5233
1087553 5234
1087554 5235
1087557 5236
1087558 5237
1087560 5238
1087562 5239
1087564 5240
1087565 5241
1087566 5242
1087568 5243
1087569 5244
1087570 5245
1087572 5246
1087573 5247
1087574 5248
1087576 5249
1087577 5250
1087578 5251
1087580 5252
1087581 5253
1087582 5254
1087584 5255
1087586 5256
1087616 5257
1087617 5258
1087618 5259
1087619 5260
1087621 5261
1087622 5262
1087623 5263
1087624 5264
1087626 5265
1087627 5266
1087628 5267
1087629 5268
1087630 5269
1087631 5270
1087632 5271
1087633 5272
1087634 5273
1087635 5274
1087636 5275
1087637 5276
1087638 5277
1087639 5278
1087640 5279
1087641 5280
1087642 5281
1087643 5282
1087644 5283
1087645 5284
1087646 5285
1087647 5286
1087648 5287
1087649 5288
1087651 5289
1098560 5290
1098561 5291
1098562 5292
1098565 5293
1098566 5294
1098568 5295
1098569 5296
1098570 5297
1098574 5298
1098576 5299
1098577 5300
1098578 5301
1098580 5302
1098581 5303
1098582 5304
1098584 5305
1098585 5306
1098586 5307
1098588 5308
1098589 5309
1098590 5310
1098592 5311
1098593 5312
1098594 5313
1098752 5314
1098753 5315
1098757 5316
1098760 5317
1098761 5318
1098765 5319
1098769 5320
1098772 5321
1098773 5322
1098776 5323
1098777 5324
1098780 5325
1098781 5326
1098784 5327
1098785 5328
1098816 5329
1098817 5330
1098818 5331
1098821 5332
1098822 5333
1098824 5334
1098825 5335
1098826 5336
1098829 5337
1098830 5338
1098832 5339
1098834 5340
1098836 5341
1098837 5342
1098838 5343
1098840 5344
1098841 5345
1098842 5346
1098844 5347
1098845 5348
1098846 5349
1098848 5350
1098849 5351
1098850 5352
1099008 5353
1099009 5354
1099013 5355
1099016 5356
1099017 5357
1099021 5358
1099024 5359
1099025 5360
1099029 5361
1099032 5362
1099033 5363
1099036 5364
1099037 5365
1099040 5366
1099041 5367
1099072 5368
1099073 5369
1099074 5370
1099077 5371
1099078 5372
1099080 5373
1099081 5374
1099082 5375
1099085 5376
1099086 5377
1099088 5378
1099089 5379
1099090 5380
1099092 5381
1099094 5382
1099096 5383
1099097 5384
1099098 5385
1099100 5386
1099101 5387
1099102 5388
1099104 5389
1099105 5390
1099106 5391
1099264 5392
1099265 5393
1099269 5394
1099272 5395
1099273 5396
1099277 5397
1099280 5398
1099281 5399
1099284 5400
1099285 5401
1099289 5402
1099292 5403
1099293 5404
1099296 5405
1099297 5406
1099328 5407
1099329 5408
1099330 5409
1099333 5410
1099334 5411
1099336 5412
1099337 5413
1099338 5414
1099341 5415
1099342 5416
1099344 5417
1099345 5418
1099346 5419
1099348 5420
1099349 5421
1099350 5422
1099352 5423
1099354 5424
1099356 5425
1099357 5426
1099358 5427
1099360 5428
1099361 5429
1099362 5430
1099520 5431
1099521 5432
1099525 5433
1099528 5434
1099529 5435
1099533 5436
1099536 5437
1099537 5438
1099540 5439
1099541 5440
1099544 5441
1099545 5442
1099549 5443
1099552 5444
1099553 5445
1099584 5446
1099585 5447
1099586 5448
1099589 5449
1099590 5450
1099592 5451
1099593 5452
1099594 5453
1099597 5454
1099598 5455
1099600 5456
1099601 5457
1099602 5458
1099604 5459
1099605 5460
1099606 5461
1099608 5462
1099609 5463
1099610 5464
1099612 5465
1099614 5466
1099616 5467
1099617 5468
1099618 5469
1099776 5470
1099777 5471
1099781 5472
1099784 5473
1099785 5474
1099789 5475
1099792 5476
1099793 5477
1099796 5478
1099797 5479
1099800 5480
1099801 5481
1099804 5482
1099805 5483
1099809 5484
1099840 5485
1099841 5486
1099842 5487
1099845 5488
1099846 5489
1099848 5490
1099849 5491
1099850 5492
1099853 5493
1099854 5494
1099856 5495
1099857 5496
1099858 5497
1099860 5498
1099861 5499
1099862 5500
1099864 5501
1099865 5502
1099866 5503
1099868 5504
1099869 5505
1099870 5506
1099872 5507
1099874 5508
1102720 5509
1102721 5510
1102723 5511
1102725 5512
1102727 5513
1102728 5514
1102729 5515
1102731 5516
1102732 5517
1102735 5518
1102736 5519
1102737 5520
1102739 5521
1102740 5522
1102741 5523
1102743 5524
1102744 5525
1102745 5526
1102747 5527
1102748 5528
1102749 5529
1102751 5530
1102752 5531
1102753 5532
1102755 5533
1102848 5534
1102849 5535
1102850 5536
1102853 5537
1102854 5538
1102856 5539
1102857 5540
1102858 5541
1102860 5542
1102862 5543
1102865 5544
1102866 5545
1102868 5546
1102869 5547
1102870 5548
1102872 5549
1102873 5550
1102874 5551
1102876 5552
1102877 5553
1102878 5554
1102880 5555
1102881 5556
1102882 5557
1102912 5558
1102913 5559
1102914 5560
1102917 5561
1102918 5562
1102920 5563
1102921 5564
1102922 5565
1102924 5566
1102926 5567
1102928 5568
1102930 5569
1102932 5570
1102933 5571
1102934 5572
1102936 5573
1102937 5574
1102938 5575
1102940 5576
1102941 5577
1102942 5578
1102944 5579
1102945 5580
1102946 5581
1102976 5582
1102977 5583
1102978 5584
1102979 5585
1102981 5586
1102982 5587
1102983 5588
1102984 5589
1102985 5590
1102986 5591
1102987 5592
1102988 5593
1102990 5594
1102991 5595
1102992 5596
1102993 5597
1102995 5598
1102996 5599
1102997 5600
1102998 5601
1102999 5602
1103000 5603
1103001 5604
1103002 5605
1103003 5606
1103004 5607
1103005 5608
1103006 5609
1103007 5610
1103008 5611
1103009 5612
1103010 5613
1103011 5614
1103104 5615
1103105 5616
1103106 5617
1103109 5618
1103110 5619
1103112 5620
1103113 5621
1103114 5622
1103116 5623
1103118 5624
1103120 5625
1103121 5626
1103122 5627
1103125 5628
1103126 5629
1103128 5630
1103129 5631
1103130 5632
1103132 5633
1103133 5634
1103134 5635
1103136 5636
1103137 5637
1103138 5638
1103168 5639
1103169 5640
1103170 5641
1103173 5642
1103174 5643
1103176 5644
1103177 5645
1103178 5646
1103180 5647
1103182 5648
1103184 5649
1103185 5650
1103186 5651
1103188 5652
1103190 5653
1103192 5654
1103193 5655
1103194 5656
1103196 5657
1103197 5658
1103198 5659
1103200 5660
1103201 5661
1103202 5662
1103232 5663
1103233 5664
1103234 5665
1103235 5666
1103237 5667
1103238 5668
1103239 5669
1103240 5670
1103241 5671
1103242 5672
1103243 5673
1103244 5674
1103246 5675
1103247 5676
1103248 5677
1103249 5678
1103250 5679
1103251 5680
1103252 5681
1103253 5682
1103255 5683
1103256 5684
1103257 5685
1103258 5686
1103259 5687
1103260 5688
1103261 5689
1103262 5690
1103263 5691
1103264 5692
1103265 5693
1103266 5694
1103267 5695
1103360 5696
1103361 5697
1103362 5698
1103365 5699
1103366 5700
1103368 5701
1103369 5702
1103370 5703
1103372 5704
1103374 5705
1103376 5706
1103377 5707
1103378 5708
1103380 5709
1103381 5710
1103382 5711
1103385 5712
1103386 5713
1103388 5714
1103389 5715
1103390 5716
1103392 5717
1103393 5718
1103394 5719
1103424 5720
1103425 5721
1103426 5722
1103429 5723
1103430 5724
1103432 5725
1103433 5726
1103434 5727
1103436 5728
1103438 5729
1103440 5730
1103441 5731
1103442 5732
1103444 5733
1103445 5734
1103446 5735
1103448 5736
1103450 5737
1103452 5738
1103453 5739
1103454 5740
1103456 5741
1103457 5742
1103458 5743
1103488 5744
1103489 5745
1103490 5746
1103491 5747
1103493 5748
1103494 5749
1103495 5750
1103496 5751
1103497 5752
1103498 5753
1103499 5754
1103500 5755
1103502 5756
1103503 5757
1103504 5758
1103505 5759
1103506 5760
1103507 5761
1103508 5762
1103509 5763
1103510 5764
1103511 5765
1103512 5766
1103513 5767
1103515 5768
1103516 5769
1103517 5770
1103518 5771
1103519 5772
1103520 5773
1103521 5774
1103522 5775
1103523 5776
1103616 5777
1103617 5778
1103618 5779
1103621 5780
1103622 5781
1103624 5782
1103625 5783
1103626 5784
1103628 5785
1103630 5786
1103632 5787
1103633 5788
1103634 5789
1103636 5790
1103637 5791
1103638 5792
1103640 5793
1103641 5794
1103642 5795
1103645 5796
1103646 5797
1103648 5798
1103649 5799
1103650 5800
1103680 5801
1103681 5802
1103682 5803
1103685 5804
1103686 5805
1103688 5806
1103689 5807
1103690 5808
1103692 5809
1103694 5810
1103696 5811
1103697 5812
1103698 5813
1103700 5814
1103701 5815
1103702 5816
1103704 5817
1103705 5818
1103706 5819
1103708 5820
1103710 5821
1103712 5822
1103713 5823
1103714 5824
1103744 5825
1103745 5826
1103746 5827
1103747 5828
1103749 5829
1103750 5830
1103751 5831
1103752 5832
1103753 5833
1103754 5834
1103755 5835
1103756 5836
1103758 5837
1103759 5838
1103760 5839
1103761 5840
1103762 5841
1103763 5842
1103764 5843
1103765 5844
1103766 5845
1103767 5846
1103768 5847
1103769 5848
1103770 5849
1103771 5850
1103772 5851
1103773 5852
1103775 5853
1103776 5854
1103777 5855
1103778 5856
1103779 5857
1103872 5858
1103873 5859
1103874 5860
1103877 5861
1103878 5862
1103880 5863
1103881 5864
1103882 5865
1103884 5866
1103886 5867
1103888 5868
1103889 5869
1103890 5870
1103892 5871
1103893 5872
1103894 5873
1103896 5874
1103897 5875
1103898 5876
1103900 5877
1103901 5878
1103902 5879
1103905 5880
1103906 5881
1103936 5882
1103937 5883
1103938 5884
1103941 5885
1103942 5886
1103944 5887
1103945 5888
1103946 5889
1103948 5890
1103950 5891
1103952 5892
1103953 5893
1103954 5894
1103956 5895
1103957 5896
1103958 5897
1103960 5898
1103961 5899
1103962 5900
1103964 5901
1103965 5902
1103966 5903
1103968 5904
1103970 5905
1104000 5906
1104001 5907
1104002 5908
1104003 5909
1104005 5910
1104006 5911
1104007 5912
1104008 5913
1104009 5914
1104010 5915
1104011 5916
1104012 5917
1104014 5918
1104015 5919
1104016 5920
1104017 5921
1104018 5922
1104019 5923
1104020 5924
1104021 5925
1104022 5926
1104023 5927
1104024 5928
1104025 5929
1104026 5930
1104027 5931
1104028 5932
1104029 5933
1104030 5934
1104031 5935
1104032 5936
1104033 5937
1104035 5938
1115200 5939
1115201 5940
1115202 5941
1115205 5942
1115206 5943
1115208 5944
1115209 5945
1115210 5946
1115212 5947
1115213 5948
1115214 5949
1115218 5950
1115220 5951
1115221 5952
1115222 5953
1115224 5954
1115225 5955
1115226 5956
1115228 5957
1115229 5958
1115230 5959
1115232 5960
1115233 5961
1115234 5962
1115392 5963
1115393 5964
1115397 5965
1115400 5966
1115401 5967
1115404 5968
1115405 5969
1115409 5970
1115413 5971
1115416 5972
1115417 5973
1115420 5974
1115421 5975
1115424 5976
1115425 5977
1115456 5978
1115457 5979
1115458 5980
1115461 5981
1115462 5982
1115464 5983
1115465 5984
1115466 5985
1115468 5986
1115469 5987
1115470 5988
1115473 5989
1115474 5990
1115476 5991
1115478 5992
1115480 5993
1115481 5994
1115482 5995
1115484 5996
1115485 5997
1115486 5998
1115488 5999
1115489 6000
1115490 6001
1115648 6002
1115649 6003
1115653 6004
1115656 6005
1115657 6006
1115660 6007
1115661 6008
1115665 6009
1115668 6010
1115669 6011
1115673 6012
1115676 6013
1115677 6014
1115680 6015
1115681 6016
1115712 6017
1115713 6018
1115714 6019
1115717 6020
1115718 6021
1115720 6022
1115721 6023
1115722 6024
1115724 6025
1115725 6026
1115726 6027
1115729 6028
1115730 6029
1115732 6030
1115733 6031
1115734 6032
1115736 6033
1115738 6034
1115740 6035
1115741 6036
1115742 6037
1115744 6038
1115745 6039
1115746 6040
1115904 6041
1115905 6042
1115909 6043
1115912 6044
1115913 6045
1115916 6046
1115917 6047
1115921 6048
1115924 6049
1115925 6050
1115928 6051
1115929 6052
1115933 6053
1115936 6054
1115937 6055
1115968 6056
1115969 6057
1115970 6058
1115973 6059
1115974 6060
1115976 6061
1115977 6062
1115978 6063
1115980 6064
1115981 6065
1115982 6066
1115985 6067
1115986 6068
1115988 6069
1115989 6070
1115990 6071
1115992 6072
1115993 6073
1115994 6074
1115996 6075
1115998 6076
1116000 6077
1116001 6078
1116002 6079
1116160 6080
1116161 6081
1116165 6082
1116168 6083
1116169 6084
1116172 6085
1116173 6086
1116177 6087
1116180 6088
1116181 6089
1116184 6090
1116185 6091
1116188 6092
1116189 6093
1116193 6094
1116224 6095
1116225 6096
1116226 6097
1116229 6098
1116230 6099
1116232 6100
1116233 6101
1116234 6102
1116236 6103
1116237 6104
1116238 6105
1116241 6106
1116242 6107
1116244 6108
1116245 6109
1116246 6110
1116248 6111
1116249 6112
1116250 6113
1116252 6114
1116253 6115
1116254 6116
1116256 6117
1116258 6118
1119360 6119
1119361 6120
1119363 6121
1119365 6122
1119367 6123
1119368 6124
1119369 6125
1119371 6126
1119372 6127
1119373 6128
1119375 6129
1119376 6130
1119379 6131
1119380 6132
1119381 6133
1119383 6134
1119384 6135
1119385 6136
1119387 6137
1119388 6138
1119389 6139
1119391 6140
1119392 6141
1119393 6142
1119395 6143
1119488 6144
1119489 6145
1119490 6146
1119493 6147
1119494 6148
1119496 6149
1119497 6150
1119498 6151
1119500 6152
1119501 6153
1119502 6154
1119504 6155
1119506 6156
1119509 6157
1119510 6158
1119512 6159
1119513 6160
1119514 6161
1119516 6162
1119517 6163
1119518 6164
1119520 6165
1119521 6166
1119522 6167
1119552 6168
1119553 6169
1119554 6170
1119557 6171
1119558 6172
1119560 6173
1119561 6174
1119562 6175
1119564 6176
1119565 6177
1119566 6178
1119568 6179
1119570 6180
1119572 6181
1119574 6182
1119576 6183
1119577 6184
1119578 6185
1119580 6186
1119581 6187
1119582 6188
1119584 6189
1119585 6190
1119586 6191
1119616 6192
1119617 6193
1119618 6194
1119619 6195
1119621 6196
1119622 6197
1119623 6198
1119624 6199
1119625 6200
1119626 6201
1119627 6202
1119628 6203
1119629 6204
1119630 6205
1119631 6206
1119632 6207
1119634 6208
1119635 6209
1119636 6210
1119637 6211
1119639 6212
1119640 6213
1119641 6214
1119642 6215
1119643 6216
1119644 6217
1119645 6218
1119646 6219
1119647 6220
1119648 6221
1119649 6222
1119650 6223
1119651 6224
1119744 6225
1119745 6226
1119746 6227
1119749 6228
1119750 6229
1119752 6230
1119753 6231
1119754 6232
1119756 6233
1119757 6234
1119758 6235
1119760 6236
1119762 6237
1119764 6238
1119765 6239
1119766 6240
1119769 6241
1119770 6242
1119772 6243
1119773 6244
1119774 6245
1119776 6246
1119777 6247
1119778 6248
1119808 6249
1119809 6250
1119810 6251
1119813 6252
1119814 6253
1119816 6254
1119817 6255
1119818 6256
1119820 6257
1119821 6258
1119822 6259
1119824 6260
1119826 6261
1119828 6262
1119829 6263
1119830 6264
1119832 6265
1119834 6266
1119836 6267
1119837 6268
1119838 6269
1119840 6270
1119841 6271
1119842 6272
1119872 6273
1119873 6274
1119874 6275
1119875 6276
1119877 6277
1119878 6278
1119879 6279
1119880 6280
1119881 6281
1119882 6282
1119883 6283
1119884 6284
1119885 6285
1119886 6286
1119887 6287
1119888 6288
1119890 6289
1119891 6290
1119892 6291
1119893 6292
1119894 6293
1119895 6294
1119896 6295
1119897 6296
1119899 6297
1119900 6298
1119901 6299
1119902 6300
1119903 6301
1119904 6302
1119905 6303
1119906 6304
1119907 6305
1120000 6306
1120001 6307
1120002 6308
1120005 6309
1120006 6310
1120008 6311
1120009 6312
1120010 6313
1120012 6314
1120013 6315
1120014 6316
1120016 6317
1120018 6318
1120020 6319
1120021 6320
1120022 6321
1120024 6322
1120025 6323
1120026 6324
1120029 6325
1120030 6326
1120032 6327
1120033 6328
1120034 6329
1120064 6330
1120065 6331
1120066 6332
1120069 6333
1120070 6334
1120072 6335
1120073 6336
1120074 6337
1120076 6338
1120077 6339
1120078 6340
1120080 6341
1120082 6342
1120084 6343
1120085 6344
1120086 6345
1120088 6346
1120089 6347
1120090 6348
1120092 6349
1120094 6350
1120096 6351
1120097 6352
1120098 6353
1120128 6354
1120129 6355
1120130 6356
1120131 6357
1120133 6358
1120134 6359
1120135 6360
1120136 6361
1120137 6362
1120138 6363
1120139 6364
1120140 6365
1120141 6366
1120142 6367
1120143 6368
1120144 6369
1120146 6370
1120147 6371
1120148 6372
1120149 6373
1120150 6374
1120151 6375
1120152 6376
1120153 6377
1120154 6378
1120155 6379
1120156 6380
1120157 6381
1120159 6382
1120160 6383
1120161 6384
1120162 6385
1120163 6386
1120256 6387
1120257 6388
1120258 6389
1120261 6390
1120262 6391
1120264 6392
1120265 6393
1120266 6394
1120268 6395
1120269 6396
1120270 6397
1120272 6398
1120274 6399
1120276 6400
1120277 6401
1120278 6402
1120280 6403
1120281 6404
1120282 6405
1120284 6406
1120285 6407
1120286 6408
1120289 6409
1120290 6410
1120320 6411
1120321 6412
1120322 6413
1120325 6414
1120326 6415
1120328 6416
1120329 6417
1120330 6418
1120332 6419
1120333 6420
1120334 6421
1120336 6422
1120338 6423
1120340 6424
1120341 6425
1120342 6426
1120344 6427
1120345 6428
1120346 6429
1120348 6430
1120349 6431
1120350 6432
1120352 6433
1120354 6434
1120384 6435
1120385 6436
1120386 6437
1120387 6438
1120389 6439
1120390 6440
1120391 6441
1120392 6442
1120393 6443
1120394 6444
1120395 6445
1120396 6446
1120397 6447
1120398 6448
1120399 6449
1120400 6450
1120402 6451
1120403 6452
1120404 6453
1120405 6454
1120406 6455
1120407 6456
1120408 6457
1120409 6458
1120410 6459
1120411 6460
1120412 6461
1120413 6462
1120414 6463
1120415 6464
1120416 6465
1120417 6466
1120419 6467
1131840 6468
1131841 6469
1131842 6470
1131845 6471
1131846 6472
1131848 6473
1131849 6474
1131850 6475
1131852 6476
1131853 6477
1131854 6478
1131856 6479
1131857 6480
1131858 6481
1131862 6482
1131864 6483
1131865 6484
1131866 6485
1131868 6486
1131869 6487
1131870 6488
1131872 6489
1131873 6490
1131874 6491
1132032 6492
1132033 6493
1132037 6494
1132040 6495
1132041 6496
1132044 6497
1132045 6498
1132048 6499
1132049 6500
1132053 6501
1132057 6502
1132060 6503
1132061 6504
1132064 6505
1132065 6506
1132096 6507
1132097 6508
1132098 6509
1132101 6510
1132102 6511
1132104 6512
1132105 6513
1132106 6514
1132108 6515
1132109 6516
1132110 6517
1132112 6518
1132113 6519
1132114 6520
1132117 6521
1132118 6522
1132120 6523
1132122 6524
1132124 6525
1132125 6526
1132126 6527
1132128 6528
1132129 6529
1132130 6530
1132288 6531
1132289 6532
1132293 6533
1132296 6534
1132297 6535
1132300 6536
1132301 6537
1132304 6538
1132305 6539
1132309 6540
1132312 6541
1132313 6542
1132317 6543
1132320 6544
1132321 6545
1132352 6546
1132353 6547
1132354 6548
1132357 6549
1132358 6550
1132360 6551
1132361 6552
1132362 6553
1132364 6554
1132365 6555
1132366 6556
1132368 6557
1132369 6558
1132370 6559
1132373 6560
1132374 6561
1132376 6562
1132377 6563
1132378 6564
1132380 6565
1132382 6566
1132384 6567
1132385 6568
1132386 6569
1132544 6570
1132545 6571
1132549 6572
1132552 6573
1132553 6574
1132556 6575
1132557 6576
1132560 6577
1132561 6578
1132565 6579
1132568 6580
1132569 6581
1132572 6582
1132573 6583
1132577 6584
1132608 6585
1132609 6586
1132610 6587
1132613 6588
1132614 6589
1132616 6590
1132617 6591
1132618 6592
1132620 6593
1132621 6594
1132622 6595
1132624 6596
1132625 6597
1132626 6598
1132629 6599
1132630 6600
1132632 6601
1132633 6602
1132634 6603
1132636 6604
1132637 6605
1132638 6606
1132640 6607
1132642 6608
1136000 6609
1136001 6610
1136003 6611
1136005 6612
1136007 6613
1136008 6614
1136009 6615
1136011 6616
1136012 6617
1136013 6618
1136015 6619
1136016 6620
1136017 6621
1136019 6622
1136020 6623
1136023 6624
1136024 6625
1136025 6626
1136027 6627
1136028 6628
1136029 6629
1136031 6630
1136032 6631
1136033 6632
1136035 6633
1136128 6634
1136129 6635
1136130 6636
1136133 6637
1136134 6638
1136136 6639
1136137 6640
1136138 6641
1136140 6642
1136141 6643
1136142 6644
1136144 6645
1136145 6646
1136146 6647
1136148 6648
1136150 6649
1136153 6650
1136154 6651
1136156 6652
1136157 6653
1136158 6654
1136160 6655
1136161 6656
1136162 6657
1136192 6658
1136193 6659
1136194 6660
1136197 6661
1136198 6662
1136200 6663
1136201 6664
1136202 6665
1136204 6666
1136205 6667
1136206 6668
1136208 6669
1136209 6670
1136210 6671
1136212 6672
1136214 6673
1136216 6674
1136218 6675
1136220 6676
1136221 6677
1136222 6678
1136224 6679
1136225 6680
1136226 6681
1136256 6682
1136257 6683
1136258 6684
1136259 6685
1136261 6686
1136262 6687
1136263 6688
1136264 6689
1136265 6690
1136266 6691
1136267 6692
1136268 6693
1136269 6694
1136270 6695
1136271 6696
1136272 6697
1136273 6698
1136274 6699
1136275 6700
1136276 6701
1136278 6702
1136279 6703
1136280 6704
1136281 6705
1136283 6706
1136284 6707
1136285 6708
1136286 6709
1136287 6710
1136288 6711
1136289 6712
1136290 6713
1136291 6714
1136384 6715
1136385 6716
1136386 6717
1136389 6718
1136390 6719
1136392 6720
1136393 6721
1136394 6722
1136396 6723
1136397 6724
1136398 6725
1136400 6726
1136401 6727
1136402 6728
1136404 6729
1136406 6730
1136408 6731
1136409 6732
1136410 6733
1136413 6734
1136414 6735
1136416 6736
1136417 6737
1136418 6738
1136448 6739
1136449 6740
1136450 6741
1136453 6742
1136454 6743
1136456 6744
1136457 6745
1136458 6746
1136460 6747
1136461 6748
1136462 6749
1136464 6750
1136465 6751
1136466 6752
1136468 6753
1136470 6754
1136472 6755
1136473 6756
1136474 6757
1136476 6758
1136478 6759
1136480 6760
1136481 6761
1136482 6762
1136512 6763
1136513 6764
1136514 6765
1136515 6766
1136517 6767
1136518 6768
1136519 6769
1136520 6770
1136521 6771
1136522 6772
1136523 6773
1136524 6774
1136525 6775
1136526 6776
1136527 6777
1136528 6778
1136529 6779
1136530 6780
1136531 6781
1136532 6782
1136534 6783
1136535 6784
1136536 6785
1136537 6786
1136538 6787
1136539 6788
1136540 6789
1136541 6790
1136543 6791
1136544 6792
1136545 6793
1136546 6794
1136547 6795
1136640 6796
1136641 6797
1136642 6798
1136645 6799
1136646 6800
1136648 6801
1136649 6802
1136650 6803
1136652 6804
1136653 6805
1136654 6806
1136656 6807
1136657 6808
1136658 6809
1136660 6810
1136662 6811
1136664 6812
1136665 6813
1136666 6814
1136668 6815
1136669 6816
1136670 6817
1136673 6818
1136674 6819
1136704 6820
1136705 6821
1136706 6822
1136709 6823
1136710 6824
1136712 6825
1136713 6826
1136714 6827
1136716 6828
1136717 6829
1136718 6830
1136720 6831
1136721 6832
1136722 6833
1136724 6834
1136726 6835
1136728 6836
1136729 6837
1136730 6838
1136732 6839
1136733 6840
1136734 6841
1136736 6842
1136738 6843
1136768 6844
1136769 6845
1136770 6846
1136771 6847
1136773 6848
1136774 6849
1136775 6850
1136776 6851
1136777 6852
1136778 6853
1136779 6854
1136780 6855
1136781 6856
1136782 6857
1136783 6858
1136784 6859
1136785 6860
1136786 6861
1136787 6862
1136788 6863
1136790 6864
1136791 6865
1136792 6866
1136793 6867
1136794 6868
1136795 6869
1136796 6870
1136797 6871
1136798 6872
1136799 6873
1136800 6874
1136801 6875
1136803 6876
1148480 6877
1148481 6878
1148482 6879
1148485 6880
1148486 6881
1148488 6882
1148489 6883
1148490 6884
1148492 6885
1148493 6886
1148494 6887
1148496 6888
1148497 6889
1148498 6890
1148500 6891
1148501 6892
1148502 6893
1148506 6894
1148508 6895
1148509 6896
1148510 6897
1148512 6898
1148513 6899
1148514 6900
1148672 6901
1148673 6902
1148677 6903
1148680 6904
1148681 6905
1148684 6906
1148685 6907
1148688 6908
1148689 6909
1148692 6910
1148693 6911
1148697 6912
1148701 6913
1148704 6914
1148705 6915
1148736 6916
1148737 6917
1148738 6918
1148741 6919
1148742 6920
1148744 6921
1148745 6922
1148746 6923
1148748 6924
1148749 6925
1148750 6926
1148752 6927
1148753 6928
1148754 6929
1148756 6930
1148757 6931
1148758 6932
1148761 6933
1148762 6934
1148764 6935
1148766 6936
1148768 6937
1148769 6938
1148770 6939
1148928 6940
1148929 6941
1148933 6942
1148936 6943
1148937 6944
1148940 6945
1148941 6946
1148944 6947
1148945 6948
1148948 6949
1148949 6950
1148953 6951
1148956 6952
1148957 6953
1148961 6954
1148992 6955
1148993 6956
1148994 6957
1148997 6958
1148998 6959
1149000 6960
1149001 6961
1149002 6962
1149004 6963
1149005 6964
1149006 6965
1149008 6966
1149009 6967
1149010 6968
1149012 6969
1149013 6970
1149014 6971
1149017 6972
1149018 6973
1149020 6974
1149021 6975
1149022 6976
1149024 6977
1149026 6978
1152640 6979
1152641 6980
1152643 6981
1152645 6982
1152647 6983
1152648 6984
1152649 6985
1152651 6986
1152652 6987
1152653 6988
1152655 6989
1152656 6990
1152657 6991
1152659 6992
1152660 6993
1152661 6994
1152663 6995
1152664 6996
1152667 6997
1152668 6998
1152669 6999
1152671 7000
1152672 7001
1152673 7002
1152675 7003
1152768 7004
1152769 7005
1152770 7006
1152773 7007
1152774 7008
1152776 7009
1152777 7010
1152778 7011
1152780 7012
1152781 7013
1152782 7014
1152784 7015
1152785 7016
1152786 7017
1152788 7018
1152789 7019
1152790 7020
1152792 7021
1152794 7022
1152797 7023
1152798 7024
1152800 7025
1152801 7026
1152802 7027
1152832 7028
1152833 7029
1152834 7030
1152837 7031
1152838 7032
1152840 7033
1152841 7034
1152842 7035
1152844 7036
1152845 7037
1152846 7038
1152848 7039
1152849 7040
1152850 7041
1152852 7042
1152853 7043
1152854 7044
1152856 7045
1152858 7046
1152860 7047
1152862 7048
1152864 7049
1152865 7050
1152866 7051
1152896 7052
1152897 7053
1152898 7054
1152899 7055
1152901 7056
1152902 7057
1152903 7058
1152904 7059
1152905 7060
1152906 7061
1152907 7062
1152908 7063
1152909 7064
1152910 7065
1152911 7066
1152912 7067
1152913 7068
1152914 7069
1152915 7070
1152916 7071
1152917 7072
1152918 7073
1152919 7074
1152920 7075
1152922 7076
1152923 7077
1152924 7078
1152925 7079
1152927 7080
1152928 7081
1152929 7082
1152930 7083
1152931 7084
1153024 7085
1153025 7086
1153026 7087
1153029 7088
1153030 7089
1153032 7090
1153033 7091
1153034 7092
1153036 7093
1153037 7094
1153038 7095
1153040 7096
1153041 7097
1153042 7098
1153044 7099
1153045 7100
1153046 7101
1153048 7102
1153050 7103
1153052 7104
1153053 7105
1153054 7106
1153057 7107
1153058 7108
1153088 7109
1153089 7110
1153090 7111
1153093 7112
1153094 7113
1153096 7114
1153097 7115
1153098 7116
1153100 7117
1153101 7118
1153102 7119
1153104 7120
1153105 7121
1153106 7122
1153108 7123
1153109 7124
1153110 7125
1153112 7126
1153114 7127
1153116 7128
1153117 7129
1153118 7130
1153120 7131
1153122 7132
1153152 7133
1153153 7134
1153154 7135
1153155 7136
1153157 7137
1153158 7138
1153159 7139
1153160 7140
1153161 7141
1153162 7142
1153163 7143
1153164 7144
1153165 7145
1153166 7146
1153167 7147
1153168 7148
1153169 7149
1153170 7150
1153171 7151
1153172 7152
1153173 7153
1153174 7154
1153175 7155
1153176 7156
1153178 7157
1153179 7158
1153180 7159
1153181 7160
1153182 7161
1153183 7162
1153184 7163
1153185 7164
1153187 7165
1165120 7166
1165121 7167
1165122 7168
1165125 7169
1165126 7170
1165128 7171
1165129 7172
1165130 7173
1165132 7174
1165133 7175
1165134 7176
1165136 7177
1165137 7178
1165138 7179
1165140 7180
1165141 7181
1165142 7182
1165144 7183
1165145 7184
1165146 7185
1165150 7186
1165152 7187
1165153 7188
1165154 7189
1165312 7190
1165313 7191
1165317 7192
1165320 7193
1165321 7194
1165324 7195
1165325 7196
1165328 7197
1165329 7198
1165332 7199
1165333 7200
1165336 7201
1165337 7202
1165341 7203
1165345 7204
1165376 7205
1165377 7206
1165378 7207
1165381 7208
1165382 7209
1165384 7210
1165385 7211
1165386 7212
1165388 7213
1165389 7214
1165390 7215
1165392 7216
1165393 7217
1165394 7218
1165396 7219
1165397 7220
1165398 7221
1165400 7222
1165401 7223
1165402 7224
1165405 7225
1165406 7226
1165408 7227
1165410 7228
1169280 7229
1169281 7230
1169283 7231
1169285 7232
1169287 7233
1169288 7234
1169289 7235
1169291 7236
1169292 7237
1169293 7238
1169295 7239
1169296 7240
1169297 7241
1169299 7242
1169300 7243
1169301 7244
1169303 7245
1169304 7246
1169305 7247
1169307 7248
1169308 7249
1169311 7250
1169312 7251
1169313 7252
1169315 7253
1169408 7254
1169409 7255
1169410 7256
1169413 7257
1169414 7258
1169416 7259
1169417 7260
1169418 7261
1169420 7262
1169421 7263
1169422 7264
1169424 7265
1169425 7266
1169426 7267
1169428 7268
1169429 7269
1169430 7270
1169432 7271
1169433 7272
1169434 7273
1169436 7274
1169438 7275
1169441 7276
1169442 7277
1169472 7278
1169473 7279
1169474 7280
1169477 7281
1169478 7282
1169480 7283
1169481 7284
1169482 7285
1169484 7286
1169485 7287
1169486 7288
1169488 7289
1169489 7290
1169490 7291
1169492 7292
1169493 7293
1169494 7294
1169496 7295
1169497 7296
1169498 7297
1169500 7298
1169502 7299
1169504 7300
1169506 7301
1169536 7302
1169537 7303
1169538 7304
1169539 7305
1169541 7306
1169542 7307
1169543 7308
1169544 7309
1169545 7310
1169546 7311
1169547 7312
1169548 7313
1169549 7314
1169550 7315
1169551 7316
1169552 7317
1169553 7318
1169554 7319
1169555 7320
1169556 7321
1169557 7322
1169558 7323
1169559 7324
1169560 7325
1169561 7326
1169562 7327
1169563 7328
1169564 7329
1169566 7330
1169567 7331
1169568 7332
1169569 7333
1169571 7334
1181760 7335
1181761 7336
1181762 7337
1181765 7338
1181766 7339
1181768 7340
1181769 7341
1181770 7342
1181772 7343
1181773 7344
1181774 7345
1181776 7346
1181777 7347
1181778 7348
1181780 7349
1181781 7350
1181782 7351
1181784 7352
1181785 7353
1181786 7354
1181788 7355
1181789 7356
1181790 7357
1181794 7358
1185920 7359
1185921 7360
1185923 7361
1185925 7362
1185927 7363
1185928 7364
1185929 7365
1185931 7366
1185932 7367
1185933 7368
1185935 7369
1185936 7370
1185937 7371
1185939 7372
1185940 7373
1185941 7374
1185943 7375
1185944 7376
1185945 7377
1185947 7378
1185948 7379
1185949 7380
1185951 7381
1185952 7382
1185955 7383
2134656 7384
2134659 7385
2134660 7386
2134663 7387
2134667 7388
2134668 7389
2134671 7390
2134672 7391
2134675 7392
2134676 7393
2134679 7394
2134680 7395
2134683 7396
2134684 7397
2134687 7398
2134688 7399
2134691 7400
2134784 7401
2134785 7402
2134786 7403
2134788 7404
2134789 7405
2134790 7406
2134794 7407
2134797 7408
2134798 7409
2134800 7410
2134801 7411
2134802 7412
2134804 7413
2134805 7414
2134806 7415
2134808 7416
2134809 7417
2134810 7418
2134812 7419
2134813 7420
2134814 7421
2134816 7422
2134817 7423
2134818 7424
2134912 7425
2134914 7426
2134915 7427
2134916 7428
2134918 7429
2134919 7430
2134922 7431
2134923 7432
2134924 7433
2134927 7434
2134928 7435
2134930 7436
2134931 7437
2134932 7438
2134934 7439
2134935 7440
2134936 7441
2134938 7442
2134939 7443
2134940 7444
2134942 7445
2134943 7446
2134944 7447
2134946 7448
2134947 7449
2135040 7450
2135041 7451
2135042 7452
2135044 7453
2135045 7454
2135046 7455
2135050 7456
2135052 7457
2135053 7458
2135054 7459
2135057 7460
2135058 7461
2135060 7462
2135061 7463
2135062 7464
2135064 7465
2135065 7466
2135066 7467
2135068 7468
2135069 7469
2135070 7470
2135072 7471
2135073 7472
2135074 7473
2135168 7474
2135170 7475
2135171 7476
2135172 7477
2135174 7478
2135175 7479
2135178 7480
2135179 7481
2135180 7482
2135182 7483
2135183 7484
2135184 7485
2135187 7486
2135188 7487
2135190 7488
2135191 7489
2135192 7490
2135194 7491
2135195 7492
2135196 7493
2135198 7494
2135199 7495
2135200 7496
2135202 7497
2135203 7498
2135296 7499
2135297 7500
2135298 7501
2135300 7502
2135301 7503
2135302 7504
2135306 7505
2135308 7506
2135309 7507
2135310 7508
2135312 7509
2135313 7510
2135314 7511
2135317 7512
2135318 7513
2135320 7514
2135321 7515
2135322 7516
2135324 7517
2135325 7518
2135326 7519
2135328 7520
2135329 7521
2135330 7522
2135424 7523
2135426 7524
2135427 7525
2135428 7526
2135430 7527
2135431 7528
2135434 7529
2135435 7530
2135436 7531
2135438 7532
2135439 7533
2135440 7534
2135442 7535
2135443 7536
2135444 7537
2135447 7538
2135448 7539
2135450 7540
2135451 7541
2135452 7542
2135454 7543
2135455 7544
2135456 7545
2135458 7546
2135459 7547
2135552 7548
2135553 7549
2135554 7550
2135556 7551
2135557 7552
2135558 7553
2135562 7554
2135564 7555
2135565 7556
2135566 7557
2135568 7558
2135569 7559
2135570 7560
2135572 7561
2135573 7562
2135574 7563
2135577 7564
2135578 7565
2135580 7566
2135581 7567
2135582 7568
2135584 7569
2135585 7570
2135586 7571
2135680 7572
2135682 7573
2135683 7574
2135684 7575
2135686 7576
2135687 7577
2135690 7578
2135691 7579
2135692 7580
2135694 7581
2135695 7582
2135696 7583
2135698 7584
2135699 7585
2135700 7586
2135702 7587
2135703 7588
2135704 7589
2135707 7590
2135708 7591
2135710 7592
2135711 7593
2135712 7594
2135714 7595
2135715 7596
2135808 7597
2135809 7598
2135810 7599
2135812 7600
2135813 7601
2135814 7602
2135818 7603
2135820 7604
2135821 7605
2135822 7606
2135824 7607
2135825 7608
2135826 7609
2135828 7610
2135829 7611
2135830 7612
2135832 7613
2135833 7614
2135834 7615
2135837 7616
2135838 7617
2135840 7618
2135841 7619
2135842 7620
2135936 7621
2135938 7622
2135939 7623
2135940 7624
2135942 7625
2135943 7626
2135946 7627
2135947 7628
2135948 7629
2135950 7630
2135951 7631
2135952 7632
2135954 7633
2135955 7634
2135956 7635
2135958 7636
2135959 7637
2135960 7638
2135962 7639
2135963 7640
2135964 7641
2135967 7642
2135968 7643
2135970 7644
2135971 7645
2136064 7646
2136065 7647
2136066 7648
2136068 7649
2136069 7650
2136070 7651
2136074 7652
2136076 7653
2136077 7654
2136078 7655
2136080 7656
2136081 7657
2136082 7658
2136084 7659
2136085 7660
2136086 7661
2136088 7662
2136089 7663
2136090 7664
2136092 7665
2136093 7666
2136094 7667
2136097 7668
2136098 7669
2136192 7670
2136194 7671
2136195 7672
2136196 7673
2136198 7674
2136199 7675
2136202 7676
2136203 7677
2136204 7678
2136206 7679
2136207 7680
2136208 7681
2136210 7682
2136211 7683
2136212 7684
2136214 7685
2136215 7686
2136216 7687
2136218 7688
2136219 7689
2136220 7690
2136222 7691
2136223 7692
2136224 7693
2136227 7694
2147136 7695
2147137 7696
2147138 7697
2147140 7698
2147141 7699
2147142 7700
2147145 7701
2147146 7702
2147150 7703
2147152 7704
2147153 7705
2147154 7706
2147156 7707
2147157 7708
2147158 7709
2147160 7710
2147161 7711
2147162 7712
2147164 7713
2147165 7714
2147166 7715
2147168 7716
2147169 7717
2147170 7718
2147328 7719
2147329 7720
2147332 7721
2147333 7722
2147337 7723
2147341 7724
2147345 7725
2147348 7726
2147349 7727
2147352 7728
2147353 7729
2147356 7730
2147357 7731
2147360 7732
2147361 7733
2147392 7734
2147393 7735
2147394 7736
2147396 7737
2147397 7738
2147398 7739
2147401 7740
2147402 7741
2147405 7742
2147406 7743
2147408 7744
2147410 7745
2147412 7746
2147413 7747
2147414 7748
2147416 7749
2147417 7750
2147418 7751
2147420 7752
2147421 7753
2147422 7754
2147424 7755
2147425 7756
2147426 7757
2147584 7758
2147585 7759
2147588 7760
2147589 7761
2147593 7762
2147597 7763
2147600 7764
2147601 7765
2147605 7766
2147608 7767
2147609 7768
2147612 7769
2147613 7770
2147616 7771
2147617 7772
2147648 7773
2147649 7774
2147650 7775
2147652 7776
2147653 7777
2147654 7778
2147657 7779
2147658 7780
2147661 7781
2147662 7782
2147664 7783
2147665 7784
2147666 7785
2147668 7786
2147670 7787
2147672 7788
2147673 7789
2147674 7790
2147676 7791
2147677 7792
2147678 7793
2147680 7794
2147681 7795
2147682 7796
2147840 7797
2147841 7798
2147844 7799
2147845 7800
2147849 7801
2147853 7802
2147856 7803
2147857 7804
2147860 7805
2147861 7806
2147865 7807
2147868 7808
2147869 7809
2147872 7810
2147873 7811
2147904 7812
2147905 7813
2147906 7814
2147908 7815
2147909 7816
2147910 7817
2147913 7818
2147914 7819
2147917 7820
2147918 7821
2147920 7822
2147921 7823
2147922 7824
2147924 7825
2147925 7826
2147926 7827
2147928 7828
2147930 7829
2147932 7830
2147933 7831
2147934 7832
2147936 7833
2147937 7834
2147938 7835
2148096 7836
2148097 7837
2148100 7838
2148101 7839
2148105 7840
2148109 7841
2148112 7842
2148113 7843
2148116 7844
2148117 7845
2148120 7846
2148121 7847
2148125 7848
2148128 7849
2148129 7850
2148160 7851
2148161 7852
2148162 7853
2148164 7854
2148165 7855
2148166 7856
2148169 7857
2148170 7858
2148173 7859
2148174 7860
2148176 7861
2148177 7862
2148178 7863
2148180 7864
2148181 7865
2148182 7866
2148184 7867
2148185 7868
2148186 7869
2148188 7870
2148190 7871
2148192 7872
2148193 7873
2148194 7874
2148352 7875
2148353 7876
2148356 7877
2148357 7878
2148361 7879
2148365 7880
2148368 7881
2148369 7882
2148372 7883
2148373 7884
2148376 7885
2148377 7886
2148380 7887
2148381 7888
2148385 7889
2148416 7890
2148417 7891
2148418 7892
2148420 7893
2148421 7894
2148422 7895
2148425 7896
2148426 7897
2148429 7898
2148430 7899
2148432 7900
2148433 7901
2148434 7902
2148436 7903
2148437 7904
2148438 7905
2148440 7906
2148441 7907
2148442 7908
2148444 7909
2148445 7910
2148446 7911
2148448 7912
2148450 7913
2151296 7914
2151297 7915
2151299 7916
2151300 7917
2151301 7918
2151303 7919
2151305 7920
2151307 7921
2151308 7922
2151311 7923
2151312 7924
2151313 7925
2151315 7926
2151316 7927
2151317 7928
2151319 7929
2151320 7930
2151321 7931
2151323 7932
2151324 7933
2151325 7934
2151327 7935
2151328 7936
2151329 7937
2151331 7938
2151424 7939
2151425 7940
2151426 7941
2151428 7942
2151429 7943
2151430 7944
2151433 7945
2151434 7946
2151436 7947
2151438 7948
2151441 7949
2151442 7950
2151444 7951
2151445 7952
2151446 7953
2151448 7954
2151449 7955
2151450 7956
2151452 7957
2151453 7958
2151454 7959
2151456 7960
2151457 7961
2151458 7962
2151488 7963
2151489 7964
2151490 7965
2151492 7966
2151493 7967
2151494 7968
2151497 7969
2151498 7970
2151500 7971
2151502 7972
2151504 7973
2151506 7974
2151508 7975
2151509 7976
2151510 7977
2151512 7978
2151513 7979
2151514 7980
2151516 7981
2151517 7982
2151518 7983
2151520 7984
2151521 7985
2151522 7986
2151552 7987
2151553 7988
2151554 7989
2151555 7990
2151556 7991
2151557 7992
2151558 7993
2151559 7994
2151561 7995
2151562 7996
2151563 7997
2151564 7998
2151566 7999
2151567 8000
2151568 8001
2151569 8002
2151571 8003
2151572 8004
2151573 8005
2151574 8006
2151575 8007
2151576 8008
2151577 8009
2151578 8010
2151579 8011
2151580 8012
2151581 8013
2151582 8014
2151583 8015
2151584 8016
2151585 8017
2151586 8018
2151587 8019
2151680 8020
2151681 8021
2151682 8022
2151684 8023
2151685 8024
2151686 8025
2151689 8026
2151690 8027
2151692 8028
2151694 8029
2151696 8030
2151697 8031
2151698 8032
2151701 8033
2151702 8034
2151704 8035
2151705 8036
2151706 8037
2151708 8038
2151709 8039
2151710 8040
2151712 8041
2151713 8042
2151714 8043
2151744 8044
2151745 8045
2151746 8046
2151748 8047
2151749 8048
2151750 8049
2151753 8050
2151754 8051
2151756 8052
2151758 8053
2151760 8054
2151761 8055
2151762 8056
2151764 8057
2151766 8058
2151768 8059
2151769 8060
2151770 8061
2151772 8062
2151773 8063
2151774 8064
2151776 8065
2151777 8066
2151778 8067
2151808 8068
2151809 8069
2151810 8070
2151811 8071
2151812 8072
2151813 8073
2151814 8074
2151815 8075
2151817 8076
2151818 8077
2151819 8078
2151820 8079
2151822 8080
2151823 8081
2151824 8082
2151825 8083
2151826 8084
2151827 8085
2151828 8086
2151829 8087
2151831 8088
2151832 8089
2151833 8090
2151834 8091
2151835 8092
2151836 8093
2151837 8094
2151838 8095
2151839 8096
2151840 8097
2151841 8098
2151842 8099
2151843 8100
2151936 8101
2151937 8102
2151938 8103
2151940 8104
2151941 8105
2151942 8106
2151945 8107
2151946 8108
2151948 8109
2151950 8110
2151952 8111
2151953 8112
2151954 8113
2151956 8114
2151957 8115
2151958 8116
2151961 8117
2151962 8118
2151964 8119
2151965 8120
2151966 8121
2151968 8122
2151969 8123
2151970 8124
2152000 8125
2152001 8126
2152002 8127
2152004 8128
2152005 8129
2152006 8130
2152009 8131
2152010 8132
2152012 8133
2152014 8134
2152016 8135
2152017 8136
2152018 8137
2152020 8138
2152021 8139
2152022 8140
2152024 8141
2152026 8142
2152028 8143
2152029 8144
2152030 8145
2152032 8146
2152033 8147
2152034 8148
2152064 8149
2152065 8150
2152066 8151
2152067 8152
2152068 8153
2152069 8154
2152070 8155
2152071 8156
2152073 8157
2152074 8158
2152075 8159
2152076 8160
2152078 8161
2152079 8162
2152080 8163
2152081 8164
2152082 8165
2152083 8166
2152084 8167
2152085 8168
2152086 8169
2152087 8170
2152088 8171
2152089 8172
2152091 8173
2152092 8174
2152093 8175
2152094 8176
2152095 8177
2152096 8178
2152097 8179
2152098 8180
2152099 8181
2152192 8182
2152193 8183
2152194 8184
2152196 8185
2152197 8186
2152198 8187
2152201 8188
2152202 8189
2152204 8190
2152206 8191
2152208 8192
2152209 8193
2152210 8194
2152212 8195
2152213 8196
2152214 8197
2152216 8198
2152217 8199
2152218 8200
2152221 8201
2152222 8202
2152224 8203
2152225 8204
2152226 8205
2152256 8206
2152257 8207
2152258 8208
2152260 8209
2152261 8210
2152262 8211
2152265 8212
2152266 8213
2152268 8214
2152270 8215
2152272 8216
2152273 8217
2152274 8218
2152276 8219
2152277 8220
2152278 8221
2152280 8222
2152281 8223
2152282 8224
2152284 8225
2152286 8226
2152288 8227
2152289 8228
2152290 8229
2152320 8230
2152321 8231
2152322 8232
2152323 8233
2152324 8234
2152325 8235
2152326 8236
2152327 8237
2152329 8238
2152330 8239
2152331 8240
2152332 8241
2152334 8242
2152335 8243
2152336 8244
2152337 8245
2152338 8246
2152339 8247
2152340 8248
2152341 8249
2152342 8250
2152343 8251
2152344 8252
2152345 8253
2152346 8254
2152347 8255
2152348 8256
2152349 8257
2152351 8258
2152352 8259
2152353 8260
2152354 8261
2152355 8262
2152448 8263
2152449 8264
2152450 8265
2152452 8266
2152453 8267
2152454 8268
2152457 8269
2152458 8270
2152460 8271
2152462 8272
2152464 8273
2152465 8274
2152466 8275
2152468 8276
2152469 8277
2152470 8278
2152472 8279
2152473 8280
2152474 8281
2152476 8282
2152477 8283
2152478 8284
2152481 8285
2152482 8286
2152512 8287
2152513 8288
2152514 8289
2152516 8290
2152517 8291
2152518 8292
2152521 8293
2152522 8294
2152524 8295
2152526 8296
2152528 8297
2152529 8298
2152530 8299
2152532 8300
2152533 8301
2152534 8302
2152536 8303
2152537 8304
2152538 8305
2152540 8306
2152541 8307
2152542 8308
2152544 8309
2152546 8310
2152576 8311
2152577 8312
2152578 8313
2152579 8314
2152580 8315
2152581 8316
2152582 8317
2152583 8318
2152585 8319
2152586 8320
2152587 8321
2152588 8322
2152590 8323
2152591 8324
2152592 8325
2152593 8326
2152594 8327
2152595 8328
2152596 8329
2152597 8330
2152598 8331
2152599 8332
2152600 8333
2152601 8334
2152602 8335
2152603 8336
2152604 8337
2152605 8338
2152606 8339
2152607 8340
2152608 8341
2152609 8342
2152611 8343
2163776 8344
2163777 8345
2163778 8346
2163780 8347
2163781 8348
2163782 8349
2163785 8350
2163786 8351
2163788 8352
2163789 8353
2163790 8354
2163794 8355
2163796 8356
2163797 8357
2163798 8358
2163800 8359
2163801 8360
2163802 8361
2163804 8362
2163805 8363
2163806 8364
2163808 8365
2163809 8366
2163810 8367
2163968 8368
2163969 8369
2163972 8370
2163973 8371
2163977 8372
2163980 8373
2163981 8374
2163985 8375
2163989 8376
2163992 8377
2163993 8378
2163996 8379
2163997 8380
2164000 8381
2164001 8382
2164032 8383
2164033 8384
2164034 8385
2164036 8386
2164037 8387
2164038 8388
2164041 8389
2164042 8390
2164044 8391
2164045 8392
2164046 8393
2164049 8394
2164050 8395
2164052 8396
2164054 8397
2164056 8398
2164057 8399
2164058 8400
2164060 8401
2164061 8402
2164062 8403
2164064 8404
2164065 8405
2164066 8406
2164224 8407
2164225 8408
2164228 8409
2164229 8410
2164233 8411
2164236 8412
2164237 8413
2164241 8414
2164244 8415
2164245 8416
2164249 8417
2164252 8418
2164253 8419
2164256 8420
2164257 8421
2164288 8422
2164289 8423
2164290 8424
2164292 8425
2164293 8426
2164294 8427
2164297 8428
2164298 8429
2164300 8430
2164301 8431
2164302 8432
2164305 8433
2164306 8434
2164308 8435
2164309 8436
2164310 8437
2164312 8438
2164314 8439
2164316 8440
2164317 8441
2164318 8442
2164320 8443
2164321 8444
2164322 8445
2164480 8446
2164481 8447
2164484 8448
2164485 8449
2164489 8450
2164492 8451
2164493 8452
2164497 8453
2164500 8454
2164501 8455
2164504 8456
2164505 8457
2164509 8458
2164512 8459
2164513 8460
2164544 8461
2164545 8462
2164546 8463
2164548 8464
2164549 8465
2164550 8466
2164553 8467
2164554 8468
2164556 8469
2164557 8470
2164558 8471
2164561 8472
2164562 8473
2164564 8474
2164565 8475
2164566 8476
2164568 8477
2164569 8478
2164570 8479
2164572 8480
2164574 8481
2164576 8482
2164577 8483
2164578 8484
2164736 8485
2164737 8486
2164740 8487
2164741 8488
2164745 8489
2164748 8490
2164749 8491
2164753 8492
2164756 8493
2164757 8494
2164760 8495
2164761 8496
2164764 8497
2164765 8498
2164769 8499
2164800 8500
2164801 8501
2164802 8502
2164804 8503
2164805 8504
2164806 8505
2164809 8506
2164810 8507
2164812 8508
2164813 8509
2164814 8510
2164817 8511
2164818 8512
2164820 8513
2164821 8514
2164822 8515
2164824 8516
2164825 8517
2164826 8518
2164828 8519
2164829 8520
2164830 8521
2164832 8522
2164834 8523
2167936 8524
2167937 8525
2167939 8526
2167940 8527
2167941 8528
2167943 8529
2167945 8530
2167947 8531
2167948 8532
2167949 8533
2167951 8534
2167952 8535
2167955 8536
2167956 8537
2167957 8538
2167959 8539
2167960 8540
2167961 8541
2167963 8542
2167964 8543
2167965 8544
2167967 8545
2167968 8546
2167969 8547
2167971 8548
2168064 8549
2168065 8550
2168066 8551
2168068 8552
2168069 8553
2168070 8554
2168073 8555
2168074 8556
2168076 8557
2168077 8558
2168078 8559
2168080 8560
2168082 8561
2168085 8562
2168086 8563
2168088 8564
2168089 8565
2168090 8566
2168092 8567
2168093 8568
2168094 8569
2168096 8570
2168097 8571
2168098 8572
2168128 8573
2168129 8574
2168130 8575
2168132 8576
2168133 8577
2168134 8578
2168137 8579
2168138 8580
2168140 8581
2168141 8582
2168142 8583
2168144 8584
2168146 8585
2168148 8586
2168150 8587
2168152 8588
2168153 8589
2168154 8590
2168156 8591
2168157 8592
2168158 8593
2168160 8594
2168161 8595
2168162 8596
2168192 8597
2168193 8598
2168194 8599
2168195 8600
2168196 8601
2168197 8602
2168198 8603
2168199 8604
2168201 8605
2168202 8606
2168203 8607
2168204 8608
2168205 8609
2168206 8610
2168207 8611
2168208 8612
2168210 8613
2168211 8614
2168212 8615
2168213 8616
2168215 8617
2168216 8618
2168217 8619
2168218 8620
2168219 8621
2168220 8622
2168221 8623
2168222 8624
2168223 8625
2168224 8626
2168225 8627
2168226 8628
2168227 8629
2168320 8630
2168321 8631
2168322 8632
2168324 8633
2168325 8634
2168326 8635
2168329 8636
2168330 8637
2168332 8638
2168333 8639
2168334 8640
2168336 8641
2168338 8642
2168340 8643
2168341 8644
2168342 8645
2168345 8646
2168346 8647
2168348 8648
2168349 8649
2168350 8650
2168352 8651
2168353 8652
2168354 8653
2168384 8654
2168385 8655
2168386 8656
2168388 8657
2168389 8658
2168390 8659
2168393 8660
2168394 8661
2168396 8662
2168397 8663
2168398 8664
2168400 8665
2168402 8666
2168404 8667
2168405 8668
2168406 8669
2168408 8670
2168410 8671
2168412 8672
2168413 8673
2168414 8674
2168416 8675
2168417 8676
2168418 8677
2168448 8678
2168449 8679
2168450 8680
2168451 8681
2168452 8682
2168453 8683
2168454 8684
2168455 8685
2168457 8686
2168458 8687
2168459 8688
2168460 8689
2168461 8690
2168462 8691
2168463 8692
2168464 8693
2168466 8694
2168467 8695
2168468 8696
2168469 8697
2168470 8698
2168471 8699
2168472 8700
2168473 8701
2168475 8702
2168476 8703
2168477 8704
2168478 8705
2168479 8706
2168480 8707
2168481 8708
2168482 8709
2168483 8710
2168576 8711
2168577 8712
2168578 8713
2168580 8714
2168581 8715
2168582 8716
2168585 8717
2168586 8718
2168588 8719
2168589 8720
2168590 8721
2168592 8722
2168594 8723
2168596 8724
2168597 8725
2168598 8726
2168600 8727
2168601 8728
2168602 8729
2168605 8730
2168606 8731
2168608 8732
2168609 8733
2168610 8734
2168640 8735
2168641 8736
2168642 8737
2168644 8738
2168645 8739
2168646 8740
2168649 8741
2168650 8742
2168652 8743
2168653 8744
2168654 8745
2168656 8746
2168658 8747
2168660 8748
2168661 8749
2168662 8750
2168664 8751
2168665 8752
2168666 8753
2168668 8754
2168670 8755
2168672 8756
2168673 8757
2168674 8758
2168704 8759
2168705 8760
2168706 8761
2168707 8762
2168708 8763
2168709 8764
2168710 8765
2168711 8766
2168713 8767
2168714 8768
2168715 8769
2168716 8770
2168717 8771
2168718 8772
2168719 8773
2168720 8774
2168722 8775
2168723 8776
2168724 8777
2168725 8778
2168726 8779
2168727 8780
2168728 8781
2168729 8782
2168730 8783
2168731 8784
2168732 8785
2168733 8786
2168735 8787
2168736 8788
2168737 8789
2168738 8790
2168739 8791
2168832 8792
2168833 8793
2168834 8794
2168836 8795
2168837 8796
2168838 8797
2168841 8798
2168842 8799
2168844 8800
2168845 8801
2168846 8802
2168848 8803
2168850 8804
2168852 8805
2168853 8806
2168854 8807
2168856 8808
2168857 8809
2168858 8810
2168860 8811
2168861 8812
2168862 8813
2168865 8814
2168866 8815
2168896 8816
2168897 8817
2168898 8818
2168900 8819
2168901 8820
2168902 8821
2168905 8822
2168906 8823
2168908 8824
2168909 8825
2168910 8826
2168912 8827
2168914 8828
2168916 8829
2168917 8830
2168918 8831
2168920 8832
2168921 8833
2168922 8834
2168924 8835
2168925 8836
2168926 8837
2168928 8838
2168930 8839
2168960 8840
2168961 8841
2168962 8842
2168963 8843
2168964 8844
2168965 8845
2168966 8846
2168967 8847
2168969 8848
2168970 8849
2168971 8850
2168972 8851
2168973 8852
2168974 8853
2168975 8854
2168976 8855
2168978 8856
2168979 8857
2168980 8858
2168981 8859
2168982 8860
2168983 8861
2168984 8862
2168985 8863
2168986 8864
2168987 8865
2168988 8866
2168989 8867
2168990 8868
2168991 8869
2168992 8870
2168993 8871
2168995 8872
2180416 8873
2180417 8874
2180418 8875
2180420 8876
2180421 8877
2180422 8878
2180425 8879
2180426 8880
2180428 8881
2180429 8882
2180430 8883
2180432 8884
2180433 8885
2180434 8886
2180438 8887
2180440 8888
2180441 8889
2180442 8890
2180444 8891
2180445 8892
2180446 8893
2180448 8894
2180449 8895
2180450 8896
2180608 8897
2180609 8898
2180612 8899
2180613 8900
2180617 8901
2180620 8902
2180621 8903
2180624 8904
2180625 8905
2180629 8906
2180633 8907
2180636 8908
2180637 8909
2180640 8910
2180641 8911
2180672 8912
2180673 8913
2180674 8914
2180676 8915
2180677 8916
2180678 8917
2180681 8918
2180682 8919
2180684 8920
2180685 8921
2180686 8922
2180688 8923
2180689 8924
2180690 8925
2180693 8926
2180694 8927
2180696 8928
2180698 8929
2180700 8930
2180701 8931
2180702 8932
2180704 8933
2180705 8934
2180706 8935
2180864 8936
2180865 8937
2180868 8938
2180869 8939
2180873 8940
2180876 8941
2180877 8942
2180880 8943
2180881 8944
2180885 8945
2180888 8946
2180889 8947
2180893 8948
2180896 8949
2180897 8950
2180928 8951
2180929 8952
2180930 8953
2180932 8954
2180933 8955
2180934 8956
2180937 8957
2180938 8958
2180940 8959
2180941 8960
2180942 8961
2180944 8962
2180945 8963
2180946 8964
2180949 8965
2180950 8966
2180952 8967
2180953 8968
2180954 8969
2180956 8970
2180958 8971
2180960 8972
2180961 8973
2180962 8974
2181120 8975
2181121 8976
2181124 8977
2181125 8978
2181129 8979
2181132 8980
2181133 8981
2181136 8982
2181137 8983
2181141 8984
2181144 8985
2181145 8986
2181148 8987
2181149 8988
2181153 8989
2181184 8990
2181185 8991
2181186 8992
2181188 8993
2181189 8994
2181190 8995
2181193 8996
2181194 8997
2181196 8998
2181197 8999
2181198 9000
2181200 9001
2181201 9002
2181202 9003
2181205 9004
2181206 9005
2181208 9006
2181209 9007
2181210 9008
2181212 9009
2181213 9010
2181214 9011
2181216 9012
2181218 9013
2184576 9014
2184577 9015
2184579 9016
2184580 9017
2184581 9018
2184583 9019
2184585 9020
2184587 9021
2184588 9022
2184589 9023
2184591 9024
2184592 9025
2184593 9026
2184595 9027
2184596 9028
2184599 9029
2184600 9030
2184601 9031
2184603 9032
2184604 9033
2184605 9034
2184607 9035
2184608 9036
2184609 9037
2184611 9038
2184704 9039
2184705 9040
2184706 9041
2184708 9042
2184709 9043
2184710 9044
2184713 9045
2184714 9046
2184716 9047
2184717 9048
2184718 9049
2184720 9050
2184721 9051
2184722 9052
2184724 9053
2184726 9054
2184729 9055
2184730 9056
2184732 9057
2184733 9058
2184734 9059
2184736 9060
2184737 9061
2184738 9062
2184768 9063
2184769 9064
2184770 9065
2184772 9066
2184773 9067
2184774 9068
2184777 9069
2184778 9070
2184780 9071
2184781 9072
2184782 9073
2184784 9074
2184785 9075
2184786 9076
2184788 9077
2184790 9078
2184792 9079
2184794 9080
2184796 9081
2184797 9082
2184798 9083
2184800 9084
2184801 9085
2184802 9086
2184832 9087
2184833 9088
2184834 9089
2184835 9090
2184836 9091
2184837 9092
2184838 9093
2184839 9094
2184841 9095
2184842 9096
2184843 9097
2184844 9098
2184845 9099
2184846 9100
2184847 9101
2184848 9102
2184849 9103
2184850 9104
2184851 9105
2184852 9106
2184854 9107
2184855 9108
2184856 9109
2184857 9110
2184859 9111
2184860 9112
2184861 9113
2184862 9114
2184863 9115
2184864 9116
2184865 9117
2184866 9118
2184867 9119
2184960 9120
2184961 9121
2184962 9122
2184964 9123
2184965 9124
2184966 9125
2184969 9126
2184970 9127
2184972 9128
2184973 9129
2184974 9130
2184976 9131
2184977 9132
2184978 9133
2184980 9134
2184982 9135
2184984 9136
2184985 9137
2184986 9138
2184989 9139
2184990 9140
2184992 9141
2184993 9142
2184994 9143
2185024 9144
2185025 9145
2185026 9146
2185028 9147
2185029 9148
2185030 9149
2185033 9150
2185034 9151
2185036 9152
2185037 9153
2185038 9154
2185040 9155
2185041 9156
2185042 9157
2185044 9158
2185046 9159
2185048 9160
2185049 9161
2185050 9162
2185052 9163
2185054 9164
2185056 9165
2185057 9166
2185058 9167
2185088 9168
2185089 9169
2185090 9170
2185091 9171
2185092 9172
2185093 9173
2185094 9174
2185095 9175
2185097 9176
2185098 9177
2185099 9178
2185100 9179
2185101 9180
2185102 9181
2185103 9182
2185104 9183
2185105 9184
2185106 9185
2185107 9186
2185108 9187
2185110 9188
2185111 9189
2185112 9190
2185113 9191
2185114 9192
2185115 9193
2185116 9194
2185117 9195
2185119 9196
2185120 9197
2185121 9198
2185122 9199
2185123 9200
2185216 9201
2185217 9202
2185218 9203
2185220 9204
2185221 9205
2185222 9206
2185225 9207
2185226 9208
2185228 9209
2185229 9210
2185230 9211
2185232 9212
2185233 9213
2185234 9214
2185236 9215
2185238 9216
2185240 9217
2185241 9218
2185242 9219
2185244 9220
2185245 9221
2185246 9222
2185249 9223
2185250 9224
2185280 9225
2185281 9226
2185282 9227
2185284 9228
2185285 9229
2185286 9230
2185289 9231
2185290 9232
2185292 9233
2185293 9234
2185294 9235
2185296 9236
2185297 9237
2185298 9238
2185300 9239
2185302 9240
2185304 9241
2185305 9242
2185306 9243
2185308 9244
2185309 9245
2185310 9246
2185312 9247
2185314 9248
2185344 9249
2185345 9250
2185346 9251
2185347 9252
2185348 9253
2185349 9254
2185350 9255
2185351 9256
2185353 9257
2185354 9258
2185355 9259
2185356 9260
2185357 9261
2185358 9262
2185359 9263
2185360 9264
2185361 9265
2185362 9266
2185363 9267
2185364 9268
2185366 9269
2185367 9270
2185368 9271
2185369 9272
2185370 9273
2185371 9274
2185372 9275
2185373 9276
2185374 9277
2185375 9278
2185376 9279
2185377 9280
2185379 9281
2197056 9282
2197057 9283
2197058 9284
2197060 9285
2197061 9286
2197062 9287
2197065 9288
2197066 9289
2197068 9290
2197069 9291
2197070 9292
2197072 9293
2197073 9294
2197074 9295
2197076 9296
2197077 9297
2197078 9298
2197082 9299
2197084 9300
2197085 9301
2197086 9302
2197088 9303
2197089 9304
2197090 9305
2197248 9306
2197249 9307
2197252 9308
2197253 9309
2197257 9310
2197260 9311
2197261 9312
2197264 9313
2197265 9314
2197268 9315
2197269 9316
2197273 9317
2197277 9318
2197280 9319
2197281 9320
2197312 9321
2197313 9322
2197314 9323
2197316 9324
2197317 9325
2197318 9326
2197321 9327
2197322 9328
2197324 9329
2197325 9330
2197326 9331
2197328 9332
2197329 9333
2197330 9334
2197332 9335
2197333 9336
2197334 9337
2197337 9338
2197338 9339
2197340 9340
2197342 9341
2197344 9342
2197345 9343
2197346 9344
2197504 9345
2197505 9346
2197508 9347
2197509 9348
2197513 9349
2197516 9350
2197517 9351
2197520 9352
2197521 9353
2197524 9354
2197525 9355
2197529 9356
2197532 9357
2197533 9358
2197537 9359
2197568 9360
2197569 9361
2197570 9362
2197572 9363
2197573 9364
2197574 9365
2197577 9366
2197578 9367
2197580 9368
2197581 9369
2197582 9370
2197584 9371
2197585 9372
2197586 9373
2197588 9374
2197589 9375
2197590 9376
2197593 9377
2197594 9378
2197596 9379
2197597 9380
2197598 9381
2197600 9382
2197602 9383
2201216 9384
2201217 9385
2201219 9386
2201220 9387
2201221 9388
2201223 9389
2201225 9390
2201227 9391
2201228 9392
2201229 9393
2201231 9394
2201232 9395
2201233 9396
2201235 9397
2201236 9398
2201237 9399
2201239 9400
2201240 9401
2201243 9402
2201244 9403
2201245 9404
2201247 9405
2201248 9406
2201249 9407
2201251 9408
2201344 9409
2201345 9410
2201346 9411
2201348 9412
2201349 9413
2201350 9414
2201353 9415
2201354 9416
2201356 9417
2201357 9418
2201358 9419
2201360 9420
2201361 9421
2201362 9422
2201364 9423
2201365 9424
2201366 9425
2201368 9426
2201370 9427
2201373 9428
2201374 9429
2201376 9430
2201377 9431
2201378 9432
2201408 9433
2201409 9434
2201410 9435
2201412 9436
2201413 9437
2201414 9438
2201417 9439
2201418 9440
2201420 9441
2201421 9442
2201422 9443
2201424 9444
2201425 9445
2201426 9446
2201428 9447
2201429 9448
2201430 9449
2201432 9450
2201434 9451
2201436 9452
2201438 9453
2201440 9454
2201441 9455
2201442 9456
2201472 9457
2201473 9458
2201474 9459
2201475 9460
2201476 9461
2201477 9462
2201478 9463
2201479 9464
2201481 9465
2201482 9466
2201483 9467
2201484 9468
2201485 9469
2201486 9470
2201487 9471
2201488 9472
2201489 9473
2201490 9474
2201491 9475
2201492 9476
2201493 9477
2201494 9478
2201495 9479
2201496 9480
2201498 9481
2201499 9482
2201500 9483
2201501 9484
2201503 9485
2201504 9486
2201505 9487
2201506 9488
2201507 9489
2201600 9490
2201601 9491
2201602 9492
2201604 9493
2201605 9494
2201606 9495
2201609 9496
2201610 9497
2201612 9498
2201613 9499
2201614 9500
2201616 9501
2201617 9502
2201618 9503
2201620 9504
2201621 9505
2201622 9506
2201624 9507
2201626 9508
2201628 9509
2201629 9510
2201630 9511
2201633 9512
2201634 9513
2201664 9514
2201665 9515
2201666 9516
2201668 9517
2201669 9518
2201670 9519
2201673 9520
2201674 9521
2201676 9522
2201677 9523
2201678 9524
2201680 9525
2201681 9526
2201682 9527
2201684 9528
2201685 9529
2201686 9530
2201688 9531
2201690 9532
2201692 9533
2201693 9534
2201694 9535
2201696 9536
2201698 9537
2201728 9538
2201729 9539
2201730 9540
2201731 9541
2201732 9542
2201733 9543
2201734 9544
2201735 9545
2201737 9546
2201738 9547
2201739 9548
2201740 9549
2201741 9550
2201742 9551
2201743 9552
2201744 9553
2201745 9554
2201746 9555
2201747 9556
2201748 9557
2201749 9558
2201750 9559
2201751 9560
2201752 9561
2201754 9562
2201755 9563
2201756 9564
2201757 9565
2201758 9566
2201759 9567
2201760 9568
2201761 9569
2201763 9570
2213696 9571
2213697 9572
2213698 9573
2213700 9574
2213701 9575
2213702 9576
2213705 9577
2213706 9578
2213708 9579
2213709 9580
2213710 9581
2213712 9582
2213713 9583
2213714 9584
2213716 9585
2213717 9586
2213718 9587
2213720 9588
2213721 9589
2213722 9590
2213726 9591
2213728 9592
2213729 9593
2213730 9594
2213888 9595
2213889 9596
2213892 9597
2213893 9598
2213897 9599
2213900 9600
2213901 9601
2213904 9602
2213905 9603
2213908 9604
2213909 9605
2213912 9606
2213913 9607
2213917 9608
2213921 9609
2213952 9610
2213953 9611
2213954 9612
2213956 9613
2213957 9614
2213958 9615
2213961 9616
2213962 9617
2213964 9618
2213965 9619
2213966 9620
2213968 9621
2213969 9622
2213970 9623
2213972 9624
2213973 9625
2213974 9626
2213976 9627
2213977 9628
2213978 9629
2213981 9630
2213982 9631
2213984 9632
2213986 9633
2217856 9634
2217857 9635
2217859 9636
2217860 9637
2217861 9638
2217863 9639
2217865 9640
2217867 9641
2217868 9642
2217869 9643
2217871 9644
2217872 9645
2217873 9646
2217875 9647
2217876 9648
2217877 9649
2217879 9650
2217880 9651
2217881 9652
2217883 9653
2217884 9654
2217887 9655
2217888 9656
2217889 9657
2217891 9658
2217984 9659
2217985 9660
2217986 9661
2217988 9662
2217989 9663
2217990 9664
2217993 9665
2217994 9666
2217996 9667
2217997 9668
2217998 9669
2218000 9670
2218001 9671
2218002 9672
2218004 9673
2218005 9674
2218006 9675
2218008 9676
2218009 9677
2218010 9678
2218012 9679
2218014 9680
2218017 9681
2218018 9682
2218048 9683
2218049 9684
2218050 9685
2218052 9686
2218053 9687
2218054 9688
2218057 9689
2218058 9690
2218060 9691
2218061 9692
2218062 9693
2218064 9694
2218065 9695
2218066 9696
2218068 9697
2218069 9698
2218070 9699
2218072 9700
2218073 9701
2218074 9702
2218076 9703
2218078 9704
2218080 9705
2218082 9706
2218112 9707
2218113 9708
2218114 9709
2218115 9710
2218116 9711
2218117 9712
2218118 9713
2218119 9714
2218121 9715
2218122 9716
2218123 9717
2218124 9718
2218125 9719
2218126 9720
2218127 9721
2218128 9722
2218129 9723
2218130 9724
2218131 9725
2218132 9726
2218133 9727
2218134 9728
2218135 9729
2218136 9730
2218137 9731
2218138 9732
2218139 9733
2218140 9734
2218142 9735
2218143 9736
2218144 9737
2218145 9738
2218147 9739
2230336 9740
2230337 9741
2230338 9742
2230340 9743
2230341 9744
2230342 9745
2230345 9746
2230346 9747
2230348 9748
2230349 9749
2230350 9750
2230352 9751
2230353 9752
2230354 9753
2230356 9754
2230357 9755
2230358 9756
2230360 9757
2230361 9758
2230362 9759
2230364 9760
2230365 9761
2230366 9762
2230370 9763
2234496 9764
2234497 9765
2234499 9766
2234500 9767
2234501 9768
2234503 9769
2234505 9770
2234507 9771
2234508 9772
2234509 9773
2234511 9774
2234512 9775
2234513 9776
2234515 9777
2234516 9778
2234517 9779
2234519 9780
2234520 9781
2234521 9782
2234523 9783
2234524 9784
2234525 9785
2234527 9786
2234528 9787
2234531 9788
3199872 9789
3199875 9790
3199876 9791
3199879 9792
3199880 9793
3199883 9794
3199887 9795
3199888 9796
3199891 9797
3199892 9798
3199895 9799
3199896 9800
3199899 9801
3199900 9802
3199903 9803
3199904 9804
3199907 9805
3200000 9806
3200001 9807
3200002 9808
3200004 9809
3200005 9810
3200006 9811
3200008 9812
3200009 9813
3200010 9814
3200014 9815
3200017 9816
3200018 9817
3200020 9818
3200021 9819
3200022 9820
3200024 9821
3200025 9822
3200026 9823
3200028 9824
3200029 9825
3200030 9826
3200032 9827
3200033 9828
3200034 9829
3200128 9830
3200130 9831
3200131 9832
3200132 9833
3200134 9834
3200135 9835
3200136 9836
3200138 9837
3200139 9838
3200142 9839
3200143 9840
3200144 9841
3200147 9842
3200148 9843
3200150 9844
3200151 9845
3200152 9846
3200154 9847
3200155 9848
3200156 9849
3200158 9850
3200159 9851
3200160 9852
3200162 9853
3200163 9854
3200256 9855
3200257 9856
3200258 9857
3200260 9858
3200261 9859
3200262 9860
3200264 9861
3200265 9862
3200266 9863
3200270 9864
3200272 9865
3200273 9866
3200274 9867
3200277 9868
3200278 9869
3200280 9870
3200281 9871
3200282 9872
3200284 9873
3200285 9874
3200286 9875
3200288 9876
3200289 9877
3200290 9878
3200384 9879
3200386 9880
3200387 9881
3200388 9882
3200390 9883
3200391 9884
3200392 9885
3200394 9886
3200395 9887
3200398 9888
3200399 9889
3200400 9890
3200402 9891
3200403 9892
3200404 9893
3200407 9894
3200408 9895
3200410 9896
3200411 9897
3200412 9898
3200414 9899
3200415 9900
3200416 9901
3200418 9902
3200419 9903
3200512 9904
3200513 9905
3200514 9906
3200516 9907
3200517 9908
3200518 9909
3200520 9910
3200521 9911
3200522 9912
3200526 9913
3200528 9914
3200529 9915
3200530 9916
3200532 9917
3200533 9918
3200534 9919
3200537 9920
3200538 9921
3200540 9922
3200541 9923
3200542 9924
3200544 9925
3200545 9926
3200546 9927
3200640 9928
3200642 9929
3200643 9930
3200644 9931
3200646 9932
3200647 9933
3200648 9934
3200650 9935
3200651 9936
3200654 9937
3200655 9938
3200656 9939
3200658 9940
3200659 9941
3200660 9942
3200662 9943
3200663 9944
3200664 9945
3200667 9946
3200668 9947
3200670 9948
3200671 9949
3200672 9950
3200674 9951
3200675 9952
3200768 9953
3200769 9954
3200770 9955
3200772 9956
3200773 9957
3200774 9958
3200776 9959
3200777 9960
3200778 9961
3200782 9962
3200784 9963
3200785 9964
3200786 9965
3200788 9966
3200789 9967
3200790 9968
3200792 9969
3200793 9970
3200794 9971
3200797 9972
3200798 9973
3200800 9974
3200801 9975
3200802 9976
3200896 9977
3200898 9978
3200899 9979
3200900 9980
3200902 9981
3200903 9982
3200904 9983
3200906 9984
3200907 9985
3200910 9986
3200911 9987
3200912 9988
3200914 9989
3200915 9990
3200916 9991
3200918 9992
3200919 9993
3200920 9994
3200922 9995
3200923 9996
3200924 9997
3200927 9998
3200928 9999
3200930 10000
3200931 10001
3201024 10002
3201025 10003
3201026 10004
3201028 10005
3201029 10006
3201030 10007
3201032 10008
3201033 10009
3201034 10010
3201038 10011
3201040 10012
3201041 10013
3201042 10014
3201044 10015
3201045 10016
3201046 10017
3201048 10018
3201049 10019
3201050 10020
3201052 10021
3201053 10022
3201054 10023
3201057 10024
3201058 10025
3201152 10026
3201154 10027
3201155 10028
3201156 10029
3201158 10030
3201159 10031
3201160 10032
3201162 10033
3201163 10034
3201166 10035
3201167 10036
3201168 10037
3201170 10038
3201171 10039
3201172 10040
3201174 10041
3201175 10042
3201176 10043
3201178 10044
3201179 10045
3201180 10046
3201182 10047
3201183 10048
3201184 10049
3201187 10050
3212352 10051
3212353 10052
3212354 10053
3212356 10054
3212357 10055
3212358 10056
3212360 10057
3212361 10058
3212362 10059
3212365 10060
3212366 10061
3212370 10062
3212372 10063
3212373 10064
3212374 10065
3212376 10066
3212377 10067
3212378 10068
3212380 10069
3212381 10070
3212382 10071
3212384 10072
3212385 10073
3212386 10074
3212544 10075
3212545 10076
3212548 10077
3212549 10078
3212552 10079
3212553 10080
3212557 10081
3212561 10082
3212565 10083
3212568 10084
3212569 10085
3212572 10086
3212573 10087
3212576 10088
3212577 10089
3212608 10090
3212609 10091
3212610 10092
3212612 10093
3212613 10094
3212614 10095
3212616 10096
3212617 10097
3212618 10098
3212621 10099
3212622 10100
3212625 10101
3212626 10102
3212628 10103
3212630 10104
3212632 10105
3212633 10106
3212634 10107
3212636 10108
3212637 10109
3212638 10110
3212640 10111
3212641 10112
3212642 10113
3212800 10114
3212801 10115
3212804 10116
3212805 10117
3212808 10118
3212809 10119
3212813 10120
3212817 10121
3212820 10122
3212821 10123
3212825 10124
3212828 10125
3212829 10126
3212832 10127
3212833 10128
3212864 10129
3212865 10130
3212866 10131
3212868 10132
3212869 10133
3212870 10134
3212872 10135
3212873 10136
3212874 10137
3212877 10138
3212878 10139
3212881 10140
3212882 10141
3212884 10142
3212885 10143
3212886 10144
3212888 10145
3212890 10146
3212892 10147
3212893 10148
3212894 10149
3212896 10150
3212897 10151
3212898 10152
3213056 10153
3213057 10154
3213060 10155
3213061 10156
3213064 10157
3213065 10158
3213069 10159
3213073 10160
3213076 10161
3213077 10162
3213080 10163
3213081 10164
3213085 10165
3213088 10166
3213089 10167
3213120 10168
3213121 10169
3213122 10170
3213124 10171
3213125 10172
3213126 10173
3213128 10174
3213129 10175
3213130 10176
3213133 10177
3213134 10178
3213137 10179
3213138 10180
3213140 10181
3213141 10182
3213142 10183
3213144 10184
3213145 10185
3213146 10186
3213148 10187
3213150 10188
3213152 10189
3213153 10190
3213154 10191
3213312 10192
3213313 10193
3213316 10194
3213317 10195
3213320 10196
3213321 10197
3213325 10198
3213329 10199
3213332 10200
3213333 10201
3213336 10202
3213337 10203
3213340 10204
3213341 10205
3213345 10206
3213376 10207
3213377 10208
3213378 10209
3213380 10210
3213381 10211
3213382 10212
3213384 10213
3213385 10214
3213386 10215
3213389 10216
3213390 10217
3213393 10218
3213394 10219
3213396 10220
3213397 10221
3213398 10222
3213400 10223
3213401 10224
3213402 10225
3213404 10226
3213405 10227
3213406 10228
3213408 10229
3213410 10230
3216512 10231
3216513 10232
3216515 10233
3216516 10234
3216517 10235
3216519 10236
3216520 10237
3216521 10238
3216523 10239
3216525 10240
3216527 10241
3216528 10242
3216531 10243
3216532 10244
3216533 10245
3216535 10246
3216536 10247
3216537 10248
3216539 10249
3216540 10250
3216541 10251
3216543 10252
3216544 10253
3216545 10254
3216547 10255
3216640 10256
3216641 10257
3216642 10258
3216644 10259
3216645 10260
3216646 10261
3216648 10262
3216649 10263
3216650 10264
3216653 10265
3216654 10266
3216656 10267
3216658 10268
3216661 10269
3216662 10270
3216664 10271
3216665 10272
3216666 10273
3216668 10274
3216669 10275
3216670 10276
3216672 10277
3216673 10278
3216674 10279
3216704 10280
3216705 10281
3216706 10282
3216708 10283
3216709 10284
3216710 10285
3216712 10286
3216713 10287
3216714 10288
3216717 10289
3216718 10290
3216720 10291
3216722 10292
3216724 10293
3216726 10294
3216728 10295
3216729 10296
3216730 10297
3216732 10298
3216733 10299
3216734 10300
3216736 10301
3216737 10302
3216738 10303
3216768 10304
3216769 10305
3216770 10306
3216771 10307
3216772 10308
3216773 10309
3216774 10310
3216775 10311
3216776 10312
3216777 10313
3216778 10314
3216779 10315
3216781 10316
3216782 10317
3216783 10318
3216784 10319
3216786 10320
3216787 10321
3216788 10322
3216789 10323
3216791 10324
3216792 10325
3216793 10326
3216794 10327
3216795 10328
3216796 10329
3216797 10330
3216798 10331
3216799 10332
3216800 10333
3216801 10334
3216802 10335
3216803 10336
3216896 10337
3216897 10338
3216898 10339
3216900 10340
3216901 10341
3216902 10342
3216904 10343
3216905 10344
3216906 10345
3216909 10346
3216910 10347
3216912 10348
3216914 10349
3216916 10350
3216917 10351
3216918 10352
3216921 10353
3216922 10354
3216924 10355
3216925 10356
3216926 10357
3216928 10358
3216929 10359
3216930 10360
3216960 10361
3216961 10362
3216962 10363
3216964 10364
3216965 10365
3216966 10366
3216968 10367
3216969 10368
3216970 10369
3216973 10370
3216974 10371
3216976 10372
3216978 10373
3216980 10374
3216981 10375
3216982 10376
3216984 10377
3216986 10378
3216988 10379
3216989 10380
3216990 10381
3216992 10382
3216993 10383
3216994 10384
3217024 10385
3217025 10386
3217026 10387
3217027 10388
3217028 10389
3217029 10390
3217030 10391
3217031 10392
3217032 10393
3217033 10394
3217034 10395
3217035 10396
3217037 10397
3217038 10398
3217039 10399
3217040 10400
3217042 10401
3217043 10402
3217044 10403
3217045 10404
3217046 10405
3217047 10406
3217048 10407
3217049 10408
3217051 10409
3217052 10410
3217053 10411
3217054 10412
3217055 10413
3217056 10414
3217057 10415
3217058 10416
3217059 10417
3217152 10418
3217153 10419
3217154 10420
3217156 10421
3217157 10422
3217158 10423
3217160 10424
3217161 10425
3217162 10426
3217165 10427
3217166 10428
3217168 10429
3217170 10430
3217172 10431
3217173 10432
3217174 10433
3217176 10434
3217177 10435
3217178 10436
3217181 10437
3217182 10438
3217184 10439
3217185 10440
3217186 10441
3217216 10442
3217217 10443
3217218 10444
3217220 10445
3217221 10446
3217222 10447
3217224 10448
3217225 10449
3217226 10450
3217229 10451
3217230 10452
3217232 10453
3217234 10454
3217236 10455
3217237 10456
3217238 10457
3217240 10458
3217241 10459
3217242 10460
3217244 10461
3217246 10462
3217248 10463
3217249 10464
3217250 10465
3217280 10466
3217281 10467
3217282 10468
3217283 10469
3217284 10470
3217285 10471
3217286 10472
3217287 10473
3217288 10474
3217289 10475
3217290 10476
3217291 10477
3217293 10478
3217294 10479
3217295 10480
3217296 10481
3217298 10482
3217299 10483
3217300 10484
3217301 10485
3217302 10486
3217303 10487
3217304 10488
3217305 10489
3217306 10490
3217307 10491
3217308 10492
3217309 10493
3217311 10494
3217312 10495
3217313 10496
3217314 10497
3217315 10498
3217408 10499
3217409 10500
3217410 10501
3217412 10502
3217413 10503
3217414 10504
3217416 10505
3217417 10506
3217418 10507
3217421 10508
3217422 10509
3217424 10510
3217426 10511
3217428 10512
3217429 10513
3217430 10514
3217432 10515
3217433 10516
3217434 10517
3217436 10518
3217437 10519
3217438 10520
3217441 10521
3217442 10522
3217472 10523
3217473 10524
3217474 10525
3217476 10526
3217477 10527
3217478 10528
3217480 10529
3217481 10530
3217482 10531
3217485 10532
3217486 10533
3217488 10534
3217490 10535
3217492 10536
3217493 10537
3217494 10538
3217496 10539
3217497 10540
3217498 10541
3217500 10542
3217501 10543
3217502 10544
3217504 10545
3217506 10546
3217536 10547
3217537 10548
3217538 10549
3217539 10550
3217540 10551
3217541 10552
3217542 10553
3217543 10554
3217544 10555
3217545 10556
3217546 10557
3217547 10558
3217549 10559
3217550 10560
3217551 10561
3217552 10562
3217554 10563
3217555 10564
3217556 10565
3217557 10566
3217558 10567
3217559 10568
3217560 10569
3217561 10570
3217562 10571
3217563 10572
3217564 10573
3217565 10574
3217566 10575
3217567 10576
3217568 10577
3217569 10578
3217571 10579
3228992 10580
3228993 10581
3228994 10582
3228996 10583
3228997 10584
3228998 10585
3229000 10586
3229001 10587
3229002 10588
3229005 10589
3229006 10590
3229008 10591
3229009 10592
3229010 10593
3229014 10594
3229016 10595
3229017 10596
3229018 10597
3229020 10598
3229021 10599
3229022 10600
3229024 10601
3229025 10602
3229026 10603
3229184 10604
3229185 10605
3229188 10606
3229189 10607
3229192 10608
3229193 10609
3229197 10610
3229200 10611
3229201 10612
3229205 10613
3229209 10614
3229212 10615
3229213 10616
3229216 10617
3229217 10618
3229248 10619
3229249 10620
3229250 10621
3229252 10622
3229253 10623
3229254 10624
3229256 10625
3229257 10626
3229258 10627
3229261 10628
3229262 10629
3229264 10630
3229265 10631
3229266 10632
3229269 10633
3229270 10634
3229272 10635
3229274 10636
3229276 10637
3229277 10638
3229278 10639
3229280 10640
3229281 10641
3229282 10642
3229440 10643
3229441 10644
3229444 10645
3229445 10646
3229448 10647
3229449 10648
3229453 10649
3229456 10650
3229457 10651
3229461 10652
3229464 10653
3229465 10654
3229469 10655
3229472 10656
3229473 10657
3229504 10658
3229505 10659
3229506 10660
3229508 10661
3229509 10662
3229510 10663
3229512 10664
3229513 10665
3229514 10666
3229517 10667
3229518 10668
3229520 10669
3229521 10670
3229522 10671
3229525 10672
3229526 10673
3229528 10674
3229529 10675
3229530 10676
3229532 10677
3229534 10678
3229536 10679
3229537 10680
3229538 10681
3229696 10682
3229697 10683
3229700 10684
3229701 10685
3229704 10686
3229705 10687
3229709 10688
3229712 10689
3229713 10690
3229717 10691
3229720 10692
3229721 10693
3229724 10694
3229725 10695
3229729 10696
3229760 10697
3229761 10698
3229762 10699
3229764 10700
3229765 10701
3229766 10702
3229768 10703
3229769 10704
3229770 10705
3229773 10706
3229774 10707
3229776 10708
3229777 10709
3229778 10710
3229781 10711
3229782 10712
3229784 10713
3229785 10714
3229786 10715
3229788 10716
3229789 10717
3229790 10718
3229792 10719
3229794 10720
3233152 10721
3233153 10722
3233155 10723
3233156 10724
3233157 10725
3233159 10726
3233160 10727
3233161 10728
3233163 10729
3233165 10730
3233167 10731
3233168 10732
3233169 10733
3233171 10734
3233172 10735
3233175 10736
3233176 10737
3233177 10738
3233179 10739
3233180 10740
3233181 10741
3233183 10742
3233184 10743
3233185 10744
3233187 10745
3233280 10746
3233281 10747
3233282 10748
3233284 10749
3233285 10750
3233286 10751
3233288 10752
3233289 10753
3233290 10754
3233293 10755
3233294 10756
3233296 10757
3233297 10758
3233298 10759
3233300 10760
3233302 10761
3233305 10762
3233306 10763
3233308 10764
3233309 10765
3233310 10766
3233312 10767
3233313 10768
3233314 10769
3233344 10770
3233345 10771
3233346 10772
3233348 10773
3233349 10774
3233350 10775
3233352 10776
3233353 10777
3233354 10778
3233357 10779
3233358 10780
3233360 10781
3233361 10782
3233362 10783
3233364 10784
3233366 10785
3233368 10786
3233370 10787
3233372 10788
3233373 10789
3233374 10790
3233376 10791
3233377 10792
3233378 10793
3233408 10794
3233409 10795
3233410 10796
3233411 10797
3233412 10798
3233413 10799
3233414 10800
3233415 10801
3233416 10802
3233417 10803
3233418 10804
3233419 10805
3233421 10806
3233422 10807
3233423 10808
3233424 10809
3233425 10810
3233426 10811
3233427 10812
3233428 10813
3233430 10814
3233431 10815
3233432 10816
3233433 10817
3233435 10818
3233436 10819
3233437 10820
3233438 10821
3233439 10822
3233440 10823
3233441 10824
3233442 10825
3233443 10826
3233536 10827
3233537 10828
3233538 10829
3233540 10830
3233541 10831
3233542 10832
3233544 10833
3233545 10834
3233546 10835
3233549 10836
3233550 10837
3233552 10838
3233553 10839
3233554 10840
3233556 10841
3233558 10842
3233560 10843
3233561 10844
3233562 10845
3233565 10846
3233566 10847
3233568 10848
3233569 10849
3233570 10850
3233600 10851
3233601 10852
3233602 10853
3233604 10854
3233605 10855
3233606 10856
3233608 10857
3233609 10858
3233610 10859
3233613 10860
3233614 10861
3233616 10862
3233617 10863
3233618 10864
3233620 10865
3233622 10866
3233624 10867
3233625 10868
3233626 10869
3233628 10870
3233630 10871
3233632 10872
3233633 10873
3233634 10874
3233664 10875
3233665 10876
3233666 10877
3233667 10878
3233668 10879
3233669 10880
3233670 10881
3233671 10882
3233672 10883
3233673 10884
3233674 10885
3233675 10886
3233677 10887
3233678 10888
3233679 10889
3233680 10890
3233681 10891
3233682 10892
3233683 10893
3233684 10894
3233686 10895
3233687 10896
3233688 10897
3233689 10898
3233690 10899
3233691 10900
3233692 10901
3233693 10902
3233695 10903
3233696 10904
3233697 10905
3233698 10906
3233699 10907
3233792 10908
3233793 10909
3233794 10910
3233796 10911
3233797 10912
3233798 10913
3233800 10914
3233801 10915
3233802 10916
3233805 10917
3233806 10918
3233808 10919
3233809 10920
3233810 10921
3233812 10922
3233814 10923
3233816 10924
3233817 10925
3233818 10926
3233820 10927
3233821 10928
3233822 10929
3233825 10930
3233826 10931
3233856 10932
3233857 10933
3233858 10934
3233860 10935
3233861 10936
3233862 10937
3233864 10938
3233865 10939
3233866 10940
3233869 10941
3233870 10942
3233872 10943
3233873 10944
3233874 10945
3233876 10946
3233878 10947
3233880 10948
3233881 10949
3233882 10950
3233884 10951
3233885 10952
3233886 10953
3233888 10954
3233890 10955
3233920 10956
3233921 10957
3233922 10958
3233923 10959
3233924 10960
3233925 10961
3233926 10962
3233927 10963
3233928 10964
3233929 10965
3233930 10966
3233931 10967
3233933 10968
3233934 10969
3233935 10970
3233936 10971
3233937 10972
3233938 10973
3233939 10974
3233940 10975
3233942 10976
3233943 10977
3233944 10978
3233945 10979
3233946 10980
3233947 10981
3233948 10982
3233949 10983
3233950 10984
3233951 10985
3233952 10986
3233953 10987
3233955 10988
3245632 10989
3245633 10990
3245634 10991
3245636 10992
3245637 10993
3245638 10994
3245640 10995
3245641 10996
3245642 10997
3245645 10998
3245646 10999
3245648 11000
3245649 11001
3245650 11002
3245652 11003
3245653 11004
3245654 11005
3245658 11006
3245660 11007
3245661 11008
3245662 11009
3245664 11010
3245665 11011
3245666 11012
3245824 11013
3245825 11014
3245828 11015
3245829 11016
3245832 11017
3245833 11018
3245837 11019
3245840 11020
3245841 11021
3245844 11022
3245845 11023
3245849 11024
3245853 11025
3245856 11026
3245857 11027
3245888 11028
3245889 11029
3245890 11030
3245892 11031
3245893 11032
3245894 11033
3245896 11034
3245897 11035
3245898 11036
3245901 11037
3245902 11038
3245904 11039
3245905 11040
3245906 11041
3245908 11042
3245909 11043
3245910 11044
3245913 11045
3245914 11046
3245916 11047
3245918 11048
3245920 11049
3245921 11050
3245922 11051
3246080 11052
3246081 11053
3246084 11054
3246085 11055
3246088 11056
3246089 11057
3246093 11058
3246096 11059
3246097 11060
3246100 11061
3246101 11062
3246105 11063
3246108 11064
3246109 11065
3246113 11066
3246144 11067
3246145 11068
3246146 11069
3246148 11070
3246149 11071
3246150 11072
3246152 11073
3246153 11074
3246154 11075
3246157 11076
3246158 11077
3246160 11078
3246161 11079
3246162 11080
3246164 11081
3246165 11082
3246166 11083
3246169 11084
3246170 11085
3246172 11086
3246173 11087
3246174 11088
3246176 11089
3246178 11090
3249792 11091
3249793 11092
3249795 11093
3249796 11094
3249797 11095
3249799 11096
3249800 11097
3249801 11098
3249803 11099
3249805 11100
3249807 11101
3249808 11102
3249809 11103
3249811 11104
3249812 11105
3249813 11106
3249815 11107
3249816 11108
3249819 11109
3249820 11110
3249821 11111
3249823 11112
3249824 11113
3249825 11114
3249827 11115
3249920 11116
3249921 11117
3249922 11118
3249924 11119
3249925 11120
3249926 11121
3249928 11122
3249929 11123
3249930 11124
3249933 11125
3249934 11126
3249936 11127
3249937 11128
3249938 11129
3249940 11130
3249941 11131
3249942 11132
3249944 11133
3249946 11134
3249949 11135
3249950 11136
3249952 11137
3249953 11138
3249954 11139
3249984 11140
3249985 11141
3249986 11142
3249988 11143
3249989 11144
3249990 11145
3249992 11146
3249993 11147
3249994 11148
3249997 11149
3249998 11150
3250000 11151
3250001 11152
3250002 11153
3250004 11154
3250005 11155
3250006 11156
3250008 11157
3250010 11158
3250012 11159
3250014 11160
3250016 11161
3250017 11162
3250018 11163
3250048 11164
3250049 11165
3250050 11166
3250051 11167
3250052 11168
3250053 11169
3250054 11170
3250055 11171
3250056 11172
3250057 11173
3250058 11174
3250059 11175
3250061 11176
3250062 11177
3250063 11178
3250064 11179
3250065 11180
3250066 11181
3250067 11182
3250068 11183
3250069 11184
3250070 11185
3250071 11186
3250072 11187
3250074 11188
3250075 11189
3250076 11190
3250077 11191
3250079 11192
3250080 11193
3250081 11194
3250082 11195
3250083 11196
3250176 11197
3250177 11198
3250178 11199
3250180 11200
3250181 11201
3250182 11202
3250184 11203
3250185 11204
3250186 11205
3250189 11206
3250190 11207
3250192 11208
3250193 11209
3250194 11210
3250196 11211
3250197 11212
3250198 11213
3250200 11214
3250202 11215
3250204 11216
3250205 11217
3250206 11218
3250209 11219
3250210 11220
3250240 11221
3250241 11222
3250242 11223
3250244 11224
3250245 11225
3250246 11226
3250248 11227
3250249 11228
3250250 11229
3250253 11230
3250254 11231
3250256 11232
3250257 11233
3250258 11234
3250260 11235
3250261 11236
3250262 11237
3250264 11238
3250266 11239
3250268 11240
3250269 11241
3250270 11242
3250272 11243
3250274 11244
3250304 11245
3250305 11246
3250306 11247
3250307 11248
3250308 11249
3250309 11250
3250310 11251
3250311 11252
3250312 11253
3250313 11254
3250314 11255
3250315 11256
3250317 11257
3250318 11258
3250319 11259
3250320 11260
3250321 11261
3250322 11262
3250323 11263
3250324 11264
3250325 11265
3250326 11266
3250327 11267
3250328 11268
3250330 11269
3250331 11270
3250332 11271
3250333 11272
3250334 11273
3250335 11274
3250336 11275
3250337 11276
3250339 11277
3262272 11278
3262273 11279
3262274 11280
3262276 11281
3262277 11282
3262278 11283
3262280 11284
3262281 11285
3262282 11286
3262285 11287
3262286 11288
3262288 11289
3262289 11290
3262290 11291
3262292 11292
3262293 11293
3262294 11294
3262296 11295
3262297 11296
3262298 11297
3262302 11298
3262304 11299
3262305 11300
3262306 11301
3262464 11302
3262465 11303
3262468 11304
3262469 11305
3262472 11306
3262473 11307
3262477 11308
3262480 11309
3262481 11310
3262484 11311
3262485 11312
3262488 11313
3262489 11314
3262493 11315
3262497 11316
3262528 11317
3262529 11318
3262530 11319
3262532 11320
3262533 11321
3262534 11322
3262536 11323
3262537 11324
3262538 11325
3262541 11326
3262542 11327
3262544 11328
3262545 11329
3262546 11330
3262548 11331
3262549 11332
3262550 11333
3262552 11334
3262553 11335
3262554 11336
3262557 11337
3262558 11338
3262560 11339
3262562 11340
3266432 11341
3266433 11342
3266435 11343
3266436 11344
3266437 11345
3266439 11346
3266440 11347
3266441 11348
3266443 11349
3266445 11350
3266447 11351
3266448 11352
3266449 11353
3266451 11354
3266452 11355
3266453 11356
3266455 11357
3266456 11358
3266457 11359
3266459 11360
3266460 11361
3266463 11362
3266464 11363
3266465 11364
3266467 11365
3266560 11366
3266561 11367
3266562 11368
3266564 11369
3266565 11370
3266566 11371
3266568 11372
3266569 11373
3266570 11374
3266573 11375
3266574 11376
3266576 11377
3266577 11378
3266578 11379
3266580 11380
3266581 11381
3266582 11382
3266584 11383
3266585 11384
3266586 11385
3266588 11386
3266590 11387
3266593 11388
3266594 11389
3266624 11390
3266625 11391
3266626 11392
3266628 11393
3266629 11394
3266630 11395
3266632 11396
3266633 11397
3266634 11398
3266637 11399
3266638 11400
3266640 11401
3266641 11402
3266642 11403
3266644 11404
3266645 11405
3266646 11406
3266648 11407
3266649 11408
3266650 11409
3266652 11410
3266654 11411
3266656 11412
3266658 11413
3266688 11414
3266689 11415
3266690 11416
3266691 11417
3266692 11418
3266693 11419
3266694 11420
3266695 11421
3266696 11422
3266697 11423
3266698 11424
3266699 11425
3266701 11426
3266702 11427
3266703 11428
3266704 11429
3266705 11430
3266706 11431
3266707 11432
3266708 11433
3266709 11434
3266710 11435
3266711 11436
3266712 11437
3266713 11438
3266714 11439
3266715 11440
3266716 11441
3266718 11442
3266719 11443
3266720 11444
3266721 11445
3266723 11446
3278912 11447
3278913 11448
3278914 11449
3278916 11450
3278917 11451
3278918 11452
3278920 11453
3278921 11454
3278922 11455
3278925 11456
3278926 11457
3278928 11458
3278929 11459
3278930 11460
3278932 11461
3278933 11462
3278934 11463
3278936 11464
3278937 11465
3278938 11466
3278940 11467
3278941 11468
3278942 11469
3278946 11470
3283072 11471
3283073 11472
3283075 11473
3283076 11474
3283077 11475
3283079 11476
3283080 11477
3283081 11478
3283083 11479
3283085 11480
3283087 11481
3283088 11482
3283089 11483
3283091 11484
3283092 11485
3283093 11486
3283095 11487
3283096 11488
3283097 11489
3283099 11490
3283100 11491
3283101 11492
3283103 11493
3283104 11494
3283107 11495
4265088 11496
4265091 11497
4265092 11498
4265095 11499
4265096 11500
4265099 11501
4265100 11502
4265103 11503
4265107 11504
4265108 11505
4265111 11506
4265112 11507
4265115 11508
4265116 11509
4265119 11510
4265120 11511
4265123 11512
4265216 11513
4265217 11514
4265218 11515
4265220 11516
4265221 11517
4265222 11518
4265224 11519
4265225 11520
4265226 11521
4265228 11522
4265229 11523
4265230 11524
4265234 11525
4265237 11526
4265238 11527
4265240 11528
4265241 11529
4265242 11530
4265244 11531
4265245 11532
4265246 11533
4265248 11534
4265249 11535
4265250 11536
4265344 11537
4265346 11538
4265347 11539
4265348 11540
4265350 11541
4265351 11542
4265352 11543
4265354 11544
4265355 11545
4265356 11546
4265358 11547
4265359 11548
4265362 11549
4265363 11550
4265364 11551
4265367 11552
4265368 11553
4265370 11554
4265371 11555
4265372 11556
4265374 11557
4265375 11558
4265376 11559
4265378 11560
4265379 11561
4265472 11562
4265473 11563
4265474 11564
4265476 11565
4265477 11566
4265478 11567
4265480 11568
4265481 11569
4265482 11570
4265484 11571
4265485 11572
4265486 11573
4265490 11574
4265492 11575
4265493 11576
4265494 11577
4265497 11578
4265498 11579
4265500 11580
4265501 11581
4265502 11582
4265504 11583
4265505 11584
4265506 11585
4265600 11586
4265602 11587
4265603 11588
4265604 11589
4265606 11590
4265607 11591
4265608 11592
4265610 11593
4265611 11594
4265612 11595
4265614 11596
4265615 11597
4265618 11598
4265619 11599
4265620 11600
4265622 11601
4265623 11602
4265624 11603
4265627 11604
4265628 11605
4265630 11606
4265631 11607
4265632 11608
4265634 11609
4265635 11610
4265728 11611
4265729 11612
4265730 11613
4265732 11614
4265733 11615
4265734 11616
4265736 11617
4265737 11618
4265738 11619
4265740 11620
4265741 11621
4265742 11622
4265746 11623
4265748 11624
4265749 11625
4265750 11626
4265752 11627
4265753 11628
4265754 11629
4265757 11630
4265758 11631
4265760 11632
4265761 11633
4265762 11634
4265856 11635
4265858 11636
4265859 11637
4265860 11638
4265862 11639
4265863 11640
4265864 11641
4265866 11642
4265867 11643
4265868 11644
4265870 11645
4265871 11646
4265874 11647
4265875 11648
4265876 11649
4265878 11650
4265879 11651
4265880 11652
4265882 11653
4265883 11654
4265884 11655
4265887 11656
4265888 11657
4265890 11658
4265891 11659
4265984 11660
4265985 11661
4265986 11662
4265988 11663
4265989 11664
4265990 11665
4265992 11666
4265993 11667
4265994 11668
4265996 11669
4265997 11670
4265998 11671
4266002 11672
4266004 11673
4266005 11674
4266006 11675
4266008 11676
4266009 11677
4266010 11678
4266012 11679
4266013 11680
4266014 11681
4266017 11682
4266018 11683
4266112 11684
4266114 11685
4266115 11686
4266116 11687
4266118 11688
4266119 11689
4266120 11690
4266122 11691
4266123 11692
4266124 11693
4266126 11694
4266127 11695
4266130 11696
4266131 11697
4266132 11698
4266134 11699
4266135 11700
4266136 11701
4266138 11702
4266139 11703
4266140 11704
4266142 11705
4266143 11706
4266144 11707
4266147 11708
4277568 11709
4277569 11710
4277570 11711
4277572 11712
4277573 11713
4277574 11714
4277576 11715
4277577 11716
4277578 11717
4277580 11718
4277581 11719
4277582 11720
4277585 11721
4277586 11722
4277590 11723
4277592 11724
4277593 11725
4277594 11726
4277596 11727
4277597 11728
4277598 11729
4277600 11730
4277601 11731
4277602 11732
4277760 11733
4277761 11734
4277764 11735
4277765 11736
4277768 11737
4277769 11738
4277772 11739
4277773 11740
4277777 11741
4277781 11742
4277785 11743
4277788 11744
4277789 11745
4277792 11746
4277793 11747
4277824 11748
4277825 11749
4277826 11750
4277828 11751
4277829 11752
4277830 11753
4277832 11754
4277833 11755
4277834 11756
4277836 11757
4277837 11758
4277838 11759
4277841 11760
4277842 11761
4277845 11762
4277846 11763
4277848 11764
4277850 11765
4277852 11766
4277853 11767
4277854 11768
4277856 11769
4277857 11770
4277858 11771
4278016 11772
4278017 11773
4278020 11774
4278021 11775
4278024 11776
4278025 11777
4278028 11778
4278029 11779
4278033 11780
4278037 11781
4278040 11782
4278041 11783
4278045 11784
4278048 11785
4278049 11786
4278080 11787
4278081 11788
4278082 11789
4278084 11790
4278085 11791
4278086 11792
4278088 11793
4278089 11794
4278090 11795
4278092 11796
4278093 11797
4278094 11798
4278097 11799
4278098 11800
4278101 11801
4278102 11802
4278104 11803
4278105 11804
4278106 11805
4278108 11806
4278110 11807
4278112 11808
4278113 11809
4278114 11810
4278272 11811
4278273 11812
4278276 11813
4278277 11814
4278280 11815
4278281 11816
4278284 11817
4278285 11818
4278289 11819
4278293 11820
4278296 11821
4278297 11822
4278300 11823
4278301 11824
4278305 11825
4278336 11826
4278337 11827
4278338 11828
4278340 11829
4278341 11830
4278342 11831
4278344 11832
4278345 11833
4278346 11834
4278348 11835
4278349 11836
4278350 11837
4278353 11838
4278354 11839
4278357 11840
4278358 11841
4278360 11842
4278361 11843
4278362 11844
4278364 11845
4278365 11846
4278366 11847
4278368 11848
4278370 11849
4281728 11850
4281729 11851
4281731 11852
4281732 11853
4281733 11854
4281735 11855
4281736 11856
4281737 11857
4281739 11858
4281740 11859
4281741 11860
4281743 11861
4281745 11862
4281747 11863
4281748 11864
4281751 11865
4281752 11866
4281753 11867
4281755 11868
4281756 11869
4281757 11870
4281759 11871
4281760 11872
4281761 11873
4281763 11874
4281856 11875
4281857 11876
4281858 11877
4281860 11878
4281861 11879
4281862 11880
4281864 11881
4281865 11882
4281866 11883
4281868 11884
4281869 11885
4281870 11886
4281873 11887
4281874 11888
4281876 11889
4281878 11890
4281881 11891
4281882 11892
4281884 11893
4281885 11894
4281886 11895
4281888 11896
4281889 11897
4281890 11898
4281920 11899
4281921 11900
4281922 11901
4281924 11902
4281925 11903
4281926 11904
4281928 11905
4281929 11906
4281930 11907
4281932 11908
4281933 11909
4281934 11910
4281937 11911
4281938 11912
4281940 11913
4281942 11914
4281944 11915
4281946 11916
4281948 11917
4281949 11918
4281950 11919
4281952 11920
4281953 11921
4281954 11922
4281984 11923
4281985 11924
4281986 11925
4281987 11926
4281988 11927
4281989 11928
4281990 11929
4281991 11930
4281992 11931
4281993 11932
4281994 11933
4281995 11934
4281996 11935
4281997 11936
4281998 11937
4281999 11938
4282001 11939
4282002 11940
4282003 11941
4282004 11942
4282006 11943
4282007 11944
4282008 11945
4282009 11946
4282011 11947
4282012 11948
4282013 11949
4282014 11950
4282015 11951
4282016 11952
4282017 11953
4282018 11954
4282019 11955
4282112 11956
4282113 11957
4282114 11958
4282116 11959
4282117 11960
4282118 11961
4282120 11962
4282121 11963
4282122 11964
4282124 11965
4282125 11966
4282126 11967
4282129 11968
4282130 11969
4282132 11970
4282134 11971
4282136 11972
4282137 11973
4282138 11974
4282141 11975
4282142 11976
4282144 11977
4282145 11978
4282146 11979
4282176 11980
4282177 11981
4282178 11982
4282180 11983
4282181 11984
4282182 11985
4282184 11986
4282185 11987
4282186 11988
4282188 11989
4282189 11990
4282190 11991
4282193 11992
4282194 11993
4282196 11994
4282198 11995
4282200 11996
4282201 11997
4282202 11998
4282204 11999
4282206 12000
4282208 12001
4282209 12002
4282210 12003
4282240 12004
4282241 12005
4282242 12006
4282243 12007
4282244 12008
4282245 12009
4282246 12010
4282247 12011
4282248 12012
4282249 12013
4282250 12014
4282251 12015
4282252 12016
4282253 12017
4282254 12018
4282255 12019
4282257 12020
4282258 12021
4282259 12022
4282260 12023
4282262 12024
4282263 12025
4282264 12026
4282265 12027
4282266 12028
4282267 12029
4282268 12030
4282269 12031
4282271 12032
4282272 12033
4282273 12034
4282274 12035
4282275 12036
4282368 12037
4282369 12038
4282370 12039
4282372 12040
4282373 12041
4282374 12042
4282376 12043
4282377 12044
4282378 12045
4282380 12046
4282381 12047
4282382 12048
4282385 12049
4282386 12050
4282388 12051
4282390 12052
4282392 12053
4282393 12054
4282394 12055
4282396 12056
4282397 12057
4282398 12058
4282401 12059
4282402 12060
4282432 12061
4282433 12062
4282434 12063
4282436 12064
4282437 12065
4282438 12066
4282440 12067
4282441 12068
4282442 12069
4282444 12070
4282445 12071
4282446 12072
4282449 12073
4282450 12074
4282452 12075
4282454 12076
4282456 12077
4282457 12078
4282458 12079
4282460 12080
4282461 12081
4282462 12082
4282464 12083
4282466 12084
4282496 12085
4282497 12086
4282498 12087
4282499 12088
4282500 12089
4282501 12090
4282502 12091
4282503 12092
4282504 12093
4282505 12094
4282506 12095
4282507 12096
4282508 12097
4282509 12098
4282510 12099
4282511 12100
4282513 12101
4282514 12102
4282515 12103
4282516 12104
4282518 12105
4282519 12106
4282520 12107
4282521 12108
4282522 12109
4282523 12110
4282524 12111
4282525 12112
4282526 12113
4282527 12114
4282528 12115
4282529 12116
4282531 12117
4294208 12118
4294209 12119
4294210 12120
4294212 12121
4294213 12122
4294214 12123
4294216 12124
4294217 12125
4294218 12126
4294220 12127
4294221 12128
4294222 12129
4294225 12130
4294226 12131
4294228 12132
4294229 12133
4294230 12134
4294234 12135
4294236 12136
4294237 12137
4294238 12138
4294240 12139
4294241 12140
4294242 12141
4294400 12142
4294401 12143
4294404 12144
4294405 12145
4294408 12146
4294409 12147
4294412 12148
4294413 12149
4294417 12150
4294420 12151
4294421 12152
4294425 12153
4294429 12154
4294432 12155
4294433 12156
4294464 12157
4294465 12158
4294466 12159
4294468 12160
4294469 12161
4294470 12162
4294472 12163
4294473 12164
4294474 12165
4294476 12166
4294477 12167
4294478 12168
4294481 12169
4294482 12170
4294484 12171
4294485 12172
4294486 12173
4294489 12174
4294490 12175
4294492 12176
4294494 12177
4294496 12178
4294497 12179
4294498 12180
4294656 12181
4294657 12182
4294660 12183
4294661 12184
4294664 12185
4294665 12186
4294668 12187
4294669 12188
4294673 12189
4294676 12190
4294677 12191
4294681 12192
4294684 12193
4294685 12194
4294689 12195
4294720 12196
4294721 12197
4294722 12198
4294724 12199
4294725 12200
4294726 12201
4294728 12202
4294729 12203
4294730 12204
4294732 12205
4294733 12206
4294734 12207
4294737 12208
4294738 12209
4294740 12210
4294741 12211
4294742 12212
4294745 12213
4294746 12214
4294748 12215
4294749 12216
4294750 12217
4294752 12218
4294754 12219
4298368 12220
4298369 12221
4298371 12222
4298372 12223
4298373 12224
4298375 12225
4298376 12226
4298377 12227
4298379 12228
4298380 12229
4298381 12230
4298383 12231
4298385 12232
4298387 12233
4298388 12234
4298389 12235
4298391 12236
4298392 12237
4298395 12238
4298396 12239
4298397 12240
4298399 12241
4298400 12242
4298401 12243
4298403 12244
4298496 12245
4298497 12246
4298498 12247
4298500 12248
4298501 12249
4298502 12250
4298504 12251
4298505 12252
4298506 12253
4298508 12254
4298509 12255
4298510 12256
4298513 12257
4298514 12258
4298516 12259
4298517 12260
4298518 12261
4298520 12262
4298522 12263
4298525 12264
4298526 12265
4298528 12266
4298529 12267
4298530 12268
4298560 12269
4298561 12270
4298562 12271
4298564 12272
4298565 12273
4298566 12274
4298568 12275
4298569 12276
4298570 12277
4298572 12278
4298573 12279
4298574 12280
4298577 12281
4298578 12282
4298580 12283
4298581 12284
4298582 12285
4298584 12286
4298586 12287
4298588 12288
4298590 12289
4298592 12290
4298593 12291
4298594 12292
4298624 12293
4298625 12294
4298626 12295
4298627 12296
4298628 12297
4298629 12298
4298630 12299
4298631 12300
4298632 12301
4298633 12302
4298634 12303
4298635 12304
4298636 12305
4298637 12306
4298638 12307
4298639 12308
4298641 12309
4298642 12310
4298643 12311
4298644 12312
4298645 12313
4298646 12314
4298647 12315
4298648 12316
4298650 12317
4298651 12318
4298652 12319
4298653 12320
4298655 12321
4298656 12322
4298657 12323
4298658 12324
4298659 12325
4298752 12326
4298753 12327
4298754 12328
4298756 12329
4298757 12330
4298758 12331
4298760 12332
4298761 12333
4298762 12334
4298764 12335
4298765 12336
4298766 12337
4298769 12338
4298770 12339
4298772 12340
4298773 12341
4298774 12342
4298776 12343
4298778 12344
4298780 12345
4298781 12346
4298782 12347
4298785 12348
4298786 12349
4298816 12350
4298817 12351
4298818 12352
4298820 12353
4298821 12354
4298822 12355
4298824 12356
4298825 12357
4298826 12358
4298828 12359
4298829 12360
4298830 12361
4298833 12362
4298834 12363
4298836 12364
4298837 12365
4298838 12366
4298840 12367
4298842 12368
4298844 12369
4298845 12370
4298846 12371
4298848 12372
4298850 12373
4298880 12374
4298881 12375
4298882 12376
4298883 12377
4298884 12378
4298885 12379
4298886 12380
4298887 12381
4298888 12382
4298889 12383
4298890 12384
4298891 12385
4298892 12386
4298893 12387
4298894 12388
4298895 12389
4298897 12390
4298898 12391
4298899 12392
4298900 12393
4298901 12394
4298902 12395
4298903 12396
4298904 12397
4298906 12398
4298907 12399
4298908 12400
4298909 12401
4298910 12402
4298911 12403
4298912 12404
4298913 12405
4298915 12406
4310848 12407
4310849 12408
4310850 12409
4310852 12410
4310853 12411
4310854 12412
4310856 12413
4310857 12414
4310858 12415
4310860 12416
4310861 12417
4310862 12418
4310865 12419
4310866 12420
4310868 12421
4310869 12422
4310870 12423
4310872 12424
4310873 12425
4310874 12426
4310878 12427
4310880 12428
4310881 12429
4310882 12430
4311040 12431
4311041 12432
4311044 12433
4311045 12434
4311048 12435
4311049 12436
4311052 12437
4311053 12438
4311057 12439
4311060 12440
4311061 12441
4311064 12442
4311065 12443
4311069 12444
4311073 12445
4311104 12446
4311105 12447
4311106 12448
4311108 12449
4311109 12450
4311110 12451
4311112 12452
4311113 12453
4311114 12454
4311116 12455
4311117 12456
4311118 12457
4311121 12458
4311122 12459
4311124 12460
4311125 12461
4311126 12462
4311128 12463
4311129 12464
4311130 12465
4311133 12466
4311134 12467
4311136 12468
4311138 12469
4315008 12470
4315009 12471
4315011 12472
4315012 12473
4315013 12474
4315015 12475
4315016 12476
4315017 12477
4315019 12478
4315020 12479
4315021 12480
4315023 12481
4315025 12482
4315027 12483
4315028 12484
4315029 12485
4315031 12486
4315032 12487
4315033 12488
4315035 12489
4315036 12490
4315039 12491
4315040 12492
4315041 12493
4315043 12494
4315136 12495
4315137 12496
4315138 12497
4315140 12498
4315141 12499
4315142 12500
4315144 12501
4315145 12502
4315146 12503
4315148 12504
4315149 12505
4315150 12506
4315153 12507
4315154 12508
4315156 12509
4315157 12510
4315158 12511
4315160 12512
4315161 12513
4315162 12514
4315164 12515
4315166 12516
4315169 12517
4315170 12518
4315200 12519
4315201 12520
4315202 12521
4315204 12522
4315205 12523
4315206 12524
4315208 12525
4315209 12526
4315210 12527
4315212 12528
4315213 12529
4315214 12530
4315217 12531
4315218 12532
4315220 12533
4315221 12534
4315222 12535
4315224 12536
4315225 12537
4315226 12538
4315228 12539
4315230 12540
4315232 12541
4315234 12542
4315264 12543
4315265 12544
4315266 12545
4315267 12546
4315268 12547
4315269 12548
4315270 12549
4315271 12550
4315272 12551
4315273 12552
4315274 12553
4315275 12554
4315276 12555
4315277 12556
4315278 12557
4315279 12558
4315281 12559
4315282 12560
4315283 12561
4315284 12562
4315285 12563
4315286 12564
4315287 12565
4315288 12566
4315289 12567
4315290 12568
4315291 12569
4315292 12570
4315294 12571
4315295 12572
4315296 12573
4315297 12574
4315299 12575
4327488 12576
4327489 12577
4327490 12578
4327492 12579
4327493 12580
4327494 12581
4327496 12582
4327497 12583
4327498 12584
4327500 12585
4327501 12586
4327502 12587
4327505 12588
4327506 12589
4327508 12590
4327509 12591
4327510 12592
4327512 12593
4327513 12594
4327514 12595
4327516 12596
4327517 12597
4327518 12598
4327522 12599
4331648 12600
4331649 12601
4331651 12602
4331652 12603
4331653 12604
4331655 12605
4331656 12606
4331657 12607
4331659 12608
4331660 12609
4331661 12610
4331663 12611
4331665 12612
4331667 12613
4331668 12614
4331669 12615
4331671 12616
4331672 12617
4331673 12618
4331675 12619
4331676 12620
4331677 12621
4331679 12622
4331680 12623
4331683 12624
5330304 12625
5330307 12626
5330308 12627
5330311 12628
5330312 12629
5330315 12630
5330316 12631
5330319 12632
5330320 12633
5330323 12634
5330327 12635
5330328 12636
5330331 12637
5330332 12638
5330335 12639
5330336 12640
5330339 12641
5330432 12642
5330433 12643
5330434 12644
5330436 12645
5330437 12646
5330438 12647
5330440 12648
5330441 12649
5330442 12650
5330444 12651
5330445 12652
5330446 12653
5330448 12654
5330449 12655
5330450 12656
5330454 12657
5330457 12658
5330458 12659
5330460 12660
5330461 12661
5330462 12662
5330464 12663
5330465 12664
5330466 12665
5330560 12666
5330562 12667
5330563 12668
5330564 12669
5330566 12670
5330567 12671
5330568 12672
5330570 12673
5330571 12674
5330572 12675
5330574 12676
5330575 12677
5330576 12678
5330578 12679
5330579 12680
5330582 12681
5330583 12682
5330584 12683
5330587 12684
5330588 12685
5330590 12686
5330591 12687
5330592 12688
5330594 12689
5330595 12690
5330688 12691
5330689 12692
5330690 12693
5330692 12694
5330693 12695
5330694 12696
5330696 12697
5330697 12698
5330698 12699
5330700 12700
5330701 12701
5330702 12702
5330704 12703
5330705 12704
5330706 12705
5330710 12706
5330712 12707
5330713 12708
5330714 12709
5330717 12710
5330718 12711
5330720 12712
5330721 12713
5330722 12714
5330816 12715
5330818 12716
5330819 12717
5330820 12718
5330822 12719
5330823 12720
5330824 12721
5330826 12722
5330827 12723
5330828 12724
5330830 12725
5330831 12726
5330832 12727
5330834 12728
5330835 12729
5330838 12730
5330839 12731
5330840 12732
5330842 12733
5330843 12734
5330844 12735
5330847 12736
5330848 12737
5330850 12738
5330851 12739
5330944 12740
5330945 12741
5330946 12742
5330948 12743
5330949 12744
5330950 12745
5330952 12746
5330953 12747
5330954 12748
5330956 12749
5330957 12750
5330958 12751
5330960 12752
5330961 12753
5330962 12754
5330966 12755
5330968 12756
5330969 12757
5330970 12758
5330972 12759
5330973 12760
5330974 12761
5330977 12762
5330978 12763
5331072 12764
5331074 12765
5331075 12766
5331076 12767
5331078 12768
5331079 12769
5331080 12770
5331082 12771
5331083 12772
5331084 12773
5331086 12774
5331087 12775
5331088 12776
5331090 12777
5331091 12778
5331094 12779
5331095 12780
5331096 12781
5331098 12782
5331099 12783
5331100 12784
5331102 12785
5331103 12786
5331104 12787
5331107 12788
5342784 12789
5342785 12790
5342786 12791
5342788 12792
5342789 12793
5342790 12794
5342792 12795
5342793 12796
5342794 12797
5342796 12798
5342797 12799
5342798 12800
5342800 12801
5342801 12802
5342802 12803
5342805 12804
5342806 12805
5342810 12806
5342812 12807
5342813 12808
5342814 12809
5342816 12810
5342817 12811
5342818 12812
5342976 12813
5342977 12814
5342980 12815
5342981 12816
5342984 12817
5342985 12818
5342988 12819
5342989 12820
5342992 12821
5342993 12822
5342997 12823
5343001 12824
5343005 12825
5343008 12826
5343009 12827
5343040 12828
5343041 12829
5343042 12830
5343044 12831
5343045 12832
5343046 12833
5343048 12834
5343049 12835
5343050 12836
5343052 12837
5343053 12838
5343054 12839
5343056 12840
5343057 12841
5343058 12842
5343061 12843
5343062 12844
5343065 12845
5343066 12846
5343068 12847
5343070 12848
5343072 12849
5343073 12850
5343074 12851
5343232 12852
5343233 12853
5343236 12854
5343237 12855
5343240 12856
5343241 12857
5343244 12858
5343245 12859
5343248 12860
5343249 12861
5343253 12862
5343257 12863
5343260 12864
5343261 12865
5343265 12866
5343296 12867
5343297 12868
5343298 12869
5343300 12870
5343301 12871
5343302 12872
5343304 12873
5343305 12874
5343306 12875
5343308 12876
5343309 12877
5343310 12878
5343312 12879
5343313 12880
5343314 12881
5343317 12882
5343318 12883
5343321 12884
5343322 12885
5343324 12886
5343325 12887
5343326 12888
5343328 12889
5343330 12890
5346944 12891
5346945 12892
5346947 12893
5346948 12894
5346949 12895
5346951 12896
5346952 12897
5346953 12898
5346955 12899
5346956 12900
5346957 12901
5346959 12902
5346960 12903
5346961 12904
5346963 12905
5346965 12906
5346967 12907
5346968 12908
5346971 12909
5346972 12910
5346973 12911
5346975 12912
5346976 12913
5346977 12914
5346979 12915
5347072 12916
5347073 12917
5347074 12918
5347076 12919
5347077 12920
5347078 12921
5347080 12922
5347081 12923
5347082 12924
5347084 12925
5347085 12926
5347086 12927
5347088 12928
5347089 12929
5347090 12930
5347093 12931
5347094 12932
5347096 12933
5347098 12934
5347101 12935
5347102 12936
5347104 12937
5347105 12938
5347106 12939
5347136 12940
5347137 12941
5347138 12942
5347140 12943
5347141 12944
5347142 12945
5347144 12946
5347145 12947
5347146 12948
5347148 12949
5347149 12950
5347150 12951
5347152 12952
5347153 12953
5347154 12954
5347157 12955
5347158 12956
5347160 12957
5347162 12958
5347164 12959
5347166 12960
5347168 12961
5347169 12962
5347170 12963
5347200 12964
5347201 12965
5347202 12966
5347203 12967
5347204 12968
5347205 12969
5347206 12970
5347207 12971
5347208 12972
5347209 12973
5347210 12974
5347211 12975
5347212 12976
5347213 12977
5347214 12978
5347215 12979
5347216 12980
5347217 12981
5347218 12982
5347219 12983
5347221 12984
5347222 12985
5347223 12986
5347224 12987
5347226 12988
5347227 12989
5347228 12990
5347229 12991
5347231 12992
5347232 12993
5347233 12994
5347234 12995
5347235 12996
5347328 12997
5347329 12998
5347330 12999
5347332 13000
5347333 13001
5347334 13002
5347336 13003
5347337 13004
5347338 13005
5347340 13006
5347341 13007
5347342 13008
5347344 13009
5347345 13010
5347346 13011
5347349 13012
5347350 13013
5347352 13014
5347354 13015
5347356 13016
5347357 13017
5347358 13018
5347361 13019
5347362 13020
5347392 13021
5347393 13022
5347394 13023
5347396 13024
5347397 13025
5347398 13026
5347400 13027
5347401 13028
5347402 13029
5347404 13030
5347405 13031
5347406 13032
5347408 13033
5347409 13034
5347410 13035
5347413 13036
5347414 13037
5347416 13038
5347418 13039
5347420 13040
5347421 13041
5347422 13042
5347424 13043
5347426 13044
5347456 13045
5347457 13046
5347458 13047
5347459 13048
5347460 13049
5347461 13050
5347462 13051
5347463 13052
5347464 13053
5347465 13054
5347466 13055
5347467 13056
5347468 13057
5347469 13058
5347470 13059
5347471 13060
5347472 13061
5347473 13062
5347474 13063
5347475 13064
5347477 13065
5347478 13066
5347479 13067
5347480 13068
5347482 13069
5347483 13070
5347484 13071
5347485 13072
5347486 13073
5347487 13074
5347488 13075
5347489 13076
5347491 13077
5359424 13078
5359425 13079
5359426 13080
5359428 13081
5359429 13082
5359430 13083
5359432 13084
5359433 13085
5359434 13086
5359436 13087
5359437 13088
5359438 13089
5359440 13090
5359441 13091
5359442 13092
5359445 13093
5359446 13094
5359448 13095
5359449 13096
5359450 13097
5359454 13098
5359456 13099
5359457 13100
5359458 13101
5359616 13102
5359617 13103
5359620 13104
5359621 13105
5359624 13106
5359625 13107
5359628 13108
5359629 13109
5359632 13110
5359633 13111
5359637 13112
5359640 13113
5359641 13114
5359645 13115
5359649 13116
5359680 13117
5359681 13118
5359682 13119
5359684 13120
5359685 13121
5359686 13122
5359688 13123
5359689 13124
5359690 13125
5359692 13126
5359693 13127
5359694 13128
5359696 13129
5359697 13130
5359698 13131
5359701 13132
5359702 13133
5359704 13134
5359705 13135
5359706 13136
5359709 13137
5359710 13138
5359712 13139
5359714 13140
5363584 13141
5363585 13142
5363587 13143
5363588 13144
5363589 13145
5363591 13146
5363592 13147
5363593 13148
5363595 13149
5363596 13150
5363597 13151
5363599 13152
5363600 13153
5363601 13154
5363603 13155
5363605 13156
5363607 13157
5363608 13158
5363609 13159
5363611 13160
5363612 13161
5363615 13162
5363616 13163
5363617 13164
5363619 13165
5363712 13166
5363713 13167
5363714 13168
5363716 13169
5363717 13170
5363718 13171
5363720 13172
5363721 13173
5363722 13174
5363724 13175
5363725 13176
5363726 13177
5363728 13178
5363729 13179
5363730 13180
5363733 13181
5363734 13182
5363736 13183
5363737 13184
5363738 13185
5363740 13186
5363742 13187
5363745 13188
5363746 13189
5363776 13190
5363777 13191
5363778 13192
5363780 13193
5363781 13194
5363782 13195
5363784 13196
5363785 13197
5363786 13198
5363788 13199
5363789 13200
5363790 13201
5363792 13202
5363793 13203
5363794 13204
5363797 13205
5363798 13206
5363800 13207
5363801 13208
5363802 13209
5363804 13210
5363806 13211
5363808 13212
5363810 13213
5363840 13214
5363841 13215
5363842 13216
5363843 13217
5363844 13218
5363845 13219
5363846 13220
5363847 13221
5363848 13222
5363849 13223
5363850 13224
5363851 13225
5363852 13226
5363853 13227
5363854 13228
5363855 13229
5363856 13230
5363857 13231
5363858 13232
5363859 13233
5363861 13234
5363862 13235
5363863 13236
5363864 13237
5363865 13238
5363866 13239
5363867 13240
5363868 13241
5363870 13242
5363871 13243
5363872 13244
5363873 13245
5363875 13246
5376064 13247
5376065 13248
5376066 13249
5376068 13250
5376069 13251
5376070 13252
5376072 13253
5376073 13254
5376074 13255
5376076 13256
5376077 13257
5376078 13258
5376080 13259
5376081 13260
5376082 13261
5376085 13262
5376086 13263
5376088 13264
5376089 13265
5376090 13266
5376092 13267
5376093 13268
5376094 13269
5376098 13270
5380224 13271
5380225 13272
5380227 13273
5380228 13274
5380229 13275
5380231 13276
5380232 13277
5380233 13278
5380235 13279
5380236 13280
5380237 13281
5380239 13282
5380240 13283
5380241 13284
5380243 13285
5380245 13286
5380247 13287
5380248 13288
5380249 13289
5380251 13290
5380252 13291
5380253 13292
5380255 13293
5380256 13294
5380259 13295
6395520 13296
6395523 13297
6395524 13298
6395527 13299
6395528 13300
6395531 13301
6395532 13302
6395535 13303
6395536 13304
6395539 13305
6395540 13306
6395543 13307
6395547 13308
6395548 13309
6395551 13310
6395552 13311
6395555 13312
6395648 13313
6395649 13314
6395650 13315
6395652 13316
6395653 13317
6395654 13318
6395656 13319
6395657 13320
6395658 13321
6395660 13322
6395661 13323
6395662 13324
6395664 13325
6395665 13326
6395666 13327
6395668 13328
6395669 13329
6395670 13330
6395674 13331
6395677 13332
6395678 13333
6395680 13334
6395681 13335
6395682 13336
6395776 13337
6395778 13338
6395779 13339
6395780 13340
6395782 13341
6395783 13342
6395784 13343
6395786 13344
6395787 13345
6395788 13346
6395790 13347
6395791 13348
6395792 13349
6395794 13350
6395795 13351
6395796 13352
6395798 13353
6395799 13354
6395802 13355
6395803 13356
6395804 13357
6395807 13358
6395808 13359
6395810 13360
6395811 13361
6395904 13362
6395905 13363
6395906 13364
6395908 13365
6395909 13366
6395910 13367
6395912 13368
6395913 13369
6395914 13370
6395916 13371
6395917 13372
6395918 13373
6395920 13374
6395921 13375
6395922 13376
6395924 13377
6395925 13378
6395926 13379
6395930 13380
6395932 13381
6395933 13382
6395934 13383
6395937 13384
6395938 13385
6396032 13386
6396034 13387
6396035 13388
6396036 13389
6396038 13390
6396039 13391
6396040 13392
6396042 13393
6396043 13394
6396044 13395
6396046 13396
6396047 13397
6396048 13398
6396050 13399
6396051 13400
6396052 13401
6396054 13402
6396055 13403
6396058 13404
6396059 13405
6396060 13406
6396062 13407
6396063 13408
6396064 13409
6396067 13410
6408000 13411
6408001 13412
6408002 13413
6408004 13414
6408005 13415
6408006 13416
6408008 13417
6408009 13418
6408010 13419
6408012 13420
6408013 13421
6408014 13422
6408016 13423
6408017 13424
6408018 13425
6408020 13426
6408021 13427
6408022 13428
6408025 13429
6408026 13430
6408030 13431
6408032 13432
6408033 13433
6408034 13434
6408192 13435
6408193 13436
6408196 13437
6408197 13438
6408200 13439
6408201 13440
6408204 13441
6408205 13442
6408208 13443
6408209 13444
6408212 13445
6408213 13446
6408217 13447
6408221 13448
6408225 13449
6408256 13450
6408257 13451
6408258 13452
6408260 13453
6408261 13454
6408262 13455
6408264 13456
6408265 13457
6408266 13458
6408268 13459
6408269 13460
6408270 13461
6408272 13462
6408273 13463
6408274 13464
6408276 13465
6408277 13466
6408278 13467
6408281 13468
6408282 13469
6408285 13470
6408286 13471
6408288 13472
6408290 13473
6412160 13474
6412161 13475
6412163 13476
6412164 13477
6412165 13478
6412167 13479
6412168 13480
6412169 13481
6412171 13482
6412172 13483
6412173 13484
6412175 13485
6412176 13486
6412177 13487
6412179 13488
6412180 13489
6412181 13490
6412183 13491
6412185 13492
6412187 13493
6412188 13494
6412191 13495
6412192 13496
6412193 13497
6412195 13498
6412288 13499
6412289 13500
6412290 13501
6412292 13502
6412293 13503
6412294 13504
6412296 13505
6412297 13506
6412298 13507
6412300 13508
6412301 13509
6412302 13510
6412304 13511
6412305 13512
6412306 13513
6412308 13514
6412309 13515
6412310 13516
6412313 13517
6412314 13518
6412316 13519
6412318 13520
6412321 13521
6412322 13522
6412352 13523
6412353 13524
6412354 13525
6412356 13526
6412357 13527
6412358 13528
6412360 13529
6412361 13530
6412362 13531
6412364 13532
6412365 13533
6412366 13534
6412368 13535
6412369 13536
6412370 13537
6412372 13538
6412373 13539
6412374 13540
6412377 13541
6412378 13542
6412380 13543
6412382 13544
6412384 13545
6412386 13546
6412416 13547
6412417 13548
6412418 13549
6412419 13550
6412420 13551
6412421 13552
6412422 13553
6412423 13554
6412424 13555
6412425 13556
6412426 13557
6412427 13558
6412428 13559
6412429 13560
6412430 13561
6412431 13562
6412432 13563
6412433 13564
6412434 13565
6412435 13566
6412436 13567
6412437 13568
6412438 13569
6412439 13570
6412441 13571
6412442 13572
6412443 13573
6412444 13574
6412446 13575
6412447 13576
6412448 13577
6412449 13578
6412451 13579
6424640 13580
6424641 13581
6424642 13582
6424644 13583
6424645 13584
6424646 13585
6424648 13586
6424649 13587
6424650 13588
6424652 13589
6424653 13590
6424654 13591
6424656 13592
6424657 13593
6424658 13594
6424660 13595
6424661 13596
6424662 13597
6424665 13598
6424666 13599
6424668 13600
6424669 13601
6424670 13602
6424674 13603
6428800 13604
6428801 13605
6428803 13606
6428804 13607
6428805 13608
6428807 13609
6428808 13610
6428809 13611
6428811 13612
6428812 13613
6428813 13614
6428815 13615
6428816 13616
6428817 13617
6428819 13618
6428820 13619
6428821 13620
6428823 13621
6428825 13622
6428827 13623
6428828 13624
6428829 13625
6428831 13626
6428832 13627
6428835 13628
7460736 13629
7460739 13630
7460740 13631
7460743 13632
7460744 13633
7460747 13634
7460748 13635
7460751 13636
7460752 13637
7460755 13638
7460756 13639
7460759 13640
7460760 13641
7460763 13642
7460767 13643
7460768 13644
7460771 13645
7460864 13646
7460865 13647
7460866 13648
7460868 13649
7460869 13650
7460870 13651
7460872 13652
7460873 13653
7460874 13654
7460876 13655
7460877 13656
7460878 13657
7460880 13658
7460881 13659
7460882 13660
7460884 13661
7460885 13662
7460886 13663
7460888 13664
7460889 13665
7460890 13666
7460894 13667
7460897 13668
7460898 13669
7460992 13670
7460994 13671
7460995 13672
7460996 13673
7460998 13674
7460999 13675
7461000 13676
7461002 13677
7461003 13678
7461004 13679
7461006 13680
7461007 13681
7461008 13682
7461010 13683
7461011 13684
7461012 13685
7461014 13686
7461015 13687
7461016 13688
7461018 13689
7461019 13690
7461022 13691
7461023 13692
7461024 13693
7461027 13694
7473216 13695
7473217 13696
7473218 13697
7473220 13698
7473221 13699
7473222 13700
7473224 13701
7473225 13702
7473226 13703
7473228 13704
7473229 13705
7473230 13706
7473232 13707
7473233 13708
7473234 13709
7473236 13710
7473237 13711
7473238 13712
7473240 13713
7473241 13714
7473242 13715
7473245 13716
7473246 13717
7473250 13718
7477376 13719
7477377 13720
7477379 13721
7477380 13722
7477381 13723
7477383 13724
7477384 13725
7477385 13726
7477387 13727
7477388 13728
7477389 13729
7477391 13730
7477392 13731
7477393 13732
7477395 13733
7477396 13734
7477397 13735
7477399 13736
7477400 13737
7477401 13738
7477403 13739
7477405 13740
7477407 13741
7477408 13742
7477411 13743
8525952 13744
8525955 13745
8525956 13746
8525959 13747
8525960 13748
8525963 13749
8525964 13750
8525967 13751
8525968 13752
8525971 13753
8525972 13754
8525975 13755
8525976 13756
8525979 13757
8525980 13758
8525983 13759
8525987 13760
river 13761
4227 0
4228 1
4231 2
4232 3
4235 4
4236 5
4239 6
4240 7
4243 8
4244 9
4247 10
4248 11
4251 12
4252 13
4255 14
4256 15
4259 16
4354 17
4357 18
4358 19
4360 20
4361 21
4362 22
4364 23
4365 24
4366 25
4368 26
4369 27
4370 28
4372 29
4373 30
4374 31
4376 32
4377 33
4378 34
4380 35
4381 36
4382 37
4384 38
4385 39
4386 40
4482 41
4483 42
4484 43
4487 44
4488 45
4490 46
4491 47
4492 48
4494 49
4495 50
4496 51
4498 52
4499 53
4500 54
4502 55
4503 56
4504 57
4506 58
4507 59
4508 60
4510 61
4511 62
4512 63
4514 64
4515 65
4610 66
4612 67
4613 68
4614 69
4617 70
4618 71
4620 72
4621 73
4622 74
4624 75
4625 76
4626 77
4628 78
4629 79
4630 80
4632 81
4633 82
4634 83
4636 84
4637 85
4638 86
4640 87
4641 88
4642 89
4738 90
4739 91
4740 92
4742 93
4743 94
4744 95
4747 96
4748 97
4750 98
4751 99
4752 100
4754 101
4755 102
4756 103
4758 104
4759 105
4760 106
4762 107
4763 108
4764 109
4766 110
4767 111
4768 112
4770 113
4771 114
4866 115
4868 116
4869 117
4870 118
4872 119
4873 120
4874 121
4877 122
4878 123
4880 124
4881 125
4882 126
4884 127
4885 128
4886 129
4888 130
4889 131
4890 132
4892 133
4893 134
4894 135
4896 136
4897 137
4898 138
4994 139
4995 140
4996 141
4998 142
4999 143
5000 144
5002 145
5003 146
5004 147
5007 148
5008 149
5010 150
5011 151
5012 152
5014 153
5015 154
5016 155
5018 156
5019 157
5020 158
5022 159
5023 160
5024 161
5026 162
5027 163
5122 164
5124 165
5125 166
5126 167
5128 168
5129 169
5130 170
5132 171
5133 172
5134 173
5137 174
5138 175
5140 176
5141 177
5142 178
5144 179
5145 180
5146 181
5148 182
5149 183
5150 184
5152 185
5153 186
5154 187
5250 188
5251 189
5252 190
5254 191
5255 192
5256 193
5258 194
5259 195
5260 196
5262 197
5263 198
5264 199
5267 200
5268 201
5270 202
5271 203
5272 204
5274 205
5275 206
5276 207
5278 208
5279 209
5280 210
5282 211
5283 212
5378 213
5380 214
5381 215
5382 216
5384 217
5385 218
5386 219
5388 220
5389 221
5390 222
5392 223
5393 224
5394 225
5397 226
5398 227
5400 228
5401 229
5402 230
5404 231
5405 232
5406 233
5408 234
5409 235
5410 236
5506 237
5507 238
5508 239
5510 240
5511 241
5512 242
5514 243
5515 244
5516 245
5518 246
5519 247
5520 248
5522 249
5523 250
5524 251
5527 252
5528 253
5530 254
5531 255
5532 256
5534 257
5535 258
5536 259
5538 260
5539 261
5634 262
5636 263
5637 264
5638 265
5640 266
5641 267
5642 268
5644 269
5645 270
5646 271
5648 272
5649 273
5650 274
5652 275
5653 276
5654 277
5657 278
5658 279
5660 280
5661 281
5662 282
5664 283
5665 284
5666 285
5762 286
5763 287
5764 288
5766 289
5767 290
5768 291
5770 292
5771 293
5772 294
5774 295
5775 296
5776 297
5778 298
5779 299
5780 300
5782 301
5783 302
5784 303
5787 304
5788 305
5790 306
5791 307
5792 308
5794 309
5795 310
5890 311
5892 312
5893 313
5894 314
5896 315
5897 316
5898 317
5900 318
5901 319
5902 320
5904 321
5905 322
5906 323
5908 324
5909 325
5910 326
5912 327
5913 328
5914 329
5917 330
5918 331
5920 332
5921 333
5922 334
6018 335
6019 336
6020 337
6022 338
6023 339
6024 340
6026 341
6027 342
6028 343
6030 344
6031 345
6032 346
6034 347
6035 348
6036 349
6038 350
6039 351
6040 352
6042 353
6043 354
6044 355
6047 356
6048 357
6050 358
6051 359
6146 360
6148 361
6149 362
6150 363
6152 364
6153 365
6154 366
6156 367
6157 368
6158 369
6160 370
6161 371
6162 372
6164 373
6165 374
6166 375
6168 376
6169 377
6170 378
6172 379
6173 380
6174 381
6177 382
6178 383
6274 384
6275 385
6276 386
6278 387
6279 388
6280 389
6282 390
6283 391
6284 392
6286 393
6287 394
6288 395
6290 396
6291 397
6292 398
6294 399
6295 400
6296 401
6298 402
6299 403
6300 404
6302 405
6303 406
6304 407
6307 408
16705 409
16706 410
16710 411
16712 412
16713 413
16714 414
16716 415
16717 416
16718 417
16720 418
16721 419
16722 420
16724 421
16725 422
16726 423
16728 424
16729 425
16730 426
16732 427
16733 428
16734 429
16736 430
16737 431
16738 432
16897 433
16901 434
16905 435
16908 436
16909 437
16912 438
16913 439
16916 440
16917 441
16920 442
16921 443
16924 444
16925 445
16928 446
16929 447
16961 448
16962 449
16965 450
16966 451
16968 452
16970 453
16972 454
16973 455
16974 456
16976 457
16977 458
16978 459
16980 460
16981 461
16982 462
16984 463
16985 464
16986 465
16988 466
16989 467
16990 468
16992 469
16993 470
16994 471
17153 472
17157 473
17160 474
17161 475
17165 476
17168 477
17169 478
17172 479
17173 480
17176 481
17177 482
17180 483
17181 484
17184 485
17185 486
17217 487
17218 488
17221 489
17222 490
17224 491
17225 492
17226 493
17228 494
17230 495
17232 496
17233 497
17234 498
17236 499
17237 500
17238 501
17240 502
17241 503
17242 504
17244 505
17245 506
17246 507
17248 508
17249 509
17250 510
17409 511
17413 512
17416 513
17417 514
17420 515
17421 516
17425 517
17428 518
17429 519
17432 520
17433 521
17436 522
17437 523
17440 524
17441 525
17473 526
17474 527
17477 528
17478 529
17480 530
17481 531
17482 532
17484 533
17485 534
17486 535
17488 536
17490 537
17492 538
17493 539
17494 540
17496 541
17497 542
17498 543
17500 544
17501 545
17502 546
17504 547
17505 548
17506 549
17665 550
17669 551
17672 552
17673 553
17676 554
17677 555
17680 556
17681 557
17685 558
17688 559
17689 560
17692 561
17693 562
17696 563
17697 564
17729 565
17730 566
17733 567
17734 568
17736 569
17737 570
17738 571
17740 572
17741 573
17742 574
17744 575
17745 576
17746 577
17748 578
17750 579
17752 580
17753 581
17754 582
17756 583
17757 584
17758 585
17760 586
17761 587
17762 588
17921 589
17925 590
17928 591
17929 592
17932 593
17933 594
17936 595
17937 596
17940 597
17941 598
17945 599
17948 600
17949 601
17952 602
17953 603
17985 604
17986 605
17989 606
17990 607
17992 608
17993 609
17994 610
17996 611
17997 612
17998 613
18000 614
18001 615
18002 616
18004 617
18005 618
18006 619
18008 620
18010 621
18012 622
18013 623
18014 624
18016 625
18017 626
18018 627
18177 628
18181 629
18184 630
18185 631
18188 632
18189 633
18192 634
18193 635
18196 636
18197 637
18200 638
18201 639
18205 640
18208 641
18209 642
18241 643
18242 644
18245 645
18246 646
18248 647
18249 648
18250 649
18252 650
18253 651
18254 652
18256 653
18257 654
18258 655
18260 656
18261 657
18262 658
18264 659
18265 660
18266 661
18268 662
18270 663
18272 664
18273 665
18274 666
18433 667
18437 668
18440 669
18441 670
18444 671
18445 672
18448 673
18449 674
18452 675
18453 676
18456 677
18457 678
18460 679
18461 680
18465 681
18497 682
18498 683
18501 684
18502 685
18504 686
18505 687
18506 688
18508 689
18509 690
18510 691
18512 692
18513 693
18514 694
18516 695
18517 696
18518 697
18520 698
18521 699
18522 700
18524 701
18525 702
18526 703
18528 704
18530 705
20865 706
20867 707
20868 708
20871 709
20872 710
20873 711
20875 712
20876 713
20877 714
20879 715
20880 716
20881 717
20883 718
20884 719
20885 720
20887 721
20888 722
20889 723
20891 724
20892 725
20893 726
20895 727
20896 728
20897 729
20899 730
20993 731
20994 732
20996 733
20998 734
21001 735
21002 736
21004 737
21005 738
21006 739
21008 740
21009 741
21010 742
21012 743
21013 744
21014 745
21016 746
21017 747
21018 748
21020 749
21021 750
21022 751
21024 752
21025 753
21026 754
21057 755
21058 756
21060 757
21062 758
21064 759
21066 760
21068 761
21069 762
21070 763
21072 764
21073 765
21074 766
21076 767
21077 768
21078 769
21080 770
21081 771
21082 772
21084 773
21085 774
21086 775
21088 776
21089 777
21090 778
21121 779
21122 780
21123 781
21124 782
21126 783
21127 784
21128 785
21129 786
21131 787
21132 788
21133 789
21134 790
21135 791
21136 792
21137 793
21138 794
21139 795
21140 796
21141 797
21142 798
21143 799
21144 800
21145 801
21146 802
21147 803
21148 804
21149 805
21150 806
21151 807
21152 808
21153 809
21154 810
21155 811
21249 812
21250 813
21252 814
21254 815
21256 816
21257 817
21258 818
21261 819
21262 820
21264 821
21265 822
21266 823
21268 824
21269 825
21270 826
21272 827
21273 828
21274 829
21276 830
21277 831
21278 832
21280 833
21281 834
21282 835
21313 836
21314 837
21316 838
21318 839
21320 840
21321 841
21322 842
21324 843
21326 844
21328 845
21329 846
21330 847
21332 848
21333 849
21334 850
21336 851
21337 852
21338 853
21340 854
21341 855
21342 856
21344 857
21345 858
21346 859
21377 860
21378 861
21379 862
21380 863
21382 864
21383 865
21384 866
21385 867
21386 868
21387 869
21388 870
21389 871
21391 872
21392 873
21393 874
21394 875
21395 876
21396 877
21397 878
21398 879
21399 880
21400 881
21401 882
21402 883
21403 884
21404 885
21405 886
21406 887
21407 888
21408 889
21409 890
21410 891
21411 892
21505 893
21506 894
21508 895
21510 896
21512 897
21513 898
21514 899
21516 900
21517 901
21518 902
21521 903
21522 904
21524 905
21525 906
21526 907
21528 908
21529 909
21530 910
21532 911
21533 912
21534 913
21536 914
21537 915
21538 916
21569 917
21570 918
21572 919
21574 920
21576 921
21577 922
21578 923
21580 924
21581 925
21582 926
21584 927
21586 928
21588 929
21589 930
21590 931
21592 932
21593 933
21594 934
21596 935
21597 936
21598 937
21600 938
21601 939
21602 940
21633 941
21634 942
21635 943
21636 944
21638 945
21639 946
21640 947
21641 948
21642 949
21643 950
21644 951
21645 952
21646 953
21647 954
21648 955
21649 956
21651 957
21652 958
21653 959
21654 960
21655 961
21656 962
21657 963
21658 964
21659 965
21660 966
21661 967
21662 968
21663 969
21664 970
21665 971
21666 972
21667 973
21761 974
21762 975
21764 976
21766 977
21768 978
21769 979
21770 980
21772 981
21773 982
21774 983
21776 984
21777 985
21778 986
21781 987
21782 988
21784 989
21785 990
21786 991
21788 992
21789 993
21790 994
21792 995
21793 996
21794 997
21825 998
21826 999
21828 1000
21830 1001
21832 1002
21833 1003
21834 1004
21836 1005
21837 1006
21838 1007
21840 1008
21841 1009
21842 1010
21844 1011
21846 1012
21848 1013
21849 1014
21850 1015
21852 1016
21853 1017
21854 1018
21856 1019
21857 1020
21858 1021
21889 1022
21890 1023
21891 1024
21892 1025
21894 1026
21895 1027
21896 1028
21897 1029
21898 1030
21899 1031
21900 1032
21901 1033
21902 1034
21903 1035
21904 1036
21905 1037
21906 1038
21907 1039
21908 1040
21909 1041
21911 1042
21912 1043
21913 1044
21914 1045
21915 1046
21916 1047
21917 1048
21918 1049
21919 1050
21920 1051
21921 1052
21922 1053
21923 1054
22017 1055
22018 1056
22020 1057
22022 1058
22024 1059
22025 1060
22026 1061
22028 1062
22029 1063
22030 1064
22032 1065
22033 1066
22034 1067
22036 1068
22037 1069
22038 1070
22041 1071
22042 1072
22044 1073
22045 1074
22046 1075
22048 1076
22049 1077
22050 1078
22081 1079
22082 1080
22084 1081
22086 1082
22088 1083
22089 1084
22090 1085
22092 1086
22093 1087
22094 1088
22096 1089
22097 1090
22098 1091
22100 1092
22101 1093
22102 1094
22104 1095
22106 1096
22108 1097
22109 1098
22110 1099
22112 1100
22113 1101
22114 1102
22145 1103
22146 1104
22147 1105
22148 1106
22150 1107
22151 1108
22152 1109
22153 1110
22154 1111
22155 1112
22156 1113
22157 1114
22158 1115
22159 1116
22160 1117
22161 1118
22162 1119
22163 1120
22164 1121
22165 1122
22166 1123
22167 1124
22168 1125
22169 1126
22171 1127
22172 1128
22173 1129
22174 1130
22175 1131
22176 1132
22177 1133
22178 1134
22179 1135
22273 1136
22274 1137
22276 1138
22278 1139
22280 1140
22281 1141
22282 1142
22284 1143
22285 1144
22286 1145
22288 1146
22289 1147
22290 1148
22292 1149
22293 1150
22294 1151
22296 1152
22297 1153
22298 1154
22301 1155
22302 1156
22304 1157
22305 1158
22306 1159
22337 1160
22338 1161
22340 1162
22342 1163
22344 1164
22345 1165
22346 1166
22348 1167
22349 1168
22350 1169
22352 1170
22353 1171
22354 1172
22356 1173
22357 1174
22358 1175
22360 1176
22361 1177
22362 1178
22364 1179
22366 1180
22368 1181
22369 1182
22370 1183
22401 1184
22402 1185
22403 1186
22404 1187
22406 1188
22407 1189
22408 1190
22409 1191
22410 1192
22411 1193
22412 1194
22413 1195
22414 1196
22415 1197
22416 1198
22417 1199
22418 1200
22419 1201
22420 1202
22421 1203
22422 1204
22423 1205
22424 1206
22425 1207
22426 1208
22427 1209
22428 1210
22429 1211
22431 1212
22432 1213
22433 1214
22434 1215
22435 1216
22529 1217
22530 1218
22532 1219
22534 1220
22536 1221
22537 1222
22538 1223
22540 1224
22541 1225
22542 1226
22544 1227
22545 1228
22546 1229
22548 1230
22549 1231
22550 1232
22552 1233
22553 1234
22554 1235
22556 1236
22557 1237
22558 1238
22561 1239
22562 1240
22593 1241
22594 1242
22596 1243
22598 1244
22600 1245
22601 1246
22602 1247
22604 1248
22605 1249
22606 1250
22608 1251
22609 1252
22610 1253
22612 1254
22613 1255
22614 1256
22616 1257
22617 1258
22618 1259
22620 1260
22621 1261
22622 1262
22624 1263
22626 1264
22657 1265
22658 1266
22659 1267
22660 1268
22662 1269
22663 1270
22664 1271
22665 1272
22666 1273
22667 1274
22668 1275
22669 1276
22670 1277
22671 1278
22672 1279
22673 1280
22674 1281
22675 1282
22676 1283
22677 1284
22678 1285
22679 1286
22680 1287
22681 1288
22682 1289
22683 1290
22684 1291
22685 1292
22686 1293
22687 1294
22688 1295
22689 1296
22691 1297
33345 1298
33346 1299
33348 1300
33349 1301
33350 1302
33354 1303
33356 1304
33357 1305
33358 1306
33360 1307
33361 1308
33362 1309
33364 1310
33365 1311
33366 1312
33368 1313
33369 1314
33370 1315
33372 1316
33373 1317
33374 1318
33376 1319
33377 1320
33378 1321
33537 1322
33540 1323
33541 1324
33545 1325
33549 1326
33552 1327
33553 1328
33556 1329
33557 1330
33560 1331
33561 1332
33564 1333
33565 1334
33568 1335
33569 1336
33601 1337
33602 1338
33604 1339
33605 1340
33606 1341
33609 1342
33610 1343
33612 1344
33614 1345
33616 1346
33617 1347
33618 1348
33620 1349
33621 1350
33622 1351
33624 1352
33625 1353
33626 1354
33628 1355
33629 1356
33630 1357
33632 1358
33633 1359
33634 1360
33793 1361
33796 1362
33797 1363
33801 1364
33804 1365
33805 1366
33809 1367
33812 1368
33813 1369
33816 1370
33817 1371
33820 1372
33821 1373
33824 1374
33825 1375
33857 1376
33858 1377
33860 1378
33861 1379
33862 1380
33865 1381
33866 1382
33868 1383
33869 1384
33870 1385
33872 1386
33874 1387
33876 1388
33877 1389
33878 1390
33880 1391
33881 1392
33882 1393
33884 1394
33885 1395
33886 1396
33888 1397
33889 1398
33890 1399
34049 1400
34052 1401
34053 1402
34057 1403
34060 1404
34061 1405
34064 1406
34065 1407
34069 1408
34072 1409
34073 1410
34076 1411
34077 1412
34080 1413
34081 1414
34113 1415
34114 1416
34116 1417
34117 1418
34118 1419
34121 1420
34122 1421
34124 1422
34125 1423
34126 1424
34128 1425
34129 1426
34130 1427
34132 1428
34134 1429
34136 1430
34137 1431
34138 1432
34140 1433
34141 1434
34142 1435
34144 1436
34145 1437
34146 1438
34305 1439
34308 1440
34309 1441
34313 1442
34316 1443
34317 1444
34320 1445
34321 1446
34324 1447
34325 1448
34329 1449
34332 1450
34333 1451
34336 1452
34337 1453
34369 1454
34370 1455
34372 1456
34373 1457
34374 1458
34377 1459
34378 1460
34380 1461
34381 1462
34382 1463
34384 1464
34385 1465
34386 1466
34388 1467
34389 1468
34390 1469
34392 1470
34394 1471
34396 1472
34397 1473
34398 1474
34400 1475
34401 1476
34402 1477
34561 1478
34564 1479
34565 1480
34569 1481
34572 1482
34573 1483
34576 1484
34577 1485
34580 1486
34581 1487
34584 1488
34585 1489
34589 1490
34592 1491
34593 1492
34625 1493
34626 1494
34628 1495
34629 1496
34630 1497
34633 1498
34634 1499
34636 1500
34637 1501
34638 1502
34640 1503
34641 1504
34642 1505
34644 1506
34645 1507
34646 1508
34648 1509
34649 1510
34650 1511
34652 1512
34654 1513
34656 1514
34657 1515
34658 1516
34817 1517
34820 1518
34821 1519
34825 1520
34828 1521
34829 1522
34832 1523
34833 1524
34836 1525
34837 1526
34840 1527
34841 1528
34844 1529
34845 1530
34849 1531
34881 1532
34882 1533
34884 1534
34885 1535
34886 1536
34889 1537
34890 1538
34892 1539
34893 1540
34894 1541
34896 1542
34897 1543
34898 1544
34900 1545
34901 1546
34902 1547
34904 1548
34905 1549
34906 1550
34908 1551
34909 1552
34910 1553
34912 1554
34914 1555
37505 1556
37507 1557
37508 1558
37509 1559
37511 1560
37512 1561
37515 1562
37516 1563
37517 1564
37519 1565
37520 1566
37521 1567
37523 1568
37524 1569
37525 1570
37527 1571
37528 1572
37529 1573
37531 1574
37532 1575
37533 1576
37535 1577
37536 1578
37537 1579
37539 1580
37633 1581
37634 1582
37636 1583
37637 1584
37638 1585
37640 1586
37642 1587
37645 1588
37646 1589
37648 1590
37649 1591
37650 1592
37652 1593
37653 1594
37654 1595
37656 1596
37657 1597
37658 1598
37660 1599
37661 1600
37662 1601
37664 1602
37665 1603
37666 1604
37697 1605
37698 1606
37700 1607
37701 1608
37702 1609
37704 1610
37706 1611
37708 1612
37710 1613
37712 1614
37713 1615
37714 1616
37716 1617
37717 1618
37718 1619
37720 1620
37721 1621
37722 1622
37724 1623
37725 1624
37726 1625
37728 1626
37729 1627
37730 1628
37761 1629
37762 1630
37763 1631
37764 1632
37765 1633
37766 1634
37767 1635
37768 1636
37770 1637
37771 1638
37772 1639
37773 1640
37775 1641
37776 1642
37777 1643
37778 1644
37779 1645
37780 1646
37781 1647
37782 1648
37783 1649
37784 1650
37785 1651
37786 1652
37787 1653
37788 1654
37789 1655
37790 1656
37791 1657
37792 1658
37793 1659
37794 1660
37795 1661
37889 1662
37890 1663
37892 1664
37893 1665
37894 1666
37896 1667
37898 1668
37900 1669
37901 1670
37902 1671
37905 1672
37906 1673
37908 1674
37909 1675
37910 1676
37912 1677
37913 1678
37914 1679
37916 1680
37917 1681
37918 1682
37920 1683
37921 1684
37922 1685
37953 1686
37954 1687
37956 1688
37957 1689
37958 1690
37960 1691
37962 1692
37964 1693
37965 1694
37966 1695
37968 1696
37970 1697
37972 1698
37973 1699
37974 1700
37976 1701
37977 1702
37978 1703
37980 1704
37981 1705
37982 1706
37984 1707
37985 1708
37986 1709
38017 1710
38018 1711
38019 1712
38020 1713
38021 1714
38022 1715
38023 1716
38024 1717
38026 1718
38027 1719
38028 1720
38029 1721
38030 1722
38031 1723
38032 1724
38033 1725
38035 1726
38036 1727
38037 1728
38038 1729
38039 1730
38040 1731
38041 1732
38042 1733
38043 1734
38044 1735
38045 1736
38046 1737
38047 1738
38048 1739
38049 1740
38050 1741
38051 1742
38145 1743
38146 1744
38148 1745
38149 1746
38150 1747
38152 1748
38154 1749
38156 1750
38157 1751
38158 1752
38160 1753
38161 1754
38162 1755
38165 1756
38166 1757
38168 1758
38169 1759
38170 1760
38172 1761
38173 1762
38174 1763
38176 1764
38177 1765
38178 1766
38209 1767
38210 1768
38212 1769
38213 1770
38214 1771
38216 1772
38218 1773
38220 1774
38221 1775
38222 1776
38224 1777
38225 1778
38226 1779
38228 1780
38230 1781
38232 1782
38233 1783
38234 1784
38236 1785
38237 1786
38238 1787
38240 1788
38241 1789
38242 1790
38273 1791
38274 1792
38275 1793
38276 1794
38277 1795
38278 1796
38279 1797
38280 1798
38282 1799
38283 1800
38284 1801
38285 1802
38286 1803
38287 1804
38288 1805
38289 1806
38290 1807
38291 1808
38292 1809
38293 1810
38295 1811
38296 1812
38297 1813
38298 1814
38299 1815
38300 1816
38301 1817
38302 1818
38303 1819
38304 1820
38305 1821
38306 1822
38307 1823
38401 1824
38402 1825
38404 1826
38405 1827
38406 1828
38408 1829
38410 1830
38412 1831
38413 1832
38414 1833
38416 1834
38417 1835
38418 1836
38420 1837
38421 1838
38422 1839
38425 1840
38426 1841
38428 1842
38429 1843
38430 1844
38432 1845
38433 1846
38434 1847
38465 1848
38466 1849
38468 1850
38469 1851
38470 1852
38472 1853
38474 1854
38476 1855
38477 1856
38478 1857
38480 1858
38481 1859
38482 1860
38484 1861
38485 1862
38486 1863
38488 1864
38490 1865
38492 1866
38493 1867
38494 1868
38496 1869
38497 1870
38498 1871
38529 1872
38530 1873
38531 1874
38532 1875
38533 1876
38534 1877
38535 1878
38536 1879
38538 1880
38539 1881
38540 1882
38541 1883
38542 1884
38543 1885
38544 1886
38545 1887
38546 1888
38547 1889
38548 1890
38549 1891
38550 1892
38551 1893
38552 1894
38553 1895
38555 1896
38556 1897
38557 1898
38558 1899
38559 1900
38560 1901
38561 1902
38562 1903
38563 1904
38657 1905
38658 1906
38660 1907
38661 1908
38662 1909
38664 1910
38666 1911
38668 1912
38669 1913
38670 1914
38672 1915
38673 1916
38674 1917
38676 1918
38677 1919
38678 1920
38680 1921
38681 1922
38682 1923
38685 1924
38686 1925
38688 1926
38689 1927
38690 1928
38721 1929
38722 1930
38724 1931
38725 1932
38726 1933
38728 1934
38730 1935
38732 1936
38733 1937
38734 1938
38736 1939
38737 1940
38738 1941
38740 1942
38741 1943
38742 1944
38744 1945
38745 1946
38746 1947
38748 1948
38750 1949
38752 1950
38753 1951
38754 1952
38785 1953
38786 1954
38787 1955
38788 1956
38789 1957
38790 1958
38791 1959
38792 1960
38794 1961
38795 1962
38796 1963
38797 1964
38798 1965
38799 1966
38800 1967
38801 1968
38802 1969
38803 1970
38804 1971
38805 1972
38806 1973
38807 1974
38808 1975
38809 1976
38810 1977
38811 1978
38812 1979
38813 1980
38815 1981
38816 1982
38817 1983
38818 1984
38819 1985
38913 1986
38914 1987
38916 1988
38917 1989
38918 1990
38920 1991
38922 1992
38924 1993
38925 1994
38926 1995
38928 1996
38929 1997
38930 1998
38932 1999
38933 2000
38934 2001
38936 2002
38937 2003
38938 2004
38940 2005
38941 2006
38942 2007
38945 2008
38946 2009
38977 2010
38978 2011
38980 2012
38981 2013
38982 2014
38984 2015
38986 2016
38988 2017
38989 2018
38990 2019
38992 2020
38993 2021
38994 2022
38996 2023
38997 2024
38998 2025
39000 2026
39001 2027
39002 2028
39004 2029
39005 2030
39006 2031
39008 2032
39010 2033
39041 2034
39042 2035
39043 2036
39044 2037
39045 2038
39046 2039
39047 2040
39048 2041
39050 2042
39051 2043
39052 2044
39053 2045
39054 2046
39055 2047
39056 2048
39057 2049
39058 2050
39059 2051
39060 2052
39061 2053
39062 2054
39063 2055
39064 2056
39065 2057
39066 2058
39067 2059
39068 2060
39069 2061
39070 2062
39071 2063
39072 2064
39073 2065
39075 2066
49985 2067
49986 2068
49988 2069
49989 2070
49990 2071
49992 2072
49993 2073
49994 2074
49998 2075
50000 2076
50001 2077
50002 2078
50004 2079
50005 2080
50006 2081
50008 2082
50009 2083
50010 2084
50012 2085
50013 2086
50014 2087
50016 2088
50017 2089
50018 2090
50177 2091
50180 2092
50181 2093
50184 2094
50185 2095
50189 2096
50193 2097
50196 2098
50197 2099
50200 2100
50201 2101
50204 2102
50205 2103
50208 2104
50209 2105
50241 2106
50242 2107
50244 2108
50245 2109
50246 2110
50248 2111
50249 2112
50250 2113
50253 2114
50254 2115
50256 2116
50258 2117
50260 2118
50261 2119
50262 2120
50264 2121
50265 2122
50266 2123
50268 2124
50269 2125
50270 2126
50272 2127
50273 2128
50274 2129
50433 2130
50436 2131
50437 2132
50440 2133
50441 2134
50445 2135
50448 2136
50449 2137
50453 2138
50456 2139
50457 2140
50460 2141
50461 2142
50464 2143
50465 2144
50497 2145
50498 2146
50500 2147
50501 2148
50502 2149
50504 2150
50505 2151
50506 2152
50509 2153
50510 2154
50512 2155
50513 2156
50514 2157
50516 2158
50518 2159
50520 2160
50521 2161
50522 2162
50524 2163
50525 2164
50526 2165
50528 2166
50529 2167
50530 2168
50689 2169
50692 2170
50693 2171
50696 2172
50697 2173
50701 2174
50704 2175
50705 2176
50708 2177
50709 2178
50713 2179
50716 2180
50717 2181
50720 2182
50721 2183
50753 2184
50754 2185
50756 2186
50757 2187
50758 2188
50760 2189
50761 2190
50762 2191
50765 2192
50766 2193
50768 2194
50769 2195
50770 2196
50772 2197
50773 2198
50774 2199
50776 2200
50778 2201
50780 2202
50781 2203
50782 2204
50784 2205
50785 2206
50786 2207
50945 2208
50948 2209
50949 2210
50952 2211
50953 2212
50957 2213
50960 2214
50961 2215
50964 2216
50965 2217
50968 2218
50969 2219
50973 2220
50976 2221
50977 2222
51009 2223
51010 2224
51012 2225
51013 2226
51014 2227
51016 2228
51017 2229
51018 2230
51021 2231
51022 2232
51024 2233
51025 2234
51026 2235
51028 2236
51029 2237
51030 2238
51032 2239
51033 2240
51034 2241
51036 2242
51038 2243
51040 2244
51041 2245
51042 2246
51201 2247
51204 2248
51205 2249
51208 2250
51209 2251
51213 2252
51216 2253
51217 2254
51220 2255
51221 2256
51224 2257
51225 2258
51228 2259
51229 2260
51233 2261
51265 2262
51266 2263
51268 2264
51269 2265
51270 2266
51272 2267
51273 2268
51274 2269
51277 2270
51278 2271
51280 2272
51281 2273
51282 2274
51284 2275
51285 2276
51286 2277
51288 2278
51289 2279
51290 2280
51292 2281
51293 2282
51294 2283
51296 2284
51298 2285
54145 2286
54147 2287
54148 2288
54149 2289
54151 2290
54152 2291
54153 2292
54155 2293
54156 2294
54159 2295
54160 2296
54161 2297
54163 2298
54164 2299
54165 2300
54167 2301
54168 2302
54169 2303
54171 2304
54172 2305
54173 2306
54175 2307
54176 2308
54177 2309
54179 2310
54273 2311
54274 2312
54276 2313
54277 2314
54278 2315
54280 2316
54281 2317
54282 2318
54284 2319
54286 2320
54289 2321
54290 2322
54292 2323
54293 2324
54294 2325
54296 2326
54297 2327
54298 2328
54300 2329
54301 2330
54302 2331
54304 2332
54305 2333
54306 2334
54337 2335
54338 2336
54340 2337
54341 2338
54342 2339
54344 2340
54345 2341
54346 2342
54348 2343
54350 2344
54352 2345
54354 2346
54356 2347
54357 2348
54358 2349
54360 2350
54361 2351
54362 2352
54364 2353
54365 2354
54366 2355
54368 2356
54369 2357
54370 2358
54401 2359
54402 2360
54403 2361
54404 2362
54405 2363
54406 2364
54407 2365
54408 2366
54409 2367
54410 2368
54411 2369
54412 2370
54414 2371
54415 2372
54416 2373
54417 2374
54419 2375
54420 2376
54421 2377
54422 2378
54423 2379
54424 2380
54425 2381
54426 2382
54427 2383
54428 2384
54429 2385
54430 2386
54431 2387
54432 2388
54433 2389
54434 2390
54435 2391
54529 2392
54530 2393
54532 2394
54533 2395
54534 2396
54536 2397
54537 2398
54538 2399
54540 2400
54542 2401
54544 2402
54545 2403
54546 2404
54549 2405
54550 2406
54552 2407
54553 2408
54554 2409
54556 2410
54557 2411
54558 2412
54560 2413
54561 2414
54562 2415
54593 2416
54594 2417
54596 2418
54597 2419
54598 2420
54600 2421
54601 2422
54602 2423
54604 2424
54606 2425
54608 2426
54609 2427
54610 2428
54612 2429
54614 2430
54616 2431
54617 2432
54618 2433
54620 2434
54621 2435
54622 2436
54624 2437
54625 2438
54626 2439
54657 2440
54658 2441
54659 2442
54660 2443
54661 2444
54662 2445
54663 2446
54664 2447
54665 2448
54666 2449
54667 2450
54668 2451
54670 2452
54671 2453
54672 2454
54673 2455
54674 2456
54675 2457
54676 2458
54677 2459
54679 2460
54680 2461
54681 2462
54682 2463
54683 2464
54684 2465
54685 2466
54686 2467
54687 2468
54688 2469
54689 2470
54690 2471
54691 2472
54785 2473
54786 2474
54788 2475
54789 2476
54790 2477
54792 2478
54793 2479
54794 2480
54796 2481
54798 2482
54800 2483
54801 2484
54802 2485
54804 2486
54805 2487
54806 2488
54809 2489
54810 2490
54812 2491
54813 2492
54814 2493
54816 2494
54817 2495
54818 2496
54849 2497
54850 2498
54852 2499
54853 2500
54854 2501
54856 2502
54857 2503
54858 2504
54860 2505
54862 2506
54864 2507
54865 2508
54866 2509
54868 2510
54869 2511
54870 2512
54872 2513
54874 2514
54876 2515
54877 2516
54878 2517
54880 2518
54881 2519
54882 2520
54913 2521
54914 2522
54915 2523
54916 2524
54917 2525
54918 2526
54919 2527
54920 2528
54921 2529
54922 2530
54923 2531
54924 2532
54926 2533
54927 2534
54928 2535
54929 2536
54930 2537
54931 2538
54932 2539
54933 2540
54934 2541
54935 2542
54936 2543
54937 2544
54939 2545
54940 2546
54941 2547
54942 2548
54943 2549
54944 2550
54945 2551
54946 2552
54947 2553
55041 2554
55042 2555
55044 2556
55045 2557
55046 2558
55048 2559
55049 2560
55050 2561
55052 2562
55054 2563
55056 2564
55057 2565
55058 2566
55060 2567
55061 2568
55062 2569
55064 2570
55065 2571
55066 2572
55069 2573
55070 2574
55072 2575
55073 2576
55074 2577
55105 2578
55106 2579
55108 2580
55109 2581
55110 2582
55112 2583
55113 2584
55114 2585
55116 2586
55118 2587
55120 2588
55121 2589
55122 2590
55124 2591
55125 2592
55126 2593
55128 2594
55129 2595
55130 2596
55132 2597
55134 2598
55136 2599
55137 2600
55138 2601
55169 2602
55170 2603
55171 2604
55172 2605
55173 2606
55174 2607
55175 2608
55176 2609
55177 2610
55178 2611
55179 2612
55180 2613
55182 2614
55183 2615
55184 2616
55185 2617
55186 2618
55187 2619
55188 2620
55189 2621
55190 2622
55191 2623
55192 2624
55193 2625
55194 2626
55195 2627
55196 2628
55197 2629
55199 2630
55200 2631
55201 2632
55202 2633
55203 2634
55297 2635
55298 2636
55300 2637
55301 2638
55302 2639
55304 2640
55305 2641
55306 2642
55308 2643
55310 2644
55312 2645
55313 2646
55314 2647
55316 2648
55317 2649
55318 2650
55320 2651
55321 2652
55322 2653
55324 2654
55325 2655
55326 2656
55329 2657
55330 2658
55361 2659
55362 2660
55364 2661
55365 2662
55366 2663
55368 2664
55369 2665
55370 2666
55372 2667
55374 2668
55376 2669
55377 2670
55378 2671
55380 2672
55381 2673
55382 2674
55384 2675
55385 2676
55386 2677
55388 2678
55389 2679
55390 2680
55392 2681
55394 2682
55425 2683
55426 2684
55427 2685
55428 2686
55429 2687
55430 2688
55431 2689
55432 2690
55433 2691
55434 2692
55435 2693
55436 2694
55438 2695
55439 2696
55440 2697
55441 2698
55442 2699
55443 2700
55444 2701
55445 2702
55446 2703
55447 2704
55448 2705
55449 2706
55450 2707
55451 2708
55452 2709
55453 2710
55454 2711
55455 2712
55456 2713
55457 2714
55459 2715
66625 2716
66626 2717
66628 2718
66629 2719
66630 2720
66632 2721
66633 2722
66634 2723
66636 2724
66637 2725
66638 2726
66642 2727
66644 2728
66645 2729
66646 2730
66648 2731
66649 2732
66650 2733
66652 2734
66653 2735
66654 2736
66656 2737
66657 2738
66658 2739
66817 2740
66820 2741
66821 2742
66824 2743
66825 2744
66828 2745
66829 2746
66833 2747
66837 2748
66840 2749
66841 2750
66844 2751
66845 2752
66848 2753
66849 2754
66881 2755
66882 2756
66884 2757
66885 2758
66886 2759
66888 2760
66889 2761
66890 2762
66892 2763
66893 2764
66894 2765
66897 2766
66898 2767
66900 2768
66902 2769
66904 2770
66905 2771
66906 2772
66908 2773
66909 2774
66910 2775
66912 2776
66913 2777
66914 2778
67073 2779
67076 2780
67077 2781
67080 2782
67081 2783
67084 2784
67085 2785
67089 2786
67092 2787
67093 2788
67097 2789
67100 2790
67101 2791
67104 2792
67105 2793
67137 2794
67138 2795
67140 2796
67141 2797
67142 2798
67144 2799
67145 2800
67146 2801
67148 2802
67149 2803
67150 2804
67153 2805
67154 2806
67156 2807
67157 2808
67158 2809
67160 2810
67162 2811
67164 2812
67165 2813
67166 2814
67168 2815
67169 2816
67170 2817
67329 2818
67332 2819
67333 2820
67336 2821
67337 2822
67340 2823
67341 2824
67345 2825
67348 2826
67349 2827
67352 2828
67353 2829
67357 2830
67360 2831
67361 2832
67393 2833
67394 2834
67396 2835
67397 2836
67398 2837
67400 2838
67401 2839
67402 2840
67404 2841
67405 2842
67406 2843
67409 2844
67410 2845
67412 2846
67413 2847
67414 2848
67416 2849
67417 2850
67418 2851
67420 2852
67422 2853
67424 2854
67425 2855
67426 2856
67585 2857
67588 2858
67589 2859
67592 2860
67593 2861
67596 2862
67597 2863
67601 2864
67604 2865
67605 2866
67608 2867
67609 2868
67612 2869
67613 2870
67617 2871
67649 2872
67650 2873
67652 2874
67653 2875
67654 2876
67656 2877
67657 2878
67658 2879
67660 2880
67661 2881
67662 2882
67665 2883
67666 2884
67668 2885
67669 2886
67670 2887
67672 2888
67673 2889
67674 2890
67676 2891
67677 2892
67678 2893
67680 2894
67682 2895
70785 2896
70787 2897
70788 2898
70789 2899
70791 2900
70792 2901
70793 2902
70795 2903
70796 2904
70797 2905
70799 2906
70800 2907
70803 2908
70804 2909
70805 2910
70807 2911
70808 2912
70809 2913
70811 2914
70812 2915
70813 2916
70815 2917
70816 2918
70817 2919
70819 2920
70913 2921
70914 2922
70916 2923
70917 2924
70918 2925
70920 2926
70921 2927
70922 2928
70924 2929
70925 2930
70926 2931
70928 2932
70930 2933
70933 2934
70934 2935
70936 2936
70937 2937
70938 2938
70940 2939
70941 2940
70942 2941
70944 2942
70945 2943
70946 2944
70977 2945
70978 2946
70980 2947
70981 2948
70982 2949
70984 2950
70985 2951
70986 2952
70988 2953
70989 2954
70990 2955
70992 2956
70994 2957
70996 2958
70998 2959
71000 2960
71001 2961
71002 2962
71004 2963
71005 2964
71006 2965
71008 2966
71009 2967
71010 2968
71041 2969
71042 2970
71043 2971
71044 2972
71045 2973
71046 2974
71047 2975
71048 2976
71049 2977
71050 2978
71051 2979
71052 2980
71053 2981
71054 2982
71055 2983
71056 2984
71058 2985
71059 2986
71060 2987
71061 2988
71063 2989
71064 2990
71065 2991
71066 2992
71067 2993
71068 2994
71069 2995
71070 2996
71071 2997
71072 2998
71073 2999
71074 3000
71075 3001
71169 3002
71170 3003
71172 3004
71173 3005
71174 3006
71176 3007
71177 3008
71178 3009
71180 3010
71181 3011
71182 3012
71184 3013
71186 3014
71188 3015
71189 3016
71190 3017
71193 3018
71194 3019
71196 3020
71197 3021
71198 3022
71200 3023
71201 3024
71202 3025
71233 3026
71234 3027
71236 3028
71237 3029
71238 3030
71240 3031
71241 3032
71242 3033
71244 3034
71245 3035
71246 3036
71248 3037
71250 3038
71252 3039
71253 3040
71254 3041
71256 3042
71258 3043
71260 3044
71261 3045
71262 3046
71264 3047
71265 3048
71266 3049
71297 3050
71298 3051
71299 3052
71300 3053
71301 3054
71302 3055
71303 3056
71304 3057
71305 3058
71306 3059
71307 3060
71308 3061
71309 3062
71310 3063
71311 3064
71312 3065
71314 3066
71315 3067
71316 3068
71317 3069
71318 3070
71319 3071
71320 3072
71321 3073
71323 3074
71324 3075
71325 3076
71326 3077
71327 3078
71328 3079
71329 3080
71330 3081
71331 3082
71425 3083
71426 3084
71428 3085
71429 3086
71430 3087
71432 3088
71433 3089
71434 3090
71436 3091
71437 3092
71438 3093
71440 3094
71442 3095
71444 3096
71445 3097
71446 3098
71448 3099
71449 3100
71450 3101
71453 3102
71454 3103
71456 3104
71457 3105
71458 3106
71489 3107
71490 3108
71492 3109
71493 3110
71494 3111
71496 3112
71497 3113
71498 3114
71500 3115
71501 3116
71502 3117
71504 3118
71506 3119
71508 3120
71509 3121
71510 3122
71512 3123
71513 3124
71514 3125
71516 3126
71518 3127
71520 3128
71521 3129
71522 3130
71553 3131
71554 3132
71555 3133
71556 3134
71557 3135
71558 3136
71559 3137
71560 3138
71561 3139
71562 3140
71563 3141
71564 3142
71565 3143
71566 3144
71567 3145
71568 3146
71570 3147
71571 3148
71572 3149
71573 3150
71574 3151
71575 3152
71576 3153
71577 3154
71578 3155
71579 3156
71580 3157
71581 3158
71583 3159
71584 3160
71585 3161
71586 3162
71587 3163
71681 3164
71682 3165
71684 3166
71685 3167
71686 3168
71688 3169
71689 3170
71690 3171
71692 3172
71693 3173
71694 3174
71696 3175
71698 3176
71700 3177
71701 3178
71702 3179
71704 3180
71705 3181
71706 3182
71708 3183
71709 3184
71710 3185
71713 3186
71714 3187
71745 3188
71746 3189
71748 3190
71749 3191
71750 3192
71752 3193
71753 3194
71754 3195
71756 3196
71757 3197
71758 3198
71760 3199
71762 3200
71764 3201
71765 3202
71766 3203
71768 3204
71769 3205
71770 3206
71772 3207
71773 3208
71774 3209
71776 3210
71778 3211
71809 3212
71810 3213
71811 3214
71812 3215
71813 3216
71814 3217
71815 3218
71816 3219
71817 3220
71818 3221
71819 3222
71820 3223
71821 3224
71822 3225
71823 3226
71824 3227
71826 3228
71827 3229
71828 3230
71829 3231
71830 3232
71831 3233
71832 3234
71833 3235
71834 3236
71835 3237
71836 3238
71837 3239
71838 3240
71839 3241
71840 3242
71841 3243
71843 3244
83265 3245
83266 3246
83268 3247
83269 3248
83270 3249
83272 3250
83273 3251
83274 3252
83276 3253
83277 3254
83278 3255
83280 3256
83281 3257
83282 3258
83286 3259
83288 3260
83289 3261
83290 3262
83292 3263
83293 3264
83294 3265
83296 3266
83297 3267
83298 3268
83457 3269
83460 3270
83461 3271
83464 3272
83465 3273
83468 3274
83469 3275
83472 3276
83473 3277
83477 3278
83481 3279
83484 3280
83485 3281
83488 3282
83489 3283
83521 3284
83522 3285
83524 3286
83525 3287
83526 3288
83528 3289
83529 3290
83530 3291
83532 3292
83533 3293
83534 3294
83536 3295
83537 3296
83538 3297
83541 3298
83542 3299
83544 3300
83546 3301
83548 3302
83549 3303
83550 3304
83552 3305
83553 3306
83554 3307
83713 3308
83716 3309
83717 3310
83720 3311
83721 3312
83724 3313
83725 3314
83728 3315
83729 3316
83733 3317
83736 3318
83737 3319
83741 3320
83744 3321
83745 3322
83777 3323
83778 3324
83780 3325
83781 3326
83782 3327
83784 3328
83785 3329
83786 3330
83788 3331
83789 3332
83790 3333
83792 3334
83793 3335
83794 3336
83797 3337
83798 3338
83800 3339
83801 3340
83802 3341
83804 3342
83806 3343
83808 3344
83809 3345
83810 3346
83969 3347
83972 3348
83973 3349
83976 3350
83977 3351
83980 3352
83981 3353
83984 3354
83985 3355
83989 3356
83992 3357
83993 3358
83996 3359
83997 3360
84001 3361
84033 3362
84034 3363
84036 3364
84037 3365
84038 3366
84040 3367
84041 3368
84042 3369
84044 3370
84045 3371
84046 3372
84048 3373
84049 3374
84050 3375
84053 3376
84054 3377
84056 3378
84057 3379
84058 3380
84060 3381
84061 3382
84062 3383
84064 3384
84066 3385
87425 3386
87427 3387
87428 3388
87429 3389
87431 3390
87432 3391
87433 3392
87435 3393
87436 3394
87437 3395
87439 3396
87440 3397
87441 3398
87443 3399
87444 3400
87447 3401
87448 3402
87449 3403
87451 3404
87452 3405
87453 3406
87455 3407
87456 3408
87457 3409
87459 3410
87553 3411
87554 3412
87556 3413
87557 3414
87558 3415
87560 3416
87561 3417
87562 3418
87564 3419
87565 3420
87566 3421
87568 3422
87569 3423
87570 3424
87572 3425
87574 3426
87577 3427
87578 3428
87580 3429
87581 3430
87582 3431
87584 3432
87585 3433
87586 3434
87617 3435
87618 3436
87620 3437
87621 3438
87622 3439
87624 3440
87625 3441
87626 3442
87628 3443
87629 3444
87630 3445
87632 3446
87633 3447
87634 3448
87636 3449
87638 3450
87640 3451
87642 3452
87644 3453
87645 3454
87646 3455
87648 3456
87649 3457
87650 3458
87681 3459
87682 3460
87683 3461
87684 3462
87685 3463
87686 3464
87687 3465
87688 3466
87689 3467
87690 3468
87691 3469
87692 3470
87693 3471
87694 3472
87695 3473
87696 3474
87697 3475
87698 3476
87699 3477
87700 3478
87702 3479
87703 3480
87704 3481
87705 3482
87707 3483
87708 3484
87709 3485
87710 3486
87711 3487
87712 3488
87713 3489
87714 3490
87715 3491
87809 3492
87810 3493
87812 3494
87813 3495
87814 3496
87816 3497
87817 3498
87818 3499
87820 3500
87821 3501
87822 3502
87824 3503
87825 3504
87826 3505
87828 3506
87830 3507
87832 3508
87833 3509
87834 3510
87837 3511
87838 3512
87840 3513
87841 3514
87842 3515
87873 3516
87874 3517
87876 3518
87877 3519
87878 3520
87880 3521
87881 3522
87882 3523
87884 3524
87885 3525
87886 3526
87888 3527
87889 3528
87890 3529
87892 3530
87894 3531
87896 3532
87897 3533
87898 3534
87900 3535
87902 3536
87904 3537
87905 3538
87906 3539
87937 3540
87938 3541
87939 3542
87940 3543
87941 3544
87942 3545
87943 3546
87944 3547
87945 3548
87946 3549
87947 3550
87948 3551
87949 3552
87950 3553
87951 3554
87952 3555
87953 3556
87954 3557
87955 3558
87956 3559
87958 3560
87959 3561
87960 3562
87961 3563
87962 3564
87963 3565
87964 3566
87965 3567
87967 3568
87968 3569
87969 3570
87970 3571
87971 3572
88065 3573
88066 3574
88068 3575
88069 3576
88070 3577
88072 3578
88073 3579
88074 3580
88076 3581
88077 3582
88078 3583
88080 3584
88081 3585
88082 3586
88084 3587
88086 3588
88088 3589
88089 3590
88090 3591
88092 3592
88093 3593
88094 3594
88097 3595
88098 3596
88129 3597
88130 3598
88132 3599
88133 3600
88134 3601
88136 3602
88137 3603
88138 3604
88140 3605
88141 3606
88142 3607
88144 3608
88145 3609
88146 3610
88148 3611
88150 3612
88152 3613
88153 3614
88154 3615
88156 3616
88157 3617
88158 3618
88160 3619
88162 3620
88193 3621
88194 3622
88195 3623
88196 3624
88197 3625
88198 3626
88199 3627
88200 3628
88201 3629
88202 3630
88203 3631
88204 3632
88205 3633
88206 3634
88207 3635
88208 3636
88209 3637
88210 3638
88211 3639
88212 3640
88214 3641
88215 3642
88216 3643
88217 3644
88218 3645
88219 3646
88220 3647
88221 3648
88222 3649
88223 3650
88224 3651
88225 3652
88227 3653
99905 3654
99906 3655
99908 3656
99909 3657
99910 3658
99912 3659
99913 3660
99914 3661
99916 3662
99917 3663
99918 3664
99920 3665
99921 3666
99922 3667
99924 3668
99925 3669
99926 3670
99930 3671
99932 3672
99933 3673
99934 3674
99936 3675
99937 3676
99938 3677
100097 3678
100100 3679
100101 3680
100104 3681
100105 3682
100108 3683
100109 3684
100112 3685
100113 3686
100116 3687
100117 3688
100121 3689
100125 3690
100128 3691
100129 3692
100161 3693
100162 3694
100164 3695
100165 3696
100166 3697
100168 3698
100169 3699
100170 3700
100172 3701
100173 3702
100174 3703
100176 3704
100177 3705
100178 3706
100180 3707
100181 3708
100182 3709
100185 3710
100186 3711
100188 3712
100190 3713
100192 3714
100193 3715
100194 3716
100353 3717
100356 3718
100357 3719
100360 3720
100361 3721
100364 3722
100365 3723
100368 3724
100369 3725
100372 3726
100373 3727
100377 3728
100380 3729
100381 3730
100385 3731
100417 3732
100418 3733
100420 3734
100421 3735
100422 3736
100424 3737
100425 3738
100426 3739
100428 3740
100429 3741
100430 3742
100432 3743
100433 3744
100434 3745
100436 3746
100437 3747
100438 3748
100441 3749
100442 3750
100444 3751
100445 3752
100446 3753
100448 3754
100450 3755
104065 3756
104067 3757
104068 3758
104069 3759
104071 3760
104072 3761
104073 3762
104075 3763
104076 3764
104077 3765
104079 3766
104080 3767
104081 3768
104083 3769
104084 3770
104085 3771
104087 3772
104088 3773
104091 3774
104092 3775
104093 3776
104095 3777
104096 3778
104097 3779
104099 3780
104193 3781
104194 3782
104196 3783
104197 3784
104198 3785
104200 3786
104201 3787
104202 3788
104204 3789
104205 3790
104206 3791
104208 3792
104209 3793
104210 3794
104212 3795
104213 3796
104214 3797
104216 3798
104218 3799
104221 3800
104222 3801
104224 3802
104225 3803
104226 3804
104257 3805
104258 3806
104260 3807
104261 3808
104262 3809
104264 3810
104265 3811
104266 3812
104268 3813
104269 3814
104270 3815
104272 3816
104273 3817
104274 3818
104276 3819
104277 3820
104278 3821
104280 3822
104282 3823
104284 3824
104286 3825
104288 3826
104289 3827
104290 3828
104321 3829
104322 3830
104323 3831
104324 3832
104325 3833
104326 3834
104327 3835
104328 3836
104329 3837
104330 3838
104331 3839
104332 3840
104333 3841
104334 3842
104335 3843
104336 3844
104337 3845
104338 3846
104339 3847
104340 3848
104341 3849
104342 3850
104343 3851
104344 3852
104346 3853
104347 3854
104348 3855
104349 3856
104351 3857
104352 3858
104353 3859
104354 3860
104355 3861
104449 3862
104450 3863
104452 3864
104453 3865
104454 3866
104456 3867
104457 3868
104458 3869
104460 3870
104461 3871
104462 3872
104464 3873
104465 3874
104466 3875
104468 3876
104469 3877
104470 3878
104472 3879
104474 3880
104476 3881
104477 3882
104478 3883
104481 3884
104482 3885
104513 3886
104514 3887
104516 3888
104517 3889
104518 3890
104520 3891
104521 3892
104522 3893
104524 3894
104525 3895
104526 3896
104528 3897
104529 3898
104530 3899
104532 3900
104533 3901
104534 3902
104536 3903
104538 3904
104540 3905
104541 3906
104542 3907
104544 3908
104546 3909
104577 3910
104578 3911
104579 3912
104580 3913
104581 3914
104582 3915
104583 3916
104584 3917
104585 3918
104586 3919
104587 3920
104588 3921
104589 3922
104590 3923
104591 3924
104592 3925
104593 3926
104594 3927
104595 3928
104596 3929
104597 3930
104598 3931
104599 3932
104600 3933
104602 3934
104603 3935
104604 3936
104605 3937
104606 3938
104607 3939
104608 3940
104609 3941
104611 3942
116545 3943
116546 3944
116548 3945
116549 3946
116550 3947
116552 3948
116553 3949
116554 3950
116556 3951
116557 3952
116558 3953
116560 3954
116561 3955
116562 3956
116564 3957
116565 3958
116566 3959
116568 3960
116569 3961
116570 3962
116574 3963
116576 3964
116577 3965
116578 3966
116737 3967
116740 3968
116741 3969
116744 3970
116745 3971
116748 3972
116749 3973
116752 3974
116753 3975
116756 3976
116757 3977
116760 3978
116761 3979
116765 3980
116769 3981
116801 3982
116802 3983
116804 3984
116805 3985
116806 3986
116808 3987
116809 3988
116810 3989
116812 3990
116813 3991
116814 3992
116816 3993
116817 3994
116818 3995
116820 3996
116821 3997
116822 3998
116824 3999
116825 4000
116826 4001
116829 4002
116830 4003
116832 4004
116834 4005
120705 4006
120707 4007
120708 4008
120709 4009
120711 4010
120712 4011
120713 4012
120715 4013
120716 4014
120717 4015
120719 4016
120720 4017
120721 4018
120723 4019
120724 4020
120725 4021
120727 4022
120728 4023
120729 4024
120731 4025
120732 4026
120735 4027
120736 4028
120737 4029
120739 4030
120833 4031
120834 4032
120836 4033
120837 4034
120838 4035
120840 4036
120841 4037
120842 4038
120844 4039
120845 4040
120846 4041
120848 4042
120849 4043
120850 4044
120852 4045
120853 4046
120854 4047
120856 4048
120857 4049
120858 4050
120860 4051
120862 4052
120865 4053
120866 4054
120897 4055
120898 4056
120900 4057
120901 4058
120902 4059
120904 4060
120905 4061
120906 4062
120908 4063
120909 4064
120910 4065
120912 4066
120913 4067
120914 4068
120916 4069
120917 4070
120918 4071
120920 4072
120921 4073
120922 4074
120924 4075
120926 4076
120928 4077
120930 4078
120961 4079
120962 4080
120963 4081
120964 4082
120965 4083
120966 4084
120967 4085
120968 4086
120969 4087
120970 4088
120971 4089
120972 4090
120973 4091
120974 4092
120975 4093
120976 4094
120977 4095
120978 4096
120979 4097
120980 4098
120981 4099
120982 4100
120983 4101
120984 4102
120985 4103
120986 4104
120987 4105
120988 4106
120990 4107
120991 4108
120992 4109
120993 4110
120995 4111
133185 4112
133186 4113
133188 4114
133189 4115
133190 4116
133192 4117
133193 4118
133194 4119
133196 4120
133197 4121
133198 4122
133200 4123
133201 4124
133202 4125
133204 4126
133205 4127
133206 4128
133208 4129
133209 4130
133210 4131
133212 4132
133213 4133
133214 4134
133218 4135
137345 4136
137347 4137
137348 4138
137349 4139
137351 4140
137352 4141
137353 4142
137355 4143
137356 4144
137357 4145
137359 4146
137360 4147
137361 4148
137363 4149
137364 4150
137365 4151
137367 4152
137368 4153
137369 4154
137371 4155
137372 4156
137373 4157
137375 4158
137376 4159
137379 4160
1069440 4161
1069443 4162
1069447 4163
1069448 4164
1069451 4165
1069452 4166
1069455 4167
1069456 4168
1069459 4169
1069460 4170
1069463 4171
1069464 4172
1069467 4173
1069468 4174
1069471 4175
1069472 4176
1069475 4177
1069568 4178
1069569 4179
1069570 4180
1069574 4181
1069577 4182
1069578 4183
1069580 4184
1069581 4185
1069582 4186
1069584 4187
1069585 4188
1069586 4189
1069588 4190
1069589 4191
1069590 4192
1069592 4193
1069593 4194
1069594 4195
1069596 4196
1069597 4197
1069598 4198
1069600 4199
1069601 4200
1069602 4201
1069696 4202
1069698 4203
1069699 4204
1069702 4205
1069703 4206
1069704 4207
1069707 4208
1069708 4209
1069710 4210
1069711 4211
1069712 4212
1069714 4213
1069715 4214
1069716 4215
1069718 4216
1069719 4217
1069720 4218
1069722 4219
1069723 4220
1069724 4221
1069726 4222
1069727 4223
1069728 4224
1069730 4225
1069731 4226
1069824 4227
1069825 4228
1069826 4229
1069830 4230
1069832 4231
1069833 4232
1069834 4233
1069837 4234
1069838 4235
1069840 4236
1069841 4237
1069842 4238
1069844 4239
1069845 4240
1069846 4241
1069848 4242
1069849 4243
1069850 4244
1069852 4245
1069853 4246
1069854 4247
1069856 4248
1069857 4249
1069858 4250
1069952 4251
1069954 4252
1069955 4253
1069958 4254
1069959 4255
1069960 4256
1069962 4257
1069963 4258
1069964 4259
1069967 4260
1069968 4261
1069970 4262
1069971 4263
1069972 4264
1069974 4265
1069975 4266
1069976 4267
1069978 4268
1069979 4269
1069980 4270
1069982 4271
1069983 4272
1069984 4273
1069986 4274
1069987 4275
1070080 4276
1070081 4277
1070082 4278
1070086 4279
1070088 4280
1070089 4281
1070090 4282
1070092 4283
1070093 4284
1070094 4285
1070097 4286
1070098 4287
1070100 4288
1070101 4289
1070102 4290
1070104 4291
1070105 4292
1070106 4293
1070108 4294
1070109 4295
1070110 4296
1070112 4297
1070113 4298
1070114 4299
1070208 4300
1070210 4301
1070211 4302
1070214 4303
1070215 4304
1070216 4305
1070218 4306
1070219 4307
1070220 4308
1070222 4309
1070223 4310
1070224 4311
1070227 4312
1070228 4313
1070230 4314
1070231 4315
1070232 4316
1070234 4317
1070235 4318
1070236 4319
1070238 4320
1070239 4321
1070240 4322
1070242 4323
1070243 4324
1070336 4325
1070337 4326
1070338 4327
1070342 4328
1070344 4329
1070345 4330
1070346 4331
1070348 4332
1070349 4333
1070350 4334
1070352 4335
1070353 4336
1070354 4337
1070357 4338
1070358 4339
1070360 4340
1070361 4341
1070362 4342
1070364 4343
1070365 4344
1070366 4345
1070368 4346
1070369 4347
1070370 4348
1070464 4349
1070466 4350
1070467 4351
1070470 4352
1070471 4353
1070472 4354
1070474 4355
1070475 4356
1070476 4357
1070478 4358
1070479 4359
1070480 4360
1070482 4361
1070483 4362
1070484 4363
1070487 4364
1070488 4365
1070490 4366
1070491 4367
1070492 4368
1070494 4369
1070495 4370
1070496 4371
1070498 4372
1070499 4373
1070592 4374
1070593 4375
1070594 4376
1070598 4377
1070600 4378
1070601 4379
1070602 4380
1070604 4381
1070605 4382
1070606 4383
1070608 4384
1070609 4385
1070610 4386
1070612 4387
1070613 4388
1070614 4389
1070617 4390
1070618 4391
1070620 4392
1070621 4393
1070622 4394
1070624 4395
1070625 4396
1070626 4397
1070720 4398
1070722 4399
1070723 4400
1070726 4401
1070727 4402
1070728 4403
1070730 4404
1070731 4405
1070732 4406
1070734 4407
1070735 4408
1070736 4409
1070738 4410
1070739 4411
1070740 4412
1070742 4413
1070743 4414
1070744 4415
1070747 4416
1070748 4417
1070750 4418
1070751 4419
1070752 4420
1070754 4421
1070755 4422
1070848 4423
1070849 4424
1070850 4425
1070854 4426
1070856 4427
1070857 4428
1070858 4429
1070860 4430
1070861 4431
1070862 4432
1070864 4433
1070865 4434
1070866 4435
1070868 4436
1070869 4437
1070870 4438
1070872 4439
1070873 4440
1070874 4441
1070877 4442
1070878 4443
1070880 4444
1070881 4445
1070882 4446
1070976 4447
1070978 4448
1070979 4449
1070982 4450
1070983 4451
1070984 4452
1070986 4453
1070987 4454
1070988 4455
1070990 4456
1070991 4457
1070992 4458
1070994 4459
1070995 4460
1070996 4461
1070998 4462
1070999 4463
1071000 4464
1071002 4465
1071003 4466
1071004 4467
1071007 4468
1071008 4469
1071010 4470
1071011 4471
1071104 4472
1071105 4473
1071106 4474
1071110 4475
1071112 4476
1071113 4477
1071114 4478
1071116 4479
1071117 4480
1071118 4481
1071120 4482
1071121 4483
1071122 4484
1071124 4485
1071125 4486
1071126 4487
1071128 4488
1071129 4489
1071130 4490
1071132 4491
1071133 4492
1071134 4493
1071137 4494
1071138 4495
1071232 4496
1071234 4497
1071235 4498
1071238 4499
1071239 4500
1071240 4501
1071242 4502
1071243 4503
1071244 4504
1071246 4505
1071247 4506
1071248 4507
1071250 4508
1071251 4509
1071252 4510
1071254 4511
1071255 4512
1071256 4513
1071258 4514
1071259 4515
1071260 4516
1071262 4517
1071263 4518
1071264 4519
1071267 4520
1081920 4521
1081921 4522
1081922 4523
1081925 4524
1081926 4525
1081930 4526
1081932 4527
1081933 4528
1081934 4529
1081936 4530
1081937 4531
1081938 4532
1081940 4533
1081941 4534
1081942 4535
1081944 4536
1081945 4537
1081946 4538
1081948 4539
1081949 4540
1081950 4541
1081952 4542
1081953 4543
1081954 4544
1082112 4545
1082113 4546
1082117 4547
1082121 4548
1082125 4549
1082128 4550
1082129 4551
1082132 4552
1082133 4553
1082136 4554
1082137 4555
1082140 4556
1082141 4557
1082144 4558
1082145 4559
1082176 4560
1082177 4561
1082178 4562
1082181 4563
1082182 4564
1082185 4565
1082186 4566
1082188 4567
1082190 4568
1082192 4569
1082193 4570
1082194 4571
1082196 4572
1082197 4573
1082198 4574
1082200 4575
1082201 4576
1082202 4577
1082204 4578
1082205 4579
1082206 4580
1082208 4581
1082209 4582
1082210 4583
1082368 4584
1082369 4585
1082373 4586
1082377 4587
1082380 4588
1082381 4589
1082385 4590
1082388 4591
1082389 4592
1082392 4593
1082393 4594
1082396 4595
1082397 4596
1082400 4597
1082401 4598
1082432 4599
1082433 4600
1082434 4601
1082437 4602
1082438 4603
1082441 4604
1082442 4605
1082444 4606
1082445 4607
1082446 4608
1082448 4609
1082450 4610
1082452 4611
1082453 4612
1082454 4613
1082456 4614
1082457 4615
1082458 4616
1082460 4617
1082461 4618
1082462 4619
1082464 4620
1082465 4621
1082466 4622
1082624 4623
1082625 4624
1082629 4625
1082633 4626
1082636 4627
1082637 4628
1082640 4629
1082641 4630
1082645 4631
1082648 4632
1082649 4633
1082652 4634
1082653 4635
1082656 4636
1082657 4637
1082688 4638
1082689 4639
1082690 4640
1082693 4641
1082694 4642
1082697 4643
1082698 4644
1082700 4645
1082701 4646
1082702 4647
1082704 4648
1082705 4649
1082706 4650
1082708 4651
1082710 4652
1082712 4653
1082713 4654
1082714 4655
1082716 4656
1082717 4657
1082718 4658
1082720 4659
1082721 4660
1082722 4661
1082880 4662
1082881 4663
1082885 4664
1082889 4665
1082892 4666
1082893 4667
1082896 4668
1082897 4669
1082900 4670
1082901 4671
1082905 4672
1082908 4673
1082909 4674
1082912 4675
1082913 4676
1082944 4677
1082945 4678
1082946 4679
1082949 4680
1082950 4681
1082953 4682
1082954 4683
1082956 4684
1082957 4685
1082958 4686
1082960 4687
1082961 4688
1082962 4689
1082964 4690
1082965 4691
1082966 4692
1082968 4693
1082970 4694
1082972 4695
1082973 4696
1082974 4697
1082976 4698
1082977 4699
1082978 4700
1083136 4701
1083137 4702
1083141 4703
1083145 4704
1083148 4705
1083149 4706
1083152 4707
1083153 4708
1083156 4709
1083157 4710
1083160 4711
1083161 4712
1083165 4713
1083168 4714
1083169 4715
1083200 4716
1083201 4717
1083202 4718
1083205 4719
1083206 4720
1083209 4721
1083210 4722
1083212 4723
1083213 4724
1083214 4725
1083216 4726
1083217 4727
1083218 4728
1083220 4729
1083221 4730
1083222 4731
1083224 4732
1083225 4733
1083226 4734
1083228 4735
1083230 4736
1083232 4737
1083233 4738
1083234 4739
1083392 4740
1083393 4741
1083397 4742
1083401 4743
1083404 4744
1083405 4745
1083408 4746
1083409 4747
1083412 4748
1083413 4749
1083416 4750
1083417 4751
1083420 4752
1083421 4753
1083425 4754
1083456 4755
1083457 4756
1083458 4757
1083461 4758
1083462 4759
1083465 4760
1083466 4761
1083468 4762
1083469 4763
1083470 4764
1083472 4765
1083473 4766
1083474 4767
1083476 4768
1083477 4769
1083478 4770
1083480 4771
1083481 4772
1083482 4773
1083484 4774
1083485 4775
1083486 4776
1083488 4777
1083490 4778
1086080 4779
1086081 4780
1086083 4781
1086085 4782
1086087 4783
1086088 4784
1086091 4785
1086092 4786
1086093 4787
1086095 4788
1086096 4789
1086097 4790
1086099 4791
1086100 4792
1086101 4793
1086103 4794
1086104 4795
1086105 4796
1086107 4797
1086108 4798
1086109 4799
1086111 4800
1086112 4801
1086113 4802
1086115 4803
1086208 4804
1086209 4805
1086210 4806
1086213 4807
1086214 4808
1086216 4809
1086218 4810
1086221 4811
1086222 4812
1086224 4813
1086225 4814
1086226 4815
1086228 4816
1086229 4817
1086230 4818
1086232 4819
1086233 4820
1086234 4821
1086236 4822
1086237 4823
1086238 4824
1086240 4825
1086241 4826
1086242 4827
1086272 4828
1086273 4829
1086274 4830
1086277 4831
1086278 4832
1086280 4833
1086282 4834
1086284 4835
1086286 4836
1086288 4837
1086289 4838
1086290 4839
1086292 4840
1086293 4841
1086294 4842
1086296 4843
1086297 4844
1086298 4845
1086300 4846
1086301 4847
1086302 4848
1086304 4849
1086305 4850
1086306 4851
1086336 4852
1086337 4853
1086338 4854
1086339 4855
1086341 4856
1086342 4857
1086343 4858
1086344 4859
1086346 4860
1086347 4861
1086348 4862
1086349 4863
1086351 4864
1086352 4865
1086353 4866
1086354 4867
1086355 4868
1086356 4869
1086357 4870
1086358 4871
1086359 4872
1086360 4873
1086361 4874
1086362 4875
1086363 4876
1086364 4877
1086365 4878
1086366 4879
1086367 4880
1086368 4881
1086369 4882
1086370 4883
1086371 4884
1086464 4885
1086465 4886
1086466 4887
1086469 4888
1086470 4889
1086472 4890
1086474 4891
1086476 4892
1086477 4893
1086478 4894
1086481 4895
1086482 4896
1086484 4897
1086485 4898
1086486 4899
1086488 4900
1086489 4901
1086490 4902
1086492 4903
1086493 4904
1086494 4905
1086496 4906
1086497 4907
1086498 4908
1086528 4909
1086529 4910
1086530 4911
1086533 4912
1086534 4913
1086536 4914
1086538 4915
1086540 4916
1086541 4917
1086542 4918
1086544 4919
1086546 4920
1086548 4921
1086549 4922
1086550 4923
1086552 4924
1086553 4925
1086554 4926
1086556 4927
1086557 4928
1086558 4929
1086560 4930
1086561 4931
1086562 4932
1086592 4933
1086593 4934
1086594 4935
1086595 4936
1086597 4937
1086598 4938
1086599 4939
1086600 4940
1086602 4941
1086603 4942
1086604 4943
1086605 4944
1086606 4945
1086607 4946
1086608 4947
1086609 4948
1086611 4949
1086612 4950
1086613 4951
1086614 4952
1086615 4953
1086616 4954
1086617 4955
1086618 4956
1086619 4957
1086620 4958
1086621 4959
1086622 4960
1086623 4961
1086624 4962
1086625 4963
1086626 4964
1086627 4965
1086720 4966
1086721 4967
1086722 4968
1086725 4969
1086726 4970
1086728 4971
1086730 4972
1086732 4973
1086733 4974
1086734 4975
1086736 4976
1086737 4977
1086738 4978
1086741 4979
1086742 4980
1086744 4981
1086745 4982
1086746 4983
1086748 4984
1086749 4985
1086750 4986
1086752 4987
1086753 4988
1086754 4989
1086784 4990
1086785 4991
1086786 4992
1086789 4993
1086790 4994
1086792 4995
1086794 4996
1086796 4997
1086797 4998
1086798 4999
1086800 5000
1086801 5001
1086802 5002
1086804 5003
1086806 5004
1086808 5005
1086809 5006
1086810 5007
1086812 5008
1086813 5009
1086814 5010
1086816 5011
1086817 5012
1086818 5013
1086848 5014
1086849 5015
1086850 5016
1086851 5017
1086853 5018
1086854 5019
1086855 5020
1086856 5021
1086858 5022
1086859 5023
1086860 5024
1086861 5025
1086862 5026
1086863 5027
1086864 5028
1086865 5029
1086866 5030
1086867 5031
1086868 5032
1086869 5033
1086871 5034
1086872 5035
1086873 5036
1086874 5037
1086875 5038
1086876 5039
1086877 5040
1086878 5041
1086879 5042
1086880 5043
1086881 5044
1086882 5045
1086883 5046
1086976 5047
1086977 5048
1086978 5049
1086981 5050
1086982 5051
1086984 5052
1086986 5053
1086988 5054
1086989 5055
1086990 5056
1086992 5057
1086993 5058
1086994 5059
1086996 5060
1086997 5061
1086998 5062
1087001 5063
1087002 5064
1087004 5065
1087005 5066
1087006 5067
1087008 5068
1087009 5069
1087010 5070
1087040 5071
1087041 5072
1087042 5073
1087045 5074
1087046 5075
1087048 5076
1087050 5077
1087052 5078
1087053 5079
1087054 5080
1087056 5081
1087057 5082
1087058 5083
1087060 5084
1087061 5085
1087062 5086
1087064 5087
1087066 5088
1087068 5089
1087069 5090
1087070 5091
1087072 5092
1087073 5093
1087074 5094
1087104 5095
1087105 5096
1087106 5097
1087107 5098
1087109 5099
1087110 5100
1087111 5101
1087112 5102
1087114 5103
1087115 5104
1087116 5105
1087117 5106
1087118 5107
1087119 5108
1087120 5109
1087121 5110
1087122 5111
1087123 5112
1087124 5113
1087125 5114
1087126 5115
1087127 5116
1087128 5117
1087129 5118
1087131 5119
1087132 5120
1087133 5121
1087134 5122
1087135 5123
1087136 5124
1087137 5125
1087138 5126
1087139 5127
1087232 5128
1087233 5129
1087234 5130
1087237 5131
1087238 5132
1087240 5133
1087242 5134
1087244 5135
1087245 5136
1087246 5137
1087248 5138
1087249 5139
1087250 5140
1087252 5141
1087253 5142
1087254 5143
1087256 5144
1087257 5145
1087258 5146
1087261 5147
1087262 5148
1087264 5149
1087265 5150
1087266 5151
1087296 5152
1087297 5153
1087298 5154
1087301 5155
1087302 5156
1087304 5157
1087306 5158
1087308 5159
1087309 5160
1087310 5161
1087312 5162
1087313 5163
1087314 5164
1087316 5165
1087317 5166
1087318 5167
1087320 5168
1087321 5169
1087322 5170
1087324 5171
1087326 5172
1087328 5173
1087329 5174
1087330 5175
1087360 5176
1087361 5177
1087362 5178
1087363 5179
1087365 5180
1087366 5181
1087367 5182
1087368 5183
1087370 5184
1087371 5185
1087372 5186
1087373 5187
1087374 5188
1087375 5189
1087376 5190
1087377 5191
1087378 5192
1087379 5193
1087380 5194
1087381 5195
1087382 5196
1087383 5197
1087384 5198
1087385 5199
1087386 5200
1087387 5201
1087388 5202
1087389 5203
1087391 5204
1087392 5205
1087393 5206
1087394 5207
1087395 5208
1087488 5209
1087489 5210
1087490 5211
1087493 5212
1087494 5213
1087496 5214
1087498 5215
1087500 5216
1087501 5217
1087502 5218
1087504 5219
1087505 5220
1087506 5221
1087508 5222
1087509 5223
1087510 5224
1087512 5225
1087513 5226
1087514 5227
1087516 5228
1087517 5229
1087518 5230
1087521 5231
1087522 5232
1087552 5233
1087553 5234
1087554 5235
1087557 5236
1087558 5237
1087560 5238
1087562 5239
1087564 5240
1087565 5241
1087566 5242
1087568 5243
1087569 5244
1087570 5245
1087572 5246
1087573 5247
1087574 5248
1087576 5249
1087577 5250
1087578 5251
1087580 5252
1087581 5253
1087582 5254
1087584 5255
1087586 5256
1087616 5257
1087617 5258
1087618 5259
1087619 5260
1087621 5261
1087622 5262
1087623 5263
1087624 5264
1087626 5265
1087627 5266
1087628 5267
1087629 5268
1087630 5269
1087631 5270
1087632 5271
1087633 5272
1087634 5273
1087635 5274
1087636 5275
1087637 5276
1087638 5277
1087639 5278
1087640 5279
1087641 5280
1087642 5281
1087643 5282
1087644 5283
1087645 5284
1087646 5285
1087647 5286
1087648 5287
1087649 5288
1087651 5289
1098560 5290
1098561 5291
1098562 5292
1098565 5293
1098566 5294
1098568 5295
1098569 5296
1098570 5297
1098574 5298
1098576 5299
1098577 5300
1098578 5301
1098580 5302
1098581 5303
1098582 5304
1098584 5305
1098585 5306
1098586 5307
1098588 5308
1098589 5309
1098590 5310
1098592 5311
1098593 5312
1098594 5313
1098752 5314
1098753 5315
1098757 5316
1098760 5317
1098761 5318
1098765 5319
1098769 5320
1098772 5321
1098773 5322
1098776 5323
1098777 5324
1098780 5325
1098781 5326
1098784 5327
1098785 5328
1098816 5329
1098817 5330
1098818 5331
1098821 5332
1098822 5333
1098824 5334
1098825 5335
1098826 5336
1098829 5337
1098830 5338
1098832 5339
1098834 5340
1098836 5341
1098837 5342
1098838 5343
1098840 5344
1098841 5345
1098842 5346
1098844 5347
1098845 5348
1098846 5349
1098848 5350
1098849 5351
1098850 5352
1099008 5353
1099009 5354
1099013 5355
1099016 5356
1099017 5357
1099021 5358
1099024 5359
1099025 5360
1099029 5361
1099032 5362
1099033 5363
1099036 5364
1099037 5365
1099040 5366
1099041 5367
1099072 5368
1099073 5369
1099074 5370
1099077 5371
1099078 5372
1099080 5373
1099081 5374
1099082 5375
1099085 5376
1099086 5377
1099088 5378
1099089 5379
1099090 5380
1099092 5381
1099094 5382
1099096 5383
1099097 5384
1099098 5385
1099100 5386
1099101 5387
1099102 5388
1099104 5389
1099105 5390
1099106 5391
1099264 5392
1099265 5393
1099269 5394
1099272 5395
1099273 5396
1099277 5397
1099280 5398
1099281 5399
1099284 5400
1099285 5401
1099289 5402
1099292 5403
1099293 5404
1099296 5405
1099297 5406
1099328 5407
1099329 5408
1099330 5409
1099333 5410
1099334 5411
1099336 5412
1099337 5413
1099338 5414
1099341 5415
1099342 5416
1099344 5417
1099345 5418
1099346 5419
1099348 5420
1099349 5421
1099350 5422
1099352 5423
1099354 5424
1099356 5425
1099357 5426
1099358 5427
1099360 5428
1099361 5429
1099362 5430
1099520 5431
1099521 5432
1099525 5433
1099528 5434
1099529 5435
1099533 5436
1099536 5437
1099537 5438
1099540 5439
1099541 5440
1099544 5441
1099545 5442
1099549 5443
1099552 5444
1099553 5445
1099584 5446
1099585 5447
1099586 5448
1099589 5449
1099590 5450
1099592 5451
1099593 5452
1099594 5453
1099597 5454
1099598 5455
1099600 5456
1099601 5457
1099602 5458
1099604 5459
1099605 5460
1099606 5461
1099608 5462
1099609 5463
1099610 5464
1099612 5465
1099614 5466
1099616 5467
1099617 5468
1099618 5469
1099776 5470
1099777 5471
1099781 5472
1099784 5473
1099785 5474
1099789 5475
1099792 5476
1099793 5477
1099796 5478
1099797 5479
1099800 5480
1099801 5481
1099804 5482
1099805 5483
1099809 5484
1099840 5485
1099841 5486
1099842 5487
1099845 5488
1099846 5489
1099848 5490
1099849 5491
1099850 5492
1099853 5493
1099854 5494
1099856 5495
1099857 5496
1099858 5497
1099860 5498
1099861 5499
1099862 5500
1099864 5501
1099865 5502
1099866 5503
1099868 5504
1099869 5505
1099870 5506
1099872 5507
1099874 5508
1102720 5509
1102721 5510
1102723 5511
1102725 5512
1102727 5513
1102728 5514
1102729 5515
1102731 5516
1102732 5517
1102735 5518
1102736 5519
1102737 5520
1102739 5521
1102740 5522
1102741 5523
1102743 5524
1102744 5525
1102745 5526
1102747 5527
1102748 5528
1102749 5529
1102751 5530
1102752 5531
1102753 5532
1102755 5533
1102848 5534
1102849 5535
1102850 5536
1102853 5537
1102854 5538
1102856 5539
1102857 5540
1102858 5541
1102860 5542
1102862 5543
1102865 5544
1102866 5545
1102868 5546
1102869 5547
1102870 5548
1102872 5549
1102873 5550
1102874 5551
1102876 5552
1102877 5553
1102878 5554
1102880 5555
1102881 5556
1102882 5557
1102912 5558
1102913 5559
1102914 5560
1102917 5561
1102918 5562
1102920 5563
1102921 5564
1102922 5565
1102924 5566
1102926 5567
1102928 5568
1102930 5569
1102932 5570
1102933 5571
1102934 5572
1102936 5573
1102937 5574
1102938 5575
1102940 5576
1102941 5577
1102942 5578
1102944 5579
1102945 5580
1102946 5581
1102976 5582
1102977 5583
1102978 5584
1102979 5585
1102981 5586
1102982 5587
1102983 5588
1102984 5589
1102985 5590
1102986 5591
1102987 5592
1102988 5593
1102990 5594
1102991 5595
1102992 5596
1102993 5597
1102995 5598
1102996 5599
1102997 5600
1102998 5601
1102999 5602
1103000 5603
1103001 5604
1103002 5605
1103003 5606
1103004 5607
1103005 5608
1103006 5609
1103007 5610
1103008 5611
1103009 5612
1103010 5613
1103011 5614
1103104 5615
1103105 5616
1103106 5617
1103109 5618
1103110 5619
1103112 5620
1103113 5621
1103114 5622
1103116 5623
1103118 5624
1103120 5625
1103121 5626
1103122 5627
1103125 5628
1103126 5629
1103128 5630
1103129 5631
1103130 5632
1103132 5633
1103133 5634
1103134 5635
1103136 5636
1103137 5637
1103138 5638
1103168 5639
1103169 5640
1103170 5641
1103173 5642
1103174 5643
1103176 5644
1103177 5645
1103178 5646
1103180 5647
1103182 5648
1103184 5649
1103185 5650
1103186 5651
1103188 5652
1103190 5653
1103192 5654
1103193 5655
1103194 5656
1103196 5657
1103197 5658
1103198 5659
1103200 5660
1103201 5661
1103202 5662
1103232 5663
1103233 5664
1103234 5665
1103235 5666
1103237 5667
1103238 5668
1103239 5669
1103240 5670
1103241 5671
1103242 5672
1103243 5673
1103244 5674
1103246 5675
1103247 5676
1103248 5677
1103249 5678
1103250 5679
1103251 5680
1103252 5681
1103253 5682
1103255 5683
1103256 5684
1103257 5685
1103258 5686
1103259 5687
1103260 5688
1103261 5689
1103262 5690
1103263 5691
1103264 5692
1103265 5693
1103266 5694
1103267 5695
1103360 5696
1103361 5697
1103362 5698
1103365 5699
1103366 5700
1103368 5701
1103369 5702
1103370 5703
1103372 5704
1103374 5705
1103376 5706
1103377 5707
1103378 5708
1103380 5709
1103381 5710
1103382 5711
1103385 5712
1103386 5713
1103388 5714
1103389 5715
1103390 5716
1103392 5717
1103393 5718
1103394 5719
1103424 5720
1103425 5721
1103426 5722
1103429 5723
1103430 5724
1103432 5725
1103433 5726
1103434 5727
1103436 5728
1103438 5729
1103440 5730
1103441 5731
1103442 5732
1103444 5733
1103445 5734
1103446 5735
1103448 5736
1103450 5737
1103452 5738
1103453 5739
1103454 5740
1103456 5741
1103457 5742
1103458 5743
1103488 5744
1103489 5745
1103490 5746
1103491 5747
1103493 5748
1103494 5749
1103495 5750
1103496 5751
1103497 5752
1103498 5753
1103499 5754
1103500 5755
1103502 5756
1103503 5757
1103504 5758
1103505 5759
1103506 5760
1103507 5761
1103508 5762
1103509 5763
1103510 5764
1103511 5765
1103512 5766
1103513 5767
1103515 5768
1103516 5769
1103517 5770
1103518 5771
1103519 5772
1103520 5773
1103521 5774
1103522 5775
1103523 5776
1103616 5777
1103617 5778
1103618 5779
1103621 5780
1103622 5781
1103624 5782
1103625 5783
1103626 5784
1103628 5785
1103630 5786
1103632 5787
1103633 5788
1103634 5789
1103636 5790
1103637 5791
1103638 5792
1103640 5793
1103641 5794
1103642 5795
1103645 5796
1103646 5797
1103648 5798
1103649 5799
1103650 5800
1103680 5801
1103681 5802
1103682 5803
1103685 5804
1103686 5805
1103688 5806
1103689 5807
1103690 5808
1103692 5809
1103694 5810
1103696 5811
1103697 5812
1103698 5813
1103700 5814
1103701 5815
1103702 5816
1103704 5817
1103705 5818
1103706 5819
1103708 5820
1103710 5821
1103712 5822
1103713 5823
1103714 5824
1103744 5825
1103745 5826
1103746 5827
1103747 5828
1103749 5829
1103750 5830
1103751 5831
1103752 5832
1103753 5833
1103754 5834
1103755 5835
1103756 5836
1103758 5837
1103759 5838
1103760 5839
1103761 5840
1103762 5841
1103763 5842
1103764 5843
1103765 5844
1103766 5845
1103767 5846
1103768 5847
1103769 5848
1103770 5849
1103771 5850
1103772 5851
1103773 5852
1103775 5853
1103776 5854
1103777 5855
1103778 5856
1103779 5857
1103872 5858
1103873 5859
1103874 5860
1103877 5861
1103878 5862
1103880 5863
1103881 5864
1103882 5865
1103884 5866
1103886 5867
1103888 5868
1103889 5869
1103890 5870
1103892 5871
1103893 5872
1103894 5873
1103896 5874
1103897 5875
1103898 5876
1103900 5877
1103901 5878
1103902 5879
1103905 5880
1103906 5881
1103936 5882
1103937 5883
1103938 5884
1103941 5885
1103942 5886
1103944 5887
1103945 5888
1103946 5889
1103948 5890
1103950 5891
1103952 5892
1103953 5893
1103954 5894
1103956 5895
1103957 5896
1103958 5897
1103960 5898
1103961 5899
1103962 5900
1103964 5901
1103965 5902
1103966 5903
1103968 5904
1103970 5905
1104000 5906
1104001 5907
1104002 5908
1104003 5909
1104005 5910
1104006 5911
1104007 5912
1104008 5913
1104009 5914
1104010 5915
1104011 5916
1104012 5917
1104014 5918
1104015 5919
1104016 5920
1104017 5921
1104018 5922
1104019 5923
1104020 5924
1104021 5925
1104022 5926
1104023 5927
1104024 5928
1104025 5929
1104026 5930
1104027 5931
1104028 5932
1104029 5933
1104030 5934
1104031 5935
1104032 5936
1104033 5937
1104035 5938
1115200 5939
1115201 5940
1115202 5941
1115205 5942
1115206 5943
1115208 5944
1115209 5945
1115210 5946
1115212 5947
1115213 5948
1115214 5949
1115218 5950
1115220 5951
1115221 5952
1115222 5953
1115224 5954
1115225 5955
1115226 5956
1115228 5957
1115229 5958
1115230 5959
1115232 5960
1115233 5961
1115234 5962
1115392 5963
1115393 5964
1115397 5965
1115400 5966
1115401 5967
1115404 5968
1115405 5969
1115409 5970
1115413 5971
1115416 5972
1115417 5973
1115420 5974
1115421 5975
1115424 5976
1115425 5977
1115456 5978
1115457 5979
1115458 5980
1115461 5981
1115462 5982
1115464 5983
1115465 5984
1115466 5985
1115468 5986
1115469 5987
1115470 5988
1115473 5989
1115474 5990
1115476 5991
1115478 5992
1115480 5993
1115481 5994
1115482 5995
1115484 5996
1115485 5997
1115486 5998
1115488 5999
1115489 6000
1115490 6001
1115648 6002
1115649 6003
1115653 6004
1115656 6005
1115657 6006
1115660 6007
1115661 6008
1115665 6009
1115668 6010
1115669 6011
1115673 6012
1115676 6013
1115677 6014
1115680 6015
1115681 6016
1115712 6017
1115713 6018
1115714 6019
1115717 6020
1115718 6021
1115720 6022
1115721 6023
1115722 6024
1115724 6025
1115725 6026
1115726 6027
1115729 6028
1115730 6029
1115732 6030
1115733 6031
1115734 6032
1115736 6033
1115738 6034
1115740 6035
1115741 6036
1115742 6037
1115744 6038
1115745 6039
1115746 6040
1115904 6041
1115905 6042
1115909 6043
1115912 6044
1115913 6045
1115916 6046
1115917 6047
1115921 6048
1115924 6049
1115925 6050
1115928 6051
1115929 6052
1115933 6053
1115936 6054
1115937 6055
1115968 6056
1115969 6057
1115970 6058
1115973 6059
1115974 6060
1115976 6061
1115977 6062
1115978 6063
1115980 6064
1115981 6065
1115982 6066
1115985 6067
1115986 6068
1115988 6069
1115989 6070
1115990 6071
1115992 6072
1115993 6073
1115994 6074
1115996 6075
1115998 6076
1116000 6077
1116001 6078
1116002 6079
1116160 6080
1116161 6081
1116165 6082
1116168 6083
1116169 6084
1116172 6085
1116173 6086
1116177 6087
1116180 6088
1116181 6089
1116184 6090
1116185 6091
1116188 6092
1116189 6093
1116193 6094
1116224 6095
1116225 6096
1116226 6097
1116229 6098
1116230 6099
1116232 6100
1116233 6101
1116234 6102
1116236 6103
1116237 6104
1116238 6105
1116241 6106
1116242 6107
1116244 6108
1116245 6109
1116246 6110
1116248 6111
1116249 6112
1116250 6113
1116252 6114
1116253 6115
1116254 6116
1116256 6117
1116258 6118
1119360 6119
1119361 6120
1119363 6121
1119365 6122
1119367 6123
1119368 6124
1119369 6125
1119371 6126
1119372 6127
1119373 6128
1119375 6129
1119376 6130
1119379 6131
1119380 6132
1119381 6133
1119383 6134
1119384 6135
1119385 6136
1119387 6137
1119388 6138
1119389 6139
1119391 6140
1119392 6141
1119393 6142
1119395 6143
1119488 6144
1119489 6145
1119490 6146
1119493 6147
1119494 6148
1119496 6149
1119497 6150
1119498 6151
1119500 6152
1119501 6153
1119502 6154
1119504 6155
1119506 6156
1119509 6157
1119510 6158
1119512 6159
1119513 6160
1119514 6161
1119516 6162
1119517 6163
1119518 6164
1119520 6165
1119521 6166
1119522 6167
1119552 6168
1119553 6169
1119554 6170
1119557 6171
1119558 6172
1119560 6173
1119561 6174
1119562 6175
1119564 6176
1119565 6177
1119566 6178
1119568 6179
1119570 6180
1119572 6181
1119574 6182
1119576 6183
1119577 6184
1119578 6185
1119580 6186
1119581 6187
1119582 6188
1119584 6189
1119585 6190
1119586 6191
1119616 6192
1119617 6193
1119618 6194
1119619 6195
1119621 6196
1119622 6197
1119623 6198
1119624 6199
1119625 6200
1119626 6201
1119627 6202
1119628 6203
1119629 6204
1119630 6205
1119631 6206
1119632 6207
1119634 6208
1119635 6209
1119636 6210
1119637 6211
1119639 6212
1119640 6213
1119641 6214
1119642 6215
1119643 6216
1119644 6217
1119645 6218
1119646 6219
1119647 6220
1119648 6221
1119649 6222
1119650 6223
1119651 6224
1119744 6225
1119745 6226
1119746 6227
1119749 6228
1119750 6229
1119752 6230
1119753 6231
1119754 6232
1119756 6233
1119757 6234
1119758 6235
1119760 6236
1119762 6237
1119764 6238
1119765 6239
1119766 6240
1119769 6241
1119770 6242
1119772 6243
1119773 6244
1119774 6245
1119776 6246
1119777 6247
1119778 6248
1119808 6249
1119809 6250
1119810 6251
1119813 6252
1119814 6253
1119816 6254
1119817 6255
1119818 6256
1119820 6257
1119821 6258
1119822 6259
1119824 6260
1119826 6261
1119828 6262
1119829 6263
1119830 6264
1119832 6265
1119834 6266
1119836 6267
1119837 6268
1119838 6269
1119840 6270
1119841 6271
1119842 6272
1119872 6273
1119873 6274
1119874 6275
1119875 6276
1119877 6277
1119878 6278
1119879 6279
1119880 6280
1119881 6281
1119882 6282
1119883 6283
1119884 6284
1119885 6285
1119886 6286
1119887 6287
1119888 6288
1119890 6289
1119891 6290
1119892 6291
1119893 6292
1119894 6293
1119895 6294
1119896 6295
1119897 6296
1119899 6297
1119900 6298
1119901 6299
1119902 6300
1119903 6301
1119904 6302
1119905 6303
1119906 6304
1119907 6305
1120000 6306
1120001 6307
1120002 6308
1120005 6309
1120006 6310
1120008 6311
1120009 6312
1120010 6313
1120012 6314
1120013 6315
1120014 6316
1120016 6317
1120018 6318
1120020 6319
1120021 6320
1120022 6321
1120024 6322
1120025 6323
1120026 6324
1120029 6325
1120030 6326
1120032 6327
1120033 6328
1120034 6329
1120064 6330
1120065 6331
1120066 6332
1120069 6333
1120070 6334
1120072 6335
1120073 6336
1120074 6337
1120076 6338
1120077 6339
1120078 6340
1120080 6341
1120082 6342
1120084 6343
1120085 6344
1120086 6345
1120088 6346
1120089 6347
1120090 6348
1120092 6349
1120094 6350
1120096 6351
1120097 6352
1120098 6353
1120128 6354
1120129 6355
1120130 6356
1120131 6357
1120133 6358
1120134 6359
1120135 6360
1120136 6361
1120137 6362
1120138 6363
1120139 6364
1120140 6365
1120141 6366
1120142 6367
1120143 6368
1120144 6369
1120146 6370
1120147 6371
1120148 6372
1120149 6373
1120150 6374
1120151 6375
1120152 6376
1120153 6377
1120154 6378
1120155 6379
1120156 6380
1120157 6381
1120159 6382
1120160 6383
1120161 6384
1120162 6385
1120163 6386
1120256 6387
1120257 6388
1120258 6389
1120261 6390
1120262 6391
1120264 6392
1120265 6393
1120266 6394
1120268 6395
1120269 6396
1120270 6397
1120272 6398
1120274 6399
1120276 6400
1120277 6401
1120278 6402
1120280 6403
1120281 6404
1120282 6405
1120284 6406
1120285 6407
1120286 6408
1120289 6409
1120290 6410
1120320 6411
1120321 6412
1120322 6413
1120325 6414
1120326 6415
1120328 6416
1120329 6417
1120330 6418
1120332 6419
1120333 6420
1120334 6421
1120336 6422
1120338 6423
1120340 6424
1120341 6425
1120342 6426
1120344 6427
1120345 6428
1120346 6429
1120348 6430
1120349 6431
1120350 6432
1120352 6433
1120354 6434
1120384 6435
1120385 6436
1120386 6437
1120387 6438
1120389 6439
1120390 6440
1120391 6441
1120392 6442
1120393 6443
1120394 6444
1120395 6445
1120396 6446
1120397 6447
1120398 6448
1120399 6449
1120400 6450
1120402 6451
1120403 6452
1120404 6453
1120405 6454
1120406 6455
1120407 6456
1120408 6457
1120409 6458
1120410 6459
1120411 6460
1120412 6461
1120413 6462
1120414 6463
1120415 6464
1120416 6465
1120417 6466
1120419 6467
1131840 6468
1131841 6469
1131842 6470
1131845 6471
1131846 6472
1131848 6473
1131849 6474
1131850 6475
1131852 6476
1131853 6477
1131854 6478
1131856 6479
1131857 6480
1131858 6481
1131862 6482
1131864 6483
1131865 6484
1131866 6485
1131868 6486
1131869 6487
1131870 6488
1131872 6489
1131873 6490
1131874 6491
1132032 6492
1132033 6493
1132037 6494
1132040 6495
1132041 6496
1132044 6497
1132045 6498
1132048 6499
1132049 6500
1132053 6501
1132057 6502
1132060 6503
1132061 6504
1132064 6505
1132065 6506
1132096 6507
1132097 6508
1132098 6509
1132101 6510
1132102 6511
1132104 6512
1132105 6513
1132106 6514
1132108 6515
1132109 6516
1132110 6517
1132112 6518
1132113 6519
1132114 6520
1132117 6521
1132118 6522
1132120 6523
1132122 6524
1132124 6525
1132125 6526
1132126 6527
1132128 6528
1132129 6529
1132130 6530
1132288 6531
1132289 6532
1132293 6533
1132296 6534
1132297 6535
1132300 6536
1132301 6537
1132304 6538
1132305 6539
1132309 6540
1132312 6541
1132313 6542
1132317 6543
1132320 6544
1132321 6545
1132352 6546
1132353 6547
1132354 6548
1132357 6549
1132358 6550
1132360 6551
1132361 6552
1132362 6553
1132364 6554
1132365 6555
1132366 6556
1132368 6557
1132369 6558
1132370 6559
1132373 6560
1132374 6561
1132376 6562
1132377 6563
1132378 6564
1132380 6565
1132382 6566
1132384 6567
1132385 6568
1132386 6569
1132544 6570
1132545 6571
1132549 6572
1132552 6573
1132553 6574
1132556 6575
1132557 6576
1132560 6577
1132561 6578
1132565 6579
1132568 6580
1132569 6581
1132572 6582
1132573 6583
1132577 6584
1132608 6585
1132609 6586
1132610 6587
1132613 6588
1132614 6589
1132616 6590
1132617 6591
1132618 6592
1132620 6593
1132621 6594
1132622 6595
1132624 6596
1132625 6597
1132626 6598
1132629 6599
1132630 6600
1132632 6601
1132633 6602
1132634 6603
1132636 6604
1132637 6605
1132638 6606
1132640 6607
1132642 6608
1136000 6609
1136001 6610
1136003 6611
1136005 6612
1136007 6613
1136008 6614
1136009 6615
1136011 6616
1136012 6617
1136013 6618
1136015 6619
1136016 6620
1136017 6621
1136019 6622
1136020 6623
1136023 6624
1136024 6625
1136025 6626
1136027 6627
1136028 6628
1136029 6629
1136031 6630
1136032 6631
1136033 6632
1136035 6633
1136128 6634
1136129 6635
1136130 6636
1136133 6637
1136134 6638
1136136 6639
1136137 6640
1136138 6641
1136140 6642
1136141 6643
1136142 6644
1136144 6645
1136145 6646
1136146 6647
1136148 6648
1136150 6649
1136153 6650
1136154 6651
1136156 6652
1136157 6653
1136158 6654
1136160 6655
1136161 6656
1136162 6657
1136192 6658
1136193 6659
1136194 6660
1136197 6661
1136198 6662
1136200 6663
1136201 6664
1136202 6665
1136204 6666
1136205 6667
1136206 6668
1136208 6669
1136209 6670
1136210 6671
1136212 6672
1136214 6673
1136216 6674
1136218 6675
1136220 6676
1136221 6677
1136222 6678
1136224 6679
1136225 6680
1136226 6681
1136256 6682
1136257 6683
1136258 6684
1136259 6685
1136261 6686
1136262 6687
1136263 6688
1136264 6689
1136265 6690
1136266 6691
1136267 6692
1136268 6693
1136269 6694
1136270 6695
1136271 6696
1136272 6697
1136273 6698
1136274 6699
1136275 6700
1136276 6701
1136278 6702
1136279 6703
1136280 6704
1136281 6705
1136283 6706
1136284 6707
1136285 6708
1136286 6709
1136287 6710
1136288 6711
1136289 6712
1136290 6713
1136291 6714
1136384 6715
1136385 6716
1136386 6717
1136389 6718
1136390 6719
1136392 6720
1136393 6721
1136394 6722
1136396 6723
1136397 6724
1136398 6725
1136400 6726
1136401 6727
1136402 6728
1136404 6729
1136406 6730
1136408 6731
1136409 6732
1136410 6733
1136413 6734
1136414 6735
1136416 6736
1136417 6737
1136418 6738
1136448 6739
1136449 6740
1136450 6741
1136453 6742
1136454 6743
1136456 6744
1136457 6745
1136458 6746
1136460 6747
1136461 6748
1136462 6749
1136464 6750
1136465 6751
1136466 6752
1136468 6753
1136470 6754
1136472 6755
1136473 6756
1136474 6757
1136476 6758
1136478 6759
1136480 6760
1136481 6761
1136482 6762
1136512 6763
1136513 6764
1136514 6765
1136515 6766
1136517 6767
1136518 6768
1136519 6769
1136520 6770
1136521 6771
1136522 6772
1136523 6773
1136524 6774
1136525 6775
1136526 6776
1136527 6777
1136528 6778
1136529 6779
1136530 6780
1136531 6781
1136532 6782
1136534 6783
1136535 6784
1136536 6785
1136537 6786
1136538 6787
1136539 6788
1136540 6789
1136541 6790
1136543 6791
1136544 6792
1136545 6793
1136546 6794
1136547 6795
1136640 6796
1136641 6797
1136642 6798
1136645 6799
1136646 6800
1136648 6801
1136649 6802
1136650 6803
1136652 6804
1136653 6805
1136654 6806
1136656 6807
1136657 6808
1136658 6809
1136660 6810
1136662 6811
1136664 6812
1136665 6813
1136666 6814
1136668 6815
1136669 6816
1136670 6817
1136673 6818
1136674 6819
1136704 6820
1136705 6821
1136706 6822
1136709 6823
1136710 6824
1136712 6825
1136713 6826
1136714 6827
1136716 6828
1136717 6829
1136718 6830
1136720 6831
1136721 6832
1136722 6833
1136724 6834
1136726 6835
1136728 6836
1136729 6837
1136730 6838
1136732 6839
1136733 6840
1136734 6841
1136736 6842
1136738 6843
1136768 6844
1136769 6845
1136770 6846
1136771 6847
1136773 6848
1136774 6849
1136775 6850
1136776 6851
1136777 6852
1136778 6853
1136779 6854
1136780 6855
1136781 6856
1136782 6857
1136783 6858
1136784 6859
1136785 6860
1136786 6861
1136787 6862
1136788 6863
1136790 6864
1136791 6865
1136792 6866
1136793 6867
1136794 6868
1136795 6869
1136796 6870
1136797 6871
1136798 6872
1136799 6873
1136800 6874
1136801 6875
1136803 6876
1148480 6877
1148481 6878
1148482 6879
1148485 6880
1148486 6881
1148488 6882
1148489 6883
1148490 6884
1148492 6885
1148493 6886
1148494 6887
1148496 6888
1148497 6889
1148498 6890
1148500 6891
1148501 6892
1148502 6893
1148506 6894
1148508 6895
1148509 6896
1148510 6897
1148512 6898
1148513 6899
1148514 6900
1148672 6901
1148673 6902
1148677 6903
1148680 6904
1148681 6905
1148684 6906
1148685 6907
1148688 6908
1148689 6909
1148692 6910
1148693 6911
1148697 6912
1148701 6913
1148704 6914
1148705 6915
1148736 6916
1148737 6917
1148738 6918
1148741 6919
1148742 6920
1148744 6921
1148745 6922
1148746 6923
1148748 6924
1148749 6925
1148750 6926
1148752 6927
1148753 6928
1148754 6929
1148756 6930
1148757 6931
1148758 6932
1148761 6933
1148762 6934
1148764 6935
1148766 6936
1148768 6937
1148769 6938
1148770 6939
1148928 6940
1148929 6941
1148933 6942
1148936 6943
1148937 6944
1148940 6945
1148941 6946
1148944 6947
1148945 6948
1148948 6949
1148949 6950
1148953 6951
1148956 6952
1148957 6953
1148961 6954
1148992 6955
1148993 6956
1148994 6957
1148997 6958
1148998 6959
1149000 6960
1149001 6961
1149002 6962
1149004 6963
1149005 6964
1149006 6965
1149008 6966
1149009 6967
1149010 6968
1149012 6969
1149013 6970
1149014 6971
1149017 6972
1149018 6973
1149020 6974
1149021 6975
1149022 6976
1149024 6977
1149026 6978
1152640 6979
1152641 6980
1152643 6981
1152645 6982
1152647 6983
1152648 6984
1152649 6985
1152651 6986
1152652 6987
1152653 6988
1152655 6989
1152656 6990
1152657 6991
1152659 6992
1152660 6993
1152661 6994
1152663 6995
1152664 6996
1152667 6997
1152668 6998
1152669 6999
1152671 7000
1152672 7001
1152673 7002
1152675 7003
1152768 7004
1152769 7005
1152770 7006
1152773 7007
1152774 7008
1152776 7009
1152777 7010
1152778 7011
1152780 7012
1152781 7013
1152782 7014
1152784 7015
1152785 7016
1152786 7017
1152788 7018
1152789 7019
1152790 7020
1152792 7021
1152794 7022
1152797 7023
1152798 7024
1152800 7025
1152801 7026
1152802 7027
1152832 7028
1152833 7029
1152834 7030
1152837 7031
1152838 7032
1152840 7033
1152841 7034
1152842 7035
1152844 7036
1152845 7037
1152846 7038
1152848 7039
1152849 7040
1152850 7041
1152852 7042
1152853 7043
1152854 7044
1152856 7045
1152858 7046
1152860 7047
1152862 7048
1152864 7049
1152865 7050
1152866 7051
1152896 7052
1152897 7053
1152898 7054
1152899 7055
1152901 7056
1152902 7057
1152903 7058
1152904 7059
1152905 7060
1152906 7061
1152907 7062
1152908 7063
1152909 7064
1152910 7065
1152911 7066
1152912 7067
1152913 7068
1152914 7069
1152915 7070
1152916 7071
1152917 7072
1152918 7073
1152919 7074
1152920 7075
1152922 7076
1152923 7077
1152924 7078
1152925 7079
1152927 7080
1152928 7081
1152929 7082
1152930 7083
1152931 7084
1153024 7085
1153025 7086
1153026 7087
1153029 7088
1153030 7089
1153032 7090
1153033 7091
1153034 7092
1153036 7093
1153037 7094
1153038 7095
1153040 7096
1153041 7097
1153042 7098
1153044 7099
1153045 7100
1153046 7101
1153048 7102
1153050 7103
1153052 7104
1153053 7105
1153054 7106
1153057 7107
1153058 7108
1153088 7109
1153089 7110
1153090 7111
1153093 7112
1153094 7113
1153096 7114
1153097 7115
1153098 7116
1153100 7117
1153101 7118
1153102 7119
1153104 7120
1153105 7121
1153106 7122
1153108 7123
1153109 7124
1153110 7125
1153112 7126
1153114 7127
1153116 7128
1153117 7129
1153118 7130
1153120 7131
1153122 7132
1153152 7133
1153153 7134
1153154 7135
1153155 7136
1153157 7137
1153158 7138
1153159 7139
1153160 7140
1153161 7141
1153162 7142
1153163 7143
1153164 7144
1153165 7145
1153166 7146
1153167 7147
1153168 7148
1153169 7149
1153170 7150
1153171 7151
1153172 7152
1153173 7153
1153174 7154
1153175 7155
1153176 7156
1153178 7157
1153179 7158
1153180 7159
1153181 7160
1153182 7161
1153183 7162
1153184 7163
1153185 7164
1153187 7165
1165120 7166
1165121 7167
1165122 7168
1165125 7169
1165126 7170
1165128 7171
1165129 7172
1165130 7173
1165132 7174
1165133 7175
1165134 7176
1165136 7177
1165137 7178
1165138 7179
1165140 7180
1165141 7181
1165142 7182
1165144 7183
1165145 7184
1165146 7185
1165150 7186
1165152 7187
1165153 7188
1165154 7189
1165312 7190
1165313 7191
1165317 7192
1165320 7193
1165321 7194
1165324 7195
1165325 7196
1165328 7197
1165329 7198
1165332 7199
1165333 7200
1165336 7201
1165337 7202
1165341 7203
1165345 7204
1165376 7205
1165377 7206
1165378 7207
1165381 7208
1165382 7209
1165384 7210
1165385 7211
1165386 7212
1165388 7213
1165389 7214
1165390 7215
1165392 7216
1165393 7217
1165394 7218
1165396 7219
1165397 7220
1165398 7221
1165400 7222
1165401 7223
1165402 7224
1165405 7225
1165406 7226
1165408 7227
1165410 7228
1169280 7229
1169281 7230
1169283 7231
1169285 7232
1169287 7233
1169288 7234
1169289 7235
1169291 7236
1169292 7237
1169293 7238
1169295 7239
1169296 7240
1169297 7241
1169299 7242
1169300 7243
1169301 7244
1169303 7245
1169304 7246
1169305 7247
1169307 7248
1169308 7249
1169311 7250
1169312 7251
1169313 7252
1169315 7253
1169408 7254
1169409 7255
1169410 7256
1169413 7257
1169414 7258
1169416 7259
1169417 7260
1169418 7261
1169420 7262
1169421 7263
1169422 7264
1169424 7265
1169425 7266
1169426 7267
1169428 7268
1169429 7269
1169430 7270
1169432 7271
1169433 7272
1169434 7273
1169436 7274
1169438 7275
1169441 7276
1169442 7277
1169472 7278
1169473 7279
1169474 7280
1169477 7281
1169478 7282
1169480 7283
1169481 7284
1169482 7285
1169484 7286
1169485 7287
1169486 7288
1169488 7289
1169489 7290
1169490 7291
1169492 7292
1169493 7293
1169494 7294
1169496 7295
1169497 7296
1169498 7297
1169500 7298
1169502 7299
1169504 7300
1169506 7301
1169536 7302
1169537 7303
1169538 7304
1169539 7305
1169541 7306
1169542 7307
1169543 7308
1169544 7309
1169545 7310
1169546 7311
1169547 7312
1169548 7313
1169549 7314
1169550 7315
1169551 7316
1169552 7317
1169553 7318
1169554 7319
1169555 7320
1169556 7321
1169557 7322
1169558 7323
1169559 7324
1169560 7325
1169561 7326
1169562 7327
1169563 7328
1169564 7329
1169566 7330
1169567 7331
1169568 7332
1169569 7333
1169571 7334
1181760 7335
1181761 7336
1181762 7337
1181765 7338
1181766 7339
1181768 7340
1181769 7341
1181770 7342
1181772 7343
1181773 7344
1181774 7345
1181776 7346
1181777 7347
1181778 7348
1181780 7349
1181781 7350
1181782 7351
1181784 7352
1181785 7353
1181786 7354
1181788 7355
1181789 7356
1181790 7357
1181794 7358
1185920 7359
1185921 7360
1185923 7361
1185925 7362
1185927 7363
1185928 7364
1185929 7365
1185931 7366
1185932 7367
1185933 7368
1185935 7369
1185936 7370
1185937 7371
1185939 7372
1185940 7373
1185941 7374
1185943 7375
1185944 7376
1185945 7377
1185947 7378
1185948 7379
1185949 7380
1185951 7381
1185952 7382
1185955 7383
2134656 7384
2134659 7385
2134660 7386
2134663 7387
2134667 7388
2134668 7389
2134671 7390
2134672 7391
2134675 7392
2134676 7393
2134679 7394
2134680 7395
2134683 7396
2134684 7397
2134687 7398
2134688 7399
2134691 7400
2134784 7401
2134785 7402
2134786 7403
2134788 7404
2134789 7405
2134790 7406
2134794 7407
2134797 7408
2134798 7409
2134800 7410
2134801 7411
2134802 7412
2134804 7413
2134805 7414
2134806 7415
2134808 7416
2134809 7417
2134810 7418
2134812 7419
2134813 7420
2134814 7421
2134816 7422
2134817 7423
2134818 7424
2134912 7425
2134914 7426
2134915 7427
2134916 7428
2134918 7429
2134919 7430
2134922 7431
2134923 7432
2134924 7433
2134927 7434
2134928 7435
2134930 7436
2134931 7437
2134932 7438
2134934 7439
2134935 7440
2134936 7441
2134938 7442
2134939 7443
2134940 7444
2134942 7445
2134943 7446
2134944 7447
2134946 7448
2134947 7449
2135040 7450
2135041 7451
2135042 7452
2135044 7453
2135045 7454
2135046 7455
2135050 7456
2135052 7457
2135053 7458
2135054 7459
2135057 7460
2135058 7461
2135060 7462
2135061 7463
2135062 7464
2135064 7465
2135065 7466
2135066 7467
2135068 7468
2135069 7469
2135070 7470
2135072 7471
2135073 7472
2135074 7473
2135168 7474
2135170 7475
2135171 7476
2135172 7477
2135174 7478
2135175 7479
2135178 7480
2135179 7481
2135180 7482
2135182 7483
2135183 7484
2135184 7485
2135187 7486
2135188 7487
2135190 7488
2135191 7489
2135192 7490
2135194 7491
2135195 7492
2135196 7493
2135198 7494
2135199 7495
2135200 7496
2135202 7497
2135203 7498
2135296 7499
2135297 7500
2135298 7501
2135300 7502
2135301 7503
2135302 7504
2135306 7505
2135308 7506
2135309 7507
2135310 7508
2135312 7509
2135313 7510
2135314 7511
2135317 7512
2135318 7513
2135320 7514
2135321 7515
2135322 7516
2135324 7517
2135325 7518
2135326 7519
2135328 7520
2135329 7521
2135330 7522
2135424 7523
2135426 7524
2135427 7525
2135428 7526
2135430 7527
2135431 7528
2135434 7529
2135435 7530
2135436 7531
2135438 7532
2135439 7533
2135440 7534
2135442 7535
2135443 7536
2135444 7537
2135447 7538
2135448 7539
2135450 7540
2135451 7541
2135452 7542
2135454 7543
2135455 7544
2135456 7545
2135458 7546
2135459 7547
2135552 7548
2135553 7549
2135554 7550
2135556 7551
2135557 7552
2135558 7553
2135562 7554
2135564 7555
2135565 7556
2135566 7557
2135568 7558
2135569 7559
2135570 7560
2135572 7561
2135573 7562
2135574 7563
2135577 7564
2135578 7565
2135580 7566
2135581 7567
2135582 7568
2135584 7569
2135585 7570
2135586 7571
2135680 7572
2135682 7573
2135683 7574
2135684 7575
2135686 7576
2135687 7577
2135690 7578
2135691 7579
2135692 7580
2135694 7581
2135695 7582
2135696 7583
2135698 7584
2135699 7585
2135700 7586
2135702 7587
2135703 7588
2135704 7589
2135707 7590
2135708 7591
2135710 7592
2135711 7593
2135712 7594
2135714 7595
2135715 7596
2135808 7597
2135809 7598
2135810 7599
2135812 7600
2135813 7601
2135814 7602
2135818 7603
2135820 7604
2135821 7605
2135822 7606
2135824 7607
2135825 7608
2135826 7609
2135828 7610
2135829 7611
2135830 7612
2135832 7613
2135833 7614
2135834 7615
2135837 7616
2135838 7617
2135840 7618
2135841 7619
2135842 7620
2135936 7621
2135938 7622
2135939 7623
2135940 7624
2135942 7625
2135943 7626
2135946 7627
2135947 7628
2135948 7629
2135950 7630
2135951 7631
2135952 7632
2135954 7633
2135955 7634
2135956 7635
2135958 7636
2135959 7637
2135960 7638
2135962 7639
2135963 7640
2135964 7641
2135967 7642
2135968 7643
2135970 7644
2135971 7645
2136064 7646
2136065 7647
2136066 7648
2136068 7649
2136069 7650
2136070 7651
2136074 7652
2136076 7653
2136077 7654
2136078 7655
2136080 7656
2136081 7657
2136082 7658
2136084 7659
2136085 7660
2136086 7661
2136088 7662
2136089 7663
2136090 7664
2136092 7665
2136093 7666
2136094 7667
2136097 7668
2136098 7669
2136192 7670
2136194 7671
2136195 7672
2136196 7673
2136198 7674
2136199 7675
2136202 7676
2136203 7677
2136204 7678
2136206 7679
2136207 7680
2136208 7681
2136210 7682
2136211 7683
2136212 7684
2136214 7685
2136215 7686
2136216 7687
2136218 7688
2136219 7689
2136220 7690
2136222 7691
2136223 7692
2136224 7693
2136227 7694
2147136 7695
2147137 7696
2147138 7697
2147140 7698
2147141 7699
2147142 7700
2147145 7701
2147146 7702
2147150 7703
2147152 7704
2147153 7705
2147154 7706
2147156 7707
2147157 7708
2147158 7709
2147160 7710
2147161 7711
2147162 7712
2147164 7713
2147165 7714
2147166 7715
2147168 7716
2147169 7717
2147170 7718
2147328 7719
2147329 7720
2147332 7721
2147333 7722
2147337 7723
2147341 7724
2147345 7725
2147348 7726
2147349 7727
2147352 7728
2147353 7729
2147356 7730
2147357 7731
2147360 7732
2147361 7733
2147392 7734
2147393 7735
2147394 7736
2147396 7737
2147397 7738
2147398 7739
2147401 7740
2147402 7741
2147405 7742
2147406 7743
2147408 7744
2147410 7745
2147412 7746
2147413 7747
2147414 7748
2147416 7749
2147417 7750
2147418 7751
2147420 7752
2147421 7753
2147422 7754
2147424 7755
2147425 7756
2147426 7757
2147584 7758
2147585 7759
2147588 7760
2147589 7761
2147593 7762
2147597 7763
2147600 7764
2147601 7765
2147605 7766
2147608 7767
2147609 7768
2147612 7769
2147613 7770
2147616 7771
2147617 7772
2147648 7773
2147649 7774
2147650 7775
2147652 7776
2147653 7777
2147654 7778
2147657 7779
2147658 7780
2147661 7781
2147662 7782
2147664 7783
2147665 7784
2147666 7785
2147668 7786
2147670 7787
2147672 7788
2147673 7789
2147674 7790
2147676 7791
2147677 7792
2147678 7793
2147680 7794
2147681 7795
2147682 7796
2147840 7797
2147841 7798
2147844 7799
2147845 7800
2147849 7801
2147853 7802
2147856 7803
2147857 7804
2147860 7805
2147861 7806
2147865 7807
2147868 7808
2147869 7809
2147872 7810
2147873 7811
2147904 7812
2147905 7813
2147906 7814
2147908 7815
2147909 7816
2147910 7817
2147913 7818
2147914 7819
2147917 7820
2147918 7821
2147920 7822
2147921 7823
2147922 7824
2147924 7825
2147925 7826
2147926 7827
2147928 7828
2147930 7829
2147932 7830
2147933 7831
2147934 7832
2147936 7833
2147937 7834
2147938 7835
2148096 7836
2148097 7837
2148100 7838
2148101 7839
2148105 7840
2148109 7841
2148112 7842
2148113 7843
2148116 7844
2148117 7845
2148120 7846
2148121 7847
2148125 7848
2148128 7849
2148129 7850
2148160 7851
2148161 7852
2148162 7853
2148164 7854
2148165 7855
2148166 7856
2148169 7857
2148170 7858
2148173 7859
2148174 7860
2148176 7861
2148177 7862
2148178 7863
2148180 7864
2148181 7865
2148182 7866
2148184 7867
2148185 7868
2148186 7869
2148188 7870
2148190 7871
2148192 7872
2148193 7873
2148194 7874
2148352 7875
2148353 7876
2148356 7877
2148357 7878
2148361 7879
2148365 7880
2148368 7881
2148369 7882
2148372 7883
2148373 7884
2148376 7885
2148377 7886
2148380 7887
2148381 7888
2148385 7889
2148416 7890
2148417 7891
2148418 7892
2148420 7893
2148421 7894
2148422 7895
2148425 7896
2148426 7897
2148429 7898
2148430 7899
2148432 7900
2148433 7901
2148434 7902
2148436 7903
2148437 7904
2148438 7905
2148440 7906
2148441 7907
2148442 7908
2148444 7909
2148445 7910
2148446 7911
2148448 7912
2148450 7913
2151296 7914
2151297 7915
2151299 7916
2151300 7917
2151301 7918
2151303 7919
2151305 7920
2151307 7921
2151308 7922
2151311 7923
2151312 7924
2151313 7925
2151315 7926
2151316 7927
2151317 7928
2151319 7929
2151320 7930
2151321 7931
2151323 7932
2151324 7933
2151325 7934
2151327 7935
2151328 7936
2151329 7937
2151331 7938
2151424 7939
2151425 7940
2151426 7941
2151428 7942
2151429 7943
2151430 7944
2151433 7945
2151434 7946
2151436 7947
2151438 7948
2151441 7949
2151442 7950
2151444 7951
2151445 7952
2151446 7953
2151448 7954
2151449 7955
2151450 7956
2151452 7957
2151453 7958
2151454 7959
2151456 7960
2151457 7961
2151458 7962
2151488 7963
2151489 7964
2151490 7965
2151492 7966
2151493 7967
2151494 7968
2151497 7969
2151498 7970
2151500 7971
2151502 7972
2151504 7973
2151506 7974
2151508 7975
2151509 7976
2151510 7977
2151512 7978
2151513 7979
2151514 7980
2151516 7981
2151517 7982
2151518 7983
2151520 7984
2151521 7985
2151522 7986
2151552 7987
2151553 7988
2151554 7989
2151555 7990
2151556 7991
2151557 7992
2151558 7993
2151559 7994
2151561 7995
2151562 7996
2151563 7997
2151564 7998
2151566 7999
2151567 8000
2151568 8001
2151569 8002
2151571 8003
2151572 8004
2151573 8005
2151574 8006
2151575 8007
2151576 8008
2151577 8009
2151578 8010
2151579 8011
2151580 8012
2151581 8013
2151582 8014
2151583 8015
2151584 8016
2151585 8017
2151586 8018
2151587 8019
2151680 8020
2151681 8021
2151682 8022
2151684 8023
2151685 8024
2151686 8025
2151689 8026
2151690 8027
2151692 8028
2151694 8029
2151696 8030
2151697 8031
2151698 8032
2151701 8033
2151702 8034
2151704 8035
2151705 8036
2151706 8037
2151708 8038
2151709 8039
2151710 8040
2151712 8041
2151713 8042
2151714 8043
2151744 8044
2151745 8045
2151746 8046
2151748 8047
2151749 8048
2151750 8049
2151753 8050
2151754 8051
2151756 8052
2151758 8053
2151760 8054
2151761 8055
2151762 8056
2151764 8057
2151766 8058
2151768 8059
2151769 8060
2151770 8061
2151772 8062
2151773 8063
2151774 8064
2151776 8065
2151777 8066
2151778 8067
2151808 8068
2151809 8069
2151810 8070
2151811 8071
2151812 8072
2151813 8073
2151814 8074
2151815 8075
2151817 8076
2151818 8077
2151819 8078
2151820 8079
2151822 8080
2151823 8081
2151824 8082
2151825 8083
2151826 8084
2151827 8085
2151828 8086
2151829 8087
2151831 8088
2151832 8089
2151833 8090
2151834 8091
2151835 8092
2151836 8093
2151837 8094
2151838 8095
2151839 8096
2151840 8097
2151841 8098
2151842 8099
2151843 8100
2151936 8101
2151937 8102
2151938 8103
2151940 8104
2151941 8105
2151942 8106
2151945 8107
2151946 8108
2151948 8109
2151950 8110
2151952 8111
2151953 8112
2151954 8113
2151956 8114
2151957 8115
2151958 8116
2151961 8117
2151962 8118
2151964 8119
2151965 8120
2151966 8121
2151968 8122
2151969 8123
2151970 8124
2152000 8125
2152001 8126
2152002 8127
2152004 8128
2152005 8129
2152006 8130
2152009 8131
2152010 8132
2152012 8133
2152014 8134
2152016 8135
2152017 8136
2152018 8137
2152020 8138
2152021 8139
2152022 8140
2152024 8141
2152026 8142
2152028 8143
2152029 8144
2152030 8145
2152032 8146
2152033 8147
2152034 8148
2152064 8149
2152065 8150
2152066 8151
2152067 8152
2152068 8153
2152069 8154
2152070 8155
2152071 8156
2152073 8157
2152074 8158
2152075 8159
2152076 8160
2152078 8161
2152079 8162
2152080 8163
2152081 8164
2152082 8165
2152083 8166
2152084 8167
2152085 8168
2152086 8169
2152087 8170
2152088 8171
2152089 8172
2152091 8173
2152092 8174
2152093 8175
2152094 8176
2152095 8177
2152096 8178
2152097 8179
2152098 8180
2152099 8181
2152192 8182
2152193 8183
2152194 8184
2152196 8185
2152197 8186
2152198 8187
2152201 8188
2152202 8189
2152204 8190
2152206 8191
2152208 8192
2152209 8193
2152210 8194
2152212 8195
2152213 8196
2152214 8197
2152216 8198
2152217 8199
2152218 8200
2152221 8201
2152222 8202
2152224 8203
2152225 8204
2152226 8205
2152256 8206
2152257 8207
2152258 8208
2152260 8209
2152261 8210
2152262 8211
2152265 8212
2152266 8213
2152268 8214
2152270 8215
2152272 8216
2152273 8217
2152274 8218
2152276 8219
2152277 8220
2152278 8221
2152280 8222
2152281 8223
2152282 8224
2152284 8225
2152286 8226
2152288 8227
2152289 8228
2152290 8229
2152320 8230
2152321 8231
2152322 8232
2152323 8233
2152324 8234
2152325 8235
2152326 8236
2152327 8237
2152329 8238
2152330 8239
2152331 8240
2152332 8241
2152334 8242
2152335 8243
2152336 8244
2152337 8245
2152338 8246
2152339 8247
2152340 8248
2152341 8249
2152342 8250
2152343 8251
2152344 8252
2152345 8253
2152346 8254
2152347 8255
2152348 8256
2152349 8257
2152351 8258
2152352 8259
2152353 8260
2152354 8261
2152355 8262
2152448 8263
2152449 8264
2152450 8265
2152452 8266
2152453 8267
2152454 8268
2152457 8269
2152458 8270
2152460 8271
2152462 8272
2152464 8273
2152465 8274
2152466 8275
2152468 8276
2152469 8277
2152470 8278
2152472 8279
2152473 8280
2152474 8281
2152476 8282
2152477 8283
2152478 8284
2152481 8285
2152482 8286
2152512 8287
2152513 8288
2152514 8289
2152516 8290
2152517 8291
2152518 8292
2152521 8293
2152522 8294
2152524 8295
2152526 8296
2152528 8297
2152529 8298
2152530 8299
2152532 8300
2152533 8301
2152534 8302
2152536 8303
2152537 8304
2152538 8305
2152540 8306
2152541 8307
2152542 8308
2152544 8309
2152546 8310
2152576 8311
2152577 8312
2152578 8313
2152579 8314
2152580 8315
2152581 8316
2152582 8317
2152583 8318
2152585 8319
2152586 8320
2152587 8321
2152588 8322
2152590 8323
2152591 8324
2152592 8325
2152593 8326
2152594 8327
2152595 8328
2152596 8329
2152597 8330
2152598 8331
2152599 8332
2152600 8333
2152601 8334
2152602 8335
2152603 8336
2152604 8337
2152605 8338
2152606 8339
2152607 8340
2152608 8341
2152609 8342
2152611 8343
2163776 8344
2163777 8345
2163778 8346
2163780 8347
2163781 8348
2163782 8349
2163785 8350
2163786 8351
2163788 8352
2163789 8353
2163790 8354
2163794 8355
2163796 8356
2163797 8357
2163798 8358
2163800 8359
2163801 8360
2163802 8361
2163804 8362
2163805 8363
2163806 8364
2163808 8365
2163809 8366
2163810 8367
2163968 8368
2163969 8369
2163972 8370
2163973 8371
2163977 8372
2163980 8373
2163981 8374
2163985 8375
2163989 8376
2163992 8377
2163993 8378
2163996 8379
2163997 8380
2164000 8381
2164001 8382
2164032 8383
2164033 8384
2164034 8385
2164036 8386
2164037 8387
2164038 8388
2164041 8389
2164042 8390
2164044 8391
2164045 8392
2164046 8393
2164049 8394
2164050 8395
2164052 8396
2164054 8397
2164056 8398
2164057 8399
2164058 8400
2164060 8401
2164061 8402
2164062 8403
2164064 8404
2164065 8405
2164066 8406
2164224 8407
2164225 8408
2164228 8409
2164229 8410
2164233 8411
2164236 8412
2164237 8413
2164241 8414
2164244 8415
2164245 8416
2164249 8417
2164252 8418
2164253 8419
2164256 8420
2164257 8421
2164288 8422
2164289 8423
2164290 8424
2164292 8425
2164293 8426
2164294 8427
2164297 8428
2164298 8429
2164300 8430
2164301 8431
2164302 8432
2164305 8433
2164306 8434
2164308 8435
2164309 8436
2164310 8437
2164312 8438
2164314 8439
2164316 8440
2164317 8441
2164318 8442
2164320 8443
2164321 8444
2164322 8445
2164480 8446
2164481 8447
2164484 8448
2164485 8449
2164489 8450
2164492 8451
2164493 8452
2164497 8453
2164500 8454
2164501 8455
2164504 8456
2164505 8457
2164509 8458
2164512 8459
2164513 8460
2164544 8461
2164545 8462
2164546 8463
2164548 8464
2164549 8465
2164550 8466
2164553 8467
2164554 8468
2164556 8469
2164557 8470
2164558 8471
2164561 8472
2164562 8473
2164564 8474
2164565 8475
2164566 8476
2164568 8477
2164569 8478
2164570 8479
2164572 8480
2164574 8481
2164576 8482
2164577 8483
2164578 8484
2164736 8485
2164737 8486
2164740 8487
2164741 8488
2164745 8489
2164748 8490
2164749 8491
2164753 8492
2164756 8493
2164757 8494
2164760 8495
2164761 8496
2164764 8497
2164765 8498
2164769 8499
2164800 8500
2164801 8501
2164802 8502
2164804 8503
2164805 8504
2164806 8505
2164809 8506
2164810 8507
2164812 8508
2164813 8509
2164814 8510
2164817 8511
2164818 8512
2164820 8513
2164821 8514
2164822 8515
2164824 8516
2164825 8517
2164826 8518
2164828 8519
2164829 8520
2164830 8521
2164832 8522
2164834 8523
2167936 8524
2167937 8525
2167939 8526
2167940 8527
2167941 8528
2167943 8529
2167945 8530
2167947 8531
2167948 8532
2167949 8533
2167951 8534
2167952 8535
2167955 8536
2167956 8537
2167957 8538
2167959 8539
2167960 8540
2167961 8541
2167963 8542
2167964 8543
2167965 8544
2167967 8545
2167968 8546
2167969 8547
2167971 8548
2168064 8549
2168065 8550
2168066 8551
2168068 8552
2168069 8553
2168070 8554
2168073 8555
2168074 8556
2168076 8557
2168077 8558
2168078 8559
2168080 8560
2168082 8561
2168085 8562
2168086 8563
2168088 8564
2168089 8565
2168090 8566
2168092 8567
2168093 8568
2168094 8569
2168096 8570
2168097 8571
2168098 8572
2168128 8573
2168129 8574
2168130 8575
2168132 8576
2168133 8577
2168134 8578
2168137 8579
2168138 8580
2168140 8581
2168141 8582
2168142 8583
2168144 8584
2168146 8585
2168148 8586
2168150 8587
2168152 8588
2168153 8589
2168154 8590
2168156 8591
2168157 8592
2168158 8593
2168160 8594
2168161 8595
2168162 8596
2168192 8597
2168193 8598
2168194 8599
2168195 8600
2168196 8601
2168197 8602
2168198 8603
2168199 8604
2168201 8605
2168202 8606
2168203 8607
2168204 8608
2168205 8609
2168206 8610
2168207 8611
2168208 8612
2168210 8613
2168211 8614
2168212 8615
2168213 8616
2168215 8617
2168216 8618
2168217 8619
2168218 8620
2168219 8621
2168220 8622
2168221 8623
2168222 8624
2168223 8625
2168224 8626
2168225 8627
2168226 8628
2168227 8629
2168320 8630
2168321 8631
2168322 8632
2168324 8633
2168325 8634
2168326 8635
2168329 8636
2168330 8637
2168332 8638
2168333 8639
2168334 8640
2168336 8641
2168338 8642
2168340 8643
2168341 8644
2168342 8645
2168345 8646
2168346 8647
2168348 8648
2168349 8649
2168350 8650
2168352 8651
2168353 8652
2168354 8653
2168384 8654
2168385 8655
2168386 8656
2168388 8657
2168389 8658
2168390 8659
2168393 8660
2168394 8661
2168396 8662
2168397 8663
2168398 8664
2168400 8665
2168402 8666
2168404 8667
2168405 8668
2168406 8669
2168408 8670
2168410 8671
2168412 8672
2168413 8673
2168414 8674
2168416 8675
2168417 8676
2168418 8677
2168448 8678
2168449 8679
2168450 8680
2168451 8681
2168452 8682
2168453 8683
2168454 8684
2168455 8685
2168457 8686
2168458 8687
2168459 8688
2168460 8689
2168461 8690
2168462 8691
2168463 8692
2168464 8693
2168466 8694
2168467 8695
2168468 8696
2168469 8697
2168470 8698
2168471 8699
2168472 8700
2168473 8701
2168475 8702
2168476 8703
2168477 8704
2168478 8705
2168479 8706
2168480 8707
2168481 8708
2168482 8709
2168483 8710
2168576 8711
2168577 8712
2168578 8713
2168580 8714
2168581 8715
2168582 8716
2168585 8717
2168586 8718
2168588 8719
2168589 8720
2168590 8721
2168592 8722
2168594 8723
2168596 8724
2168597 8725
2168598 8726
2168600 8727
2168601 8728
2168602 8729
2168605 8730
2168606 8731
2168608 8732
2168609 8733
2168610 8734
2168640 8735
2168641 8736
2168642 8737
2168644 8738
2168645 8739
2168646 8740
2168649 8741
2168650 8742
2168652 8743
2168653 8744
2168654 8745
2168656 8746
2168658 8747
2168660 8748
2168661 8749
2168662 8750
2168664 8751
2168665 8752
2168666 8753
2168668 8754
2168670 8755
2168672 8756
2168673 8757
2168674 8758
2168704 8759
2168705 8760
2168706 8761
2168707 8762
2168708 8763
2168709 8764
2168710 8765
2168711 8766
2168713 8767
2168714 8768
2168715 8769
2168716 8770
2168717 8771
2168718 8772
2168719 8773
2168720 8774
2168722 8775
2168723 8776
2168724 8777
2168725 8778
2168726 8779
2168727 8780
2168728 8781
2168729 8782
2168730 8783
2168731 8784
2168732 8785
2168733 8786
2168735 8787
2168736 8788
2168737 8789
2168738 8790
2168739 8791
2168832 8792
2168833 8793
2168834 8794
2168836 8795
2168837 8796
2168838 8797
2168841 8798
2168842 8799
2168844 8800
2168845 8801
2168846 8802
2168848 8803
2168850 8804
2168852 8805
2168853 8806
2168854 8807
2168856 8808
2168857 8809
2168858 8810
2168860 8811
2168861 8812
2168862 8813
2168865 8814
2168866 8815
2168896 8816
2168897 8817
2168898 8818
2168900 8819
2168901 8820
2168902 8821
2168905 8822
2168906 8823
2168908 8824
2168909 8825
2168910 8826
2168912 8827
2168914 8828
2168916 8829
2168917 8830
2168918 8831
2168920 8832
2168921 8833
2168922 8834
2168924 8835
2168925 8836
2168926 8837
2168928 8838
2168930 8839
2168960 8840
2168961 8841
2168962 8842
2168963 8843
2168964 8844
2168965 8845
2168966 8846
2168967 8847
2168969 8848
2168970 8849
2168971 8850
2168972 8851
2168973 8852
2168974 8853
2168975 8854
2168976 8855
2168978 8856
2168979 8857
2168980 8858
2168981 8859
2168982 8860
2168983 8861
2168984 8862
2168985 8863
2168986 8864
2168987 8865
2168988 8866
2168989 8867
2168990 8868
2168991 8869
2168992 8870
2168993 8871
2168995 8872
2180416 8873
2180417 8874
2180418 8875
2180420 8876
2180421 8877
2180422 8878
2180425 8879
2180426 8880
2180428 8881
2180429 8882
2180430 8883
2180432 8884
2180433 8885
2180434 8886
2180438 8887
2180440 8888
2180441 8889
2180442 8890
2180444 8891
2180445 8892
2180446 8893
2180448 8894
2180449 8895
2180450 8896
2180608 8897
2180609 8898
2180612 8899
2180613 8900
2180617 8901
2180620 8902
2180621 8903
2180624 8904
2180625 8905
2180629 8906
2180633 8907
2180636 8908
2180637 8909
2180640 8910
2180641 8911
2180672 8912
2180673 8913
2180674 8914
2180676 8915
2180677 8916
2180678 8917
2180681 8918
2180682 8919
2180684 8920
2180685 8921
2180686 8922
2180688 8923
2180689 8924
2180690 8925
2180693 8926
2180694 8927
2180696 8928
2180698 8929
2180700 8930
2180701 8931
2180702 8932
2180704 8933
2180705 8934
2180706 8935
2180864 8936
2180865 8937
2180868 8938
2180869 8939
2180873 8940
2180876 8941
2180877 8942
2180880 8943
2180881 8944
2180885 8945
2180888 8946
2180889 8947
2180893 8948
2180896 8949
2180897 8950
2180928 8951
2180929 8952
2180930 8953
2180932 8954
2180933 8955
2180934 8956
2180937 8957
2180938 8958
2180940 8959
2180941 8960
2180942 8961
2180944 8962
2180945 8963
2180946 8964
2180949 8965
2180950 8966
2180952 8967
2180953 8968
2180954 8969
2180956 8970
2180958 8971
2180960 8972
2180961 8973
2180962 8974
2181120 8975
2181121 8976
2181124 8977
2181125 8978
2181129 8979
2181132 8980
2181133 8981
2181136 8982
2181137 8983
2181141 8984
2181144 8985
2181145 8986
2181148 8987
2181149 8988
2181153 8989
2181184 8990
2181185 8991
2181186 8992
2181188 8993
2181189 8994
2181190 8995
2181193 8996
2181194 8997
2181196 8998
2181197 8999
2181198 9000
2181200 9001
2181201 9002
2181202 9003
2181205 9004
2181206 9005
2181208 9006
2181209 9007
2181210 9008
2181212 9009
2181213 9010
2181214 9011
2181216 9012
2181218 9013
2184576 9014
2184577 9015
2184579 9016
2184580 9017
2184581 9018
2184583 9019
2184585 9020
2184587 9021
2184588 9022
2184589 9023
2184591 9024
2184592 9025
2184593 9026
2184595 9027
2184596 9028
2184599 9029
2184600 9030
2184601 9031
2184603 9032
2184604 9033
2184605 9034
2184607 9035
2184608 9036
2184609 9037
2184611 9038
2184704 9039
2184705 9040
2184706 9041
2184708 9042
2184709 9043
2184710 9044
2184713 9045
2184714 9046
2184716 9047
2184717 9048
2184718 9049
2184720 9050
2184721 9051
2184722 9052
2184724 9053
2184726 9054
2184729 9055
2184730 9056
2184732 9057
2184733 9058
2184734 9059
2184736 9060
2184737 9061
2184738 9062
2184768 9063
2184769 9064
2184770 9065
2184772 9066
2184773 9067
2184774 9068
2184777 9069
2184778 9070
2184780 9071
2184781 9072
2184782 9073
2184784 9074
2184785 9075
2184786 9076
2184788 9077
2184790 9078
2184792 9079
2184794 9080
2184796 9081
2184797 9082
2184798 9083
2184800 9084
2184801 9085
2184802 9086
2184832 9087
2184833 9088
2184834 9089
2184835 9090
2184836 9091
2184837 9092
2184838 9093
2184839 9094
2184841 9095
2184842 9096
2184843 9097
2184844 9098
2184845 9099
2184846 9100
2184847 9101
2184848 9102
2184849 9103
2184850 9104
2184851 9105
2184852 9106
2184854 9107
2184855 9108
2184856 9109
2184857 9110
2184859 9111
2184860 9112
2184861 9113
2184862 9114
2184863 9115
2184864 9116
2184865 9117
2184866 9118
2184867 9119
2184960 9120
2184961 9121
2184962 9122
2184964 9123
2184965 9124
2184966 9125
2184969 9126
2184970 9127
2184972 9128
2184973 9129
2184974 9130
2184976 9131
2184977 9132
2184978 9133
2184980 9134
2184982 9135
2184984 9136
2184985 9137
2184986 9138
2184989 9139
2184990 9140
2184992 9141
2184993 9142
2184994 9143
2185024 9144
2185025 9145
2185026 9146
2185028 9147
2185029 9148
2185030 9149
2185033 9150
2185034 9151
2185036 9152
2185037 9153
2185038 9154
2185040 9155
2185041 9156
2185042 9157
2185044 9158
2185046 9159
2185048 9160
2185049 9161
2185050 9162
2185052 9163
2185054 9164
2185056 9165
2185057 9166
2185058 9167
2185088 9168
2185089 9169
2185090 9170
2185091 9171
2185092 9172
2185093 9173
2185094 9174
2185095 9175
2185097 9176
2185098 9177
2185099 9178
2185100 9179
2185101 9180
2185102 9181
2185103 9182
2185104 9183
2185105 9184
2185106 9185
2185107 9186
2185108 9187
2185110 9188
2185111 9189
2185112 9190
2185113 9191
2185114 9192
2185115 9193
2185116 9194
2185117 9195
2185119 9196
2185120 9197
2185121 9198
2185122 9199
2185123 9200
2185216 9201
2185217 9202
2185218 9203
2185220 9204
2185221 9205
2185222 9206
2185225 9207
2185226 9208
2185228 9209
2185229 9210
2185230 9211
2185232 9212
2185233 9213
2185234 9214
2185236 9215
2185238 9216
2185240 9217
2185241 9218
2185242 9219
2185244 9220
2185245 9221
2185246 9222
2185249 9223
2185250 9224
2185280 9225
2185281 9226
2185282 9227
2185284 9228
2185285 9229
2185286 9230
2185289 9231
2185290 9232
2185292 9233
2185293 9234
2185294 9235
2185296 9236
2185297 9237
2185298 9238
2185300 9239
2185302 9240
2185304 9241
2185305 9242
2185306 9243
2185308 9244
2185309 9245
2185310 9246
2185312 9247
2185314 9248
2185344 9249
2185345 9250
2185346 9251
2185347 9252
2185348 9253
2185349 9254
2185350 9255
2185351 9256
2185353 9257
2185354 9258
2185355 9259
2185356 9260
2185357 9261
2185358 9262
2185359 9263
2185360 9264
2185361 9265
2185362 9266
2185363 9267
2185364 9268
2185366 9269
2185367 9270
2185368 9271
2185369 9272
2185370 9273
2185371 9274
2185372 9275
2185373 9276
2185374 9277
2185375 9278
2185376 9279
2185377 9280
2185379 9281
2197056 9282
2197057 9283
2197058 9284
2197060 9285
2197061 9286
2197062 9287
2197065 9288
2197066 9289
2197068 9290
2197069 9291
2197070 9292
2197072 9293
2197073 9294
2197074 9295
2197076 9296
2197077 9297
2197078 9298
2197082 9299
2197084 9300
2197085 9301
2197086 9302
2197088 9303
2197089 9304
2197090 9305
2197248 9306
2197249 9307
2197252 9308
2197253 9309
2197257 9310
2197260 9311
2197261 9312
2197264 9313
2197265 9314
2197268 9315
2197269 9316
2197273 9317
2197277 9318
2197280 9319
2197281 9320
2197312 9321
2197313 9322
2197314 9323
2197316 9324
2197317 9325
2197318 9326
2197321 9327
2197322 9328
2197324 9329
2197325 9330
2197326 9331
2197328 9332
2197329 9333
2197330 9334
2197332 9335
2197333 9336
2197334 9337
2197337 9338
2197338 9339
2197340 9340
2197342 9341
2197344 9342
2197345 9343
2197346 9344
2197504 9345
2197505 9346
2197508 9347
2197509 9348
2197513 9349
2197516 9350
2197517 9351
2197520 9352
2197521 9353
2197524 9354
2197525 9355
2197529 9356
2197532 9357
2197533 9358
2197537 9359
2197568 9360
2197569 9361
2197570 9362
2197572 9363
2197573 9364
2197574 9365
2197577 9366
2197578 9367
2197580 9368
2197581 9369
2197582 9370
2197584 9371
2197585 9372
2197586 9373
2197588 9374
2197589 9375
2197590 9376
2197593 9377
2197594 9378
2197596 9379
2197597 9380
2197598 9381
2197600 9382
2197602 9383
2201216 9384
2201217 9385
2201219 9386
2201220 9387
2201221 9388
2201223 9389
2201225 9390
2201227 9391
2201228 9392
2201229 9393
2201231 9394
2201232 9395
2201233 9396
2201235 9397
2201236 9398
2201237 9399
2201239 9400
2201240 9401
2201243 9402
2201244 9403
2201245 9404
2201247 9405
2201248 9406
2201249 9407
2201251 9408
2201344 9409
2201345 9410
2201346 9411
2201348 9412
2201349 9413
2201350 9414
2201353 9415
2201354 9416
2201356 9417
2201357 9418
2201358 9419
2201360 9420
2201361 9421
2201362 9422
2201364 9423
2201365 9424
2201366 9425
2201368 9426
2201370 9427
2201373 9428
2201374 9429
2201376 9430
2201377 9431
2201378 9432
2201408 9433
2201409 9434
2201410 9435
2201412 9436
2201413 9437
2201414 9438
2201417 9439
2201418 9440
2201420 9441
2201421 9442
2201422 9443
2201424 9444
2201425 9445
2201426 9446
2201428 9447
2201429 9448
2201430 9449
2201432 9450
2201434 9451
2201436 9452
2201438 9453
2201440 9454
2201441 9455
2201442 9456
2201472 9457
2201473 9458
2201474 9459
2201475 9460
2201476 9461
2201477 9462
2201478 9463
2201479 9464
2201481 9465
2201482 9466
2201483 9467
2201484 9468
2201485 9469
2201486 9470
2201487 9471
2201488 9472
2201489 9473
2201490 9474
2201491 9475
2201492 9476
2201493 9477
2201494 9478
2201495 9479
2201496 9480
2201498 9481
2201499 9482
2201500 9483
2201501 9484
2201503 9485
2201504 9486
2201505 9487
2201506 9488
2201507 9489
2201600 9490
2201601 9491
2201602 9492
2201604 9493
2201605 9494
2201606 9495
2201609 9496
2201610 9497
2201612 9498
2201613 9499
2201614 9500
2201616 9501
2201617 9502
2201618 9503
2201620 9504
2201621 9505
2201622 9506
2201624 9507
2201626 9508
2201628 9509
2201629 9510
2201630 9511
2201633 9512
2201634 9513
2201664 9514
2201665 9515
2201666 9516
2201668 9517
2201669 9518
2201670 9519
2201673 9520
2201674 9521
2201676 9522
2201677 9523
2201678 9524
2201680 9525
2201681 9526
2201682 9527
2201684 9528
2201685 9529
2201686 9530
2201688 9531
2201690 9532
2201692 9533
2201693 9534
2201694 9535
2201696 9536
2201698 9537
2201728 9538
2201729 9539
2201730 9540
2201731 9541
2201732 9542
2201733 9543
2201734 9544
2201735 9545
2201737 9546
2201738 9547
2201739 9548
2201740 9549
2201741 9550
2201742 9551
2201743 9552
2201744 9553
2201745 9554
2201746 9555
2201747 9556
2201748 9557
2201749 9558
2201750 9559
2201751 9560
2201752 9561
2201754 9562
2201755 9563
2201756 9564
2201757 9565
2201758 9566
2201759 9567
2201760 9568
2201761 9569
2201763 9570
2213696 9571
2213697 9572
2213698 9573
2213700 9574
2213701 9575
2213702 9576
2213705 9577
2213706 9578
2213708 9579
2213709 9580
2213710 9581
2213712 9582
2213713 9583
2213714 9584
2213716 9585
2213717 9586
2213718 9587
2213720 9588
2213721 9589
2213722 9590
2213726 9591
2213728 9592
2213729 9593
2213730 9594
2213888 9595
2213889 9596
2213892 9597
2213893 9598
2213897 9599
2213900 9600
2213901 9601
2213904 9602
2213905 9603
2213908 9604
2213909 9605
2213912 9606
2213913 9607
2213917 9608
2213921 9609
2213952 9610
2213953 9611
2213954 9612
2213956 9613
2213957 9614
2213958 9615
2213961 9616
2213962 9617
2213964 9618
2213965 9619
2213966 9620
2213968 9621
2213969 9622
2213970 9623
2213972 9624
2213973 9625
2213974 9626
2213976 9627
2213977 9628
2213978 9629
2213981 9630
2213982 9631
2213984 9632
2213986 9633
2217856 9634
2217857 9635
2217859 9636
2217860 9637
2217861 9638
2217863 9639
2217865 9640
2217867 9641
2217868 9642
2217869 9643
2217871 9644
2217872 9645
2217873 9646
2217875 9647
2217876 9648
2217877 9649
2217879 9650
2217880 9651
2217881 9652
2217883 9653
2217884 9654
2217887 9655
2217888 9656
2217889 9657
2217891 9658
2217984 9659
2217985 9660
2217986 9661
2217988 9662
2217989 9663
2217990 9664
2217993 9665
2217994 9666
2217996 9667
2217997 9668
2217998 9669
2218000 9670
2218001 9671
2218002 9672
2218004 9673
2218005 9674
2218006 9675
2218008 9676
2218009 9677
2218010 9678
2218012 9679
2218014 9680
2218017 9681
2218018 9682
2218048 9683
2218049 9684
2218050 9685
2218052 9686
2218053 9687
2218054 9688
2218057 9689
2218058 9690
2218060 9691
2218061 9692
2218062 9693
2218064 9694
2218065 9695
2218066 9696
2218068 9697
2218069 9698
2218070 9699
2218072 9700
2218073 9701
2218074 9702
2218076 9703
2218078 9704
2218080 9705
2218082 9706
2218112 9707
2218113 9708
2218114 9709
2218115 9710
2218116 9711
2218117 9712
2218118 9713
2218119 9714
2218121 9715
2218122 9716
2218123 9717
2218124 9718
2218125 9719
2218126 9720
2218127 9721
2218128 9722
2218129 9723
2218130 9724
2218131 9725
2218132 9726
2218133 9727
2218134 9728
2218135 9729
2218136 9730
2218137 9731
2218138 9732
2218139 9733
2218140 9734
2218142 9735
2218143 9736
2218144 9737
2218145 9738
2218147 9739
2230336 9740
2230337 9741
2230338 9742
2230340 9743
2230341 9744
2230342 9745
2230345 9746
2230346 9747
2230348 9748
2230349 9749
2230350 9750
2230352 9751
2230353 9752
2230354 9753
2230356 9754
2230357 9755
2230358 9756
2230360 9757
2230361 9758
2230362 9759
2230364 9760
2230365 9761
2230366 9762
2230370 9763
2234496 9764
2234497 9765
2234499 9766
2234500 9767
2234501 9768
2234503 9769
2234505 9770
2234507 9771
2234508 9772
2234509 9773
2234511 9774
2234512 9775
2234513 9776
2234515 9777
2234516 9778
2234517 9779
2234519 9780
2234520 9781
2234521 9782
2234523 9783
2234524 9784
2234525 9785
2234527 9786
2234528 9787
2234531 9788
3199872 9789
3199875 9790
3199876 9791
3199879 9792
3199880 9793
3199883 9794
3199887 9795
3199888 9796
3199891 9797
3199892 9798
3199895 9799
3199896 9800
3199899 9801
3199900 9802
3199903 9803
3199904 9804
3199907 9805
3200000 9806
3200001 9807
3200002 9808
3200004 9809
3200005 9810
3200006 9811
3200008 9812
3200009 9813
3200010 9814
3200014 9815
3200017 9816
3200018 9817
3200020 9818
3200021 9819
3200022 9820
3200024 9821
3200025 9822
3200026 9823
3200028 9824
3200029 9825
3200030 9826
3200032 9827
3200033 9828
3200034 9829
3200128 9830
3200130 9831
3200131 9832
3200132 9833
3200134 9834
3200135 9835
3200136 9836
3200138 9837
3200139 9838
3200142 9839
3200143 9840
3200144 9841
3200147 9842
3200148 9843
3200150 9844
3200151 9845
3200152 9846
3200154 9847
3200155 9848
3200156 9849
3200158 9850
3200159 9851
3200160 9852
3200162 9853
3200163 9854
3200256 9855
3200257 9856
3200258 9857
3200260 9858
3200261 9859
3200262 9860
3200264 9861
3200265 9862
3200266 9863
3200270 9864
3200272 9865
3200273 9866
3200274 9867
3200277 9868
3200278 9869
3200280 9870
3200281 9871
3200282 9872
3200284 9873
3200285 9874
3200286 9875
3200288 9876
3200289 9877
3200290 9878
3200384 9879
3200386 9880
3200387 9881
3200388 9882
3200390 9883
3200391 9884
3200392 9885
3200394 9886
3200395 9887
3200398 9888
3200399 9889
3200400 9890
3200402 9891
3200403 9892
3200404 9893
3200407 9894
3200408 9895
3200410 9896
3200411 9897
3200412 9898
3200414 9899
3200415 9900
3200416 9901
3200418 9902
3200419 9903
3200512 9904
3200513 9905
3200514 9906
3200516 9907
3200517 9908
3200518 9909
3200520 9910
3200521 9911
3200522 9912
3200526 9913
3200528 9914
3200529 9915
3200530 9916
3200532 9917
3200533 9918
3200534 9919
3200537 9920
3200538 9921
3200540 9922
3200541 9923
3200542 9924
3200544 9925
3200545 9926
3200546 9927
3200640 9928
3200642 9929
3200643 9930
3200644 9931
3200646 9932
3200647 9933
3200648 9934
3200650 9935
3200651 9936
3200654 9937
3200655 9938
3200656 9939
3200658 9940
3200659 9941
3200660 9942
3200662 9943
3200663 9944
3200664 9945
3200667 9946
3200668 9947
3200670 9948
3200671 9949
3200672 9950
3200674 9951
3200675 9952
3200768 9953
3200769 9954
3200770 9955
3200772 9956
3200773 9957
3200774 9958
3200776 9959
3200777 9960
3200778 9961
3200782 9962
3200784 9963
3200785 9964
3200786 9965
3200788 9966
3200789 9967
3200790 9968
3200792 9969
3200793 9970
3200794 9971
3200797 9972
3200798 9973
3200800 9974
3200801 9975
3200802 9976
3200896 9977
3200898 9978
3200899 9979
3200900 9980
3200902 9981
3200903 9982
3200904 9983
3200906 9984
3200907 9985
3200910 9986
3200911 9987
3200912 9988
3200914 9989
3200915 9990
3200916 9991
3200918 9992
3200919 9993
3200920 9994
3200922 9995
3200923 9996
3200924 9997
3200927 9998
3200928 9999
3200930 10000
3200931 10001
3201024 10002
3201025 10003
3201026 10004
3201028 10005
3201029 10006
3201030 10007
3201032 10008
3201033 10009
3201034 10010
3201038 10011
3201040 10012
3201041 10013
3201042 10014
3201044 10015
3201045 10016
3201046 10017
3201048 10018
3201049 10019
3201050 10020
3201052 10021
3201053 10022
3201054 10023
3201057 10024
3201058 10025
3201152 10026
3201154 10027
3201155 10028
3201156 10029
3201158 10030
3201159 10031
3201160 10032
3201162 10033
3201163 10034
3201166 10035
3201167 10036
3201168 10037
3201170 10038
3201171 10039
3201172 10040
3201174 10041
3201175 10042
3201176 10043
3201178 10044
3201179 10045
3201180 10046
3201182 10047
3201183 10048
3201184 10049
3201187 10050
3212352 10051
3212353 10052
3212354 10053
3212356 10054
3212357 10055
3212358 10056
3212360 10057
3212361 10058
3212362 10059
3212365 10060
3212366 10061
3212370 10062
3212372 10063
3212373 10064
3212374 10065
3212376 10066
3212377 10067
3212378 10068
3212380 10069
3212381 10070
3212382 10071
3212384 10072
3212385 10073
3212386 10074
3212544 10075
3212545 10076
3212548 10077
3212549 10078
3212552 10079
3212553 10080
3212557 10081
3212561 10082
3212565 10083
3212568 10084
3212569 10085
3212572 10086
3212573 10087
3212576 10088
3212577 10089
3212608 10090
3212609 10091
3212610 10092
3212612 10093
3212613 10094
3212614 10095
3212616 10096
3212617 10097
3212618 10098
3212621 10099
3212622 10100
3212625 10101
3212626 10102
3212628 10103
3212630 10104
3212632 10105
3212633 10106
3212634 10107
3212636 10108
3212637 10109
3212638 10110
3212640 10111
3212641 10112
3212642 10113
3212800 10114
3212801 10115
3212804 10116
3212805 10117
3212808 10118
3212809 10119
3212813 10120
3212817 10121
3212820 10122
3212821 10123
3212825 10124
3212828 10125
3212829 10126
3212832 10127
3212833 10128
3212864 10129
3212865 10130
3212866 10131
3212868 10132
3212869 10133
3212870 10134
3212872 10135
3212873 10136
3212874 10137
3212877 10138
3212878 10139
3212881 10140
3212882 10141
3212884 10142
3212885 10143
3212886 10144
3212888 10145
3212890 10146
3212892 10147
3212893 10148
3212894 10149
3212896 10150
3212897 10151
3212898 10152
3213056 10153
3213057 10154
3213060 10155
3213061 10156
3213064 10157
3213065 10158
3213069 10159
3213073 10160
3213076 10161
3213077 10162
3213080 10163
3213081 10164
3213085 10165
3213088 10166
3213089 10167
3213120 10168
3213121 10169
3213122 10170
3213124 10171
3213125 10172
3213126 10173
3213128 10174
3213129 10175
3213130 10176
3213133 10177
3213134 10178
3213137 10179
3213138 10180
3213140 10181
3213141 10182
3213142 10183
3213144 10184
3213145 10185
3213146 10186
3213148 10187
3213150 10188
3213152 10189
3213153 10190
3213154 10191
3213312 10192
3213313 10193
3213316 10194
3213317 10195
3213320 10196
3213321 10197
3213325 10198
3213329 10199
3213332 10200
3213333 10201
3213336 10202
3213337 10203
3213340 10204
3213341 10205
3213345 10206
3213376 10207
3213377 10208
3213378 10209
3213380 10210
3213381 10211
3213382 10212
3213384 10213
3213385 10214
3213386 10215
3213389 10216
3213390 10217
3213393 10218
3213394 10219
3213396 10220
3213397 10221
3213398 10222
3213400 10223
3213401 10224
3213402 10225
3213404 10226
3213405 10227
3213406 10228
3213408 10229
3213410 10230
3216512 10231
3216513 10232
3216515 10233
3216516 10234
3216517 10235
3216519 10236
3216520 10237
3216521 10238
3216523 10239
3216525 10240
3216527 10241
3216528 10242
3216531 10243
3216532 10244
3216533 10245
3216535 10246
3216536 10247
3216537 10248
3216539 10249
3216540 10250
3216541 10251
3216543 10252
3216544 10253
3216545 10254
3216547 10255
3216640 10256
3216641 10257
3216642 10258
3216644 10259
3216645 10260
3216646 10261
3216648 10262
3216649 10263
3216650 10264
3216653 10265
3216654 10266
3216656 10267
3216658 10268
3216661 10269
3216662 10270
3216664 10271
3216665 10272
3216666 10273
3216668 10274
3216669 10275
3216670 10276
3216672 10277
3216673 10278
3216674 10279
3216704 10280
3216705 10281
3216706 10282
3216708 10283
3216709 10284
3216710 10285
3216712 10286
3216713 10287
3216714 10288
3216717 10289
3216718 10290
3216720 10291
3216722 10292
3216724 10293
3216726 10294
3216728 10295
3216729 10296
3216730 10297
3216732 10298
3216733 10299
3216734 10300
3216736 10301
3216737 10302
3216738 10303
3216768 10304
3216769 10305
3216770 10306
3216771 10307
3216772 10308
3216773 10309
3216774 10310
3216775 10311
3216776 10312
3216777 10313
3216778 10314
3216779 10315
3216781 10316
3216782 10317
3216783 10318
3216784 10319
3216786 10320
3216787 10321
3216788 10322
3216789 10323
3216791 10324
3216792 10325
3216793 10326
3216794 10327
3216795 10328
3216796 10329
3216797 10330
3216798 10331
3216799 10332
3216800 10333
3216801 10334
3216802 10335
3216803 10336
3216896 10337
3216897 10338
3216898 10339
3216900 10340
3216901 10341
3216902 10342
3216904 10343
3216905 10344
3216906 10345
3216909 10346
3216910 10347
3216912 10348
3216914 10349
3216916 10350
3216917 10351
3216918 10352
3216921 10353
3216922 10354
3216924 10355
3216925 10356
3216926 10357
3216928 10358
3216929 10359
3216930 10360
3216960 10361
3216961 10362
3216962 10363
3216964 10364
3216965 10365
3216966 10366
3216968 10367
3216969 10368
3216970 10369
3216973 10370
3216974 10371
3216976 10372
3216978 10373
3216980 10374
3216981 10375
3216982 10376
3216984 10377
3216986 10378
3216988 10379
3216989 10380
3216990 10381
3216992 10382
3216993 10383
3216994 10384
3217024 10385
3217025 10386
3217026 10387
3217027 10388
3217028 10389
3217029 10390
3217030 10391
3217031 10392
3217032 10393
3217033 10394
3217034 10395
3217035 10396
3217037 10397
3217038 10398
3217039 10399
3217040 10400
3217042 10401
3217043 10402
3217044 10403
3217045 10404
3217046 10405
3217047 10406
3217048 10407
3217049 10408
3217051 10409
3217052 10410
3217053 10411
3217054 10412
3217055 10413
3217056 10414
3217057 10415
3217058 10416
3217059 10417
3217152 10418
3217153 10419
3217154 10420
3217156 10421
3217157 10422
3217158 10423
3217160 10424
3217161 10425
3217162 10426
3217165 10427
3217166 10428
3217168 10429
3217170 10430
3217172 10431
3217173 10432
3217174 10433
3217176 10434
3217177 10435
3217178 10436
3217181 10437
3217182 10438
3217184 10439
3217185 10440
3217186 10441
3217216 10442
3217217 10443
3217218 10444
3217220 10445
3217221 10446
3217222 10447
3217224 10448
3217225 10449
3217226 10450
3217229 10451
3217230 10452
3217232 10453
3217234 10454
3217236 10455
3217237 10456
3217238 10457
3217240 10458
3217241 10459
3217242 10460
3217244 10461
3217246 10462
3217248 10463
3217249 10464
3217250 10465
3217280 10466
3217281 10467
3217282 10468
3217283 10469
3217284 10470
3217285 10471
3217286 10472
3217287 10473
3217288 10474
3217289 10475
3217290 10476
3217291 10477
3217293 10478
3217294 10479
3217295 10480
3217296 10481
3217298 10482
3217299 10483
3217300 10484
3217301 10485
3217302 10486
3217303 10487
3217304 10488
3217305 10489
3217306 10490
3217307 10491
3217308 10492
3217309 10493
3217311 10494
3217312 10495
3217313 10496
3217314 10497
3217315 10498
3217408 10499
3217409 10500
3217410 10501
3217412 10502
3217413 10503
3217414 10504
3217416 10505
3217417 10506
3217418 10507
3217421 10508
3217422 10509
3217424 10510
3217426 10511
3217428 10512
3217429 10513
3217430 10514
3217432 10515
3217433 10516
3217434 10517
3217436 10518
3217437 10519
3217438 10520
3217441 10521
3217442 10522
3217472 10523
3217473 10524
3217474 10525
3217476 10526
3217477 10527
3217478 10528
3217480 10529
3217481 10530
3217482 10531
3217485 10532
3217486 10533
3217488 10534
3217490 10535
3217492 10536
3217493 10537
3217494 10538
3217496 10539
3217497 10540
3217498 10541
3217500 10542
3217501 10543
3217502 10544
3217504 10545
3217506 10546
3217536 10547
3217537 10548
3217538 10549
3217539 10550
3217540 10551
3217541 10552
3217542 10553
3217543 10554
3217544 10555
3217545 10556
3217546 10557
3217547 10558
3217549 10559
3217550 10560
3217551 10561
3217552 10562
3217554 10563
3217555 10564
3217556 10565
3217557 10566
3217558 10567
3217559 10568
3217560 10569
3217561 10570
3217562 10571
3217563 10572
3217564 10573
3217565 10574
3217566 10575
3217567 10576
3217568 10577
3217569 10578
3217571 10579
3228992 10580
3228993 10581
3228994 10582
3228996 10583
3228997 10584
3228998 10585
3229000 10586
3229001 10587
3229002 10588
3229005 10589
3229006 10590
3229008 10591
3229009 10592
3229010 10593
3229014 10594
3229016 10595
3229017 10596
3229018 10597
3229020 10598
3229021 10599
3229022 10600
3229024 10601
3229025 10602
3229026 10603
3229184 10604
3229185 10605
3229188 10606
3229189 10607
3229192 10608
3229193 10609
3229197 10610
3229200 10611
3229201 10612
3229205 10613
3229209 10614
3229212 10615
3229213 10616
3229216 10617
3229217 10618
3229248 10619
3229249 10620
3229250 10621
3229252 10622
3229253 10623
3229254 10624
3229256 10625
3229257 10626
3229258 10627
3229261 10628
3229262 10629
3229264 10630
3229265 10631
3229266 10632
3229269 10633
3229270 10634
3229272 10635
3229274 10636
3229276 10637
3229277 10638
3229278 10639
3229280 10640
3229281 10641
3229282 10642
3229440 10643
3229441 10644
3229444 10645
3229445 10646
3229448 10647
3229449 10648
3229453 10649
3229456 10650
3229457 10651
3229461 10652
3229464 10653
3229465 10654
3229469 10655
3229472 10656
3229473 10657
3229504 10658
3229505 10659
3229506 10660
3229508 10661
3229509 10662
3229510 10663
3229512 10664
3229513 10665
3229514 10666
3229517 10667
3229518 10668
3229520 10669
3229521 10670
3229522 10671
3229525 10672
3229526 10673
3229528 10674
3229529 10675
3229530 10676
3229532 10677
3229534 10678
3229536 10679
3229537 10680
3229538 10681
3229696 10682
3229697 10683
3229700 10684
3229701 10685
3229704 10686
3229705 10687
3229709 10688
3229712 10689
3229713 10690
3229717 10691
3229720 10692
3229721 10693
3229724 10694
3229725 10695
3229729 10696
3229760 10697
3229761 10698
3229762 10699
3229764 10700
3229765 10701
3229766 10702
3229768 10703
3229769 10704
3229770 10705
3229773 10706
3229774 10707
3229776 10708
3229777 10709
3229778 10710
3229781 10711
3229782 10712
3229784 10713
3229785 10714
3229786 10715
3229788 10716
3229789 10717
3229790 10718
3229792 10719
3229794 10720
3233152 10721
3233153 10722
3233155 10723
3233156 10724
3233157 10725
3233159 10726
3233160 10727
3233161 10728
3233163 10729
3233165 10730
3233167 10731
3233168 10732
3233169 10733
3233171 10734
3233172 10735
3233175 10736
3233176 10737
3233177 10738
3233179 10739
3233180 10740
3233181 10741
3233183 10742
3233184 10743
3233185 10744
3233187 10745
3233280 10746
3233281 10747
3233282 10748
3233284 10749
3233285 10750
3233286 10751
3233288 10752
3233289 10753
3233290 10754
3233293 10755
3233294 10756
3233296 10757
3233297 10758
3233298 10759
3233300 10760
3233302 10761
3233305 10762
3233306 10763
3233308 10764
3233309 10765
3233310 10766
3233312 10767
3233313 10768
3233314 10769
3233344 10770
3233345 10771
3233346 10772
3233348 10773
3233349 10774
3233350 10775
3233352 10776
3233353 10777
3233354 10778
3233357 10779
3233358 10780
3233360 10781
3233361 10782
3233362 10783
3233364 10784
3233366 10785
3233368 10786
3233370 10787
3233372 10788
3233373 10789
3233374 10790
3233376 10791
3233377 10792
3233378 10793
3233408 10794
3233409 10795
3233410 10796
3233411 10797
3233412 10798
3233413 10799
3233414 10800
3233415 10801
3233416 10802
3233417 10803
3233418 10804
3233419 10805
3233421 10806
3233422 10807
3233423 10808
3233424 10809
3233425 10810
3233426 10811
3233427 10812
3233428 10813
3233430 10814
3233431 10815
3233432 10816
3233433 10817
3233435 10818
3233436 10819
3233437 10820
3233438 10821
3233439 10822
3233440 10823
3233441 10824
3233442 10825
3233443 10826
3233536 10827
3233537 10828
3233538 10829
3233540 10830
3233541 10831
3233542 10832
3233544 10833
3233545 10834
3233546 10835
3233549 10836
3233550 10837
3233552 10838
3233553 10839
3233554 10840
3233556 10841
3233558 10842
3233560 10843
3233561 10844
3233562 10845
3233565 10846
3233566 10847
3233568 10848
3233569 10849
3233570 10850
3233600 10851
3233601 10852
3233602 10853
3233604 10854
3233605 10855
3233606 10856
3233608 10857
3233609 10858
3233610 10859
3233613 10860
3233614 10861
3233616 10862
3233617 10863
3233618 10864
3233620 10865
3233622 10866
3233624 10867
3233625 10868
3233626 10869
3233628 10870
3233630 10871
3233632 10872
3233633 10873
3233634 10874
3233664 10875
3233665 10876
3233666 10877
3233667 10878
3233668 10879
3233669 10880
3233670 10881
3233671 10882
3233672 10883
3233673 10884
3233674 10885
3233675 10886
3233677 10887
3233678 10888
3233679 10889
3233680 10890
3233681 10891
3233682 10892
3233683 10893
3233684 10894
3233686 10895
3233687 10896
3233688 10897
3233689 10898
3233690 10899
3233691 10900
3233692 10901
3233693 10902
3233695 10903
3233696 10904
3233697 10905
3233698 10906
3233699 10907
3233792 10908
3233793 10909
3233794 10910
3233796 10911
3233797 10912
3233798 10913
3233800 10914
3233801 10915
3233802 10916
3233805 10917
3233806 10918
3233808 10919
3233809 10920
3233810 10921
3233812 10922
3233814 10923
3233816 10924
3233817 10925
3233818 10926
3233820 10927
3233821 10928
3233822 10929
3233825 10930
3233826 10931
3233856 10932
3233857 10933
3233858 10934
3233860 10935
3233861 10936
3233862 10937
3233864 10938
3233865 10939
3233866 10940
3233869 10941
3233870 10942
3233872 10943
3233873 10944
3233874 10945
3233876 10946
3233878 10947
3233880 10948
3233881 10949
3233882 10950
3233884 10951
3233885 10952
3233886 10953
3233888 10954
3233890 10955
3233920 10956
3233921 10957
3233922 10958
3233923 10959
3233924 10960
3233925 10961
3233926 10962
3233927 10963
3233928 10964
3233929 10965
3233930 10966
3233931 10967
3233933 10968
3233934 10969
3233935 10970
3233936 10971
3233937 10972
3233938 10973
3233939 10974
3233940 10975
3233942 10976
3233943 10977
3233944 10978
3233945 10979
3233946 10980
3233947 10981
3233948 10982
3233949 10983
3233950 10984
3233951 10985
3233952 10986
3233953 10987
3233955 10988
3245632 10989
3245633 10990
3245634 10991
3245636 10992
3245637 10993
3245638 10994
3245640 10995
3245641 10996
3245642 10997
3245645 10998
3245646 10999
3245648 11000
3245649 11001
3245650 11002
3245652 11003
3245653 11004
3245654 11005
3245658 11006
3245660 11007
3245661 11008
3245662 11009
3245664 11010
3245665 11011
3245666 11012
3245824 11013
3245825 11014
3245828 11015
3245829 11016
3245832 11017
3245833 11018
3245837 11019
3245840 11020
3245841 11021
3245844 11022
3245845 11023
3245849 11024
3245853 11025
3245856 11026
3245857 11027
3245888 11028
3245889 11029
3245890 11030
3245892 11031
3245893 11032
3245894 11033
3245896 11034
3245897 11035
3245898 11036
3245901 11037
3245902 11038
3245904 11039
3245905 11040
3245906 11041
3245908 11042
3245909 11043
3245910 11044
3245913 11045
3245914 11046
3245916 11047
3245918 11048
3245920 11049
3245921 11050
3245922 11051
3246080 11052
3246081 11053
3246084 11054
3246085 11055
3246088 11056
3246089 11057
3246093 11058
3246096 11059
3246097 11060
3246100 11061
3246101 11062
3246105 11063
3246108 11064
3246109 11065
3246113 11066
3246144 11067
3246145 11068
3246146 11069
3246148 11070
3246149 11071
3246150 11072
3246152 11073
3246153 11074
3246154 11075
3246157 11076
3246158 11077
3246160 11078
3246161 11079
3246162 11080
3246164 11081
3246165 11082
3246166 11083
3246169 11084
3246170 11085
3246172 11086
3246173 11087
3246174 11088
3246176 11089
3246178 11090
3249792 11091
3249793 11092
3249795 11093
3249796 11094
3249797 11095
3249799 11096
3249800 11097
3249801 11098
3249803 11099
3249805 11100
3249807 11101
3249808 11102
3249809 11103
3249811 11104
3249812 11105
3249813 11106
3249815 11107
3249816 11108
3249819 11109
3249820 11110
3249821 11111
3249823 11112
3249824 11113
3249825 11114
3249827 11115
3249920 11116
3249921 11117
3249922 11118
3249924 11119
3249925 11120
3249926 11121
3249928 11122
3249929 11123
3249930 11124
3249933 11125
3249934 11126
3249936 11127
3249937 11128
3249938 11129
3249940 11130
3249941 11131
3249942 11132
3249944 11133
3249946 11134
3249949 11135
3249950 11136
3249952 11137
3249953 11138
3249954 11139
3249984 11140
3249985 11141
3249986 11142
3249988 11143
3249989 11144
3249990 11145
3249992 11146
3249993 11147
3249994 11148
3249997 11149
3249998 11150
3250000 11151
3250001 11152
3250002 11153
3250004 11154
3250005 11155
3250006 11156
3250008 11157
3250010 11158
3250012 11159
3250014 11160
3250016 11161
3250017 11162
3250018 11163
3250048 11164
3250049 11165
3250050 11166
3250051 11167
3250052 11168
3250053 11169
3250054 11170
3250055 11171
3250056 11172
3250057 11173
3250058 11174
3250059 11175
3250061 11176
3250062 11177
3250063 11178
3250064 11179
3250065 11180
3250066 11181
3250067 11182
3250068 11183
3250069 11184
3250070 11185
3250071 11186
3250072 11187
3250074 11188
3250075 11189
3250076 11190
3250077 11191
3250079 11192
3250080 11193
3250081 11194
3250082 11195
3250083 11196
3250176 11197
3250177 11198
3250178 11199
3250180 11200
3250181 11201
3250182 11202
3250184 11203
3250185 11204
3250186 11205
3250189 11206
3250190 11207
3250192 11208
3250193 11209
3250194 11210
3250196 11211
3250197 11212
3250198 11213
3250200 11214
3250202 11215
3250204 11216
3250205 11217
3250206 11218
3250209 11219
3250210 11220
3250240 11221
3250241 11222
3250242 11223
3250244 11224
3250245 11225
3250246 11226
3250248 11227
3250249 11228
3250250 11229
3250253 11230
3250254 11231
3250256 11232
3250257 11233
3250258 11234
3250260 11235
3250261 11236
3250262 11237
3250264 11238
3250266 11239
3250268 11240
3250269 11241
3250270 11242
3250272 11243
3250274 11244
3250304 11245
3250305 11246
3250306 11247
3250307 11248
3250308 11249
3250309 11250
3250310 11251
3250311 11252
3250312 11253
3250313 11254
3250314 11255
3250315 11256
3250317 11257
3250318 11258
3250319 11259
3250320 11260
3250321 11261
3250322 11262
3250323 11263
3250324 11264
3250325 11265
3250326 11266
3250327 11267
3250328 11268
3250330 11269
3250331 11270
3250332 11271
3250333 11272
3250334 11273
3250335 11274
3250336 11275
3250337 11276
3250339 11277
3262272 11278
3262273 11279
3262274 11280
3262276 11281
3262277 11282
3262278 11283
3262280 11284
3262281 11285
3262282 11286
3262285 11287
3262286 11288
3262288 11289
3262289 11290
3262290 11291
3262292 11292
3262293 11293
3262294 11294
3262296 11295
3262297 11296
3262298 11297
3262302 11298
3262304 11299
3262305 11300
3262306 11301
3262464 11302
3262465 11303
3262468 11304
3262469 11305
3262472 11306
3262473 11307
3262477 11308
3262480 11309
3262481 11310
3262484 11311
3262485 11312
3262488 11313
3262489 11314
3262493 11315
3262497 11316
3262528 11317
3262529 11318
3262530 11319
3262532 11320
3262533 11321
3262534 11322
3262536 11323
3262537 11324
3262538 11325
3262541 11326
3262542 11327
3262544 11328
3262545 11329
3262546 11330
3262548 11331
3262549 11332
3262550 11333
3262552 11334
3262553 11335
3262554 11336
3262557 11337
3262558 11338
3262560 11339
3262562 11340
3266432 11341
3266433 11342
3266435 11343
3266436 11344
3266437 11345
3266439 11346
3266440 11347
3266441 11348
3266443 11349
3266445 11350
3266447 11351
3266448 11352
3266449 11353
3266451 11354
3266452 11355
3266453 11356
3266455 11357
3266456 11358
3266457 11359
3266459 11360
3266460 11361
3266463 11362
3266464 11363
3266465 11364
3266467 11365
3266560 11366
3266561 11367
3266562 11368
3266564 11369
3266565 11370
3266566 11371
3266568 11372
3266569 11373
3266570 11374
3266573 11375
3266574 11376
3266576 11377
3266577 11378
3266578 11379
3266580 11380
3266581 11381
3266582 11382
3266584 11383
3266585 11384
3266586 11385
3266588 11386
3266590 11387
3266593 11388
3266594 11389
3266624 11390
3266625 11391
3266626 11392
3266628 11393
3266629 11394
3266630 11395
3266632 11396
3266633 11397
3266634 11398
3266637 11399
3266638 11400
3266640 11401
3266641 11402
3266642 11403
3266644 11404
3266645 11405
3266646 11406
3266648 11407
3266649 11408
3266650 11409
3266652 11410
3266654 11411
3266656 11412
3266658 11413
3266688 11414
3266689 11415
3266690 11416
3266691 11417
3266692 11418
3266693 11419
3266694 11420
3266695 11421
3266696 11422
3266697 11423
3266698 11424
3266699 11425
3266701 11426
3266702 11427
3266703 11428
3266704 11429
3266705 11430
3266706 11431
3266707 11432
3266708 11433
3266709 11434
3266710 11435
3266711 11436
3266712 11437
3266713 11438
3266714 11439
3266715 11440
3266716 11441
3266718 11442
3266719 11443
3266720 11444
3266721 11445
3266723 11446
3278912 11447
3278913 11448
3278914 11449
3278916 11450
3278917 11451
3278918 11452
3278920 11453
3278921 11454
3278922 11455
3278925 11456
3278926 11457
3278928 11458
3278929 11459
3278930 11460
3278932 11461
3278933 11462
3278934 11463
3278936 11464
3278937 11465
3278938 11466
3278940 11467
3278941 11468
3278942 11469
3278946 11470
3283072 11471
3283073 11472
3283075 11473
3283076 11474
3283077 11475
3283079 11476
3283080 11477
3283081 11478
3283083 11479
3283085 11480
3283087 11481
3283088 11482
3283089 11483
3283091 11484
3283092 11485
3283093 11486
3283095 11487
3283096 11488
3283097 11489
3283099 11490
3283100 11491
3283101 11492
3283103 11493
3283104 11494
3283107 11495
4265088 11496
4265091 11497
4265092 11498
4265095 11499
4265096 11500
4265099 11501
4265100 11502
4265103 11503
4265107 11504
4265108 11505
4265111 11506
4265112 11507
4265115 11508
4265116 11509
4265119 11510
4265120 11511
4265123 11512
4265216 11513
4265217 11514
4265218 11515
4265220 11516
4265221 11517
4265222 11518
4265224 11519
4265225 11520
4265226 11521
4265228 11522
4265229 11523
4265230 11524
4265234 11525
4265237 11526
4265238 11527
4265240 11528
4265241 11529
4265242 11530
4265244 11531
4265245 11532
4265246 11533
4265248 11534
4265249 11535
4265250 11536
4265344 11537
4265346 11538
4265347 11539
4265348 11540
4265350 11541
4265351 11542
4265352 11543
4265354 11544
4265355 11545
4265356 11546
4265358 11547
4265359 11548
4265362 11549
4265363 11550
4265364 11551
4265367 11552
4265368 11553
4265370 11554
4265371 11555
4265372 11556
4265374 11557
4265375 11558
4265376 11559
4265378 11560
4265379 11561
4265472 11562
4265473 11563
4265474 11564
4265476 11565
4265477 11566
4265478 11567
4265480 11568
4265481 11569
4265482 11570
4265484 11571
4265485 11572
4265486 11573
4265490 11574
4265492 11575
4265493 11576
4265494 11577
4265497 11578
4265498 11579
4265500 11580
4265501 11581
4265502 11582
4265504 11583
4265505 11584
4265506 11585
4265600 11586
4265602 11587
4265603 11588
4265604 11589
4265606 11590
4265607 11591
4265608 11592
4265610 11593
4265611 11594
4265612 11595
4265614 11596
4265615 11597
4265618 11598
4265619 11599
4265620 11600
4265622 11601
4265623 11602
4265624 11603
4265627 11604
4265628 11605
4265630 11606
4265631 11607
4265632 11608
4265634 11609
4265635 11610
4265728 11611
4265729 11612
4265730 11613
4265732 11614
4265733 11615
4265734 11616
4265736 11617
4265737 11618
4265738 11619
4265740 11620
4265741 11621
4265742 11622
4265746 11623
4265748 11624
4265749 11625
4265750 11626
4265752 11627
4265753 11628
4265754 11629
4265757 11630
4265758 11631
4265760 11632
4265761 11633
4265762 11634
4265856 11635
4265858 11636
4265859 11637
4265860 11638
4265862 11639
4265863 11640
4265864 11641
4265866 11642
4265867 11643
4265868 11644
4265870 11645
4265871 11646
4265874 11647
4265875 11648
4265876 11649
4265878 11650
4265879 11651
4265880 11652
4265882 11653
4265883 11654
4265884 11655
4265887 11656
4265888 11657
4265890 11658
4265891 11659
4265984 11660
4265985 11661
4265986 11662
4265988 11663
4265989 11664
4265990 11665
4265992 11666
4265993 11667
4265994 11668
4265996 11669
4265997 11670
4265998 11671
4266002 11672
4266004 11673
4266005 11674
4266006 11675
4266008 11676
4266009 11677
4266010 11678
4266012 11679
4266013 11680
4266014 11681
4266017 11682
4266018 11683
4266112 11684
4266114 11685
4266115 11686
4266116 11687
4266118 11688
4266119 11689
4266120 11690
4266122 11691
4266123 11692
4266124 11693
4266126 11694
4266127 11695
4266130 11696
4266131 11697
4266132 11698
4266134 11699
4266135 11700
4266136 11701
4266138 11702
4266139 11703
4266140 11704
4266142 11705
4266143 11706
4266144 11707
4266147 11708
4277568 11709
4277569 11710
4277570 11711
4277572 11712
4277573 11713
4277574 11714
4277576 11715
4277577 11716
4277578 11717
4277580 11718
4277581 11719
4277582 11720
4277585 11721
4277586 11722
4277590 11723
4277592 11724
4277593 11725
4277594 11726
4277596 11727
4277597 11728
4277598 11729
4277600 11730
4277601 11731
4277602 11732
4277760 11733
4277761 11734
4277764 11735
4277765 11736
4277768 11737
4277769 11738
4277772 11739
4277773 11740
4277777 11741
4277781 11742
4277785 11743
4277788 11744
4277789 11745
4277792 11746
4277793 11747
4277824 11748
4277825 11749
4277826 11750
4277828 11751
4277829 11752
4277830 11753
4277832 11754
4277833 11755
4277834 11756
4277836 11757
4277837 11758
4277838 11759
4277841 11760
4277842 11761
4277845 11762
4277846 11763
4277848 11764
4277850 11765
4277852 11766
4277853 11767
4277854 11768
4277856 11769
4277857 11770
4277858 11771
4278016 11772
4278017 11773
4278020 11774
4278021 11775
4278024 11776
4278025 11777
4278028 11778
4278029 11779
4278033 11780
4278037 11781
4278040 11782
4278041 11783
4278045 11784
4278048 11785
4278049 11786
4278080 11787
4278081 11788
4278082 11789
4278084 11790
4278085 11791
4278086 11792
4278088 11793
4278089 11794
4278090 11795
4278092 11796
4278093 11797
4278094 11798
4278097 11799
4278098 11800
4278101 11801
4278102 11802
4278104 11803
4278105 11804
4278106 11805
4278108 11806
4278110 11807
4278112 11808
4278113 11809
4278114 11810
4278272 11811
4278273 11812
4278276 11813
4278277 11814
4278280 11815
4278281 11816
4278284 11817
4278285 11818
4278289 11819
4278293 11820
4278296 11821
4278297 11822
4278300 11823
4278301 11824
4278305 11825
4278336 11826
4278337 11827
4278338 11828
4278340 11829
4278341 11830
4278342 11831
4278344 11832
4278345 11833
4278346 11834
4278348 11835
4278349 11836
4278350 11837
4278353 11838
4278354 11839
4278357 11840
4278358 11841
4278360 11842
4278361 11843
4278362 11844
4278364 11845
4278365 11846
4278366 11847
4278368 11848
4278370 11849
4281728 11850
4281729 11851
4281731 11852
4281732 11853
4281733 11854
4281735 11855
4281736 11856
4281737 11857
4281739 11858
4281740 11859
4281741 11860
4281743 11861
4281745 11862
4281747 11863
4281748 11864
4281751 11865
4281752 11866
4281753 11867
4281755 11868
4281756 11869
4281757 11870
4281759 11871
4281760 11872
4281761 11873
4281763 11874
4281856 11875
4281857 11876
4281858 11877
4281860 11878
4281861 11879
4281862 11880
4281864 11881
4281865 11882
4281866 11883
4281868 11884
4281869 11885
4281870 11886
4281873 11887
4281874 11888
4281876 11889
4281878 11890
4281881 11891
4281882 11892
4281884 11893
4281885 11894
4281886 11895
4281888 11896
4281889 11897
4281890 11898
4281920 11899
4281921 11900
4281922 11901
4281924 11902
4281925 11903
4281926 11904
4281928 11905
4281929 11906
4281930 11907
4281932 11908
4281933 11909
4281934 11910
4281937 11911
4281938 11912
4281940 11913
4281942 11914
4281944 11915
4281946 11916
4281948 11917
4281949 11918
4281950 11919
4281952 11920
4281953 11921
4281954 11922
4281984 11923
4281985 11924
4281986 11925
4281987 11926
4281988 11927
4281989 11928
4281990 11929
4281991 11930
4281992 11931
4281993 11932
4281994 11933
4281995 11934
4281996 11935
4281997 11936
4281998 11937
4281999 11938
4282001 11939
4282002 11940
4282003 11941
4282004 11942
4282006 11943
4282007 11944
4282008 11945
4282009 11946
4282011 11947
4282012 11948
4282013 11949
4282014 11950
4282015 11951
4282016 11952
4282017 11953
4282018 11954
4282019 11955
4282112 11956
4282113 11957
4282114 11958
4282116 11959
4282117 11960
4282118 11961
4282120 11962
4282121 11963
4282122 11964
4282124 11965
4282125 11966
4282126 11967
4282129 11968
4282130 11969
4282132 11970
4282134 11971
4282136 11972
4282137 11973
4282138 11974
4282141 11975
4282142 11976
4282144 11977
4282145 11978
4282146 11979
4282176 11980
4282177 11981
4282178 11982
4282180 11983
4282181 11984
4282182 11985
4282184 11986
4282185 11987
4282186 11988
4282188 11989
4282189 11990
4282190 11991
4282193 11992
4282194 11993
4282196 11994
4282198 11995
4282200 11996
4282201 11997
4282202 11998
4282204 11999
4282206 12000
4282208 12001
4282209 12002
4282210 12003
4282240 12004
4282241 12005
4282242 12006
4282243 12007
4282244 12008
4282245 12009
4282246 12010
4282247 12011
4282248 12012
4282249 12013
4282250 12014
4282251 12015
4282252 12016
4282253 12017
4282254 12018
4282255 12019
4282257 12020
4282258 12021
4282259 12022
4282260 12023
4282262 12024
4282263 12025
4282264 12026
4282265 12027
4282266 12028
4282267 12029
4282268 12030
4282269 12031
4282271 12032
4282272 12033
4282273 12034
4282274 12035
4282275 12036
4282368 12037
4282369 12038
4282370 12039
4282372 12040
4282373 12041
4282374 12042
4282376 12043
4282377 12044
4282378 12045
4282380 12046
4282381 12047
4282382 12048
4282385 12049
4282386 12050
4282388 12051
4282390 12052
4282392 12053
4282393 12054
4282394 12055
4282396 12056
4282397 12057
4282398 12058
4282401 12059
4282402 12060
4282432 12061
4282433 12062
4282434 12063
4282436 12064
4282437 12065
4282438 12066
4282440 12067
4282441 12068
4282442 12069
4282444 12070
4282445 12071
4282446 12072
4282449 12073
4282450 12074
4282452 12075
4282454 12076
4282456 12077
4282457 12078
4282458 12079
4282460 12080
4282461 12081
4282462 12082
4282464 12083
4282466 12084
4282496 12085
4282497 12086
4282498 12087
4282499 12088
4282500 12089
4282501 12090
4282502 12091
4282503 12092
4282504 12093
4282505 12094
4282506 12095
4282507 12096
4282508 12097
4282509 12098
4282510 12099
4282511 12100
4282513 12101
4282514 12102
4282515 12103
4282516 12104
4282518 12105
4282519 12106
4282520 12107
4282521 12108
4282522 12109
4282523 12110
4282524 12111
4282525 12112
4282526 12113
4282527 12114
4282528 12115
4282529 12116
4282531 12117
4294208 12118
4294209 12119
4294210 12120
4294212 12121
4294213 12122
4294214 12123
4294216 12124
4294217 12125
4294218 12126
4294220 12127
4294221 12128
4294222 12129
4294225 12130
4294226 12131
4294228 12132
4294229 12133
4294230 12134
4294234 12135
4294236 12136
4294237 12137
4294238 12138
4294240 12139
4294241 12140
4294242 12141
4294400 12142
4294401 12143
4294404 12144
4294405 12145
4294408 12146
4294409 12147
4294412 12148
4294413 12149
4294417 12150
4294420 12151
4294421 12152
4294425 12153
4294429 12154
4294432 12155
4294433 12156
4294464 12157
4294465 12158
4294466 12159
4294468 12160
4294469 12161
4294470 12162
4294472 12163
4294473 12164
4294474 12165
4294476 12166
4294477 12167
4294478 12168
4294481 12169
4294482 12170
4294484 12171
4294485 12172
4294486 12173
4294489 12174
4294490 12175
4294492 12176
4294494 12177
4294496 12178
4294497 12179
4294498 12180
4294656 12181
4294657 12182
4294660 12183
4294661 12184
4294664 12185
4294665 12186
4294668 12187
4294669 12188
4294673 12189
4294676 12190
4294677 12191
4294681 12192
4294684 12193
4294685 12194
4294689 12195
4294720 12196
4294721 12197
4294722 12198
4294724 12199
4294725 12200
4294726 12201
4294728 12202
4294729 12203
4294730 12204
4294732 12205
4294733 12206
4294734 12207
4294737 12208
4294738 12209
4294740 12210
4294741 12211
4294742 12212
4294745 12213
4294746 12214
4294748 12215
4294749 12216
4294750 12217
4294752 12218
4294754 12219
4298368 12220
4298369 12221
4298371 12222
4298372 12223
4298373 12224
4298375 12225
4298376 12226
4298377 12227
4298379 12228
4298380 12229
4298381 12230
4298383 12231
4298385 12232
4298387 12233
4298388 12234
4298389 12235
4298391 12236
4298392 12237
4298395 12238
4298396 12239
4298397 12240
4298399 12241
4298400 12242
4298401 12243
4298403 12244
4298496 12245
4298497 12246
4298498 12247
4298500 12248
4298501 12249
4298502 12250
4298504 12251
4298505 12252
4298506 12253
4298508 12254
4298509 12255
4298510 12256
4298513 12257
4298514 12258
4298516 12259
4298517 12260
4298518 12261
4298520 12262
4298522 12263
4298525 12264
4298526 12265
4298528 12266
4298529 12267
4298530 12268
4298560 12269
4298561 12270
4298562 12271
4298564 12272
4298565 12273
4298566 12274
4298568 12275
4298569 12276
4298570 12277
4298572 12278
4298573 12279
4298574 12280
4298577 12281
4298578 12282
4298580 12283
4298581 12284
4298582 12285
4298584 12286
4298586 12287
4298588 12288
4298590 12289
4298592 12290
4298593 12291
4298594 12292
4298624 12293
4298625 12294
4298626 12295
4298627 12296
4298628 12297
4298629 12298
4298630 12299
4298631 12300
4298632 12301
4298633 12302
4298634 12303
4298635 12304
4298636 12305
4298637 12306
4298638 12307
4298639 12308
4298641 12309
4298642 12310
4298643 12311
4298644 12312
4298645 12313
4298646 12314
4298647 12315
4298648 12316
4298650 12317
4298651 12318
4298652 12319
4298653 12320
4298655 12321
4298656 12322
4298657 12323
4298658 12324
4298659 12325
4298752 12326
4298753 12327
4298754 12328
4298756 12329
4298757 12330
4298758 12331
4298760 12332
4298761 12333
4298762 12334
4298764 12335
4298765 12336
4298766 12337
4298769 12338
4298770 12339
4298772 12340
4298773 12341
4298774 12342
4298776 12343
4298778 12344
4298780 12345
4298781 12346
4298782 12347
4298785 12348
4298786 12349
4298816 12350
4298817 12351
4298818 12352
4298820 12353
4298821 12354
4298822 12355
4298824 12356
4298825 12357
4298826 12358
4298828 12359
4298829 12360
4298830 12361
4298833 12362
4298834 12363
4298836 12364
4298837 12365
4298838 12366
4298840 12367
4298842 12368
4298844 12369
4298845 12370
4298846 12371
4298848 12372
4298850 12373
4298880 12374
4298881 12375
4298882 12376
4298883 12377
4298884 12378
4298885 12379
4298886 12380
4298887 12381
4298888 12382
4298889 12383
4298890 12384
4298891 12385
4298892 12386
4298893 12387
4298894 12388
4298895 12389
4298897 12390
4298898 12391
4298899 12392
4298900 12393
4298901 12394
4298902 12395
4298903 12396
4298904 12397
4298906 12398
4298907 12399
4298908 12400
4298909 12401
4298910 12402
4298911 12403
4298912 12404
4298913 12405
4298915 12406
4310848 12407
4310849 12408
4310850 12409
4310852 12410
4310853 12411
4310854 12412
4310856 12413
4310857 12414
4310858 12415
4310860 12416
4310861 12417
4310862 12418
4310865 12419
4310866 12420
4310868 12421
4310869 12422
4310870 12423
4310872 12424
4310873 12425
4310874 12426
4310878 12427
4310880 12428
4310881 12429
4310882 12430
4311040 12431
4311041 12432
4311044 12433
4311045 12434
4311048 12435
4311049 12436
4311052 12437
4311053 12438
4311057 12439
4311060 12440
4311061 12441
4311064 12442
4311065 12443
4311069 12444
4311073 12445
4311104 12446
4311105 12447
4311106 12448
4311108 12449
4311109 12450
4311110 12451
4311112 12452
4311113 12453
4311114 12454
4311116 12455
4311117 12456
4311118 12457
4311121 12458
4311122 12459
4311124 12460
4311125 12461
4311126 12462
4311128 12463
4311129 12464
4311130 12465
4311133 12466
4311134 12467
4311136 12468
4311138 12469
4315008 12470
4315009 12471
4315011 12472
4315012 12473
4315013 12474
4315015 12475
4315016 12476
4315017 12477
4315019 12478
4315020 12479
4315021 12480
4315023 12481
4315025 12482
4315027 12483
4315028 12484
4315029 12485
4315031 12486
4315032 12487
4315033 12488
4315035 12489
4315036 12490
4315039 12491
4315040 12492
4315041 12493
4315043 12494
4315136 12495
4315137 12496
4315138 12497
4315140 12498
4315141 12499
4315142 12500
4315144 12501
4315145 12502
4315146 12503
4315148 12504
4315149 12505
4315150 12506
4315153 12507
4315154 12508
4315156 12509
4315157 12510
4315158 12511
4315160 12512
4315161 12513
4315162 12514
4315164 12515
4315166 12516
4315169 12517
4315170 12518
4315200 12519
4315201 12520
4315202 12521
4315204 12522
4315205 12523
4315206 12524
4315208 12525
4315209 12526
4315210 12527
4315212 12528
4315213 12529
4315214 12530
4315217 12531
4315218 12532
4315220 12533
4315221 12534
4315222 12535
4315224 12536
4315225 12537
4315226 12538
4315228 12539
4315230 12540
4315232 12541
4315234 12542
4315264 12543
4315265 12544
4315266 12545
4315267 12546
4315268 12547
4315269 12548
4315270 12549
4315271 12550
4315272 12551
4315273 12552
4315274 12553
4315275 12554
4315276 12555
4315277 12556
4315278 12557
4315279 12558
4315281 12559
4315282 12560
4315283 12561
4315284 12562
4315285 12563
4315286 12564
4315287 12565
4315288 12566
4315289 12567
4315290 12568
4315291 12569
4315292 12570
4315294 12571
4315295 12572
4315296 12573
4315297 12574
4315299 12575
4327488 12576
4327489 12577
4327490 12578
4327492 12579
4327493 12580
4327494 12581
4327496 12582
4327497 12583
4327498 12584
4327500 12585
4327501 12586
4327502 12587
4327505 12588
4327506 12589
4327508 12590
4327509 12591
4327510 12592
4327512 12593
4327513 12594
4327514 12595
4327516 12596
4327517 12597
4327518 12598
4327522 12599
4331648 12600
4331649 12601
4331651 12602
4331652 12603
4331653 12604
4331655 12605
4331656 12606
4331657 12607
4331659 12608
4331660 12609
4331661 12610
4331663 12611
4331665 12612
4331667 12613
4331668 12614
4331669 12615
4331671 12616
4331672 12617
4331673 12618
4331675 12619
4331676 12620
4331677 12621
4331679 12622
4331680 12623
4331683 12624
5330304 12625
5330307 12626
5330308 12627
5330311 12628
5330312 12629
5330315 12630
5330316 12631
5330319 12632
5330320 12633
5330323 12634
5330327 12635
5330328 12636
5330331 12637
5330332 12638
5330335 12639
5330336 12640
5330339 12641
5330432 12642
5330433 12643
5330434 12644
5330436 12645
5330437 12646
5330438 12647
5330440 12648
5330441 12649
5330442 12650
5330444 12651
5330445 12652
5330446 12653
5330448 12654
5330449 12655
5330450 12656
5330454 12657
5330457 12658
5330458 12659
5330460 12660
5330461 12661
5330462 12662
5330464 12663
5330465 12664
5330466 12665
5330560 12666
5330562 12667
5330563 12668
5330564 12669
5330566 12670
5330567 12671
5330568 12672
5330570 12673
5330571 12674
5330572 12675
5330574 12676
5330575 12677
5330576 12678
5330578 12679
5330579 12680
5330582 12681
5330583 12682
5330584 12683
5330587 12684
5330588 12685
5330590 12686
5330591 12687
5330592 12688
5330594 12689
5330595 12690
5330688 12691
5330689 12692
5330690 12693
5330692 12694
5330693 12695
5330694 12696
5330696 12697
5330697 12698
5330698 12699
5330700 12700
5330701 12701
5330702 12702
5330704 12703
5330705 12704
5330706 12705
5330710 12706
5330712 12707
5330713 12708
5330714 12709
5330717 12710
5330718 12711
5330720 12712
5330721 12713
5330722 12714
5330816 12715
5330818 12716
5330819 12717
5330820 12718
5330822 12719
5330823 12720
5330824 12721
5330826 12722
5330827 12723
5330828 12724
5330830 12725
5330831 12726
5330832 12727
5330834 12728
5330835 12729
5330838 12730
5330839 12731
5330840 12732
5330842 12733
5330843 12734
5330844 12735
5330847 12736
5330848 12737
5330850 12738
5330851 12739
5330944 12740
5330945 12741
5330946 12742
5330948 12743
5330949 12744
5330950 12745
5330952 12746
5330953 12747
5330954 12748
5330956 12749
5330957 12750
5330958 12751
5330960 12752
5330961 12753
5330962 12754
5330966 12755
5330968 12756
5330969 12757
5330970 12758
5330972 12759
5330973 12760
5330974 12761
5330977 12762
5330978 12763
5331072 12764
5331074 12765
5331075 12766
5331076 12767
5331078 12768
5331079 12769
5331080 12770
5331082 12771
5331083 12772
5331084 12773
5331086 12774
5331087 12775
5331088 12776
5331090 12777
5331091 12778
5331094 12779
5331095 12780
5331096 12781
5331098 12782
5331099 12783
5331100 12784
5331102 12785
5331103 12786
5331104 12787
5331107 12788
5342784 12789
5342785 12790
5342786 12791
5342788 12792
5342789 12793
5342790 12794
5342792 12795
5342793 12796
5342794 12797
5342796 12798
5342797 12799
5342798 12800
5342800 12801
5342801 12802
5342802 12803
5342805 12804
5342806 12805
5342810 12806
5342812 12807
5342813 12808
5342814 12809
5342816 12810
5342817 12811
5342818 12812
5342976 12813
5342977 12814
5342980 12815
5342981 12816
5342984 12817
5342985 12818
5342988 12819
5342989 12820
5342992 12821
5342993 12822
5342997 12823
5343001 12824
5343005 12825
5343008 12826
5343009 12827
5343040 12828
5343041 12829
5343042 12830
5343044 12831
5343045 12832
5343046 12833
5343048 12834
5343049 12835
5343050 12836
5343052 12837
5343053 12838
5343054 12839
5343056 12840
5343057 12841
5343058 12842
5343061 12843
5343062 12844
5343065 12845
5343066 12846
5343068 12847
5343070 12848
5343072 12849
5343073 12850
5343074 12851
5343232 12852
5343233 12853
5343236 12854
5343237 12855
5343240 12856
5343241 12857
5343244 12858
5343245 12859
5343248 12860
5343249 12861
5343253 12862
5343257 12863
5343260 12864
5343261 12865
5343265 12866
5343296 12867
5343297 12868
5343298 12869
5343300 12870
5343301 12871
5343302 12872
5343304 12873
5343305 12874
5343306 12875
5343308 12876
5343309 12877
5343310 12878
5343312 12879
5343313 12880
5343314 12881
5343317 12882
5343318 12883
5343321 12884
5343322 12885
5343324 12886
5343325 12887
5343326 12888
5343328 12889
5343330 12890
5346944 12891
5346945 12892
5346947 12893
5346948 12894
5346949 12895
5346951 12896
5346952 12897
5346953 12898
5346955 12899
5346956 12900
5346957 12901
5346959 12902
5346960 12903
5346961 12904
5346963 12905
5346965 12906
5346967 12907
5346968 12908
5346971 12909
5346972 12910
5346973 12911
5346975 12912
5346976 12913
5346977 12914
5346979 12915
5347072 12916
5347073 12917
5347074 12918
5347076 12919
5347077 12920
5347078 12921
5347080 12922
5347081 12923
5347082 12924
5347084 12925
5347085 12926
5347086 12927
5347088 12928
5347089 12929
5347090 12930
5347093 12931
5347094 12932
5347096 12933
5347098 12934
5347101 12935
5347102 12936
5347104 12937
5347105 12938
5347106 12939
5347136 12940
5347137 12941
5347138 12942
5347140 12943
5347141 12944
5347142 12945
5347144 12946
5347145 12947
5347146 12948
5347148 12949
5347149 12950
5347150 12951
5347152 12952
5347153 12953
5347154 12954
5347157 12955
5347158 12956
5347160 12957
5347162 12958
5347164 12959
5347166 12960
5347168 12961
5347169 12962
5347170 12963
5347200 12964
5347201 12965
5347202 12966
5347203 12967
5347204 12968
5347205 12969
5347206 12970
5347207 12971
5347208 12972
5347209 12973
5347210 12974
5347211 12975
5347212 12976
5347213 12977
5347214 12978
5347215 12979
5347216 12980
5347217 12981
5347218 12982
5347219 12983
5347221 12984
5347222 12985
5347223 12986
5347224 12987
5347226 12988
5347227 12989
5347228 12990
5347229 12991
5347231 12992
5347232 12993
5347233 12994
5347234 12995
5347235 12996
5347328 12997
5347329 12998
5347330 12999
5347332 13000
5347333 13001
5347334 13002
5347336 13003
5347337 13004
5347338 13005
5347340 13006
5347341 13007
5347342 13008
5347344 13009
5347345 13010
5347346 13011
5347349 13012
5347350 13013
5347352 13014
5347354 13015
5347356 13016
5347357 13017
5347358 13018
5347361 13019
5347362 13020
5347392 13021
5347393 13022
5347394 13023
5347396 13024
5347397 13025
5347398 13026
5347400 13027
5347401 13028
5347402 13029
5347404 13030
5347405 13031
5347406 13032
5347408 13033
5347409 13034
5347410 13035
5347413 13036
5347414 13037
5347416 13038
5347418 13039
5347420 13040
5347421 13041
5347422 13042
5347424 13043
5347426 13044
5347456 13045
5347457 13046
5347458 13047
5347459 13048
5347460 13049
5347461 13050
5347462 13051
5347463 13052
5347464 13053
5347465 13054
5347466 13055
5347467 13056
5347468 13057
5347469 13058
5347470 13059
5347471 13060
5347472 13061
5347473 13062
5347474 13063
5347475 13064
5347477 13065
5347478 13066
5347479 13067
5347480 13068
5347482 13069
5347483 13070
5347484 13071
5347485 13072
5347486 13073
5347487 13074
5347488 13075
5347489 13076
5347491 13077
5359424 13078
5359425 13079
5359426 13080
5359428 13081
5359429 13082
5359430 13083
5359432 13084
5359433 13085
5359434 13086
5359436 13087
5359437 13088
5359438 13089
5359440 13090
5359441 13091
5359442 13092
5359445 13093
5359446 13094
5359448 13095
5359449 13096
5359450 13097
5359454 13098
5359456 13099
5359457 13100
5359458 13101
5359616 13102
5359617 13103
5359620 13104
5359621 13105
5359624 13106
5359625 13107
5359628 13108
5359629 13109
5359632 13110
5359633 13111
5359637 13112
5359640 13113
5359641 13114
5359645 13115
5359649 13116
5359680 13117
5359681 13118
5359682 13119
5359684 13120
5359685 13121
5359686 13122
5359688 13123
5359689 13124
5359690 13125
5359692 13126
5359693 13127
5359694 13128
5359696 13129
5359697 13130
5359698 13131
5359701 13132
5359702 13133
5359704 13134
5359705 13135
5359706 13136
5359709 13137
5359710 13138
5359712 13139
5359714 13140
5363584 13141
5363585 13142
5363587 13143
5363588 13144
5363589 13145
5363591 13146
5363592 13147
5363593 13148
5363595 13149
5363596 13150
5363597 13151
5363599 13152
5363600 13153
5363601 13154
5363603 13155
5363605 13156
5363607 13157
5363608 13158
5363609 13159
5363611 13160
5363612 13161
5363615 13162
5363616 13163
5363617 13164
5363619 13165
5363712 13166
5363713 13167
5363714 13168
5363716 13169
5363717 13170
5363718 13171
5363720 13172
5363721 13173
5363722 13174
5363724 13175
5363725 13176
5363726 13177
5363728 13178
5363729 13179
5363730 13180
5363733 13181
5363734 13182
5363736 13183
5363737 13184
5363738 13185
5363740 13186
5363742 13187
5363745 13188
5363746 13189
5363776 13190
5363777 13191
5363778 13192
5363780 13193
5363781 13194
5363782 13195
5363784 13196
5363785 13197
5363786 13198
5363788 13199
5363789 13200
5363790 13201
5363792 13202
5363793 13203
5363794 13204
5363797 13205
5363798 13206
5363800 13207
5363801 13208
5363802 13209
5363804 13210
5363806 13211
5363808 13212
5363810 13213
5363840 13214
5363841 13215
5363842 13216
5363843 13217
5363844 13218
5363845 13219
5363846 13220
5363847 13221
5363848 13222
5363849 13223
5363850 13224
5363851 13225
5363852 13226
5363853 13227
5363854 13228
5363855 13229
5363856 13230
5363857 13231
5363858 13232
5363859 13233
5363861 13234
5363862 13235
5363863 13236
5363864 13237
5363865 13238
5363866 13239
5363867 13240
5363868 13241
5363870 13242
5363871 13243
5363872 13244
5363873 13245
5363875 13246
5376064 13247
5376065 13248
5376066 13249
5376068 13250
5376069 13251
5376070 13252
5376072 13253
5376073 13254
5376074 13255
5376076 13256
5376077 13257
5376078 13258
5376080 13259
5376081 13260
5376082 13261
5376085 13262
5376086 13263
5376088 13264
5376089 13265
5376090 13266
5376092 13267
5376093 13268
5376094 13269
5376098 13270
5380224 13271
5380225 13272
5380227 13273
5380228 13274
5380229 13275
5380231 13276
5380232 13277
5380233 13278
5380235 13279
5380236 13280
5380237 13281
5380239 13282
5380240 13283
5380241 13284
5380243 13285
5380245 13286
5380247 13287
5380248 13288
5380249 13289
5380251 13290
5380252 13291
5380253 13292
5380255 13293
5380256 13294
5380259 13295
6395520 13296
6395523 13297
6395524 13298
6395527 13299
6395528 13300
6395531 13301
6395532 13302
6395535 13303
6395536 13304
6395539 13305
6395540 13306
6395543 13307
6395547 13308
6395548 13309
6395551 13310
6395552 13311
6395555 13312
6395648 13313
6395649 13314
6395650 13315
6395652 13316
6395653 13317
6395654 13318
6395656 13319
6395657 13320
6395658 13321
6395660 13322
6395661 13323
6395662 13324
6395664 13325
6395665 13326
6395666 13327
6395668 13328
6395669 13329
6395670 13330
6395674 13331
6395677 13332
6395678 13333
6395680 13334
6395681 13335
6395682 13336
6395776 13337
6395778 13338
6395779 13339
6395780 13340
6395782 13341
6395783 13342
6395784 13343
6395786 13344
6395787 13345
6395788 13346
6395790 13347
6395791 13348
6395792 13349
6395794 13350
6395795 13351
6395796 13352
6395798 13353
6395799 13354
6395802 13355
6395803 13356
6395804 13357
6395807 13358
6395808 13359
6395810 13360
6395811 13361
6395904 13362
6395905 13363
6395906 13364
6395908 13365
6395909 13366
6395910 13367
6395912 13368
6395913 13369
6395914 13370
6395916 13371
6395917 13372
6395918 13373
6395920 13374
6395921 13375
6395922 13376
6395924 13377
6395925 13378
6395926 13379
6395930 13380
6395932 13381
6395933 13382
6395934 13383
6395937 13384
6395938 13385
6396032 13386
6396034 13387
6396035 13388
6396036 13389
6396038 13390
6396039 13391
6396040 13392
6396042 13393
6396043 13394
6396044 13395
6396046 13396
6396047 13397
6396048 13398
6396050 13399
6396051 13400
6396052 13401
6396054 13402
6396055 13403
6396058 13404
6396059 13405
6396060 13406
6396062 13407
6396063 13408
6396064 13409
6396067 13410
6408000 13411
6408001 13412
6408002 13413
6408004 13414
6408005 13415
6408006 13416
6408008 13417
6408009 13418
6408010 13419
6408012 13420
6408013 13421
6408014 13422
6408016 13423
6408017 13424
6408018 13425
6408020 13426
6408021 13427
6408022 13428
6408025 13429
6408026 13430
6408030 13431
6408032 13432
6408033 13433
6408034 13434
6408192 13435
6408193 13436
6408196 13437
6408197 13438
6408200 13439
6408201 13440
6408204 13441
6408205 13442
6408208 13443
6408209 13444
6408212 13445
6408213 13446
6408217 13447
6408221 13448
6408225 13449
6408256 13450
6408257 13451
6408258 13452
6408260 13453
6408261 13454
6408262 13455
6408264 13456
6408265 13457
6408266 13458
6408268 13459
6408269 13460
6408270 13461
6408272 13462
6408273 13463
6408274 13464
6408276 13465
6408277 13466
6408278 13467
6408281 13468
6408282 13469
6408285 13470
6408286 13471
6408288 13472
6408290 13473
6412160 13474
6412161 13475
6412163 13476
6412164 13477
6412165 13478
6412167 13479
6412168 13480
6412169 13481
6412171 13482
6412172 13483
6412173 13484
6412175 13485
6412176 13486
6412177 13487
6412179 13488
6412180 13489
6412181 13490
6412183 13491
6412185 13492
6412187 13493
6412188 13494
6412191 13495
6412192 13496
6412193 13497
6412195 13498
6412288 13499
6412289 13500
6412290 13501
6412292 13502
6412293 13503
6412294 13504
6412296 13505
6412297 13506
6412298 13507
6412300 13508
6412301 13509
6412302 13510
6412304 13511
6412305 13512
6412306 13513
6412308 13514
6412309 13515
6412310 13516
6412313 13517
6412314 13518
6412316 13519
6412318 13520
6412321 13521
6412322 13522
6412352 13523
6412353 13524
6412354 13525
6412356 13526
6412357 13527
6412358 13528
6412360 13529
6412361 13530
6412362 13531
6412364 13532
6412365 13533
6412366 13534
6412368 13535
6412369 13536
6412370 13537
6412372 13538
6412373 13539
6412374 13540
6412377 13541
6412378 13542
6412380 13543
6412382 13544
6412384 13545
6412386 13546
6412416 13547
6412417 13548
6412418 13549
6412419 13550
6412420 13551
6412421 13552
6412422 13553
6412423 13554
6412424 13555
6412425 13556
6412426 13557
6412427 13558
6412428 13559
6412429 13560
6412430 13561
6412431 13562
6412432 13563
6412433 13564
6412434 13565
6412435 13566
6412436 13567
6412437 13568
6412438 13569
6412439 13570
6412441 13571
6412442 13572
6412443 13573
6412444 13574
6412446 13575
6412447 13576
6412448 13577
6412449 13578
6412451 13579
6424640 13580
6424641 13581
6424642 13582
6424644 13583
6424645 13584
6424646 13585
6424648 13586
6424649 13587
6424650 13588
6424652 13589
6424653 13590
6424654 13591
6424656 13592
6424657 13593
6424658 13594
6424660 13595
6424661 13596
6424662 13597
6424665 13598
6424666 13599
6424668 13600
6424669 13601
6424670 13602
6424674 13603
6428800 13604
6428801 13605
6428803 13606
6428804 13607
6428805 13608
6428807 13609
6428808 13610
6428809 13611
6428811 13612
6428812 13613
6428813 13614
6428815 13615
6428816 13616
6428817 13617
6428819 13618
6428820 13619
6428821 13620
6428823 13621
6428825 13622
6428827 13623
6428828 13624
6428829 13625
6428831 13626
6428832 13627
6428835 13628
7460736 13629
7460739 13630
7460740 13631
7460743 13632
7460744 13633
7460747 13634
7460748 13635
7460751 13636
7460752 13637
7460755 13638
7460756 13639
7460759 13640
7460760 13641
7460763 13642
7460767 13643
7460768 13644
7460771 13645
7460864 13646
7460865 13647
7460866 13648
7460868 13649
7460869 13650
7460870 13651
7460872 13652
7460873 13653
7460874 13654
7460876 13655
7460877 13656
7460878 13657
7460880 13658
7460881 13659
7460882 13660
7460884 13661
7460885 13662
7460886 13663
7460888 13664
7460889 13665
7460890 13666
7460894 13667
7460897 13668
7460898 13669
7460992 13670
7460994 13671
7460995 13672
7460996 13673
7460998 13674
7460999 13675
7461000 13676
7461002 13677
7461003 13678
7461004 13679
7461006 13680
7461007 13681
7461008 13682
7461010 13683
7461011 13684
7461012 13685
7461014 13686
7461015 13687
7461016 13688
7461018 13689
7461019 13690
7461022 13691
7461023 13692
7461024 13693
7461027 13694
7473216 13695
7473217 13696
7473218 13697
7473220 13698
7473221 13699
7473222 13700
7473224 13701
7473225 13702
7473226 13703
7473228 13704
7473229 13705
7473230 13706
7473232 13707
7473233 13708
7473234 13709
7473236 13710
7473237 13711
7473238 13712
7473240 13713
7473241 13714
7473242 13715
7473245 13716
7473246 13717
7473250 13718
7477376 13719
7477377 13720
7477379 13721
7477380 13722
7477381 13723
7477383 13724
7477384 13725
7477385 13726
7477387 13727
7477388 13728
7477389 13729
7477391 13730
7477392 13731
7477393 13732
7477395 13733
7477396 13734
7477397 13735
7477399 13736
7477400 13737
7477401 13738
7477403 13739
7477405 13740
7477407 13741
7477408 13742
7477411 13743
8525952 13744
8525955 13745
8525956 13746
8525959 13747
8525960 13748
8525963 13749
8525964 13750
8525967 13751
8525968 13752
8525971 13753
8525972 13754
8525975 13755
8525976 13756
8525979 13757
8525980 13758
8525983 13759
8525987 13760
