gtosd-board-texture-v1
name identity_river_board
river-key river-board
flop 573
66 0
68 1
70 2
72 3
74 4
76 5
78 6
80 7
82 8
84 9
86 10
88 11
90 12
92 13
94 14
96 15
98 16
261 17
264 18
265 19
268 20
269 21
272 22
273 23
276 24
277 25
280 26
281 27
284 28
285 29
288 30
289 31
326 32
328 33
329 34
330 35
332 36
333 37
334 38
336 39
337 40
338 41
340 42
341 43
342 44
344 45
345 46
346 47
348 48
349 49
350 50
352 51
353 52
354 53
521 54
524 55
525 56
528 57
529 58
532 59
533 60
536 61
537 62
540 63
541 64
544 65
545 66
586 67
588 68
589 69
590 70
592 71
593 72
594 73
596 74
597 75
598 76
600 77
601 78
602 79
604 80
605 81
606 82
608 83
609 84
610 85
781 86
784 87
785 88
788 89
789 90
792 91
793 92
796 93
797 94
800 95
801 96
846 97
848 98
849 99
850 100
852 101
853 102
854 103
856 104
857 105
858 106
860 107
861 108
862 109
864 110
865 111
866 112
1041 113
1044 114
1045 115
1048 116
1049 117
1052 118
1053 119
1056 120
1057 121
1106 122
1108 123
1109 124
1110 125
1112 126
1113 127
1114 128
1116 129
1117 130
1118 131
1120 132
1121 133
1122 134
1301 135
1304 136
1305 137
1308 138
1309 139
1312 140
1313 141
1366 142
1368 143
1369 144
1370 145
1372 146
1373 147
1374 148
1376 149
1377 150
1378 151
1561 152
1564 153
1565 154
1568 155
1569 156
1626 157
1628 158
1629 159
1630 160
1632 161
1633 162
1634 163
1821 164
1824 165
1825 166
1886 167
1888 168
1889 169
1890 170
2081 171
2146 172
16710 173
16712 174
16714 175
16716 176
16718 177
16720 178
16722 179
16724 180
16726 181
16728 182
16730 183
16732 184
16734 185
16736 186
16738 187
16905 188
16908 189
16909 190
16912 191
16913 192
16916 193
16917 194
16920 195
16921 196
16924 197
16925 198
16928 199
16929 200
16970 201
16972 202
16973 203
16974 204
16976 205
16977 206
16978 207
16980 208
16981 209
16982 210
16984 211
16985 212
16986 213
16988 214
16989 215
16990 216
16992 217
16993 218
16994 219
17165 220
17168 221
17169 222
17172 223
17173 224
17176 225
17177 226
17180 227
17181 228
17184 229
17185 230
17230 231
17232 232
17233 233
17234 234
17236 235
17237 236
17238 237
17240 238
17241 239
17242 240
17244 241
17245 242
17246 243
17248 244
17249 245
17250 246
17425 247
17428 248
17429 249
17432 250
17433 251
17436 252
17437 253
17440 254
17441 255
17490 256
17492 257
17493 258
17494 259
17496 260
17497 261
17498 262
17500 263
17501 264
17502 265
17504 266
17505 267
17506 268
17685 269
17688 270
17689 271
17692 272
17693 273
17696 274
17697 275
17750 276
17752 277
17753 278
17754 279
17756 280
17757 281
17758 282
17760 283
17761 284
17762 285
17945 286
17948 287
17949 288
17952 289
17953 290
18010 291
18012 292
18013 293
18014 294
18016 295
18017 296
18018 297
18205 298
18208 299
18209 300
18270 301
18272 302
18273 303
18274 304
18465 305
18530 306
33354 307
33356 308
33358 309
33360 310
33362 311
33364 312
33366 313
33368 314
33370 315
33372 316
33374 317
33376 318
33378 319
33549 320
33552 321
33553 322
33556 323
33557 324
33560 325
33561 326
33564 327
33565 328
33568 329
33569 330
33614 331
33616 332
33617 333
33618 334
33620 335
33621 336
33622 337
33624 338
33625 339
33626 340
33628 341
33629 342
33630 343
33632 344
33633 345
33634 346
33809 347
33812 348
33813 349
33816 350
33817 351
33820 352
33821 353
33824 354
33825 355
33874 356
33876 357
33877 358
33878 359
33880 360
33881 361
33882 362
33884 363
33885 364
33886 365
33888 366
33889 367
33890 368
34069 369
34072 370
34073 371
34076 372
34077 373
34080 374
34081 375
34134 376
34136 377
34137 378
34138 379
34140 380
34141 381
34142 382
34144 383
34145 384
34146 385
34329 386
34332 387
34333 388
34336 389
34337 390
34394 391
34396 392
34397 393
34398 394
34400 395
34401 396
34402 397
34589 398
34592 399
34593 400
34654 401
34656 402
34657 403
34658 404
34849 405
34914 406
49998 407
50000 408
50002 409
50004 410
50006 411
50008 412
50010 413
50012 414
50014 415
50016 416
50018 417
50193 418
50196 419
50197 420
50200 421
50201 422
50204 423
50205 424
50208 425
50209 426
50258 427
50260 428
50261 429
50262 430
50264 431
50265 432
50266 433
50268 434
50269 435
50270 436
50272 437
50273 438
50274 439
50453 440
50456 441
50457 442
50460 443
50461 444
50464 445
50465 446
50518 447
50520 448
50521 449
50522 450
50524 451
50525 452
50526 453
50528 454
50529 455
50530 456
50713 457
50716 458
50717 459
50720 460
50721 461
50778 462
50780 463
50781 464
50782 465
50784 466
50785 467
50786 468
50973 469
50976 470
50977 471
51038 472
51040 473
51041 474
51042 475
51233 476
51298 477
66642 478
66644 479
66646 480
66648 481
66650 482
66652 483
66654 484
66656 485
66658 486
66837 487
66840 488
66841 489
66844 490
66845 491
66848 492
66849 493
66902 494
66904 495
66905 496
66906 497
66908 498
66909 499
66910 500
66912 501
66913 502
66914 503
67097 504
67100 505
67101 506
67104 507
67105 508
67162 509
67164 510
67165 511
67166 512
67168 513
67169 514
67170 515
67357 516
67360 517
67361 518
67422 519
67424 520
67425 521
67426 522
67617 523
67682 524
83286 525
83288 526
83290 527
83292 528
83294 529
83296 530
83298 531
83481 532
83484 533
83485 534
83488 535
83489 536
83546 537
83548 538
83549 539
83550 540
83552 541
83553 542
83554 543
83741 544
83744 545
83745 546
83806 547
83808 548
83809 549
83810 550
84001 551
84066 552
99930 553
99932 554
99934 555
99936 556
99938 557
100125 558
100128 559
100129 560
100190 561
100192 562
100193 563
100194 564
100385 565
100450 566
116574 567
116576 568
116578 569
116769 570
116834 571
133218 572
turn 13761
4227 0
4228 1
4231 2
4232 3
4235 4
4236 5
4239 6
4240 7
4243 8
4244 9
4247 10
4248 11
4251 12
4252 13
4255 14
4256 15
4259 16
4354 17
4357 18
4358 19
4360 20
4361 21
4362 22
4364 23
4365 24
4366 25
4368 26
4369 27
4370 28
4372 29
4373 30
4374 31
4376 32
4377 33
4378 34
4380 35
4381 36
4382 37
4384 38
4385 39
4386 40
4482 41
4483 42
4484 43
4487 44
4488 45
4490 46
4491 47
4492 48
4494 49
4495 50
4496 51
4498 52
4499 53
4500 54
4502 55
4503 56
4504 57
4506 58
4507 59
4508 60
4510 61
4511 62
4512 63
4514 64
4515 65
4610 66
4612 67
4613 68
4614 69
4617 70
4618 71
4620 72
4621 73
4622 74
4624 75
4625 76
4626 77
4628 78
4629 79
4630 80
4632 81
4633 82
4634 83
4636 84
4637 85
4638 86
4640 87
4641 88
4642 89
4738 90
4739 91
4740 92
4742 93
4743 94
4744 95
4747 96
4748 97
4750 98
4751 99
4752 100
4754 101
4755 102
4756 103
4758 104
4759 105
4760 106
4762 107
4763 108
4764 109
4766 110
4767 111
4768 112
4770 113
4771 114
4866 115
4868 116
4869 117
4870 118
4872 119
4873 120
4874 121
4877 122
4878 123
4880 124
4881 125
4882 126
4884 127
4885 128
4886 129
4888 130
4889 131
4890 132
4892 133
4893 134
4894 135
4896 136
4897 137
4898 138
4994 139
4995 140
4996 141
4998 142
4999 143
5000 144
5002 145
5003 146
5004 147
5007 148
5008 149
5010 150
5011 151
5012 152
5014 153
5015 154
5016 155
5018 156
5019 157
5020 158
5022 159
5023 160
5024 161
5026 162
5027 163
5122 164
5124 165
5125 166
5126 167
5128 168
5129 169
5130 170
5132 171
5133 172
5134 173
5137 174
5138 175
5140 176
5141 177
5142 178
5144 179
5145 180
5146 181
5148 182
5149 183
5150 184
5152 185
5153 186
5154 187
5250 188
5251 189
5252 190
5254 191
5255 192
5256 193
5258 194
5259 195
5260 196
5262 197
5263 198
5264 199
5267 200
5268 201
5270 202
5271 203
5272 204
5274 205
5275 206
5276 207
5278 208
5279 209
5280 210
5282 211
5283 212
5378 213
5380 214
5381 215
5382 216
5384 217
5385 218
5386 219
5388 220
5389 221
5390 222
5392 223
5393 224
5394 225
5397 226
5398 227
5400 228
5401 229
5402 230
5404 231
5405 232
5406 233
5408 234
5409 235
5410 236
5506 237
5507 238
5508 239
5510 240
5511 241
5512 242
5514 243
5515 244
5516 245
5518 246
5519 247
5520 248
5522 249
5523 250
5524 251
5527 252
5528 253
5530 254
5531 255
5532 256
5534 257
5535 258
5536 259
5538 260
5539 261
5634 262
5636 263
5637 264
5638 265
5640 266
5641 267
5642 268
5644 269
5645 270
5646 271
5648 272
5649 273
5650 274
5652 275
5653 276
5654 277
5657 278
5658 279
5660 280
5661 281
5662 282
5664 283
5665 284
5666 285
5762 286
5763 287
5764 288
5766 289
5767 290
5768 291
5770 292
5771 293
5772 294
5774 295
5775 296
5776 297
5778 298
5779 299
5780 300
5782 301
5783 302
5784 303
5787 304
5788 305
5790 306
5791 307
5792 308
5794 309
5795 310
5890 311
5892 312
5893 313
5894 314
5896 315
5897 316
5898 317
5900 318
5901 319
5902 320
5904 321
5905 322
5906 323
5908 324
5909 325
5910 326
5912 327
5913 328
5914 329
5917 330
5918 331
5920 332
5921 333
5922 334
6018 335
6019 336
6020 337
6022 338
6023 339
6024 340
6026 341
6027 342
6028 343
6030 344
6031 345
6032 346
6034 347
6035 348
6036 349
6038 350
6039 351
6040 352
6042 353
6043 354
6044 355
6047 356
6048 357
6050 358
6051 359
6146 360
6148 361
6149 362
6150 363
6152 364
6153 365
6154 366
6156 367
6157 368
6158 369
6160 370
6161 371
6162 372
6164 373
6165 374
6166 375
6168 376
6169 377
6170 378
6172 379
6173 380
6174 381
6177 382
6178 383
6274 384
6275 385
6276 386
6278 387
6279 388
6280 389
6282 390
6283 391
6284 392
6286 393
6287 394
6288 395
6290 396
6291 397
6292 398
6294 399
6295 400
6296 401
6298 402
6299 403
6300 404
6302 405
6303 406
6304 407
6307 408
16705 409
16706 410
16710 411
16712 412
16713 413
16714 414
16716 415
16717 416
16718 417
16720 418
16721 419
16722 420
16724 421
16725 422
16726 423
16728 424
16729 425
16730 426
16732 427
16733 428
16734 429
16736 430
16737 431
16738 432
16897 433
16901 434
16905 435
16908 436
16909 437
16912 438
16913 439
16916 440
16917 441
16920 442
16921 443
16924 444
16925 445
16928 446
16929 447
16961 448
16962 449
16965 450
16966 451
16968 452
16970 453
16972 454
16973 455
16974 456
16976 457
16977 458
16978 459
16980 460
16981 461
16982 462
16984 463
16985 464
16986 465
16988 466
16989 467
16990 468
16992 469
16993 470
16994 471
17153 472
17157 473
17160 474
17161 475
17165 476
17168 477
17169 478
17172 479
17173 480
17176 481
17177 482
17180 483
17181 484
17184 485
17185 486
17217 487
17218 488
17221 489
17222 490
17224 491
17225 492
17226 493
17228 494
17230 495
17232 496
17233 497
17234 498
17236 499
17237 500
17238 501
17240 502
17241 503
17242 504
17244 505
17245 506
17246 507
17248 508
17249 509
17250 510
17409 511
17413 512
17416 513
17417 514
17420 515
17421 516
17425 517
17428 518
17429 519
17432 520
17433 521
17436 522
17437 523
17440 524
17441 525
17473 526
17474 527
17477 528
17478 529
17480 530
17481 531
17482 532
17484 533
17485 534
17486 535
17488 536
17490 537
17492 538
17493 539
17494 540
17496 541
17497 542
17498 543
17500 544
17501 545
17502 546
17504 547
17505 548
17506 549
17665 550
17669 551
17672 552
17673 553
17676 554
17677 555
17680 556
17681 557
17685 558
17688 559
17689 560
17692 561
17693 562
17696 563
17697 564
17729 565
17730 566
17733 567
17734 568
17736 569
17737 570
17738 571
17740 572
17741 573
17742 574
17744 575
17745 576
17746 577
17748 578
17750 579
17752 580
17753 581
17754 582
17756 583
17757 584
17758 585
17760 586
17761 587
17762 588
17921 589
17925 590
17928 591
17929 592
17932 593
17933 594
17936 595
17937 596
17940 597
17941 598
17945 599
17948 600
17949 601
17952 602
17953 603
17985 604
17986 605
17989 606
17990 607
17992 608
17993 609
17994 610
17996 611
17997 612
17998 613
18000 614
18001 615
18002 616
18004 617
18005 618
18006 619
18008 620
18010 621
18012 622
18013 623
18014 624
18016 625
18017 626
18018 627
18177 628
18181 629
18184 630
18185 631
18188 632
18189 633
18192 634
18193 635
18196 636
18197 637
18200 638
18201 639
18205 640
18208 641
18209 642
18241 643
18242 644
18245 645
18246 646
18248 647
18249 648
18250 649
18252 650
18253 651
18254 652
18256 653
18257 654
18258 655
18260 656
18261 657
18262 658
18264 659
18265 660
18266 661
18268 662
18270 663
18272 664
18273 665
18274 666
18433 667
18437 668
18440 669
18441 670
18444 671
18445 672
18448 673
18449 674
18452 675
18453 676
18456 677
18457 678
18460 679
18461 680
18465 681
18497 682
18498 683
18501 684
18502 685
18504 686
18505 687
18506 688
18508 689
18509 690
18510 691
18512 692
18513 693
18514 694
18516 695
18517 696
18518 697
18520 698
18521 699
18522 700
18524 701
18525 702
18526 703
18528 704
18530 705
20865 706
20867 707
20868 708
20871 709
20872 710
20873 711
20875 712
20876 713
20877 714
20879 715
20880 716
20881 717
20883 718
20884 719
20885 720
20887 721
20888 722
20889 723
20891 724
20892 725
20893 726
20895 727
20896 728
20897 729
20899 730
20993 731
20994 732
20996 733
20998 734
21001 735
21002 736
21004 737
21005 738
21006 739
21008 740
21009 741
21010 742
21012 743
21013 744
21014 745
21016 746
21017 747
21018 748
21020 749
21021 750
21022 751
21024 752
21025 753
21026 754
21057 755
21058 756
21060 757
21062 758
21064 759
21066 760
21068 761
21069 762
21070 763
21072 764
21073 765
21074 766
21076 767
21077 768
21078 769
21080 770
21081 771
21082 772
21084 773
21085 774
21086 775
21088 776
21089 777
21090 778
21121 779
21122 780
21123 781
21124 782
21126 783
21127 784
21128 785
21129 786
21131 787
21132 788
21133 789
21134 790
21135 791
21136 792
21137 793
21138 794
21139 795
21140 796
21141 797
21142 798
21143 799
21144 800
21145 801
21146 802
21147 803
21148 804
21149 805
21150 806
21151 807
21152 808
21153 809
21154 810
21155 811
21249 812
21250 813
21252 814
21254 815
21256 816
21257 817
21258 818
21261 819
21262 820
21264 821
21265 822
21266 823
21268 824
21269 825
21270 826
21272 827
21273 828
21274 829
21276 830
21277 831
21278 832
21280 833
21281 834
21282 835
21313 836
21314 837
21316 838
21318 839
21320 840
21321 841
21322 842
21324 843
21326 844
21328 845
21329 846
21330 847
21332 848
21333 849
21334 850
21336 851
21337 852
21338 853
21340 854
21341 855
21342 856
21344 857
21345 858
21346 859
21377 860
21378 861
21379 862
21380 863
21382 864
21383 865
21384 866
21385 867
21386 868
21387 869
21388 870
21389 871
21391 872
21392 873
21393 874
21394 875
21395 876
21396 877
21397 878
21398 879
21399 880
21400 881
21401 882
21402 883
21403 884
21404 885
21405 886
21406 887
21407 888
21408 889
21409 890
21410 891
21411 892
21505 893
21506 894
21508 895
21510 896
21512 897
21513 898
21514 899
21516 900
21517 901
21518 902
21521 903
21522 904
21524 905
21525 906
21526 907
21528 908
21529 909
21530 910
21532 911
21533 912
21534 913
21536 914
21537 915
21538 916
21569 917
21570 918
21572 919
21574 920
21576 921
21577 922
21578 923
21580 924
21581 925
21582 926
21584 927
21586 928
21588 929
21589 930
21590 931
21592 932
21593 933
21594 934
21596 935
21597 936
21598 937
21600 938
21601 939
21602 940
21633 941
21634 942
21635 943
21636 944
21638 945
21639 946
21640 947
21641 948
21642 949
21643 950
21644 951
21645 952
21646 953
21647 954
21648 955
21649 956
21651 957
21652 958
21653 959
21654 960
21655 961
21656 962
21657 963
21658 964
21659 965
21660 966
21661 967
21662 968
21663 969
21664 970
21665 971
21666 972
21667 973
21761 974
21762 975
21764 976
21766 977
21768 978
21769 979
21770 980
21772 981
21773 982
21774 983
21776 984
21777 985
21778 986
21781 987
21782 988
21784 989
21785 990
21786 991
21788 992
21789 993
21790 994
21792 995
21793 996
21794 997
21825 998
21826 999
21828 1000
21830 1001
21832 1002
21833 1003
21834 1004
21836 1005
21837 1006
21838 1007
21840 1008
21841 1009
21842 1010
21844 1011
21846 1012
21848 1013
21849 1014
21850 1015
21852 1016
21853 1017
21854 1018
21856 1019
21857 1020
21858 1021
21889 1022
21890 1023
21891 1024
21892 1025
21894 1026
21895 1027
21896 1028
21897 1029
21898 1030
21899 1031
21900 1032
21901 1033
21902 1034
21903 1035
21904 1036
21905 1037
21906 1038
21907 1039
21908 1040
21909 1041
21911 1042
21912 1043
21913 1044
21914 1045
21915 1046
21916 1047
21917 1048
21918 1049
21919 1050
21920 1051
21921 1052
21922 1053
21923 1054
22017 1055
22018 1056
22020 1057
22022 1058
22024 1059
22025 1060
22026 1061
22028 1062
22029 1063
22030 1064
22032 1065
22033 1066
22034 1067
22036 1068
22037 1069
22038 1070
22041 1071
22042 1072
22044 1073
22045 1074
22046 1075
22048 1076
22049 1077
22050 1078
22081 1079
22082 1080
22084 1081
22086 1082
22088 1083
22089 1084
22090 1085
22092 1086
22093 1087
22094 1088
22096 1089
22097 1090
22098 1091
22100 1092
22101 1093
22102 1094
22104 1095
22106 1096
22108 1097
22109 1098
22110 1099
22112 1100
22113 1101
22114 1102
22145 1103
22146 1104
22147 1105
22148 1106
22150 1107
22151 1108
22152 1109
22153 1110
22154 1111
22155 1112
22156 1113
22157 1114
22158 1115
22159 1116
22160 1117
22161 1118
22162 1119
22163 1120
22164 1121
22165 1122
22166 1123
22167 1124
22168 1125
22169 1126
22171 1127
22172 1128
22173 1129
22174 1130
22175 1131
22176 1132
22177 1133
22178 1134
22179 1135
22273 1136
22274 1137
22276 1138
22278 1139
22280 1140
22281 1141
22282 1142
22284 1143
22285 1144
22286 1145
22288 1146
22289 1147
22290 1148
22292 1149
22293 1150
22294 1151
22296 1152
22297 1153
22298 1154
22301 1155
22302 1156
22304 1157
22305 1158
22306 1159
22337 1160
22338 1161
22340 1162
22342 1163
22344 1164
22345 1165
22346 1166
22348 1167
22349 1168
22350 1169
22352 1170
22353 1171
22354 1172
22356 1173
22357 1174
22358 1175
22360 1176
22361 1177
22362 1178
22364 1179
22366 1180
22368 1181
22369 1182
22370 1183
22401 1184
22402 1185
22403 1186
22404 1187
22406 1188
22407 1189
22408 1190
22409 1191
22410 1192
22411 1193
22412 1194
22413 1195
22414 1196
22415 1197
22416 1198
22417 1199
22418 1200
22419 1201
22420 1202
22421 1203
22422 1204
22423 1205
22424 1206
22425 1207
22426 1208
22427 1209
22428 1210
22429 1211
22431 1212
22432 1213
22433 1214
22434 1215
22435 1216
22529 1217
22530 1218
22532 1219
22534 1220
22536 1221
22537 1222
22538 1223
22540 1224
22541 1225
22542 1226
22544 1227
22545 1228
22546 1229
22548 1230
22549 1231
22550 1232
22552 1233
22553 1234
22554 1235
22556 1236
22557 1237
22558 1238
22561 1239
22562 1240
22593 1241
22594 1242
22596 1243
22598 1244
22600 1245
22601 1246
22602 1247
22604 1248
22605 1249
22606 1250
22608 1251
22609 1252
22610 1253
22612 1254
22613 1255
22614 1256
22616 1257
22617 1258
22618 1259
22620 1260
22621 1261
22622 1262
22624 1263
22626 1264
22657 1265
22658 1266
22659 1267
22660 1268
22662 1269
22663 1270
22664 1271
22665 1272
22666 1273
22667 1274
22668 1275
22669 1276
22670 1277
22671 1278
22672 1279
22673 1280
22674 1281
22675 1282
22676 1283
22677 1284
22678 1285
22679 1286
22680 1287
22681 1288
22682 1289
22683 1290
22684 1291
22685 1292
22686 1293
22687 1294
22688 1295
22689 1296
22691 1297
33345 1298
33346 1299
33348 1300
33349 1301
33350 1302
33354 1303
33356 1304
33357 1305
33358 1306
33360 1307
33361 1308
33362 1309
33364 1310
33365 1311
33366 1312
33368 1313
33369 1314
33370 1315
33372 1316
33373 1317
33374 1318
33376 1319
33377 1320
33378 1321
33537 1322
33540 1323
33541 1324
33545 1325
33549 1326
33552 1327
33553 1328
33556 1329
33557 1330
33560 1331
33561 1332
33564 1333
33565 1334
33568 1335
33569 1336
33601 1337
33602 1338
33604 1339
33605 1340
33606 1341
33609 1342
33610 1343
33612 1344
33614 1345
33616 1346
33617 1347
33618 1348
33620 1349
33621 1350
33622 1351
33624 1352
33625 1353
33626 1354
33628 1355
33629 1356
33630 1357
33632 1358
33633 1359
33634 1360
33793 1361
33796 1362
33797 1363
33801 1364
33804 1365
33805 1366
33809 1367
33812 1368
33813 1369
33816 1370
33817 1371
33820 1372
33821 1373
33824 1374
33825 1375
33857 1376
33858 1377
33860 1378
33861 1379
33862 1380
33865 1381
33866 1382
33868 1383
33869 1384
33870 1385
33872 1386
33874 1387
33876 1388
33877 1389
33878 1390
33880 1391
33881 1392
33882 1393
33884 1394
33885 1395
33886 1396
33888 1397
33889 1398
33890 1399
34049 1400
34052 1401
34053 1402
34057 1403
34060 1404
34061 1405
34064 1406
34065 1407
34069 1408
34072 1409
34073 1410
34076 1411
34077 1412
34080 1413
34081 1414
34113 1415
34114 1416
34116 1417
34117 1418
34118 1419
34121 1420
34122 1421
34124 1422
34125 1423
34126 1424
34128 1425
34129 1426
34130 1427
34132 1428
34134 1429
34136 1430
34137 1431
34138 1432
34140 1433
34141 1434
34142 1435
34144 1436
34145 1437
34146 1438
34305 1439
34308 1440
34309 1441
34313 1442
34316 1443
34317 1444
34320 1445
34321 1446
34324 1447
34325 1448
34329 1449
34332 1450
34333 1451
34336 1452
34337 1453
34369 1454
34370 1455
34372 1456
34373 1457
34374 1458
34377 1459
34378 1460
34380 1461
34381 1462
34382 1463
34384 1464
34385 1465
34386 1466
34388 1467
34389 1468
34390 1469
34392 1470
34394 1471
34396 1472
34397 1473
34398 1474
34400 1475
34401 1476
34402 1477
34561 1478
34564 1479
34565 1480
34569 1481
34572 1482
34573 1483
34576 1484
34577 1485
34580 1486
34581 1487
34584 1488
34585 1489
34589 1490
34592 1491
34593 1492
34625 1493
34626 1494
34628 1495
34629 1496
34630 1497
34633 1498
34634 1499
34636 1500
34637 1501
34638 1502
34640 1503
34641 1504
34642 1505
34644 1506
34645 1507
34646 1508
34648 1509
34649 1510
34650 1511
34652 1512
34654 1513
34656 1514
34657 1515
34658 1516
34817 1517
34820 1518
34821 1519
34825 1520
34828 1521
34829 1522
34832 1523
34833 1524
34836 1525
34837 1526
34840 1527
34841 1528
34844 1529
34845 1530
34849 1531
34881 1532
34882 1533
34884 1534
34885 1535
34886 1536
34889 1537
34890 1538
34892 1539
34893 1540
34894 1541
34896 1542
34897 1543
34898 1544
34900 1545
34901 1546
34902 1547
34904 1548
34905 1549
34906 1550
34908 1551
34909 1552
34910 1553
34912 1554
34914 1555
37505 1556
37507 1557
37508 1558
37509 1559
37511 1560
37512 1561
37515 1562
37516 1563
37517 1564
37519 1565
37520 1566
37521 1567
37523 1568
37524 1569
37525 1570
37527 1571
37528 1572
37529 1573
37531 1574
37532 1575
37533 1576
37535 1577
37536 1578
37537 1579
37539 1580
37633 1581
37634 1582
37636 1583
37637 1584
37638 1585
37640 1586
37642 1587
37645 1588
37646 1589
37648 1590
37649 1591
37650 1592
37652 1593
37653 1594
37654 1595
37656 1596
37657 1597
37658 1598
37660 1599
37661 1600
37662 1601
37664 1602
37665 1603
37666 1604
37697 1605
37698 1606
37700 1607
37701 1608
37702 1609
37704 1610
37706 1611
37708 1612
37710 1613
37712 1614
37713 1615
37714 1616
37716 1617
37717 1618
37718 1619
37720 1620
37721 1621
37722 1622
37724 1623
37725 1624
37726 1625
37728 1626
37729 1627
37730 1628
37761 1629
37762 1630
37763 1631
37764 1632
37765 1633
37766 1634
37767 1635
37768 1636
37770 1637
37771 1638
37772 1639
37773 1640
37775 1641
37776 1642
37777 1643
37778 1644
37779 1645
37780 1646
37781 1647
37782 1648
37783 1649
37784 1650
37785 1651
37786 1652
37787 1653
37788 1654
37789 1655
37790 1656
37791 1657
37792 1658
37793 1659
37794 1660
37795 1661
37889 1662
37890 1663
37892 1664
37893 1665
37894 1666
37896 1667
37898 1668
37900 1669
37901 1670
37902 1671
37905 1672
37906 1673
37908 1674
37909 1675
37910 1676
37912 1677
37913 1678
37914 1679
37916 1680
37917 1681
37918 1682
37920 1683
37921 1684
37922 1685
37953 1686
37954 1687
37956 1688
37957 1689
37958 1690
37960 1691
37962 1692
37964 1693
37965 1694
37966 1695
37968 1696
37970 1697
37972 1698
37973 1699
37974 1700
37976 1701
37977 1702
37978 1703
37980 1704
37981 1705
37982 1706
37984 1707
37985 1708
37986 1709
38017 1710
38018 1711
38019 1712
38020 1713
38021 1714
38022 1715
38023 1716
38024 1717
38026 1718
38027 1719
38028 1720
38029 1721
38030 1722
38031 1723
38032 1724
38033 1725
38035 1726
38036 1727
38037 1728
38038 1729
38039 1730
38040 1731
38041 1732
38042 1733
38043 1734
38044 1735
38045 1736
38046 1737
38047 1738
38048 1739
38049 1740
38050 1741
38051 1742
38145 1743
38146 1744
38148 1745
38149 1746
38150 1747
38152 1748
38154 1749
38156 1750
38157 1751
38158 1752
38160 1753
38161 1754
38162 1755
38165 1756
38166 1757
38168 1758
38169 1759
38170 1760
38172 1761
38173 1762
38174 1763
38176 1764
38177 1765
38178 1766
38209 1767
38210 1768
38212 1769
38213 1770
38214 1771
38216 1772
38218 1773
38220 1774
38221 1775
38222 1776
38224 1777
38225 1778
38226 1779
38228 1780
38230 1781
38232 1782
38233 1783
38234 1784
38236 1785
38237 1786
38238 1787
38240 1788
38241 1789
38242 1790
38273 1791
38274 1792
38275 1793
38276 1794
38277 1795
38278 1796
38279 1797
38280 1798
38282 1799
38283 1800
38284 1801
38285 1802
38286 1803
38287 1804
38288 1805
38289 1806
38290 1807
38291 1808
38292 1809
38293 1810
38295 1811
38296 1812
38297 1813
38298 1814
38299 1815
38300 1816
38301 1817
38302 1818
38303 1819
38304 1820
38305 1821
38306 1822
38307 1823
38401 1824
38402 1825
38404 1826
38405 1827
38406 1828
38408 1829
38410 1830
38412 1831
38413 1832
38414 1833
38416 1834
38417 1835
38418 1836
38420 1837
38421 1838
38422 1839
38425 1840
38426 1841
38428 1842
38429 1843
38430 1844
38432 1845
38433 1846
38434 1847
38465 1848
38466 1849
38468 1850
38469 1851
38470 1852
38472 1853
38474 1854
38476 1855
38477 1856
38478 1857
38480 1858
38481 1859
38482 1860
38484 1861
38485 1862
38486 1863
38488 1864
38490 1865
38492 1866
38493 1867
38494 1868
38496 1869
38497 1870
38498 1871
38529 1872
38530 1873
38531 1874
38532 1875
38533 1876
38534 1877
38535 1878
38536 1879
38538 1880
38539 1881
38540 1882
38541 1883
38542 1884
38543 1885
38544 1886
38545 1887
38546 1888
38547 1889
38548 1890
38549 1891
38550 1892
38551 1893
38552 1894
38553 1895
38555 1896
38556 1897
38557 1898
38558 1899
38559 1900
38560 1901
38561 1902
38562 1903
38563 1904
38657 1905
38658 1906
38660 1907
38661 1908
38662 1909
38664 1910
38666 1911
38668 1912
38669 1913
38670 1914
38672 1915
38673 1916
38674 1917
38676 1918
38677 1919
38678 1920
38680 1921
38681 1922
38682 1923
38685 1924
38686 1925
38688 1926
38689 1927
38690 1928
38721 1929
38722 1930
38724 1931
38725 1932
38726 1933
38728 1934
38730 1935
38732 1936
38733 1937
38734 1938
38736 1939
38737 1940
38738 1941
38740 1942
38741 1943
38742 1944
38744 1945
38745 1946
38746 1947
38748 1948
38750 1949
38752 1950
38753 1951
38754 1952
38785 1953
38786 1954
38787 1955
38788 1956
38789 1957
38790 1958
38791 1959
38792 1960
38794 1961
38795 1962
38796 1963
38797 1964
38798 1965
38799 1966
38800 1967
38801 1968
38802 1969
38803 1970
38804 1971
38805 1972
38806 1973
38807 1974
38808 1975
38809 1976
38810 1977
38811 1978
38812 1979
38813 1980
38815 1981
38816 1982
38817 1983
38818 1984
38819 1985
38913 1986
38914 1987
38916 1988
38917 1989
38918 1990
38920 1991
38922 1992
38924 1993
38925 1994
38926 1995
38928 1996
38929 1997
38930 1998
38932 1999
38933 2000
38934 2001
38936 2002
38937 2003
38938 2004
38940 2005
38941 2006
38942 2007
38945 2008
38946 2009
38977 2010
38978 2011
38980 2012
38981 2013
38982 2014
38984 2015
38986 2016
38988 2017
38989 2018
38990 2019
38992 2020
38993 2021
38994 2022
38996 2023
38997 2024
38998 2025
39000 2026
39001 2027
39002 2028
39004 2029
39005 2030
39006 2031
39008 2032
39010 2033
39041 2034
39042 2035
39043 2036
39044 2037
39045 2038
39046 2039
39047 2040
39048 2041
39050 2042
39051 2043
39052 2044
39053 2045
39054 2046
39055 2047
39056 2048
39057 2049
39058 2050
39059 2051
39060 2052
39061 2053
39062 2054
39063 2055
39064 2056
39065 2057
39066 2058
39067 2059
39068 2060
39069 2061
39070 2062
39071 2063
39072 2064
39073 2065
39075 2066
49985 2067
49986 2068
49988 2069
49989 2070
49990 2071
49992 2072
49993 2073
49994 2074
49998 2075
50000 2076
50001 2077
50002 2078
50004 2079
50005 2080
50006 2081
50008 2082
50009 2083
50010 2084
50012 2085
50013 2086
50014 2087
50016 2088
50017 2089
50018 2090
50177 2091
50180 2092
50181 2093
50184 2094
50185 2095
50189 2096
50193 2097
50196 2098
50197 2099
50200 2100
50201 2101
50204 2102
50205 2103
50208 2104
50209 2105
50241 2106
50242 2107
50244 2108
50245 2109
50246 2110
50248 2111
50249 2112
50250 2113
50253 2114
50254 2115
50256 2116
50258 2117
50260 2118
50261 2119
50262 2120
50264 2121
50265 2122
50266 2123
50268 2124
50269 2125
50270 2126
50272 2127
50273 2128
50274 2129
50433 2130
50436 2131
50437 2132
50440 2133
50441 2134
50445 2135
50448 2136
50449 2137
50453 2138
50456 2139
50457 2140
50460 2141
50461 2142
50464 2143
50465 2144
50497 2145
50498 2146
50500 2147
50501 2148
50502 2149
50504 2150
50505 2151
50506 2152
50509 2153
50510 2154
50512 2155
50513 2156
50514 2157
50516 2158
50518 2159
50520 2160
50521 2161
50522 2162
50524 2163
50525 2164
50526 2165
50528 2166
50529 2167
50530 2168
50689 2169
50692 2170
50693 2171
50696 2172
50697 2173
50701 2174
50704 2175
50705 2176
50708 2177
50709 2178
50713 2179
50716 2180
50717 2181
50720 2182
50721 2183
50753 2184
50754 2185
50756 2186
50757 2187
50758 2188
50760 2189
50761 2190
50762 2191
50765 2192
50766 2193
50768 2194
50769 2195
50770 2196
50772 2197
50773 2198
50774 2199
50776 2200
50778 2201
50780 2202
50781 2203
50782 2204
50784 2205
50785 2206
50786 2207
50945 2208
50948 2209
50949 2210
50952 2211
50953 2212
50957 2213
50960 2214
50961 2215
50964 2216
50965 2217
50968 2218
50969 2219
50973 2220
50976 2221
50977 2222
51009 2223
51010 2224
51012 2225
51013 2226
51014 2227
51016 2228
51017 2229
51018 2230
51021 2231
51022 2232
51024 2233
51025 2234
51026 2235
51028 2236
51029 2237
51030 2238
51032 2239
51033 2240
51034 2241
51036 2242
51038 2243
51040 2244
51041 2245
51042 2246
51201 2247
51204 2248
51205 2249
51208 2250
51209 2251
51213 2252
51216 2253
51217 2254
51220 2255
51221 2256
51224 2257
51225 2258
51228 2259
51229 2260
51233 2261
51265 2262
51266 2263
51268 2264
51269 2265
51270 2266
51272 2267
51273 2268
51274 2269
51277 2270
51278 2271
51280 2272
51281 2273
51282 2274
51284 2275
51285 2276
51286 2277
51288 2278
51289 2279
51290 2280
51292 2281
51293 2282
51294 2283
51296 2284
51298 2285
54145 2286
54147 2287
54148 2288
54149 2289
54151 2290
54152 2291
54153 2292
54155 2293
54156 2294
54159 2295
54160 2296
54161 2297
54163 2298
54164 2299
54165 2300
54167 2301
54168 2302
54169 2303
54171 2304
54172 2305
54173 2306
54175 2307
54176 2308
54177 2309
54179 2310
54273 2311
54274 2312
54276 2313
54277 2314
54278 2315
54280 2316
54281 2317
54282 2318
54284 2319
54286 2320
54289 2321
54290 2322
54292 2323
54293 2324
54294 2325
54296 2326
54297 2327
54298 2328
54300 2329
54301 2330
54302 2331
54304 2332
54305 2333
54306 2334
54337 2335
54338 2336
54340 2337
54341 2338
54342 2339
54344 2340
54345 2341
54346 2342
54348 2343
54350 2344
54352 2345
54354 2346
54356 2347
54357 2348
54358 2349
54360 2350
54361 2351
54362 2352
54364 2353
54365 2354
54366 2355
54368 2356
54369 2357
54370 2358
54401 2359
54402 2360
54403 2361
54404 2362
54405 2363
54406 2364
54407 2365
54408 2366
54409 2367
54410 2368
54411 2369
54412 2370
54414 2371
54415 2372
54416 2373
54417 2374
54419 2375
54420 2376
54421 2377
54422 2378
54423 2379
54424 2380
54425 2381
54426 2382
54427 2383
54428 2384
54429 2385
54430 2386
54431 2387
54432 2388
54433 2389
54434 2390
54435 2391
54529 2392
54530 2393
54532 2394
54533 2395
54534 2396
54536 2397
54537 2398
54538 2399
54540 2400
54542 2401
54544 2402
54545 2403
54546 2404
54549 2405
54550 2406
54552 2407
54553 2408
54554 2409
54556 2410
54557 2411
54558 2412
54560 2413
54561 2414
54562 2415
54593 2416
54594 2417
54596 2418
54597 2419
54598 2420
54600 2421
54601 2422
54602 2423
54604 2424
54606 2425
54608 2426
54609 2427
54610 2428
54612 2429
54614 2430
54616 2431
54617 2432
54618 2433
54620 2434
54621 2435
54622 2436
54624 2437
54625 2438
54626 2439
54657 2440
54658 2441
54659 2442
54660 2443
54661 2444
54662 2445
54663 2446
54664 2447
54665 2448
54666 2449
54667 2450
54668 2451
54670 2452
54671 2453
54672 2454
54673 2455
54674 2456
54675 2457
54676 2458
54677 2459
54679 2460
54680 2461
54681 2462
54682 2463
54683 2464
54684 2465
54685 2466
54686 2467
54687 2468
54688 2469
54689 2470
54690 2471
54691 2472
54785 2473
54786 2474
54788 2475
54789 2476
54790 2477
54792 2478
54793 2479
54794 2480
54796 2481
54798 2482
54800 2483
54801 2484
54802 2485
54804 2486
54805 2487
54806 2488
54809 2489
54810 2490
54812 2491
54813 2492
54814 2493
54816 2494
54817 2495
54818 2496
54849 2497
54850 2498
54852 2499
54853 2500
54854 2501
54856 2502
54857 2503
54858 2504
54860 2505
54862 2506
54864 2507
54865 2508
54866 2509
54868 2510
54869 2511
54870 2512
54872 2513
54874 2514
54876 2515
54877 2516
54878 2517
54880 2518
54881 2519
54882 2520
54913 2521
54914 2522
54915 2523
54916 2524
54917 2525
54918 2526
54919 2527
54920 2528
54921 2529
54922 2530
54923 2531
54924 2532
54926 2533
54927 2534
54928 2535
54929 2536
54930 2537
54931 2538
54932 2539
54933 2540
54934 2541
54935 2542
54936 2543
54937 2544
54939 2545
54940 2546
54941 2547
54942 2548
54943 2549
54944 2550
54945 2551
54946 2552
54947 2553
55041 2554
55042 2555
55044 2556
55045 2557
55046 2558
55048 2559
55049 2560
55050 2561
55052 2562
55054 2563
55056 2564
55057 2565
55058 2566
55060 2567
55061 2568
55062 2569
55064 2570
55065 2571
55066 2572
55069 2573
55070 2574
55072 2575
55073 2576
55074 2577
55105 2578
55106 2579
55108 2580
55109 2581
55110 2582
55112 2583
55113 2584
55114 2585
55116 2586
55118 2587
55120 2588
55121 2589
55122 2590
55124 2591
55125 2592
55126 2593
55128 2594
55129 2595
55130 2596
55132 2597
55134 2598
55136 2599
55137 2600
55138 2601
55169 2602
55170 2603
55171 2604
55172 2605
55173 2606
55174 2607
55175 2608
55176 2609
55177 2610
55178 2611
55179 2612
55180 2613
55182 2614
55183 2615
55184 2616
55185 2617
55186 2618
55187 2619
55188 2620
55189 2621
55190 2622
55191 2623
55192 2624
55193 2625
55194 2626
55195 2627
55196 2628
55197 2629
55199 2630
55200 2631
55201 2632
55202 2633
55203 2634
55297 2635
55298 2636
55300 2637
55301 2638
55302 2639
55304 2640
55305 2641
55306 2642
55308 2643
55310 2644
55312 2645
55313 2646
55314 2647
55316 2648
55317 2649
55318 2650
55320 2651
55321 2652
55322 2653
55324 2654
55325 2655
55326 2656
55329 2657
55330 2658
55361 2659
55362 2660
55364 2661
55365 2662
55366 2663
55368 2664
55369 2665
55370 2666
55372 2667
55374 2668
55376 2669
55377 2670
55378 2671
55380 2672
55381 2673
55382 2674
55384 2675
55385 2676
55386 2677
55388 2678
55389 2679
55390 2680
55392 2681
55394 2682
55425 2683
55426 2684
55427 2685
55428 2686
55429 2687
55430 2688
55431 2689
55432 2690
55433 2691
55434 2692
55435 2693
55436 2694
55438 2695
55439 2696
55440 2697
55441 2698
55442 2699
55443 2700
55444 2701
55445 2702
55446 2703
55447 2704
55448 2705
55449 2706
55450 2707
55451 2708
55452 2709
55453 2710
55454 2711
55455 2712
55456 2713
55457 2714
55459 2715
66625 2716
66626 2717
66628 2718
66629 2719
66630 2720
66632 2721
66633 2722
66634 2723
66636 2724
66637 2725
66638 2726
66642 2727
66644 2728
66645 2729
66646 2730
66648 2731
66649 2732
66650 2733
66652 2734
66653 2735
66654 2736
66656 2737
66657 2738
66658 2739
66817 2740
66820 2741
66821 2742
66824 2743
66825 2744
66828 2745
66829 2746
66833 2747
66837 2748
66840 2749
66841 2750
66844 2751
66845 2752
66848 2753
66849 2754
66881 2755
66882 2756
66884 2757
66885 2758
66886 2759
66888 2760
66889 2761
66890 2762
66892 2763
66893 2764
66894 2765
66897 2766
66898 2767
66900 2768
66902 2769
66904 2770
66905 2771
66906 2772
66908 2773
66909 2774
66910 2775
66912 2776
66913 2777
66914 2778
67073 2779
67076 2780
67077 2781
67080 2782
67081 2783
67084 2784
67085 2785
67089 2786
67092 2787
67093 2788
67097 2789
67100 2790
67101 2791
67104 2792
67105 2793
67137 2794
67138 2795
67140 2796
67141 2797
67142 2798
67144 2799
67145 2800
67146 2801
67148 2802
67149 2803
67150 2804
67153 2805
67154 2806
67156 2807
67157 2808
67158 2809
67160 2810
67162 2811
67164 2812
67165 2813
67166 2814
67168 2815
67169 2816
67170 2817
67329 2818
67332 2819
67333 2820
67336 2821
67337 2822
67340 2823
67341 2824
67345 2825
67348 2826
67349 2827
67352 2828
67353 2829
67357 2830
67360 2831
67361 2832
67393 2833
67394 2834
67396 2835
67397 2836
67398 2837
67400 2838
67401 2839
67402 2840
67404 2841
67405 2842
67406 2843
67409 2844
67410 2845
67412 2846
67413 2847
67414 2848
67416 2849
67417 2850
67418 2851
67420 2852
67422 2853
67424 2854
67425 2855
67426 2856
67585 2857
67588 2858
67589 2859
67592 2860
67593 2861
67596 2862
67597 2863
67601 2864
67604 2865
67605 2866
67608 2867
67609 2868
67612 2869
67613 2870
67617 2871
67649 2872
67650 2873
67652 2874
67653 2875
67654 2876
67656 2877
67657 2878
67658 2879
67660 2880
67661 2881
67662 2882
67665 2883
67666 2884
67668 2885
67669 2886
67670 2887
67672 2888
67673 2889
67674 2890
67676 2891
67677 2892
67678 2893
67680 2894
67682 2895
70785 2896
70787 2897
70788 2898
70789 2899
70791 2900
70792 2901
70793 2902
70795 2903
70796 2904
70797 2905
70799 2906
70800 2907
70803 2908
70804 2909
70805 2910
70807 2911
70808 2912
70809 2913
70811 2914
70812 2915
70813 2916
70815 2917
70816 2918
70817 2919
70819 2920
70913 2921
70914 2922
70916 2923
70917 2924
70918 2925
70920 2926
70921 2927
70922 2928
70924 2929
70925 2930
70926 2931
70928 2932
70930 2933
70933 2934
70934 2935
70936 2936
70937 2937
70938 2938
70940 2939
70941 2940
70942 2941
70944 2942
70945 2943
70946 2944
70977 2945
70978 2946
70980 2947
70981 2948
70982 2949
70984 2950
70985 2951
70986 2952
70988 2953
70989 2954
70990 2955
70992 2956
70994 2957
70996 2958
70998 2959
71000 2960
71001 2961
71002 2962
71004 2963
71005 2964
71006 2965
71008 2966
71009 2967
71010 2968
71041 2969
71042 2970
71043 2971
71044 2972
71045 2973
71046 2974
71047 2975
71048 2976
71049 2977
71050 2978
71051 2979
71052 2980
71053 2981
71054 2982
71055 2983
71056 2984
71058 2985
71059 2986
71060 2987
71061 2988
71063 2989
71064 2990
71065 2991
71066 2992
71067 2993
71068 2994
71069 2995
71070 2996
71071 2997
71072 2998
71073 2999
71074 3000
71075 3001
71169 3002
71170 3003
71172 3004
71173 3005
71174 3006
71176 3007
71177 3008
71178 3009
71180 3010
71181 3011
71182 3012
71184 3013
71186 3014
71188 3015
71189 3016
71190 3017
71193 3018
71194 3019
71196 3020
71197 3021
71198 3022
71200 3023
71201 3024
71202 3025
71233 3026
71234 3027
71236 3028
71237 3029
71238 3030
71240 3031
71241 3032
71242 3033
71244 3034
71245 3035
71246 3036
71248 3037
71250 3038
71252 3039
71253 3040
71254 3041
71256 3042
71258 3043
71260 3044
71261 3045
71262 3046
71264 3047
71265 3048
71266 3049
71297 3050
71298 3051
71299 3052
71300 3053
71301 3054
71302 3055
71303 3056
71304 3057
71305 3058
71306 3059
71307 3060
71308 3061
71309 3062
71310 3063
71311 3064
71312 3065
71314 3066
71315 3067
71316 3068
71317 3069
71318 3070
71319 3071
71320 3072
71321 3073
71323 3074
71324 3075
71325 3076
71326 3077
71327 3078
71328 3079
71329 3080
71330 3081
71331 3082
71425 3083
71426 3084
71428 3085
71429 3086
71430 3087
71432 3088
71433 3089
71434 3090
71436 3091
71437 3092
71438 3093
71440 3094
71442 3095
71444 3096
71445 3097
71446 3098
71448 3099
71449 3100
71450 3101
71453 3102
71454 3103
71456 3104
71457 3105
71458 3106
71489 3107
71490 3108
71492 3109
71493 3110
71494 3111
71496 3112
71497 3113
71498 3114
71500 3115
71501 3116
71502 3117
71504 3118
71506 3119
71508 3120
71509 3121
71510 3122
71512 3123
71513 3124
71514 3125
71516 3126
71518 3127
71520 3128
71521 3129
71522 3130
71553 3131
71554 3132
71555 3133
71556 3134
71557 3135
71558 3136
71559 3137
71560 3138
71561 3139
71562 3140
71563 3141
71564 3142
71565 3143
71566 3144
71567 3145
71568 3146
71570 3147
71571 3148
71572 3149
71573 3150
71574 3151
71575 3152
71576 3153
71577 3154
71578 3155
71579 3156
71580 3157
71581 3158
71583 3159
71584 3160
71585 3161
71586 3162
71587 3163
71681 3164
71682 3165
71684 3166
71685 3167
71686 3168
71688 3169
71689 3170
71690 3171
71692 3172
71693 3173
71694 3174
71696 3175
71698 3176
71700 3177
71701 3178
71702 3179
71704 3180
71705 3181
71706 3182
71708 3183
71709 3184
71710 3185
71713 3186
71714 3187
71745 3188
71746 3189
71748 3190
71749 3191
71750 3192
71752 3193
71753 3194
71754 3195
71756 3196
71757 3197
71758 3198
71760 3199
71762 3200
71764 3201
71765 3202
71766 3203
71768 3204
71769 3205
71770 3206
71772 3207
71773 3208
71774 3209
71776 3210
71778 3211
71809 3212
71810 3213
71811 3214
71812 3215
71813 3216
71814 3217
71815 3218
71816 3219
71817 3220
71818 3221
71819 3222
71820 3223
71821 3224
71822 3225
71823 3226
71824 3227
71826 3228
71827 3229
71828 3230
71829 3231
71830 3232
71831 3233
71832 3234
71833 3235
71834 3236
71835 3237
71836 3238
71837 3239
71838 3240
71839 3241
71840 3242
71841 3243
71843 3244
83265 3245
83266 3246
83268 3247
83269 3248
83270 3249
83272 3250
83273 3251
83274 3252
83276 3253
83277 3254
83278 3255
83280 3256
83281 3257
83282 3258
83286 3259
83288 3260
83289 3261
83290 3262
83292 3263
83293 3264
83294 3265
83296 3266
83297 3267
83298 3268
83457 3269
83460 3270
83461 3271
83464 3272
83465 3273
83468 3274
83469 3275
83472 3276
83473 3277
83477 3278
83481 3279
83484 3280
83485 3281
83488 3282
83489 3283
83521 3284
83522 3285
83524 3286
83525 3287
83526 3288
83528 3289
83529 3290
83530 3291
83532 3292
83533 3293
83534 3294
83536 3295
83537 3296
83538 3297
83541 3298
83542 3299
83544 3300
83546 3301
83548 3302
83549 3303
83550 3304
83552 3305
83553 3306
83554 3307
83713 3308
83716 3309
83717 3310
83720 3311
83721 3312
83724 3313
83725 3314
83728 3315
83729 3316
83733 3317
83736 3318
83737 3319
83741 3320
83744 3321
83745 3322
83777 3323
83778 3324
83780 3325
83781 3326
83782 3327
83784 3328
83785 3329
83786 3330
83788 3331
83789 3332
83790 3333
83792 3334
83793 3335
83794 3336
83797 3337
83798 3338
83800 3339
83801 3340
83802 3341
83804 3342
83806 3343
83808 3344
83809 3345
83810 3346
83969 3347
83972 3348
83973 3349
83976 3350
83977 3351
83980 3352
83981 3353
83984 3354
83985 3355
83989 3356
83992 3357
83993 3358
83996 3359
83997 3360
84001 3361
84033 3362
84034 3363
84036 3364
84037 3365
84038 3366
84040 3367
84041 3368
84042 3369
84044 3370
84045 3371
84046 3372
84048 3373
84049 3374
84050 3375
84053 3376
84054 3377
84056 3378
84057 3379
84058 3380
84060 3381
84061 3382
84062 3383
84064 3384
84066 3385
87425 3386
87427 3387
87428 3388
87429 3389
87431 3390
87432 3391
87433 3392
87435 3393
87436 3394
87437 3395
87439 3396
87440 3397
87441 3398
87443 3399
87444 3400
87447 3401
87448 3402
87449 3403
87451 3404
87452 3405
87453 3406
87455 3407
87456 3408
87457 3409
87459 3410
87553 3411
87554 3412
87556 3413
87557 3414
87558 3415
87560 3416
87561 3417
87562 3418
87564 3419
87565 3420
87566 3421
87568 3422
87569 3423
87570 3424
87572 3425
87574 3426
87577 3427
87578 3428
87580 3429
87581 3430
87582 3431
87584 3432
87585 3433
87586 3434
87617 3435
87618 3436
87620 3437
87621 3438
87622 3439
87624 3440
87625 3441
87626 3442
87628 3443
87629 3444
87630 3445
87632 3446
87633 3447
87634 3448
87636 3449
87638 3450
87640 3451
87642 3452
87644 3453
87645 3454
87646 3455
87648 3456
87649 3457
87650 3458
87681 3459
87682 3460
87683 3461
87684 3462
87685 3463
87686 3464
87687 3465
87688 3466
87689 3467
87690 3468
87691 3469
87692 3470
87693 3471
87694 3472
87695 3473
87696 3474
87697 3475
87698 3476
87699 3477
87700 3478
87702 3479
87703 3480
87704 3481
87705 3482
87707 3483
87708 3484
87709 3485
87710 3486
87711 3487
87712 3488
87713 3489
87714 3490
87715 3491
87809 3492
87810 3493
87812 3494
87813 3495
87814 3496
87816 3497
87817 3498
87818 3499
87820 3500
87821 3501
87822 3502
87824 3503
87825 3504
87826 3505
87828 3506
87830 3507
87832 3508
87833 3509
87834 3510
87837 3511
87838 3512
87840 3513
87841 3514
87842 3515
87873 3516
87874 3517
87876 3518
87877 3519
87878 3520
87880 3521
87881 3522
87882 3523
87884 3524
87885 3525
87886 3526
87888 3527
87889 3528
87890 3529
87892 3530
87894 3531
87896 3532
87897 3533
87898 3534
87900 3535
87902 3536
87904 3537
87905 3538
87906 3539
87937 3540
87938 3541
87939 3542
87940 3543
87941 3544
87942 3545
87943 3546
87944 3547
87945 3548
87946 3549
87947 3550
87948 3551
87949 3552
87950 3553
87951 3554
87952 3555
87953 3556
87954 3557
87955 3558
87956 3559
87958 3560
87959 3561
87960 3562
87961 3563
87962 3564
87963 3565
87964 3566
87965 3567
87967 3568
87968 3569
87969 3570
87970 3571
87971 3572
88065 3573
88066 3574
88068 3575
88069 3576
88070 3577
88072 3578
88073 3579
88074 3580
88076 3581
88077 3582
88078 3583
88080 3584
88081 3585
88082 3586
88084 3587
88086 3588
88088 3589
88089 3590
88090 3591
88092 3592
88093 3593
88094 3594
88097 3595
88098 3596
88129 3597
88130 3598
88132 3599
88133 3600
88134 3601
88136 3602
88137 3603
88138 3604
88140 3605
88141 3606
88142 3607
88144 3608
88145 3609
88146 3610
88148 3611
88150 3612
88152 3613
88153 3614
88154 3615
88156 3616
88157 3617
88158 3618
88160 3619
88162 3620
88193 3621
88194 3622
88195 3623
88196 3624
88197 3625
88198 3626
88199 3627
88200 3628
88201 3629
88202 3630
88203 3631
88204 3632
88205 3633
88206 3634
88207 3635
88208 3636
88209 3637
88210 3638
88211 3639
88212 3640
88214 3641
88215 3642
88216 3643
88217 3644
88218 3645
88219 3646
88220 3647
88221 3648
88222 3649
88223 3650
88224 3651
88225 3652
88227 3653
99905 3654
99906 3655
99908 3656
99909 3657
99910 3658
99912 3659
99913 3660
99914 3661
99916 3662
99917 3663
99918 3664
99920 3665
99921 3666
99922 3667
99924 3668
99925 3669
99926 3670
99930 3671
99932 3672
99933 3673
99934 3674
99936 3675
99937 3676
99938 3677
100097 3678
100100 3679
100101 3680
100104 3681
100105 3682
100108 3683
100109 3684
100112 3685
100113 3686
100116 3687
100117 3688
100121 3689
100125 3690
100128 3691
100129 3692
100161 3693
100162 3694
100164 3695
100165 3696
100166 3697
100168 3698
100169 3699
100170 3700
100172 3701
100173 3702
100174 3703
100176 3704
100177 3705
100178 3706
100180 3707
100181 3708
100182 3709
100185 3710
100186 3711
100188 3712
100190 3713
100192 3714
100193 3715
100194 3716
100353 3717
100356 3718
100357 3719
100360 3720
100361 3721
100364 3722
100365 3723
100368 3724
100369 3725
100372 3726
100373 3727
100377 3728
100380 3729
100381 3730
100385 3731
100417 3732
100418 3733
100420 3734
100421 3735
100422 3736
100424 3737
100425 3738
100426 3739
100428 3740
100429 3741
100430 3742
100432 3743
100433 3744
100434 3745
100436 3746
100437 3747
100438 3748
100441 3749
100442 3750
100444 3751
100445 3752
100446 3753
100448 3754
100450 3755
104065 3756
104067 3757
104068 3758
104069 3759
104071 3760
104072 3761
104073 3762
104075 3763
104076 3764
104077 3765
104079 3766
104080 3767
104081 3768
104083 3769
104084 3770
104085 3771
104087 3772
104088 3773
104091 3774
104092 3775
104093 3776
104095 3777
104096 3778
104097 3779
104099 3780
104193 3781
104194 3782
104196 3783
104197 3784
104198 3785
104200 3786
104201 3787
104202 3788
104204 3789
104205 3790
104206 3791
104208 3792
104209 3793
104210 3794
104212 3795
104213 3796
104214 3797
104216 3798
104218 3799
104221 3800
104222 3801
104224 3802
104225 3803
104226 3804
104257 3805
104258 3806
104260 3807
104261 3808
104262 3809
104264 3810
104265 3811
104266 3812
104268 3813
104269 3814
104270 3815
104272 3816
104273 3817
104274 3818
104276 3819
104277 3820
104278 3821
104280 3822
104282 3823
104284 3824
104286 3825
104288 3826
104289 3827
104290 3828
104321 3829
104322 3830
104323 3831
104324 3832
104325 3833
104326 3834
104327 3835
104328 3836
104329 3837
104330 3838
104331 3839
104332 3840
104333 3841
104334 3842
104335 3843
104336 3844
104337 3845
104338 3846
104339 3847
104340 3848
104341 3849
104342 3850
104343 3851
104344 3852
104346 3853
104347 3854
104348 3855
104349 3856
104351 3857
104352 3858
104353 3859
104354 3860
104355 3861
104449 3862
104450 3863
104452 3864
104453 3865
104454 3866
104456 3867
104457 3868
104458 3869
104460 3870
104461 3871
104462 3872
104464 3873
104465 3874
104466 3875
104468 3876
104469 3877
104470 3878
104472 3879
104474 3880
104476 3881
104477 3882
104478 3883
104481 3884
104482 3885
104513 3886
104514 3887
104516 3888
104517 3889
104518 3890
104520 3891
104521 3892
104522 3893
104524 3894
104525 3895
104526 3896
104528 3897
104529 3898
104530 3899
104532 3900
104533 3901
104534 3902
104536 3903
104538 3904
104540 3905
104541 3906
104542 3907
104544 3908
104546 3909
104577 3910
104578 3911
104579 3912
104580 3913
104581 3914
104582 3915
104583 3916
104584 3917
104585 3918
104586 3919
104587 3920
104588 3921
104589 3922
104590 3923
104591 3924
104592 3925
104593 3926
104594 3927
104595 3928
104596 3929
104597 3930
104598 3931
104599 3932
104600 3933
104602 3934
104603 3935
104604 3936
104605 3937
104606 3938
104607 3939
104608 3940
104609 3941
104611 3942
116545 3943
116546 3944
116548 3945
116549 3946
116550 3947
116552 3948
116553 3949
116554 3950
116556 3951
116557 3952
116558 3953
116560 3954
116561 3955
116562 3956
116564 3957
116565 3958
116566 3959
116568 3960
116569 3961
116570 3962
116574 3963
116576 3964
116577 3965
116578 3966
116737 3967
116740 3968
116741 3969
116744 3970
116745 3971
116748 3972
116749 3973
116752 3974
116753 3975
116756 3976
116757 3977
116760 3978
116761 3979
116765 3980
116769 3981
116801 3982
116802 3983
116804 3984
116805 3985
116806 3986
116808 3987
116809 3988
116810 3989
116812 3990
116813 3991
116814 3992
116816 3993
116817 3994
116818 3995
116820 3996
116821 3997
116822 3998
116824 3999
116825 4000
116826 4001
116829 4002
116830 4003
116832 4004
116834 4005
120705 4006
120707 4007
120708 4008
120709 4009
120711 4010
120712 4011
120713 4012
120715 4013
120716 4014
120717 4015
120719 4016
120720 4017
120721 4018
120723 4019
120724 4020
120725 4021
120727 4022
120728 4023
120729 4024
120731 4025
120732 4026
120735 4027
120736 4028
120737 4029
120739 4030
120833 4031
120834 4032
120836 4033
120837 4034
120838 4035
120840 4036
120841 4037
120842 4038
120844 4039
120845 4040
120846 4041
120848 4042
120849 4043
120850 4044
120852 4045
120853 4046
120854 4047
120856 4048
120857 4049
120858 4050
120860 4051
120862 4052
120865 4053
120866 4054
120897 4055
120898 4056
120900 4057
120901 4058
120902 4059
120904 4060
120905 4061
120906 4062
120908 4063
120909 4064
120910 4065
120912 4066
120913 4067
120914 4068
120916 4069
120917 4070
120918 4071
120920 4072
120921 4073
120922 4074
120924 4075
120926 4076
120928 4077
120930 4078
120961 4079
120962 4080
120963 4081
120964 4082
120965 4083
120966 4084
120967 4085
120968 4086
120969 4087
120970 4088
120971 4089
120972 4090
120973 4091
120974 4092
120975 4093
120976 4094
120977 4095
120978 4096
120979 4097
120980 4098
120981 4099
120982 4100
120983 4101
120984 4102
120985 4103
120986 4104
120987 4105
120988 4106
120990 4107
120991 4108
120992 4109
120993 4110
120995 4111
133185 4112
133186 4113
133188 4114
133189 4115
133190 4116
133192 4117
133193 4118
133194 4119
133196 4120
133197 4121
133198 4122
133200 4123
133201 4124
133202 4125
133204 4126
133205 4127
133206 4128
133208 4129
133209 4130
133210 4131
133212 4132
133213 4133
133214 4134
133218 4135
137345 4136
137347 4137
137348 4138
137349 4139
137351 4140
137352 4141
137353 4142
137355 4143
137356 4144
137357 4145
137359 4146
137360 4147
137361 4148
137363 4149
137364 4150
137365 4151
137367 4152
137368 4153
137369 4154
137371 4155
137372 4156
137373 4157
137375 4158
137376 4159
137379 4160
1069440 4161
1069443 4162
1069447 4163
1069448 4164
1069451 4165
1069452 4166
1069455 4167
1069456 4168
1069459 4169
1069460 4170
1069463 4171
1069464 4172
1069467 4173
1069468 4174
1069471 4175
1069472 4176
1069475 4177
1069568 4178
1069569 4179
1069570 4180
1069574 4181
1069577 4182
1069578 4183
1069580 4184
1069581 4185
1069582 4186
1069584 4187
1069585 4188
1069586 4189
1069588 4190
1069589 4191
1069590 4192
1069592 4193
1069593 4194
1069594 4195
1069596 4196
1069597 4197
1069598 4198
1069600 4199
1069601 4200
1069602 4201
1069696 4202
1069698 4203
1069699 4204
1069702 4205
1069703 4206
1069704 4207
1069707 4208
1069708 4209
1069710 4210
1069711 4211
1069712 4212
1069714 4213
1069715 4214
1069716 4215
1069718 4216
1069719 4217
1069720 4218
1069722 4219
1069723 4220
1069724 4221
1069726 4222
1069727 4223
1069728 4224
1069730 4225
1069731 4226
1069824 4227
1069825 4228
1069826 4229
1069830 4230
1069832 4231
1069833 4232
1069834 4233
1069837 4234
1069838 4235
1069840 4236
1069841 4237
1069842 4238
1069844 4239
1069845 4240
1069846 4241
1069848 4242
1069849 4243
1069850 4244
1069852 4245
1069853 4246
1069854 4247
1069856 4248
1069857 4249
1069858 4250
1069952 4251
1069954 4252
1069955 4253
1069958 4254
1069959 4255
1069960 4256
1069962 4257
1069963 4258
1069964 4259
1069967 4260
1069968 4261
1069970 4262
1069971 4263
1069972 4264
1069974 4265
1069975 4266
1069976 4267
1069978 4268
1069979 4269
1069980 4270
1069982 4271
1069983 4272
1069984 4273
1069986 4274
1069987 4275
1070080 4276
1070081 4277
1070082 4278
1070086 4279
1070088 4280
1070089 4281
1070090 4282
1070092 4283
1070093 4284
1070094 4285
1070097 4286
1070098 4287
1070100 4288
1070101 4289
1070102 4290
1070104 4291
1070105 4292
1070106 4293
1070108 4294
1070109 4295
1070110 4296
1070112 4297
1070113 4298
1070114 4299
1070208 4300
1070210 4301
1070211 4302
1070214 4303
1070215 4304
1070216 4305
1070218 4306
1070219 4307
1070220 4308
1070222 4309
1070223 4310
1070224 4311
1070227 4312
1070228 4313
1070230 4314
1070231 4315
1070232 4316
1070234 4317
1070235 4318
1070236 4319
1070238 4320
1070239 4321
1070240 4322
1070242 4323
1070243 4324
1070336 4325
1070337 4326
1070338 4327
1070342 4328
1070344 4329
1070345 4330
1070346 4331
1070348 4332
1070349 4333
1070350 4334
1070352 4335
1070353 4336
1070354 4337
1070357 4338
1070358 4339
1070360 4340
1070361 4341
1070362 4342
1070364 4343
1070365 4344
1070366 4345
1070368 4346
1070369 4347
1070370 4348
1070464 4349
1070466 4350
1070467 4351
1070470 4352
1070471 4353
1070472 4354
1070474 4355
1070475 4356
1070476 4357
1070478 4358
1070479 4359
1070480 4360
1070482 4361
1070483 4362
1070484 4363
1070487 4364
1070488 4365
1070490 4366
1070491 4367
1070492 4368
1070494 4369
1070495 4370
1070496 4371
1070498 4372
1070499 4373
1070592 4374
1070593 4375
1070594 4376
1070598 4377
1070600 4378
1070601 4379
1070602 4380
1070604 4381
1070605 4382
1070606 4383
1070608 4384
1070609 4385
1070610 4386
1070612 4387
1070613 4388
1070614 4389
1070617 4390
1070618 4391
1070620 4392
1070621 4393
1070622 4394
1070624 4395
1070625 4396
1070626 4397
1070720 4398
1070722 4399
1070723 4400
1070726 4401
1070727 4402
1070728 4403
1070730 4404
1070731 4405
1070732 4406
1070734 4407
1070735 4408
1070736 4409
1070738 4410
1070739 4411
1070740 4412
1070742 4413
1070743 4414
1070744 4415
1070747 4416
1070748 4417
1070750 4418
1070751 4419
1070752 4420
1070754 4421
1070755 4422
1070848 4423
1070849 4424
1070850 4425
1070854 4426
1070856 4427
1070857 4428
1070858 4429
1070860 4430
1070861 4431
1070862 4432
1070864 4433
1070865 4434
1070866 4435
1070868 4436
1070869 4437
1070870 4438
1070872 4439
1070873 4440
1070874 4441
1070877 4442
1070878 4443
1070880 4444
1070881 4445
1070882 4446
1070976 4447
1070978 4448
1070979 4449
1070982 4450
1070983 4451
1070984 4452
1070986 4453
1070987 4454
1070988 4455
1070990 4456
1070991 4457
1070992 4458
1070994 4459
1070995 4460
1070996 4461
1070998 4462
1070999 4463
1071000 4464
1071002 4465
1071003 4466
1071004 4467
1071007 4468
1071008 4469
1071010 4470
1071011 4471
1071104 4472
1071105 4473
1071106 4474
1071110 4475
1071112 4476
1071113 4477
1071114 4478
1071116 4479
1071117 4480
1071118 4481
1071120 4482
1071121 4483
1071122 4484
1071124 4485
1071125 4486
1071126 4487
1071128 4488
1071129 4489
1071130 4490
1071132 4491
1071133 4492
1071134 4493
1071137 4494
1071138 4495
1071232 4496
1071234 4497
1071235 4498
1071238 4499
1071239 4500
1071240 4501
1071242 4502
1071243 4503
1071244 4504
1071246 4505
1071247 4506
1071248 4507
1071250 4508
1071251 4509
1071252 4510
1071254 4511
1071255 4512
1071256 4513
1071258 4514
1071259 4515
1071260 4516
1071262 4517
1071263 4518
1071264 4519
1071267 4520
1081920 4521
1081921 4522
1081922 4523
1081925 4524
1081926 4525
1081930 4526
1081932 4527
1081933 4528
1081934 4529
1081936 4530
1081937 4531
1081938 4532
1081940 4533
1081941 4534
1081942 4535
1081944 4536
1081945 4537
1081946 4538
1081948 4539
1081949 4540
1081950 4541
1081952 4542
1081953 4543
1081954 4544
1082112 4545
1082113 4546
1082117 4547
1082121 4548
1082125 4549
1082128 4550
1082129 4551
1082132 4552
1082133 4553
1082136 4554
1082137 4555
1082140 4556
1082141 4557
1082144 4558
1082145 4559
1082176 4560
1082177 4561
1082178 4562
1082181 4563
1082182 4564
1082185 4565
1082186 4566
1082188 4567
1082190 4568
1082192 4569
1082193 4570
1082194 4571
1082196 4572
1082197 4573
1082198 4574
1082200 4575
1082201 4576
1082202 4577
1082204 4578
1082205 4579
1082206 4580
1082208 4581
1082209 4582
1082210 4583
1082368 4584
1082369 4585
1082373 4586
1082377 4587
1082380 4588
1082381 4589
1082385 4590
1082388 4591
1082389 4592
1082392 4593
1082393 4594
1082396 4595
1082397 4596
1082400 4597
1082401 4598
1082432 4599
1082433 4600
1082434 4601
1082437 4602
1082438 4603
1082441 4604
1082442 4605
1082444 4606
1082445 4607
1082446 4608
1082448 4609
1082450 4610
1082452 4611
1082453 4612
1082454 4613
1082456 4614
1082457 4615
1082458 4616
1082460 4617
1082461 4618
1082462 4619
1082464 4620
1082465 4621
1082466 4622
1082624 4623
1082625 4624
1082629 4625
1082633 4626
1082636 4627
1082637 4628
1082640 4629
1082641 4630
1082645 4631
1082648 4632
1082649 4633
1082652 4634
1082653 4635
1082656 4636
1082657 4637
1082688 4638
1082689 4639
1082690 4640
1082693 4641
1082694 4642
1082697 4643
1082698 4644
1082700 4645
1082701 4646
1082702 4647
1082704 4648
1082705 4649
1082706 4650
1082708 4651
1082710 4652
1082712 4653
1082713 4654
1082714 4655
1082716 4656
1082717 4657
1082718 4658
1082720 4659
1082721 4660
1082722 4661
1082880 4662
1082881 4663
1082885 4664
1082889 4665
1082892 4666
1082893 4667
1082896 4668
1082897 4669
1082900 4670
1082901 4671
1082905 4672
1082908 4673
1082909 4674
1082912 4675
1082913 4676
1082944 4677
1082945 4678
1082946 4679
1082949 4680
1082950 4681
1082953 4682
1082954 4683
1082956 4684
1082957 4685
1082958 4686
1082960 4687
1082961 4688
1082962 4689
1082964 4690
1082965 4691
1082966 4692
1082968 4693
1082970 4694
1082972 4695
1082973 4696
1082974 4697
1082976 4698
1082977 4699
1082978 4700
1083136 4701
1083137 4702
1083141 4703
1083145 4704
1083148 4705
1083149 4706
1083152 4707
1083153 4708
1083156 4709
1083157 4710
1083160 4711
1083161 4712
1083165 4713
1083168 4714
1083169 4715
1083200 4716
1083201 4717
1083202 4718
1083205 4719
1083206 4720
1083209 4721
1083210 4722
1083212 4723
1083213 4724
1083214 4725
1083216 4726
1083217 4727
1083218 4728
1083220 4729
1083221 4730
1083222 4731
1083224 4732
1083225 4733
1083226 4734
1083228 4735
1083230 4736
1083232 4737
1083233 4738
1083234 4739
1083392 4740
1083393 4741
1083397 4742
1083401 4743
1083404 4744
1083405 4745
1083408 4746
1083409 4747
1083412 4748
1083413 4749
1083416 4750
1083417 4751
1083420 4752
1083421 4753
1083425 4754
1083456 4755
1083457 4756
1083458 4757
1083461 4758
1083462 4759
1083465 4760
1083466 4761
1083468 4762
1083469 4763
1083470 4764
1083472 4765
1083473 4766
1083474 4767
1083476 4768
1083477 4769
1083478 4770
1083480 4771
1083481 4772
1083482 4773
1083484 4774
1083485 4775
1083486 4776
1083488 4777
1083490 4778
1086080 4779
1086081 4780
1086083 4781
1086085 4782
1086087 4783
1086088 4784
1086091 4785
1086092 4786
1086093 4787
1086095 4788
1086096 4789
1086097 4790
1086099 4791
1086100 4792
1086101 4793
1086103 4794
1086104 4795
1086105 4796
1086107 4797
1086108 4798
1086109 4799
1086111 4800
1086112 4801
1086113 4802
1086115 4803
1086208 4804
1086209 4805
1086210 4806
1086213 4807
1086214 4808
1086216 4809
1086218 4810
1086221 4811
1086222 4812
1086224 4813
1086225 4814
1086226 4815
1086228 4816
1086229 4817
1086230 4818
1086232 4819
1086233 4820
1086234 4821
1086236 4822
1086237 4823
1086238 4824
1086240 4825
1086241 4826
1086242 4827
1086272 4828
1086273 4829
1086274 4830
1086277 4831
1086278 4832
1086280 4833
1086282 4834
1086284 4835
1086286 4836
1086288 4837
1086289 4838
1086290 4839
1086292 4840
1086293 4841
1086294 4842
1086296 4843
1086297 4844
1086298 4845
1086300 4846
1086301 4847
1086302 4848
1086304 4849
1086305 4850
1086306 4851
1086336 4852
1086337 4853
1086338 4854
1086339 4855
1086341 4856
1086342 4857
1086343 4858
1086344 4859
1086346 4860
1086347 4861
1086348 4862
1086349 4863
1086351 4864
1086352 4865
1086353 4866
1086354 4867
1086355 4868
1086356 4869
1086357 4870
1086358 4871
1086359 4872
1086360 4873
1086361 4874
1086362 4875
1086363 4876
1086364 4877
1086365 4878
1086366 4879
1086367 4880
1086368 4881
1086369 4882
1086370 4883
1086371 4884
1086464 4885
1086465 4886
1086466 4887
1086469 4888
1086470 4889
1086472 4890
1086474 4891
1086476 4892
1086477 4893
1086478 4894
1086481 4895
1086482 4896
1086484 4897
1086485 4898
1086486 4899
1086488 4900
1086489 4901
1086490 4902
1086492 4903
1086493 4904
1086494 4905
1086496 4906
1086497 4907
1086498 4908
1086528 4909
1086529 4910
1086530 4911
1086533 4912
1086534 4913
1086536 4914
1086538 4915
1086540 4916
1086541 4917
1086542 4918
1086544 4919
1086546 4920
1086548 4921
1086549 4922
1086550 4923
1086552 4924
1086553 4925
1086554 4926
1086556 4927
1086557 4928
1086558 4929
1086560 4930
1086561 4931
1086562 4932
1086592 4933
1086593 4934
1086594 4935
1086595 4936
1086597 4937
1086598 4938
1086599 4939
1086600 4940
1086602 4941
1086603 4942
1086604 4943
1086605 4944
1086606 4945
1086607 4946
1086608 4947
1086609 4948
1086611 4949
1086612 4950
1086613 4951
1086614 4952
1086615 4953
1086616 4954
1086617 4955
1086618 4956
1086619 4957
1086620 4958
1086621 4959
1086622 4960
1086623 4961
1086624 4962
1086625 4963
1086626 4964
1086627 4965
1086720 4966
1086721 4967
1086722 4968
1086725 4969
1086726 4970
1086728 4971
1086730 4972
1086732 4973
1086733 4974
1086734 4975
1086736 4976
1086737 4977
1086738 4978
1086741 4979
1086742 4980
1086744 4981
1086745 4982
1086746 4983
1086748 4984
1086749 4985
1086750 4986
1086752 4987
1086753 4988
1086754 4989
1086784 4990
1086785 4991
1086786 4992
1086789 4993
1086790 4994
1086792 4995
1086794 4996
1086796 4997
1086797 4998
1086798 4999
1086800 5000
1086801 5001
1086802 5002
1086804 5003
1086806 5004
1086808 5005
1086809 5006
1086810 5007
1086812 5008
1086813 5009
1086814 5010
1086816 5011
1086817 5012
1086818 5013
1086848 5014
1086849 5015
1086850 5016
1086851 5017
1086853 5018
1086854 5019
1086855 5020
1086856 5021
1086858 5022
1086859 5023
1086860 5024
1086861 5025
1086862 5026
1086863 5027
1086864 5028
1086865 5029
1086866 5030
1086867 5031
1086868 5032
1086869 5033
1086871 5034
1086872 5035
1086873 5036
1086874 5037
1086875 5038
1086876 5039
1086877 5040
1086878 5041
1086879 5042
1086880 5043
1086881 5044
1086882 5045
1086883 5046
1086976 5047
1086977 5048
1086978 5049
1086981 5050
1086982 5051
1086984 5052
1086986 5053
1086988 5054
1086989 5055
1086990 5056
1086992 5057
1086993 5058
1086994 5059
1086996 5060
1086997 5061
1086998 5062
1087001 5063
1087002 5064
1087004 5065
1087005 5066
1087006 5067
1087008 5068
1087009 5069
1087010 5070
1087040 5071
1087041 5072
1087042 5073
1087045 5074
1087046 5075
1087048 5076
1087050 5077
1087052 5078
1087053 5079
1087054 5080
1087056 5081
1087057 5082
1087058 5083
1087060 5084
1087061 5085
1087062 5086
1087064 5087
1087066 5088
1087068 5089
1087069 5090
1087070 5091
1087072 5092
1087073 5093
1087074 5094
1087104 5095
1087105 5096
1087106 5097
1087107 5098
1087109 5099
1087110 5100
1087111 5101
1087112 5102
1087114 5103
1087115 5104
1087116 5105
1087117 5106
1087118 5107
1087119 5108
1087120 5109
1087121 5110
1087122 5111
1087123 5112
1087124 5113
1087125 5114
1087126 5115
1087127 5116
1087128 5117
1087129 5118
1087131 5119
1087132 5120
1087133 5121
1087134 5122
1087135 5123
1087136 5124
1087137 5125
1087138 5126
1087139 5127
1087232 5128
1087233 5129
1087234 5130
1087237 5131
1087238 5132
1087240 5133
1087242 5134
1087244 5135
1087245 5136
1087246 5137
1087248 5138
1087249 5139
1087250 5140
1087252 5141
1087253 5142
1087254 5143
1087256 5144
1087257 5145
1087258 5146
1087261 5147
1087262 5148
1087264 5149
1087265 5150
1087266 5151
1087296 5152
1087297 5153
1087298 5154
1087301 5155
1087302 5156
1087304 5157
1087306 5158
1087308 5159
1087309 5160
1087310 5161
1087312 5162
1087313 5163
1087314 5164
1087316 5165
1087317 5166
1087318 5167
1087320 5168
1087321 5169
1087322 5170
1087324 5171
1087326 5172
1087328 5173
1087329 5174
1087330 5175
1087360 5176
1087361 5177
1087362 5178
1087363 5179
1087365 5180
1087366 5181
1087367 5182
1087368 5183
1087370 5184
1087371 5185
1087372 5186
1087373 5187
1087374 5188
1087375 5189
1087376 5190
1087377 5191
1087378 5192
1087379 5193
1087380 5194
1087381 5195
1087382 5196
1087383 5197
1087384 5198
1087385 5199
1087386 5200
1087387 5201
1087388 5202
1087389 5203
1087391 5204
1087392 5205
1087393 5206
1087394 5207
1087395 5208
1087488 5209
1087489 5210
1087490 5211
1087493 5212
1087494 5213
1087496 5214
1087498 5215
1087500 5216
1087501 5217
1087502 5218
1087504 5219
1087505 5220
1087506 5221
1087508 5222
1087509 5223
1087510 5224
1087512 5225
1087513 5226
1087514 5227
1087516 5228
1087517 5229
1087518 5230
1087521 5231
1087522 5232
1087552 5233
1087553 5234
1087554 5235
1087557 5236
1087558 5237
1087560 5238
1087562 5239
1087564 5240
1087565 5241
1087566 5242
1087568 5243
1087569 5244
1087570 5245
1087572 5246
1087573 5247
1087574 5248
1087576 5249
1087577 5250
1087578 5251
1087580 5252
1087581 5253
1087582 5254
1087584 5255
1087586 5256
1087616 5257
1087617 5258
1087618 5259
1087619 5260
1087621 5261
1087622 5262
1087623 5263
1087624 5264
1087626 5265
1087627 5266
1087628 5267
1087629 5268
1087630 5269
1087631 5270
1087632 5271
1087633 5272
1087634 5273
1087635 5274
1087636 5275
1087637 5276
1087638 5277
1087639 5278
1087640 5279
1087641 5280
1087642 5281
1087643 5282
1087644 5283
1087645 5284
1087646 5285
1087647 5286
1087648 5287
1087649 5288
1087651 5289
1098560 5290
1098561 5291
1098562 5292
1098565 5293
1098566 5294
1098568 5295
1098569 5296
1098570 5297
1098574 5298
1098576 5299
1098577 5300
1098578 5301
1098580 5302
1098581 5303
1098582 5304
1098584 5305
1098585 5306
1098586 5307
1098588 5308
1098589 5309
1098590 5310
1098592 5311
1098593 5312
1098594 5313
1098752 5314
1098753 5315
1098757 5316
1098760 5317
1098761 5318
1098765 5319
1098769 5320
1098772 5321
1098773 5322
1098776 5323
1098777 5324
1098780 5325
1098781 5326
1098784 5327
1098785 5328
1098816 5329
1098817 5330
1098818 5331
1098821 5332
1098822 5333
1098824 5334
1098825 5335
1098826 5336
1098829 5337
1098830 5338
1098832 5339
1098834 5340
1098836 5341
1098837 5342
1098838 5343
1098840 5344
1098841 5345
1098842 5346
1098844 5347
1098845 5348
1098846 5349
1098848 5350
1098849 5351
1098850 5352
1099008 5353
1099009 5354
1099013 5355
1099016 5356
1099017 5357
1099021 5358
1099024 5359
1099025 5360
1099029 5361
1099032 5362
1099033 5363
1099036 5364
1099037 5365
1099040 5366
1099041 5367
1099072 5368
1099073 5369
1099074 5370
1099077 5371
1099078 5372
1099080 5373
1099081 5374
1099082 5375
1099085 5376
1099086 5377
1099088 5378
1099089 5379
1099090 5380
1099092 5381
1099094 5382
1099096 5383
1099097 5384
1099098 5385
1099100 5386
1099101 5387
1099102 5388
1099104 5389
1099105 5390
1099106 5391
1099264 5392
1099265 5393
1099269 5394
1099272 5395
1099273 5396
1099277 5397
1099280 5398
1099281 5399
1099284 5400
1099285 5401
1099289 5402
1099292 5403
1099293 5404
1099296 5405
1099297 5406
1099328 5407
1099329 5408
1099330 5409
1099333 5410
1099334 5411
1099336 5412
1099337 5413
1099338 5414
1099341 5415
1099342 5416
1099344 5417
1099345 5418
1099346 5419
1099348 5420
1099349 5421
1099350 5422
1099352 5423
1099354 5424
1099356 5425
1099357 5426
1099358 5427
1099360 5428
1099361 5429
1099362 5430
1099520 5431
1099521 5432
1099525 5433
1099528 5434
1099529 5435
1099533 5436
1099536 5437
1099537 5438
1099540 5439
1099541 5440
1099544 5441
1099545 5442
1099549 5443
1099552 5444
1099553 5445
1099584 5446
1099585 5447
1099586 5448
1099589 5449
1099590 5450
1099592 5451
1099593 5452
1099594 5453
1099597 5454
1099598 5455
1099600 5456
1099601 5457
1099602 5458
1099604 5459
1099605 5460
1099606 5461
1099608 5462
1099609 5463
1099610 5464
1099612 5465
1099614 5466
1099616 5467
1099617 5468
1099618 5469
1099776 5470
1099777 5471
1099781 5472
1099784 5473
1099785 5474
1099789 5475
1099792 5476
1099793 5477
1099796 5478
1099797 5479
1099800 5480
1099801 5481
1099804 5482
1099805 5483
1099809 5484
1099840 5485
1099841 5486
1099842 5487
1099845 5488
1099846 5489
1099848 5490
1099849 5491
1099850 5492
1099853 5493
1099854 5494
1099856 5495
1099857 5496
1099858 5497
1099860 5498
1099861 5499
1099862 5500
1099864 5501
1099865 5502
1099866 5503
1099868 5504
1099869 5505
1099870 5506
1099872 5507
1099874 5508
1102720 5509
1102721 5510
1102723 5511
1102725 5512
1102727 5513
1102728 5514
1102729 5515
1102731 5516
1102732 5517
1102735 5518
1102736 5519
1102737 5520
1102739 5521
1102740 5522
1102741 5523
1102743 5524
1102744 5525
1102745 5526
1102747 5527
1102748 5528
1102749 5529
1102751 5530
1102752 5531
1102753 5532
1102755 5533
1102848 5534
1102849 5535
1102850 5536
1102853 5537
1102854 5538
1102856 5539
1102857 5540
1102858 5541
1102860 5542
1102862 5543
1102865 5544
1102866 5545
1102868 5546
1102869 5547
1102870 5548
1102872 5549
1102873 5550
1102874 5551
1102876 5552
1102877 5553
1102878 5554
1102880 5555
1102881 5556
1102882 5557
1102912 5558
1102913 5559
1102914 5560
1102917 5561
1102918 5562
1102920 5563
1102921 5564
1102922 5565
1102924 5566
1102926 5567
1102928 5568
1102930 5569
1102932 5570
1102933 5571
1102934 5572
1102936 5573
1102937 5574
1102938 5575
1102940 5576
1102941 5577
1102942 5578
1102944 5579
1102945 5580
1102946 5581
1102976 5582
1102977 5583
1102978 5584
1102979 5585
1102981 5586
1102982 5587
1102983 5588
1102984 5589
1102985 5590
1102986 5591
1102987 5592
1102988 5593
1102990 5594
1102991 5595
1102992 5596
1102993 5597
1102995 5598
1102996 5599
1102997 5600
1102998 5601
1102999 5602
1103000 5603
1103001 5604
1103002 5605
1103003 5606
1103004 5607
1103005 5608
1103006 5609
1103007 5610
1103008 5611
1103009 5612
1103010 5613
1103011 5614
1103104 5615
1103105 5616
1103106 5617
1103109 5618
1103110 5619
1103112 5620
1103113 5621
1103114 5622
1103116 5623
1103118 5624
1103120 5625
1103121 5626
1103122 5627
1103125 5628
1103126 5629
1103128 5630
1103129 5631
1103130 5632
1103132 5633
1103133 5634
1103134 5635
1103136 5636
1103137 5637
1103138 5638
1103168 5639
1103169 5640
1103170 5641
1103173 5642
1103174 5643
1103176 5644
1103177 5645
1103178 5646
1103180 5647
1103182 5648
1103184 5649
1103185 5650
1103186 5651
1103188 5652
1103190 5653
1103192 5654
1103193 5655
1103194 5656
1103196 5657
1103197 5658
1103198 5659
1103200 5660
1103201 5661
1103202 5662
1103232 5663
1103233 5664
1103234 5665
1103235 5666
1103237 5667
1103238 5668
1103239 5669
1103240 5670
1103241 5671
1103242 5672
1103243 5673
1103244 5674
1103246 5675
1103247 5676
1103248 5677
1103249 5678
1103250 5679
1103251 5680
1103252 5681
1103253 5682
1103255 5683
1103256 5684
1103257 5685
1103258 5686
1103259 5687
1103260 5688
1103261 5689
1103262 5690
1103263 5691
1103264 5692
1103265 5693
1103266 5694
1103267 5695
1103360 5696
1103361 5697
1103362 5698
1103365 5699
1103366 5700
1103368 5701
1103369 5702
1103370 5703
1103372 5704
1103374 5705
1103376 5706
1103377 5707
1103378 5708
1103380 5709
1103381 5710
1103382 5711
1103385 5712
1103386 5713
1103388 5714
1103389 5715
1103390 5716
1103392 5717
1103393 5718
1103394 5719
1103424 5720
1103425 5721
1103426 5722
1103429 5723
1103430 5724
1103432 5725
1103433 5726
1103434 5727
1103436 5728
1103438 5729
1103440 5730
1103441 5731
1103442 5732
1103444 5733
1103445 5734
1103446 5735
1103448 5736
1103450 5737
1103452 5738
1103453 5739
1103454 5740
1103456 5741
1103457 5742
1103458 5743
1103488 5744
1103489 5745
1103490 5746
1103491 5747
1103493 5748
1103494 5749
1103495 5750
1103496 5751
1103497 5752
1103498 5753
1103499 5754
1103500 5755
1103502 5756
1103503 5757
1103504 5758
1103505 5759
1103506 5760
1103507 5761
1103508 5762
1103509 5763
1103510 5764
1103511 5765
1103512 5766
1103513 5767
1103515 5768
1103516 5769
1103517 5770
1103518 5771
1103519 5772
1103520 5773
1103521 5774
1103522 5775
1103523 5776
1103616 5777
1103617 5778
1103618 5779
1103621 5780
1103622 5781
1103624 5782
1103625 5783
1103626 5784
1103628 5785
1103630 5786
1103632 5787
1103633 5788
1103634 5789
1103636 5790
1103637 5791
1103638 5792
1103640 5793
1103641 5794
1103642 5795
1103645 5796
1103646 5797
1103648 5798
1103649 5799
1103650 5800
1103680 5801
1103681 5802
1103682 5803
1103685 5804
1103686 5805
1103688 5806
1103689 5807
1103690 5808
1103692 5809
1103694 5810
1103696 5811
1103697 5812
1103698 5813
1103700 5814
1103701 5815
1103702 5816
1103704 5817
1103705 5818
1103706 5819
1103708 5820
1103710 5821
1103712 5822
1103713 5823
1103714 5824
1103744 5825
1103745 5826
1103746 5827
1103747 5828
1103749 5829
1103750 5830
1103751 5831
1103752 5832
1103753 5833
1103754 5834
1103755 5835
1103756 5836
1103758 5837
1103759 5838
1103760 5839
1103761 5840
1103762 5841
1103763 5842
1103764 5843
1103765 5844
1103766 5845
1103767 5846
1103768 5847
1103769 5848
1103770 5849
1103771 5850
1103772 5851
1103773 5852
1103775 5853
1103776 5854
1103777 5855
1103778 5856
1103779 5857
1103872 5858
1103873 5859
1103874 5860
1103877 5861
1103878 5862
1103880 5863
1103881 5864
1103882 5865
1103884 5866
1103886 5867
1103888 5868
1103889 5869
1103890 5870
1103892 5871
1103893 5872
1103894 5873
1103896 5874
1103897 5875
1103898 5876
1103900 5877
1103901 5878
1103902 5879
1103905 5880
1103906 5881
1103936 5882
1103937 5883
1103938 5884
1103941 5885
1103942 5886
1103944 5887
1103945 5888
1103946 5889
1103948 5890
1103950 5891
1103952 5892
1103953 5893
1103954 5894
1103956 5895
1103957 5896
1103958 5897
1103960 5898
1103961 5899
1103962 5900
1103964 5901
1103965 5902
1103966 5903
1103968 5904
1103970 5905
1104000 5906
1104001 5907
1104002 5908
1104003 5909
1104005 5910
1104006 5911
1104007 5912
1104008 5913
1104009 5914
1104010 5915
1104011 5916
1104012 5917
1104014 5918
1104015 5919
1104016 5920
1104017 5921
1104018 5922
1104019 5923
1104020 5924
1104021 5925
1104022 5926
1104023 5927
1104024 5928
1104025 5929
1104026 5930
1104027 5931
1104028 5932
1104029 5933
1104030 5934
1104031 5935
1104032 5936
1104033 5937
1104035 5938
1115200 5939
1115201 5940
1115202 5941
1115205 5942
1115206 5943
1115208 5944
1115209 5945
1115210 5946
1115212 5947
1115213 5948
1115214 5949
1115218 5950
1115220 5951
1115221 5952
1115222 5953
1115224 5954
1115225 5955
1115226 5956
1115228 5957
1115229 5958
1115230 5959
1115232 5960
1115233 5961
1115234 5962
1115392 5963
1115393 5964
1115397 5965
1115400 5966
1115401 5967
1115404 5968
1115405 5969
1115409 5970
1115413 5971
1115416 5972
1115417 5973
1115420 5974
1115421 5975
1115424 5976
1115425 5977
1115456 5978
1115457 5979
1115458 5980
1115461 5981
1115462 5982
1115464 5983
1115465 5984
1115466 5985
1115468 5986
1115469 5987
1115470 5988
1115473 5989
1115474 5990
1115476 5991
1115478 5992
1115480 5993
1115481 5994
1115482 5995
1115484 5996
1115485 5997
1115486 5998
1115488 5999
1115489 6000
1115490 6001
1115648 6002
1115649 6003
1115653 6004
1115656 6005
1115657 6006
1115660 6007
1115661 6008
1115665 6009
1115668 6010
1115669 6011
1115673 6012
1115676 6013
1115677 6014
1115680 6015
1115681 6016
1115712 6017
1115713 6018
1115714 6019
1115717 6020
1115718 6021
1115720 6022
1115721 6023
1115722 6024
1115724 6025
1115725 6026
1115726 6027
1115729 6028
1115730 6029
1115732 6030
1115733 6031
1115734 6032
1115736 6033
1115738 6034
1115740 6035
1115741 6036
1115742 6037
1115744 6038
1115745 6039
1115746 6040
1115904 6041
1115905 6042
1115909 6043
1115912 6044
1115913 6045
1115916 6046
1115917 6047
1115921 6048
1115924 6049
1115925 6050
1115928 6051
1115929 6052
1115933 6053
1115936 6054
1115937 6055
1115968 6056
1115969 6057
1115970 6058
1115973 6059
1115974 6060
1115976 6061
1115977 6062
1115978 6063
1115980 6064
1115981 6065
1115982 6066
1115985 6067
1115986 6068
1115988 6069
1115989 6070
1115990 6071
1115992 6072
1115993 6073
1115994 6074
1115996 6075
1115998 6076
1116000 6077
1116001 6078
1116002 6079
1116160 6080
1116161 6081
1116165 6082
1116168 6083
1116169 6084
1116172 6085
1116173 6086
1116177 6087
1116180 6088
1116181 6089
1116184 6090
1116185 6091
1116188 6092
1116189 6093
1116193 6094
1116224 6095
1116225 6096
1116226 6097
1116229 6098
1116230 6099
1116232 6100
1116233 6101
1116234 6102
1116236 6103
1116237 6104
1116238 6105
1116241 6106
1116242 6107
1116244 6108
1116245 6109
1116246 6110
1116248 6111
1116249 6112
1116250 6113
1116252 6114
1116253 6115
1116254 6116
1116256 6117
1116258 6118
1119360 6119
1119361 6120
1119363 6121
1119365 6122
1119367 6123
1119368 6124
1119369 6125
1119371 6126
1119372 6127
1119373 6128
1119375 6129
1119376 6130
1119379 6131
1119380 6132
1119381 6133
1119383 6134
1119384 6135
1119385 6136
1119387 6137
1119388 6138
1119389 6139
1119391 6140
1119392 6141
1119393 6142
1119395 6143
1119488 6144
1119489 6145
1119490 6146
1119493 6147
1119494 6148
1119496 6149
1119497 6150
1119498 6151
1119500 6152
1119501 6153
1119502 6154
1119504 6155
1119506 6156
1119509 6157
1119510 6158
1119512 6159
1119513 6160
1119514 6161
1119516 6162
1119517 6163
1119518 6164
1119520 6165
1119521 6166
1119522 6167
1119552 6168
1119553 6169
1119554 6170
1119557 6171
1119558 6172
1119560 6173
1119561 6174
1119562 6175
1119564 6176
1119565 6177
1119566 6178
1119568 6179
1119570 6180
1119572 6181
1119574 6182
1119576 6183
1119577 6184
1119578 6185
1119580 6186
1119581 6187
1119582 6188
1119584 6189
1119585 6190
1119586 6191
1119616 6192
1119617 6193
1119618 6194
1119619 6195
1119621 6196
1119622 6197
1119623 6198
1119624 6199
1119625 6200
1119626 6201
1119627 6202
1119628 6203
1119629 6204
1119630 6205
1119631 6206
1119632 6207
1119634 6208
1119635 6209
1119636 6210
1119637 6211
1119639 6212
1119640 6213
1119641 6214
1119642 6215
1119643 6216
1119644 6217
1119645 6218
1119646 6219
1119647 6220
1119648 6221
1119649 6222
1119650 6223
1119651 6224
1119744 6225
1119745 6226
1119746 6227
1119749 6228
1119750 6229
1119752 6230
1119753 6231
1119754 6232
1119756 6233
1119757 6234
1119758 6235
1119760 6236
1119762 6237
1119764 6238
1119765 6239
1119766 6240
1119769 6241
1119770 6242
1119772 6243
1119773 6244
1119774 6245
1119776 6246
1119777 6247
1119778 6248
1119808 6249
1119809 6250
1119810 6251
1119813 6252
1119814 6253
1119816 6254
1119817 6255
1119818 6256
1119820 6257
1119821 6258
1119822 6259
1119824 6260
1119826 6261
1119828 6262
1119829 6263
1119830 6264
1119832 6265
1119834 6266
1119836 6267
1119837 6268
1119838 6269
1119840 6270
1119841 6271
1119842 6272
1119872 6273
1119873 6274
1119874 6275
1119875 6276
1119877 6277
1119878 6278
1119879 6279
1119880 6280
1119881 6281
1119882 6282
1119883 6283
1119884 6284
1119885 6285
1119886 6286
1119887 6287
1119888 6288
1119890 6289
1119891 6290
1119892 6291
1119893 6292
1119894 6293
1119895 6294
1119896 6295
1119897 6296
1119899 6297
1119900 6298
1119901 6299
1119902 6300
1119903 6301
1119904 6302
1119905 6303
1119906 6304
1119907 6305
1120000 6306
1120001 6307
1120002 6308
1120005 6309
1120006 6310
1120008 6311
1120009 6312
1120010 6313
1120012 6314
1120013 6315
1120014 6316
1120016 6317
1120018 6318
1120020 6319
1120021 6320
1120022 6321
1120024 6322
1120025 6323
1120026 6324
1120029 6325
1120030 6326
1120032 6327
1120033 6328
1120034 6329
1120064 6330
1120065 6331
1120066 6332
1120069 6333
1120070 6334
1120072 6335
1120073 6336
1120074 6337
1120076 6338
1120077 6339
1120078 6340
1120080 6341
1120082 6342
1120084 6343
1120085 6344
1120086 6345
1120088 6346
1120089 6347
1120090 6348
1120092 6349
1120094 6350
1120096 6351
1120097 6352
1120098 6353
1120128 6354
1120129 6355
1120130 6356
1120131 6357
1120133 6358
1120134 6359
1120135 6360
1120136 6361
1120137 6362
1120138 6363
1120139 6364
1120140 6365
1120141 6366
1120142 6367
1120143 6368
1120144 6369
1120146 6370
1120147 6371
1120148 6372
1120149 6373
1120150 6374
1120151 6375
1120152 6376
1120153 6377
1120154 6378
1120155 6379
1120156 6380
1120157 6381
1120159 6382
1120160 6383
1120161 6384
1120162 6385
1120163 6386
1120256 6387
1120257 6388
1120258 6389
1120261 6390
1120262 6391
1120264 6392
1120265 6393
1120266 6394
1120268 6395
1120269 6396
1120270 6397
1120272 6398
1120274 6399
1120276 6400
1120277 6401
1120278 6402
1120280 6403
1120281 6404
1120282 6405
1120284 6406
1120285 6407
1120286 6408
1120289 6409
1120290 6410
1120320 6411
1120321 6412
1120322 6413
1120325 6414
1120326 6415
1120328 6416
1120329 6417
1120330 6418
1120332 6419
1120333 6420
1120334 6421
1120336 6422
1120338 6423
1120340 6424
1120341 6425
1120342 6426
1120344 6427
1120345 6428
1120346 6429
1120348 6430
1120349 6431
1120350 6432
1120352 6433
1120354 6434
1120384 6435
1120385 6436
1120386 6437
1120387 6438
1120389 6439
1120390 6440
1120391 6441
1120392 6442
1120393 6443
1120394 6444
1120395 6445
1120396 6446
1120397 6447
1120398 6448
1120399 6449
1120400 6450
1120402 6451
1120403 6452
1120404 6453
1120405 6454
1120406 6455
1120407 6456
1120408 6457
1120409 6458
1120410 6459
1120411 6460
1120412 6461
1120413 6462
1120414 6463
1120415 6464
1120416 6465
1120417 6466
1120419 6467
1131840 6468
1131841 6469
1131842 6470
1131845 6471
1131846 6472
1131848 6473
1131849 6474
1131850 6475
1131852 6476
1131853 6477
1131854 6478
1131856 6479
1131857 6480
1131858 6481
1131862 6482
1131864 6483
1131865 6484
1131866 6485
1131868 6486
1131869 6487
1131870 6488
1131872 6489
1131873 6490
1131874 6491
1132032 6492
1132033 6493
1132037 6494
1132040 6495
1132041 6496
1132044 6497
1132045 6498
1132048 6499
1132049 6500
1132053 6501
1132057 6502
1132060 6503
1132061 6504
1132064 6505
1132065 6506
1132096 6507
1132097 6508
1132098 6509
1132101 6510
1132102 6511
1132104 6512
1132105 6513
1132106 6514
1132108 6515
1132109 6516
1132110 6517
1132112 6518
1132113 6519
1132114 6520
1132117 6521
1132118 6522
1132120 6523
1132122 6524
1132124 6525
1132125 6526
1132126 6527
1132128 6528
1132129 6529
1132130 6530
1132288 6531
1132289 6532
1132293 6533
1132296 6534
1132297 6535
1132300 6536
1132301 6537
1132304 6538
1132305 6539
1132309 6540
1132312 6541
1132313 6542
1132317 6543
1132320 6544
1132321 6545
1132352 6546
1132353 6547
1132354 6548
1132357 6549
1132358 6550
1132360 6551
1132361 6552
1132362 6553
1132364 6554
1132365 6555
1132366 6556
1132368 6557
1132369 6558
1132370 6559
1132373 6560
1132374 6561
1132376 6562
1132377 6563
1132378 6564
1132380 6565
1132382 6566
1132384 6567
1132385 6568
1132386 6569
1132544 6570
1132545 6571
1132549 6572
1132552 6573
1132553 6574
1132556 6575
1132557 6576
1132560 6577
1132561 6578
1132565 6579
1132568 6580
1132569 6581
1132572 6582
1132573 6583
1132577 6584
1132608 6585
1132609 6586
1132610 6587
1132613 6588
1132614 6589
1132616 6590
1132617 6591
1132618 6592
1132620 6593
1132621 6594
1132622 6595
1132624 6596
1132625 6597
1132626 6598
1132629 6599
1132630 6600
1132632 6601
1132633 6602
1132634 6603
1132636 6604
1132637 6605
1132638 6606
1132640 6607
1132642 6608
1136000 6609
1136001 6610
1136003 6611
1136005 6612
1136007 6613
1136008 6614
1136009 6615
1136011 6616
1136012 6617
1136013 6618
1136015 6619
1136016 6620
1136017 6621
1136019 6622
1136020 6623
1136023 6624
1136024 6625
1136025 6626
1136027 6627
1136028 6628
1136029 6629
1136031 6630
1136032 6631
1136033 6632
1136035 6633
1136128 6634
1136129 6635
1136130 6636
1136133 6637
1136134 6638
1136136 6639
1136137 6640
1136138 6641
1136140 6642
1136141 6643
1136142 6644
1136144 6645
1136145 6646
1136146 6647
1136148 6648
1136150 6649
1136153 6650
1136154 6651
1136156 6652
1136157 6653
1136158 6654
1136160 6655
1136161 6656
1136162 6657
1136192 6658
1136193 6659
1136194 6660
1136197 6661
1136198 6662
1136200 6663
1136201 6664
1136202 6665
1136204 6666
1136205 6667
1136206 6668
1136208 6669
1136209 6670
1136210 6671
1136212 6672
1136214 6673
1136216 6674
1136218 6675
1136220 6676
1136221 6677
1136222 6678
1136224 6679
1136225 6680
1136226 6681
1136256 6682
1136257 6683
1136258 6684
1136259 6685
1136261 6686
1136262 6687
1136263 6688
1136264 6689
1136265 6690
1136266 6691
1136267 6692
1136268 6693
1136269 6694
1136270 6695
1136271 6696
1136272 6697
1136273 6698
1136274 6699
1136275 6700
1136276 6701
1136278 6702
1136279 6703
1136280 6704
1136281 6705
1136283 6706
1136284 6707
1136285 6708
1136286 6709
1136287 6710
1136288 6711
1136289 6712
1136290 6713
1136291 6714
1136384 6715
1136385 6716
1136386 6717
1136389 6718
1136390 6719
1136392 6720
1136393 6721
1136394 6722
1136396 6723
1136397 6724
1136398 6725
1136400 6726
1136401 6727
1136402 6728
1136404 6729
1136406 6730
1136408 6731
1136409 6732
1136410 6733
1136413 6734
1136414 6735
1136416 6736
1136417 6737
1136418 6738
1136448 6739
1136449 6740
1136450 6741
1136453 6742
1136454 6743
1136456 6744
1136457 6745
1136458 6746
1136460 6747
1136461 6748
1136462 6749
1136464 6750
1136465 6751
1136466 6752
1136468 6753
1136470 6754
1136472 6755
1136473 6756
1136474 6757
1136476 6758
1136478 6759
1136480 6760
1136481 6761
1136482 6762
1136512 6763
1136513 6764
1136514 6765
1136515 6766
1136517 6767
1136518 6768
1136519 6769
1136520 6770
1136521 6771
1136522 6772
1136523 6773
1136524 6774
1136525 6775
1136526 6776
1136527 6777
1136528 6778
1136529 6779
1136530 6780
1136531 6781
1136532 6782
1136534 6783
1136535 6784
1136536 6785
1136537 6786
1136538 6787
1136539 6788
1136540 6789
1136541 6790
1136543 6791
1136544 6792
1136545 6793
1136546 6794
1136547 6795
1136640 6796
1136641 6797
1136642 6798
1136645 6799
1136646 6800
1136648 6801
1136649 6802
1136650 6803
1136652 6804
1136653 6805
1136654 6806
1136656 6807
1136657 6808
1136658 6809
1136660 6810
1136662 6811
1136664 6812
1136665 6813
1136666 6814
1136668 6815
1136669 6816
1136670 6817
1136673 6818
1136674 6819
1136704 6820
1136705 6821
1136706 6822
1136709 6823
1136710 6824
1136712 6825
1136713 6826
1136714 6827
1136716 6828
1136717 6829
1136718 6830
1136720 6831
1136721 6832
1136722 6833
1136724 6834
1136726 6835
1136728 6836
1136729 6837
1136730 6838
1136732 6839
1136733 6840
1136734 6841
1136736 6842
1136738 6843
1136768 6844
1136769 6845
1136770 6846
1136771 6847
1136773 6848
1136774 6849
1136775 6850
1136776 6851
1136777 6852
1136778 6853
1136779 6854
1136780 6855
1136781 6856
1136782 6857
1136783 6858
1136784 6859
1136785 6860
1136786 6861
1136787 6862
1136788 6863
1136790 6864
1136791 6865
1136792 6866
1136793 6867
1136794 6868
1136795 6869
1136796 6870
1136797 6871
1136798 6872
1136799 6873
1136800 6874
1136801 6875
1136803 6876
1148480 6877
1148481 6878
1148482 6879
1148485 6880
1148486 6881
1148488 6882
1148489 6883
1148490 6884
1148492 6885
1148493 6886
1148494 6887
1148496 6888
1148497 6889
1148498 6890
1148500 6891
1148501 6892
1148502 6893
1148506 6894
1148508 6895
1148509 6896
1148510 6897
1148512 6898
1148513 6899
1148514 6900
1148672 6901
1148673 6902
1148677 6903
1148680 6904
1148681 6905
1148684 6906
1148685 6907
1148688 6908
1148689 6909
1148692 6910
1148693 6911
1148697 6912
1148701 6913
1148704 6914
1148705 6915
1148736 6916
1148737 6917
1148738 6918
1148741 6919
1148742 6920
1148744 6921
1148745 6922
1148746 6923
1148748 6924
1148749 6925
1148750 6926
1148752 6927
1148753 6928
1148754 6929
1148756 6930
1148757 6931
1148758 6932
1148761 6933
1148762 6934
1148764 6935
1148766 6936
1148768 6937
1148769 6938
1148770 6939
1148928 6940
1148929 6941
1148933 6942
1148936 6943
1148937 6944
1148940 6945
1148941 6946
1148944 6947
1148945 6948
1148948 6949
1148949 6950
1148953 6951
1148956 6952
1148957 6953
1148961 6954
1148992 6955
1148993 6956
1148994 6957
1148997 6958
1148998 6959
1149000 6960
1149001 6961
1149002 6962
1149004 6963
1149005 6964
1149006 6965
1149008 6966
1149009 6967
1149010 6968
1149012 6969
1149013 6970
1149014 6971
1149017 6972
1149018 6973
1149020 6974
1149021 6975
1149022 6976
1149024 6977
1149026 6978
1152640 6979
1152641 6980
1152643 6981
1152645 6982
1152647 6983
1152648 6984
1152649 6985
1152651 6986
1152652 6987
1152653 6988
1152655 6989
1152656 6990
1152657 6991
1152659 6992
1152660 6993
1152661 6994
1152663 6995
1152664 6996
1152667 6997
1152668 6998
1152669 6999
1152671 7000
1152672 7001
1152673 7002
1152675 7003
1152768 7004
1152769 7005
1152770 7006
1152773 7007
1152774 7008
1152776 7009
1152777 7010
1152778 7011
1152780 7012
1152781 7013
1152782 7014
1152784 7015
1152785 7016
1152786 7017
1152788 7018
1152789 7019
1152790 7020
1152792 7021
1152794 7022
1152797 7023
1152798 7024
1152800 7025
1152801 7026
1152802 7027
1152832 7028
1152833 7029
1152834 7030
1152837 7031
1152838 7032
1152840 7033
1152841 7034
1152842 7035
1152844 7036
1152845 7037
1152846 7038
1152848 7039
1152849 7040
1152850 7041
1152852 7042
1152853 7043
1152854 7044
1152856 7045
1152858 7046
1152860 7047
1152862 7048
1152864 7049
1152865 7050
1152866 7051
1152896 7052
1152897 7053
1152898 7054
1152899 7055
1152901 7056
1152902 7057
1152903 7058
1152904 7059
1152905 7060
1152906 7061
1152907 7062
1152908 7063
1152909 7064
1152910 7065
1152911 7066
1152912 7067
1152913 7068
1152914 7069
1152915 7070
1152916 7071
1152917 7072
1152918 7073
1152919 7074
1152920 7075
1152922 7076
1152923 7077
1152924 7078
1152925 7079
1152927 7080
1152928 7081
1152929 7082
1152930 7083
1152931 7084
1153024 7085
1153025 7086
1153026 7087
1153029 7088
1153030 7089
1153032 7090
1153033 7091
1153034 7092
1153036 7093
1153037 7094
1153038 7095
1153040 7096
1153041 7097
1153042 7098
1153044 7099
1153045 7100
1153046 7101
1153048 7102
1153050 7103
1153052 7104
1153053 7105
1153054 7106
1153057 7107
1153058 7108
1153088 7109
1153089 7110
1153090 7111
1153093 7112
1153094 7113
1153096 7114
1153097 7115
1153098 7116
1153100 7117
1153101 7118
1153102 7119
1153104 7120
1153105 7121
1153106 7122
1153108 7123
1153109 7124
1153110 7125
1153112 7126
1153114 7127
1153116 7128
1153117 7129
1153118 7130
1153120 7131
1153122 7132
1153152 7133
1153153 7134
1153154 7135
1153155 7136
1153157 7137
1153158 7138
1153159 7139
1153160 7140
1153161 7141
1153162 7142
1153163 7143
1153164 7144
1153165 7145
1153166 7146
1153167 7147
1153168 7148
1153169 7149
1153170 7150
1153171 7151
1153172 7152
1153173 7153
1153174 7154
1153175 7155
1153176 7156
1153178 7157
1153179 7158
1153180 7159
1153181 7160
1153182 7161
1153183 7162
1153184 7163
1153185 7164
1153187 7165
1165120 7166
1165121 7167
1165122 7168
1165125 7169
1165126 7170
1165128 7171
1165129 7172
1165130 7173
1165132 7174
1165133 7175
1165134 7176
1165136 7177
1165137 7178
1165138 7179
1165140 7180
1165141 7181
1165142 7182
1165144 7183
1165145 7184
1165146 7185
1165150 7186
1165152 7187
1165153 7188
1165154 7189
1165312 7190
1165313 7191
1165317 7192
1165320 7193
1165321 7194
1165324 7195
1165325 7196
1165328 7197
1165329 7198
1165332 7199
1165333 7200
1165336 7201
1165337 7202
1165341 7203
1165345 7204
1165376 7205
1165377 7206
1165378 7207
1165381 7208
1165382 7209
1165384 7210
1165385 7211
1165386 7212
1165388 7213
1165389 7214
1165390 7215
1165392 7216
1165393 7217
1165394 7218
1165396 7219
1165397 7220
1165398 7221
1165400 7222
1165401 7223
1165402 7224
1165405 7225
1165406 7226
1165408 7227
1165410 7228
1169280 7229
1169281 7230
1169283 7231
1169285 7232
1169287 7233
1169288 7234
1169289 7235
1169291 7236
1169292 7237
1169293 7238
1169295 7239
1169296 7240
1169297 7241
1169299 7242
1169300 7243
1169301 7244
1169303 7245
1169304 7246
1169305 7247
1169307 7248
1169308 7249
1169311 7250
1169312 7251
1169313 7252
1169315 7253
1169408 7254
1169409 7255
1169410 7256
1169413 7257
1169414 7258
1169416 7259
1169417 7260
1169418 7261
1169420 7262
1169421 7263
1169422 7264
1169424 7265
1169425 7266
1169426 7267
1169428 7268
1169429 7269
1169430 7270
1169432 7271
1169433 7272
1169434 7273
1169436 7274
1169438 7275
1169441 7276
1169442 7277
1169472 7278
1169473 7279
1169474 7280
1169477 7281
1169478 7282
1169480 7283
1169481 7284
1169482 7285
1169484 7286
1169485 7287
1169486 7288
1169488 7289
1169489 7290
1169490 7291
1169492 7292
1169493 7293
1169494 7294
1169496 7295
1169497 7296
1169498 7297
1169500 7298
1169502 7299
1169504 7300
1169506 7301
1169536 7302
1169537 7303
1169538 7304
1169539 7305
1169541 7306
1169542 7307
1169543 7308
1169544 7309
1169545 7310
1169546 7311
1169547 7312
1169548 7313
1169549 7314
1169550 7315
1169551 7316
1169552 7317
1169553 7318
1169554 7319
1169555 7320
1169556 7321
1169557 7322
1169558 7323
1169559 7324
1169560 7325
1169561 7326
1169562 7327
1169563 7328
1169564 7329
1169566 7330
1169567 7331
1169568 7332
1169569 7333
1169571 7334
1181760 7335
1181761 7336
1181762 7337
1181765 7338
1181766 7339
1181768 7340
1181769 7341
1181770 7342
1181772 7343
1181773 7344
1181774 7345
1181776 7346
1181777 7347
1181778 7348
1181780 7349
1181781 7350
1181782 7351
1181784 7352
1181785 7353
1181786 7354
1181788 7355
1181789 7356
1181790 7357
1181794 7358
1185920 7359
1185921 7360
1185923 7361
1185925 7362
1185927 7363
1185928 7364
1185929 7365
1185931 7366
1185932 7367
1185933 7368
1185935 7369
1185936 7370
1185937 7371
1185939 7372
1185940 7373
1185941 7374
1185943 7375
1185944 7376
1185945 7377
1185947 7378
1185948 7379
1185949 7380
1185951 7381
1185952 7382
1185955 7383
2134656 7384
2134659 7385
2134660 7386
2134663 7387
2134667 7388
2134668 7389
2134671 7390
2134672 7391
2134675 7392
2134676 7393
2134679 7394
2134680 7395
2134683 7396
2134684 7397
2134687 7398
2134688 7399
2134691 7400
2134784 7401
2134785 7402
2134786 7403
2134788 7404
2134789 7405
2134790 7406
2134794 7407
2134797 7408
2134798 7409
2134800 7410
2134801 7411
2134802 7412
2134804 7413
2134805 7414
2134806 7415
2134808 7416
2134809 7417
2134810 7418
2134812 7419
2134813 7420
2134814 7421
2134816 7422
2134817 7423
2134818 7424
2134912 7425
2134914 7426
2134915 7427
2134916 7428
2134918 7429
2134919 7430
2134922 7431
2134923 7432
2134924 7433
2134927 7434
2134928 7435
2134930 7436
2134931 7437
2134932 7438
2134934 7439
2134935 7440
2134936 7441
2134938 7442
2134939 7443
2134940 7444
2134942 7445
2134943 7446
2134944 7447
2134946 7448
2134947 7449
2135040 7450
2135041 7451
2135042 7452
2135044 7453
2135045 7454
2135046 7455
2135050 7456
2135052 7457
2135053 7458
2135054 7459
2135057 7460
2135058 7461
2135060 7462
2135061 7463
2135062 7464
2135064 7465
2135065 7466
2135066 7467
2135068 7468
2135069 7469
2135070 7470
2135072 7471
2135073 7472
2135074 7473
2135168 7474
2135170 7475
2135171 7476
2135172 7477
2135174 7478
2135175 7479
2135178 7480
2135179 7481
2135180 7482
2135182 7483
2135183 7484
2135184 7485
2135187 7486
2135188 7487
2135190 7488
2135191 7489
2135192 7490
2135194 7491
2135195 7492
2135196 7493
2135198 7494
2135199 7495
2135200 7496
2135202 7497
2135203 7498
2135296 7499
2135297 7500
2135298 7501
2135300 7502
2135301 7503
2135302 7504
2135306 7505
2135308 7506
2135309 7507
2135310 7508
2135312 7509
2135313 7510
2135314 7511
2135317 7512
2135318 7513
2135320 7514
2135321 7515
2135322 7516
2135324 7517
2135325 7518
2135326 7519
2135328 7520
2135329 7521
2135330 7522
2135424 7523
2135426 7524
2135427 7525
2135428 7526
2135430 7527
2135431 7528
2135434 7529
2135435 7530
2135436 7531
2135438 7532
2135439 7533
2135440 7534
2135442 7535
2135443 7536
2135444 7537
2135447 7538
2135448 7539
2135450 7540
2135451 7541
2135452 7542
2135454 7543
2135455 7544
2135456 7545
2135458 7546
2135459 7547
2135552 7548
2135553 7549
2135554 7550
2135556 7551
2135557 7552
2135558 7553
2135562 7554
2135564 7555
2135565 7556
2135566 7557
2135568 7558
2135569 7559
2135570 7560
2135572 7561
2135573 7562
2135574 7563
2135577 7564
2135578 7565
2135580 7566
2135581 7567
2135582 7568
2135584 7569
2135585 7570
2135586 7571
2135680 7572
2135682 7573
2135683 7574
2135684 7575
2135686 7576
2135687 7577
2135690 7578
2135691 7579
2135692 7580
2135694 7581
2135695 7582
2135696 7583
2135698 7584
2135699 7585
2135700 7586
2135702 7587
2135703 7588
2135704 7589
2135707 7590
2135708 7591
2135710 7592
2135711 7593
2135712 7594
2135714 7595
2135715 7596
2135808 7597
2135809 7598
2135810 7599
2135812 7600
2135813 7601
2135814 7602
2135818 7603
2135820 7604
2135821 7605
2135822 7606
2135824 7607
2135825 7608
2135826 7609
2135828 7610
2135829 7611
2135830 7612
2135832 7613
2135833 7614
2135834 7615
2135837 7616
2135838 7617
2135840 7618
2135841 7619
2135842 7620
2135936 7621
2135938 7622
2135939 7623
2135940 7624
2135942 7625
2135943 7626
2135946 7627
2135947 7628
2135948 7629
2135950 7630
2135951 7631
2135952 7632
2135954 7633
2135955 7634
2135956 7635
2135958 7636
2135959 7637
2135960 7638
2135962 7639
2135963 7640
2135964 7641
2135967 7642
2135968 7643
2135970 7644
2135971 7645
2136064 7646
2136065 7647
2136066 7648
2136068 7649
2136069 7650
2136070 7651
2136074 7652
2136076 7653
2136077 7654
2136078 7655
2136080 7656
2136081 7657
2136082 7658
2136084 7659
2136085 7660
2136086 7661
2136088 7662
2136089 7663
2136090 7664
2136092 7665
2136093 7666
2136094 7667
2136097 7668
2136098 7669
2136192 7670
2136194 7671
2136195 7672
2136196 7673
2136198 7674
2136199 7675
2136202 7676
2136203 7677
2136204 7678
2136206 7679
2136207 7680
2136208 7681
2136210 7682
2136211 7683
2136212 7684
2136214 7685
2136215 7686
2136216 7687
2136218 7688
2136219 7689
2136220 7690
2136222 7691
2136223 7692
2136224 7693
2136227 7694
2147136 7695
2147137 7696
2147138 7697
2147140 7698
2147141 7699
2147142 7700
2147145 7701
2147146 7702
2147150 7703
2147152 7704
2147153 7705
2147154 7706
2147156 7707
2147157 7708
2147158 7709
2147160 7710
2147161 7711
2147162 7712
2147164 7713
2147165 7714
2147166 7715
2147168 7716
2147169 7717
2147170 7718
2147328 7719
2147329 7720
2147332 7721
2147333 7722
2147337 7723
2147341 7724
2147345 7725
2147348 7726
2147349 7727
2147352 7728
2147353 7729
2147356 7730
2147357 7731
2147360 7732
2147361 7733
2147392 7734
2147393 7735
2147394 7736
2147396 7737
2147397 7738
2147398 7739
2147401 7740
2147402 7741
2147405 7742
2147406 7743
2147408 7744
2147410 7745
2147412 7746
2147413 7747
2147414 7748
2147416 7749
2147417 7750
2147418 7751
2147420 7752
2147421 7753
2147422 7754
2147424 7755
2147425 7756
2147426 7757
2147584 7758
2147585 7759
2147588 7760
2147589 7761
2147593 7762
2147597 7763
2147600 7764
2147601 7765
2147605 7766
2147608 7767
2147609 7768
2147612 7769
2147613 7770
2147616 7771
2147617 7772
2147648 7773
2147649 7774
2147650 7775
2147652 7776
2147653 7777
2147654 7778
2147657 7779
2147658 7780
2147661 7781
2147662 7782
2147664 7783
2147665 7784
2147666 7785
2147668 7786
2147670 7787
2147672 7788
2147673 7789
2147674 7790
2147676 7791
2147677 7792
2147678 7793
2147680 7794
2147681 7795
2147682 7796
2147840 7797
2147841 7798
2147844 7799
2147845 7800
2147849 7801
2147853 7802
2147856 7803
2147857 7804
2147860 7805
2147861 7806
2147865 7807
2147868 7808
2147869 7809
2147872 7810
2147873 7811
2147904 7812
2147905 7813
2147906 7814
2147908 7815
2147909 7816
2147910 7817
2147913 7818
2147914 7819
2147917 7820
2147918 7821
2147920 7822
2147921 7823
2147922 7824
2147924 7825
2147925 7826
2147926 7827
2147928 7828
2147930 7829
2147932 7830
2147933 7831
2147934 7832
2147936 7833
2147937 7834
2147938 7835
2148096 7836
2148097 7837
2148100 7838
2148101 7839
2148105 7840
2148109 7841
2148112 7842
2148113 7843
2148116 7844
2148117 7845
2148120 7846
2148121 7847
2148125 7848
2148128 7849
2148129 7850
2148160 7851
2148161 7852
2148162 7853
2148164 7854
2148165 7855
2148166 7856
2148169 7857
2148170 7858
2148173 7859
2148174 7860
2148176 7861
2148177 7862
2148178 7863
2148180 7864
2148181 7865
2148182 7866
2148184 7867
2148185 7868
2148186 7869
2148188 7870
2148190 7871
2148192 7872
2148193 7873
2148194 7874
2148352 7875
2148353 7876
2148356 7877
2148357 7878
2148361 7879
2148365 7880
2148368 7881
2148369 7882
2148372 7883
2148373 7884
2148376 7885
2148377 7886
2148380 7887
2148381 7888
2148385 7889
2148416 7890
2148417 7891
2148418 7892
2148420 7893
2148421 7894
2148422 7895
2148425 7896
2148426 7897
2148429 7898
2148430 7899
2148432 7900
2148433 7901
2148434 7902
2148436 7903
2148437 7904
2148438 7905
2148440 7906
2148441 7907
2148442 7908
2148444 7909
2148445 7910
2148446 7911
2148448 7912
2148450 7913
2151296 7914
2151297 7915
2151299 7916
2151300 7917
2151301 7918
2151303 7919
2151305 7920
2151307 7921
2151308 7922
2151311 7923
2151312 7924
2151313 7925
2151315 7926
2151316 7927
2151317 7928
2151319 7929
2151320 7930
2151321 7931
2151323 7932
2151324 7933
2151325 7934
2151327 7935
2151328 7936
2151329 7937
2151331 7938
2151424 7939
2151425 7940
2151426 7941
2151428 7942
2151429 7943
2151430 7944
2151433 7945
2151434 7946
2151436 7947
2151438 7948
2151441 7949
2151442 7950
2151444 7951
2151445 7952
2151446 7953
2151448 7954
2151449 7955
2151450 7956
2151452 7957
2151453 7958
2151454 7959
2151456 7960
2151457 7961
2151458 7962
2151488 7963
2151489 7964
2151490 7965
2151492 7966
2151493 7967
2151494 7968
2151497 7969
2151498 7970
2151500 7971
2151502 7972
2151504 7973
2151506 7974
2151508 7975
2151509 7976
2151510 7977
2151512 7978
2151513 7979
2151514 7980
2151516 7981
2151517 7982
2151518 7983
2151520 7984
2151521 7985
2151522 7986
2151552 7987
2151553 7988
2151554 7989
2151555 7990
2151556 7991
2151557 7992
2151558 7993
2151559 7994
2151561 7995
2151562 7996
2151563 7997
2151564 7998
2151566 7999
2151567 8000
2151568 8001
2151569 8002
2151571 8003
2151572 8004
2151573 8005
2151574 8006
2151575 8007
2151576 8008
2151577 8009
2151578 8010
2151579 8011
2151580 8012
2151581 8013
2151582 8014
2151583 8015
2151584 8016
2151585 8017
2151586 8018
2151587 8019
2151680 8020
2151681 8021
2151682 8022
2151684 8023
2151685 8024
2151686 8025
2151689 8026
2151690 8027
2151692 8028
2151694 8029
2151696 8030
2151697 8031
2151698 8032
2151701 8033
2151702 8034
2151704 8035
2151705 8036
2151706 8037
2151708 8038
2151709 8039
2151710 8040
2151712 8041
2151713 8042
2151714 8043
2151744 8044
2151745 8045
2151746 8046
2151748 8047
2151749 8048
2151750 8049
2151753 8050
2151754 8051
2151756 8052
2151758 8053
2151760 8054
2151761 8055
2151762 8056
2151764 8057
2151766 8058
2151768 8059
2151769 8060
2151770 8061
2151772 8062
2151773 8063
2151774 8064
2151776 8065
2151777 8066
2151778 8067
2151808 8068
2151809 8069
2151810 8070
2151811 8071
2151812 8072
2151813 8073
2151814 8074
2151815 8075
2151817 8076
2151818 8077
2151819 8078
2151820 8079
2151822 8080
2151823 8081
2151824 8082
2151825 8083
2151826 8084
2151827 8085
2151828 8086
2151829 8087
2151831 8088
2151832 8089
2151833 8090
2151834 8091
2151835 8092
2151836 8093
2151837 8094
2151838 8095
2151839 8096
2151840 8097
2151841 8098
2151842 8099
2151843 8100
2151936 8101
2151937 8102
2151938 8103
2151940 8104
2151941 8105
2151942 8106
2151945 8107
2151946 8108
2151948 8109
2151950 8110
2151952 8111
2151953 8112
2151954 8113
2151956 8114
2151957 8115
2151958 8116
2151961 8117
2151962 8118
2151964 8119
2151965 8120
2151966 8121
2151968 8122
2151969 8123
2151970 8124
2152000 8125
2152001 8126
2152002 8127
2152004 8128
2152005 8129
2152006 8130
2152009 8131
2152010 8132
2152012 8133
2152014 8134
2152016 8135
2152017 8136
2152018 8137
2152020 8138
2152021 8139
2152022 8140
2152024 8141
2152026 8142
2152028 8143
2152029 8144
2152030 8145
2152032 8146
2152033 8147
2152034 8148
2152064 8149
2152065 8150
2152066 8151
2152067 8152
2152068 8153
2152069 8154
2152070 8155
2152071 8156
2152073 8157
2152074 8158
2152075 8159
2152076 8160
2152078 8161
2152079 8162
2152080 8163
2152081 8164
2152082 8165
2152083 8166
2152084 8167
2152085 8168
2152086 8169
2152087 8170
2152088 8171
2152089 8172
2152091 8173
2152092 8174
2152093 8175
2152094 8176
2152095 8177
2152096 8178
2152097 8179
2152098 8180
2152099 8181
2152192 8182
2152193 8183
2152194 8184
2152196 8185
2152197 8186
2152198 8187
2152201 8188
2152202 8189
2152204 8190
2152206 8191
2152208 8192
2152209 8193
2152210 8194
2152212 8195
2152213 8196
2152214 8197
2152216 8198
2152217 8199
2152218 8200
2152221 8201
2152222 8202
2152224 8203
2152225 8204
2152226 8205
2152256 8206
2152257 8207
2152258 8208
2152260 8209
2152261 8210
2152262 8211
2152265 8212
2152266 8213
2152268 8214
2152270 8215
2152272 8216
2152273 8217
2152274 8218
2152276 8219
2152277 8220
2152278 8221
2152280 8222
2152281 8223
2152282 8224
2152284 8225
2152286 8226
2152288 8227
2152289 8228
2152290 8229
2152320 8230
2152321 8231
2152322 8232
2152323 8233
2152324 8234
2152325 8235
2152326 8236
2152327 8237
2152329 8238
2152330 8239
2152331 8240
2152332 8241
2152334 8242
2152335 8243
2152336 8244
2152337 8245
2152338 8246
2152339 8247
2152340 8248
2152341 8249
2152342 8250
2152343 8251
2152344 8252
2152345 8253
2152346 8254
2152347 8255
2152348 8256
2152349 8257
2152351 8258
2152352 8259
2152353 8260
2152354 8261
2152355 8262
2152448 8263
2152449 8264
2152450 8265
2152452 8266
2152453 8267
2152454 8268
2152457 8269
2152458 8270
2152460 8271
2152462 8272
2152464 8273
2152465 8274
2152466 8275
2152468 8276
2152469 8277
2152470 8278
2152472 8279
2152473 8280
2152474 8281
2152476 8282
2152477 8283
2152478 8284
2152481 8285
2152482 8286
2152512 8287
2152513 8288
2152514 8289
2152516 8290
2152517 8291
2152518 8292
2152521 8293
2152522 8294
2152524 8295
2152526 8296
2152528 8297
2152529 8298
2152530 8299
2152532 8300
2152533 8301
2152534 8302
2152536 8303
2152537 8304
2152538 8305
2152540 8306
2152541 8307
2152542 8308
2152544 8309
2152546 8310
2152576 8311
2152577 8312
2152578 8313
2152579 8314
2152580 8315
2152581 8316
2152582 8317
2152583 8318
2152585 8319
2152586 8320
2152587 8321
2152588 8322
2152590 8323
2152591 8324
2152592 8325
2152593 8326
2152594 8327
2152595 8328
2152596 8329
2152597 8330
2152598 8331
2152599 8332
2152600 8333
2152601 8334
2152602 8335
2152603 8336
2152604 8337
2152605 8338
2152606 8339
2152607 8340
2152608 8341
2152609 8342
2152611 8343
2163776 8344
2163777 8345
2163778 8346
2163780 8347
2163781 8348
2163782 8349
2163785 8350
2163786 8351
2163788 8352
2163789 8353
2163790 8354
2163794 8355
2163796 8356
2163797 8357
2163798 8358
2163800 8359
2163801 8360
2163802 8361
2163804 8362
2163805 8363
2163806 8364
2163808 8365
2163809 8366
2163810 8367
2163968 8368
2163969 8369
2163972 8370
2163973 8371
2163977 8372
2163980 8373
2163981 8374
2163985 8375
2163989 8376
2163992 8377
2163993 8378
2163996 8379
2163997 8380
2164000 8381
2164001 8382
2164032 8383
2164033 8384
2164034 8385
2164036 8386
2164037 8387
2164038 8388
2164041 8389
2164042 8390
2164044 8391
2164045 8392
2164046 8393
2164049 8394
2164050 8395
2164052 8396
2164054 8397
2164056 8398
2164057 8399
2164058 8400
2164060 8401
2164061 8402
2164062 8403
2164064 8404
2164065 8405
2164066 8406
2164224 8407
2164225 8408
2164228 8409
2164229 8410
2164233 8411
2164236 8412
2164237 8413
2164241 8414
2164244 8415
2164245 8416
2164249 8417
2164252 8418
2164253 8419
2164256 8420
2164257 8421
2164288 8422
2164289 8423
2164290 8424
2164292 8425
2164293 8426
2164294 8427
2164297 8428
2164298 8429
2164300 8430
2164301 8431
2164302 8432
2164305 8433
2164306 8434
2164308 8435
2164309 8436
2164310 8437
2164312 8438
2164314 8439
2164316 8440
2164317 8441
2164318 8442
2164320 8443
2164321 8444
2164322 8445
2164480 8446
2164481 8447
2164484 8448
2164485 8449
2164489 8450
2164492 8451
2164493 8452
2164497 8453
2164500 8454
2164501 8455
2164504 8456
2164505 8457
2164509 8458
2164512 8459
2164513 8460
2164544 8461
2164545 8462
2164546 8463
2164548 8464
2164549 8465
2164550 8466
2164553 8467
2164554 8468
2164556 8469
2164557 8470
2164558 8471
2164561 8472
2164562 8473
2164564 8474
2164565 8475
2164566 8476
2164568 8477
2164569 8478
2164570 8479
2164572 8480
2164574 8481
2164576 8482
2164577 8483
2164578 8484
2164736 8485
2164737 8486
2164740 8487
2164741 8488
2164745 8489
2164748 8490
2164749 8491
2164753 8492
2164756 8493
2164757 8494
2164760 8495
2164761 8496
2164764 8497
2164765 8498
2164769 8499
2164800 8500
2164801 8501
2164802 8502
2164804 8503
2164805 8504
2164806 8505
2164809 8506
2164810 8507
2164812 8508
2164813 8509
2164814 8510
2164817 8511
2164818 8512
2164820 8513
2164821 8514
2164822 8515
2164824 8516
2164825 8517
2164826 8518
2164828 8519
2164829 8520
2164830 8521
2164832 8522
2164834 8523
2167936 8524
2167937 8525
2167939 8526
2167940 8527
2167941 8528
2167943 8529
2167945 8530
2167947 8531
2167948 8532
2167949 8533
2167951 8534
2167952 8535
2167955 8536
2167956 8537
2167957 8538
2167959 8539
2167960 8540
2167961 8541
2167963 8542
2167964 8543
2167965 8544
2167967 8545
2167968 8546
2167969 8547
2167971 8548
2168064 8549
2168065 8550
2168066 8551
2168068 8552
2168069 8553
2168070 8554
2168073 8555
2168074 8556
2168076 8557
2168077 8558
2168078 8559
2168080 8560
2168082 8561
2168085 8562
2168086 8563
2168088 8564
2168089 8565
2168090 8566
2168092 8567
2168093 8568
2168094 8569
2168096 8570
2168097 8571
2168098 8572
2168128 8573
2168129 8574
2168130 8575
2168132 8576
2168133 8577
2168134 8578
2168137 8579
2168138 8580
2168140 8581
2168141 8582
2168142 8583
2168144 8584
2168146 8585
2168148 8586
2168150 8587
2168152 8588
2168153 8589
2168154 8590
2168156 8591
2168157 8592
2168158 8593
2168160 8594
2168161 8595
2168162 8596
2168192 8597
2168193 8598
2168194 8599
2168195 8600
2168196 8601
2168197 8602
2168198 8603
2168199 8604
2168201 8605
2168202 8606
2168203 8607
2168204 8608
2168205 8609
2168206 8610
2168207 8611
2168208 8612
2168210 8613
2168211 8614
2168212 8615
2168213 8616
2168215 8617
2168216 8618
2168217 8619
2168218 8620
2168219 8621
2168220 8622
2168221 8623
2168222 8624
2168223 8625
2168224 8626
2168225 8627
2168226 8628
2168227 8629
2168320 8630
2168321 8631
2168322 8632
2168324 8633
2168325 8634
2168326 8635
2168329 8636
2168330 8637
2168332 8638
2168333 8639
2168334 8640
2168336 8641
2168338 8642
2168340 8643
2168341 8644
2168342 8645
2168345 8646
2168346 8647
2168348 8648
2168349 8649
2168350 8650
2168352 8651
2168353 8652
2168354 8653
2168384 8654
2168385 8655
2168386 8656
2168388 8657
2168389 8658
2168390 8659
2168393 8660
2168394 8661
2168396 8662
2168397 8663
2168398 8664
2168400 8665
2168402 8666
2168404 8667
2168405 8668
2168406 8669
2168408 8670
2168410 8671
2168412 8672
2168413 8673
2168414 8674
2168416 8675
2168417 8676
2168418 8677
2168448 8678
2168449 8679
2168450 8680
2168451 8681
2168452 8682
2168453 8683
2168454 8684
2168455 8685
2168457 8686
2168458 8687
2168459 8688
2168460 8689
2168461 8690
2168462 8691
2168463 8692
2168464 8693
2168466 8694
2168467 8695
2168468 8696
2168469 8697
2168470 8698
2168471 8699
2168472 8700
2168473 8701
2168475 8702
2168476 8703
2168477 8704
2168478 8705
2168479 8706
2168480 8707
2168481 8708
2168482 8709
2168483 8710
2168576 8711
2168577 8712
2168578 8713
2168580 8714
2168581 8715
2168582 8716
2168585 8717
2168586 8718
2168588 8719
2168589 8720
2168590 8721
2168592 8722
2168594 8723
2168596 8724
2168597 8725
2168598 8726
2168600 8727
2168601 8728
2168602 8729
2168605 8730
2168606 8731
2168608 8732
2168609 8733
2168610 8734
2168640 8735
2168641 8736
2168642 8737
2168644 8738
2168645 8739
2168646 8740
2168649 8741
2168650 8742
2168652 8743
2168653 8744
2168654 8745
2168656 8746
2168658 8747
2168660 8748
2168661 8749
2168662 8750
2168664 8751
2168665 8752
2168666 8753
2168668 8754
2168670 8755
2168672 8756
2168673 8757
2168674 8758
2168704 8759
2168705 8760
2168706 8761
2168707 8762
2168708 8763
2168709 8764
2168710 8765
2168711 8766
2168713 8767
2168714 8768
2168715 8769
2168716 8770
2168717 8771
2168718 8772
2168719 8773
2168720 8774
2168722 8775
2168723 8776
2168724 8777
2168725 8778
2168726 8779
2168727 8780
2168728 8781
2168729 8782
2168730 8783
2168731 8784
2168732 8785
2168733 8786
2168735 8787
2168736 8788
2168737 8789
2168738 8790
2168739 8791
2168832 8792
2168833 8793
2168834 8794
2168836 8795
2168837 8796
2168838 8797
2168841 8798
2168842 8799
2168844 8800
2168845 8801
2168846 8802
2168848 8803
2168850 8804
2168852 8805
2168853 8806
2168854 8807
2168856 8808
2168857 8809
2168858 8810
2168860 8811
2168861 8812
2168862 8813
2168865 8814
2168866 8815
2168896 8816
2168897 8817
2168898 8818
2168900 8819
2168901 8820
2168902 8821
2168905 8822
2168906 8823
2168908 8824
2168909 8825
2168910 8826
2168912 8827
2168914 8828
2168916 8829
2168917 8830
2168918 8831
2168920 8832
2168921 8833
2168922 8834
2168924 8835
2168925 8836
2168926 8837
2168928 8838
2168930 8839
2168960 8840
2168961 8841
2168962 8842
2168963 8843
2168964 8844
2168965 8845
2168966 8846
2168967 8847
2168969 8848
2168970 8849
2168971 8850
2168972 8851
2168973 8852
2168974 8853
2168975 8854
2168976 8855
2168978 8856
2168979 8857
2168980 8858
2168981 8859
2168982 8860
2168983 8861
2168984 8862
2168985 8863
2168986 8864
2168987 8865
2168988 8866
2168989 8867
2168990 8868
2168991 8869
2168992 8870
2168993 8871
2168995 8872
2180416 8873
2180417 8874
2180418 8875
2180420 8876
2180421 8877
2180422 8878
2180425 8879
2180426 8880
2180428 8881
2180429 8882
2180430 8883
2180432 8884
2180433 8885
2180434 8886
2180438 8887
2180440 8888
2180441 8889
2180442 8890
2180444 8891
2180445 8892
2180446 8893
2180448 8894
2180449 8895
2180450 8896
2180608 8897
2180609 8898
2180612 8899
2180613 8900
2180617 8901
2180620 8902
2180621 8903
2180624 8904
2180625 8905
2180629 8906
2180633 8907
2180636 8908
2180637 8909
2180640 8910
2180641 8911
2180672 8912
2180673 8913
2180674 8914
2180676 8915
2180677 8916
2180678 8917
2180681 8918
2180682 8919
2180684 8920
2180685 8921
2180686 8922
2180688 8923
2180689 8924
2180690 8925
2180693 8926
2180694 8927
2180696 8928
2180698 8929
2180700 8930
2180701 8931
2180702 8932
2180704 8933
2180705 8934
2180706 8935
2180864 8936
2180865 8937
2180868 8938
2180869 8939
2180873 8940
2180876 8941
2180877 8942
2180880 8943
2180881 8944
2180885 8945
2180888 8946
2180889 8947
2180893 8948
2180896 8949
2180897 8950
2180928 8951
2180929 8952
2180930 8953
2180932 8954
2180933 8955
2180934 8956
2180937 8957
2180938 8958
2180940 8959
2180941 8960
2180942 8961
2180944 8962
2180945 8963
2180946 8964
2180949 8965
2180950 8966
2180952 8967
2180953 8968
2180954 8969
2180956 8970
2180958 8971
2180960 8972
2180961 8973
2180962 8974
2181120 8975
2181121 8976
2181124 8977
2181125 8978
2181129 8979
2181132 8980
2181133 8981
2181136 8982
2181137 8983
2181141 8984
2181144 8985
2181145 8986
2181148 8987
2181149 8988
2181153 8989
2181184 8990
2181185 8991
2181186 8992
2181188 8993
2181189 8994
2181190 8995
2181193 8996
2181194 8997
2181196 8998
2181197 8999
2181198 9000
2181200 9001
2181201 9002
2181202 9003
2181205 9004
2181206 9005
2181208 9006
2181209 9007
2181210 9008
2181212 9009
2181213 9010
2181214 9011
2181216 9012
2181218 9013
2184576 9014
2184577 9015
2184579 9016
2184580 9017
2184581 9018
2184583 9019
2184585 9020
2184587 9021
2184588 9022
2184589 9023
2184591 9024
2184592 9025
2184593 9026
2184595 9027
2184596 9028
2184599 9029
2184600 9030
2184601 9031
2184603 9032
2184604 9033
2184605 9034
2184607 9035
2184608 9036
2184609 9037
2184611 9038
2184704 9039
2184705 9040
2184706 9041
2184708 9042
2184709 9043
2184710 9044
2184713 9045
2184714 9046
2184716 9047
2184717 9048
2184718 9049
2184720 9050
2184721 9051
2184722 9052
2184724 9053
2184726 9054
2184729 9055
2184730 9056
2184732 9057
2184733 9058
2184734 9059
2184736 9060
2184737 9061
2184738 9062
2184768 9063
2184769 9064
2184770 9065
2184772 9066
2184773 9067
2184774 9068
2184777 9069
2184778 9070
2184780 9071
2184781 9072
2184782 9073
2184784 9074
2184785 9075
2184786 9076
2184788 9077
2184790 9078
2184792 9079
2184794 9080
2184796 9081
2184797 9082
2184798 9083
2184800 9084
2184801 9085
2184802 9086
2184832 9087
2184833 9088
2184834 9089
2184835 9090
2184836 9091
2184837 9092
2184838 9093
2184839 9094
2184841 9095
2184842 9096
2184843 9097
2184844 9098
2184845 9099
2184846 9100
2184847 9101
2184848 9102
2184849 9103
2184850 9104
2184851 9105
2184852 9106
2184854 9107
2184855 9108
2184856 9109
2184857 9110
2184859 9111
2184860 9112
2184861 9113
2184862 9114
2184863 9115
2184864 9116
2184865 9117
2184866 9118
2184867 9119
2184960 9120
2184961 9121
2184962 9122
2184964 9123
2184965 9124
2184966 9125
2184969 9126
2184970 9127
2184972 9128
2184973 9129
2184974 9130
2184976 9131
2184977 9132
2184978 9133
2184980 9134
2184982 9135
2184984 9136
2184985 9137
2184986 9138
2184989 9139
2184990 9140
2184992 9141
2184993 9142
2184994 9143
2185024 9144
2185025 9145
2185026 9146
2185028 9147
2185029 9148
2185030 9149
2185033 9150
2185034 9151
2185036 9152
2185037 9153
2185038 9154
2185040 9155
2185041 9156
2185042 9157
2185044 9158
2185046 9159
2185048 9160
2185049 9161
2185050 9162
2185052 9163
2185054 9164
2185056 9165
2185057 9166
2185058 9167
2185088 9168
2185089 9169
2185090 9170
2185091 9171
2185092 9172
2185093 9173
2185094 9174
2185095 9175
2185097 9176
2185098 9177
2185099 9178
2185100 9179
2185101 9180
2185102 9181
2185103 9182
2185104 9183
2185105 9184
2185106 9185
2185107 9186
2185108 9187
2185110 9188
2185111 9189
2185112 9190
2185113 9191
2185114 9192
2185115 9193
2185116 9194
2185117 9195
2185119 9196
2185120 9197
2185121 9198
2185122 9199
2185123 9200
2185216 9201
2185217 9202
2185218 9203
2185220 9204
2185221 9205
2185222 9206
2185225 9207
2185226 9208
2185228 9209
2185229 9210
2185230 9211
2185232 9212
2185233 9213
2185234 9214
2185236 9215
2185238 9216
2185240 9217
2185241 9218
2185242 9219
2185244 9220
2185245 9221
2185246 9222
2185249 9223
2185250 9224
2185280 9225
2185281 9226
2185282 9227
2185284 9228
2185285 9229
2185286 9230
2185289 9231
2185290 9232
2185292 9233
2185293 9234
2185294 9235
2185296 9236
2185297 9237
2185298 9238
2185300 9239
2185302 9240
2185304 9241
2185305 9242
2185306 9243
2185308 9244
2185309 9245
2185310 9246
2185312 9247
2185314 9248
2185344 9249
2185345 9250
2185346 9251
2185347 9252
2185348 9253
2185349 9254
2185350 9255
2185351 9256
2185353 9257
2185354 9258
2185355 9259
2185356 9260
2185357 9261
2185358 9262
2185359 9263
2185360 9264
2185361 9265
2185362 9266
2185363 9267
2185364 9268
2185366 9269
2185367 9270
2185368 9271
2185369 9272
2185370 9273
2185371 9274
2185372 9275
2185373 9276
2185374 9277
2185375 9278
2185376 9279
2185377 9280
2185379 9281
2197056 9282
2197057 9283
2197058 9284
2197060 9285
2197061 9286
2197062 9287
2197065 9288
2197066 9289
2197068 9290
2197069 9291
2197070 9292
2197072 9293
2197073 9294
2197074 9295
2197076 9296
2197077 9297
2197078 9298
2197082 9299
2197084 9300
2197085 9301
2197086 9302
2197088 9303
2197089 9304
2197090 9305
2197248 9306
2197249 9307
2197252 9308
2197253 9309
2197257 9310
2197260 9311
2197261 9312
2197264 9313
2197265 9314
2197268 9315
2197269 9316
2197273 9317
2197277 9318
2197280 9319
2197281 9320
2197312 9321
2197313 9322
2197314 9323
2197316 9324
2197317 9325
2197318 9326
2197321 9327
2197322 9328
2197324 9329
2197325 9330
2197326 9331
2197328 9332
2197329 9333
2197330 9334
2197332 9335
2197333 9336
2197334 9337
2197337 9338
2197338 9339
2197340 9340
2197342 9341
2197344 9342
2197345 9343
2197346 9344
2197504 9345
2197505 9346
2197508 9347
2197509 9348
2197513 9349
2197516 9350
2197517 9351
2197520 9352
2197521 9353
2197524 9354
2197525 9355
2197529 9356
2197532 9357
2197533 9358
2197537 9359
2197568 9360
2197569 9361
2197570 9362
2197572 9363
2197573 9364
2197574 9365
2197577 9366
2197578 9367
2197580 9368
2197581 9369
2197582 9370
2197584 9371
2197585 9372
2197586 9373
2197588 9374
2197589 9375
2197590 9376
2197593 9377
2197594 9378
2197596 9379
2197597 9380
2197598 9381
2197600 9382
2197602 9383
2201216 9384
2201217 9385
2201219 9386
2201220 9387
2201221 9388
2201223 9389
2201225 9390
2201227 9391
2201228 9392
2201229 9393
2201231 9394
2201232 9395
2201233 9396
2201235 9397
2201236 9398
2201237 9399
2201239 9400
2201240 9401
2201243 9402
2201244 9403
2201245 9404
2201247 9405
2201248 9406
2201249 9407
2201251 9408
2201344 9409
2201345 9410
2201346 9411
2201348 9412
2201349 9413
2201350 9414
2201353 9415
2201354 9416
2201356 9417
2201357 9418
2201358 9419
2201360 9420
2201361 9421
2201362 9422
2201364 9423
2201365 9424
2201366 9425
2201368 9426
2201370 9427
2201373 9428
2201374 9429
2201376 9430
2201377 9431
2201378 9432
2201408 9433
2201409 9434
2201410 9435
2201412 9436
2201413 9437
2201414 9438
2201417 9439
2201418 9440
2201420 9441
2201421 9442
2201422 9443
2201424 9444
2201425 9445
2201426 9446
2201428 9447
2201429 9448
2201430 9449
2201432 9450
2201434 9451
2201436 9452
2201438 9453
2201440 9454
2201441 9455
2201442 9456
2201472 9457
2201473 9458
2201474 9459
2201475 9460
2201476 9461
2201477 9462
2201478 9463
2201479 9464
2201481 9465
2201482 9466
2201483 9467
2201484 9468
2201485 9469
2201486 9470
2201487 9471
2201488 9472
2201489 9473
2201490 9474
2201491 9475
2201492 9476
2201493 9477
2201494 9478
2201495 9479
2201496 9480
2201498 9481
2201499 9482
2201500 9483
2201501 9484
2201503 9485
2201504 9486
2201505 9487
2201506 9488
2201507 9489
2201600 9490
2201601 9491
2201602 9492
2201604 9493
2201605 9494
2201606 9495
2201609 9496
2201610 9497
2201612 9498
2201613 9499
2201614 9500
2201616 9501
2201617 9502
2201618 9503
2201620 9504
2201621 9505
2201622 9506
2201624 9507
2201626 9508
2201628 9509
2201629 9510
2201630 9511
2201633 9512
2201634 9513
2201664 9514
2201665 9515
2201666 9516
2201668 9517
2201669 9518
2201670 9519
2201673 9520
2201674 9521
2201676 9522
2201677 9523
2201678 9524
2201680 9525
2201681 9526
2201682 9527
2201684 9528
2201685 9529
2201686 9530
2201688 9531
2201690 9532
2201692 9533
2201693 9534
2201694 9535
2201696 9536
2201698 9537
2201728 9538
2201729 9539
2201730 9540
2201731 9541
2201732 9542
2201733 9543
2201734 9544
2201735 9545
2201737 9546
2201738 9547
2201739 9548
2201740 9549
2201741 9550
2201742 9551
2201743 9552
2201744 9553
2201745 9554
2201746 9555
2201747 9556
2201748 9557
2201749 9558
2201750 9559
2201751 9560
2201752 9561
2201754 9562
2201755 9563
2201756 9564
2201757 9565
2201758 9566
2201759 9567
2201760 9568
2201761 9569
2201763 9570
2213696 9571
2213697 9572
2213698 9573
2213700 9574
2213701 9575
2213702 9576
2213705 9577
2213706 9578
2213708 9579
2213709 9580
2213710 9581
2213712 9582
2213713 9583
2213714 9584
2213716 9585
2213717 9586
2213718 9587
2213720 9588
2213721 9589
2213722 9590
2213726 9591
2213728 9592
2213729 9593
2213730 9594
2213888 9595
2213889 9596
2213892 9597
2213893 9598
2213897 9599
2213900 9600
2213901 9601
2213904 9602
2213905 9603
2213908 9604
2213909 9605
2213912 9606
2213913 9607
2213917 9608
2213921 9609
2213952 9610
2213953 9611
2213954 9612
2213956 9613
2213957 9614
2213958 9615
2213961 9616
2213962 9617
2213964 9618
2213965 9619
2213966 9620
2213968 9621
2213969 9622
2213970 9623
2213972 9624
2213973 9625
2213974 9626
2213976 9627
2213977 9628
2213978 9629
2213981 9630
2213982 9631
2213984 9632
2213986 9633
2217856 9634
2217857 9635
2217859 9636
2217860 9637
2217861 9638
2217863 9639
2217865 9640
2217867 9641
2217868 9642
2217869 9643
2217871 9644
2217872 9645
2217873 9646
2217875 9647
2217876 9648
2217877 9649
2217879 9650
2217880 9651
2217881 9652
2217883 9653
2217884 9654
2217887 9655
2217888 9656
2217889 9657
2217891 9658
2217984 9659
2217985 9660
2217986 9661
2217988 9662
2217989 9663
2217990 9664
2217993 9665
2217994 9666
2217996 9667
2217997 9668
2217998 9669
2218000 9670
2218001 9671
2218002 9672
2218004 9673
2218005 9674
2218006 9675
2218008 9676
2218009 9677
2218010 9678
2218012 9679
2218014 9680
2218017 9681
2218018 9682
2218048 9683
2218049 9684
2218050 9685
2218052 9686
2218053 9687
2218054 9688
2218057 9689
2218058 9690
2218060 9691
2218061 9692
2218062 9693
2218064 9694
2218065 9695
2218066 9696
2218068 9697
2218069 9698
2218070 9699
2218072 9700
2218073 9701
2218074 9702
2218076 9703
2218078 9704
2218080 9705
2218082 9706
2218112 9707
2218113 9708
2218114 9709
2218115 9710
2218116 9711
2218117 9712
2218118 9713
2218119 9714
2218121 9715
2218122 9716
2218123 9717
2218124 9718
2218125 9719
2218126 9720
2218127 9721
2218128 9722
2218129 9723
2218130 9724
2218131 9725
2218132 9726
2218133 9727
2218134 9728
2218135 9729
2218136 9730
2218137 9731
2218138 9732
2218139 9733
2218140 9734
2218142 9735
2218143 9736
2218144 9737
2218145 9738
2218147 9739
2230336 9740
2230337 9741
2230338 9742
2230340 9743
2230341 9744
2230342 9745
2230345 9746
2230346 9747
2230348 9748
2230349 9749
2230350 9750
2230352 9751
2230353 9752
2230354 9753
2230356 9754
2230357 9755
2230358 9756
2230360 9757
2230361 9758
2230362 9759
2230364 9760
2230365 9761
2230366 9762
2230370 9763
2234496 9764
2234497 9765
2234499 9766
2234500 9767
2234501 9768
2234503 9769
2234505 9770
2234507 9771
2234508 9772
2234509 9773
2234511 9774
2234512 9775
2234513 9776
2234515 9777
2234516 9778
2234517 9779
2234519 9780
2234520 9781
2234521 9782
2234523 9783
2234524 9784
2234525 9785
2234527 9786
2234528 9787
2234531 9788
3199872 9789
3199875 9790
3199876 9791
3199879 9792
3199880 9793
3199883 9794
3199887 9795
3199888 9796
3199891 9797
3199892 9798
3199895 9799
3199896 9800
3199899 9801
3199900 9802
3199903 9803
3199904 9804
3199907 9805
3200000 9806
3200001 9807
3200002 9808
3200004 9809
3200005 9810
3200006 9811
3200008 9812
3200009 9813
3200010 9814
3200014 9815
3200017 9816
3200018 9817
3200020 9818
3200021 9819
3200022 9820
3200024 9821
3200025 9822
3200026 9823
3200028 9824
3200029 9825
3200030 9826
3200032 9827
3200033 9828
3200034 9829
3200128 9830
3200130 9831
3200131 9832
3200132 9833
3200134 9834
3200135 9835
3200136 9836
3200138 9837
3200139 9838
3200142 9839
3200143 9840
3200144 9841
3200147 9842
3200148 9843
3200150 9844
3200151 9845
3200152 9846
3200154 9847
3200155 9848
3200156 9849
3200158 9850
3200159 9851
3200160 9852
3200162 9853
3200163 9854
3200256 9855
3200257 9856
3200258 9857
3200260 9858
3200261 9859
3200262 9860
3200264 9861
3200265 9862
3200266 9863
3200270 9864
3200272 9865
3200273 9866
3200274 9867
3200277 9868
3200278 9869
3200280 9870
3200281 9871
3200282 9872
3200284 9873
3200285 9874
3200286 9875
3200288 9876
3200289 9877
3200290 9878
3200384 9879
3200386 9880
3200387 9881
3200388 9882
3200390 9883
3200391 9884
3200392 9885
3200394 9886
3200395 9887
3200398 9888
3200399 9889
3200400 9890
3200402 9891
3200403 9892
3200404 9893
3200407 9894
3200408 9895
3200410 9896
3200411 9897
3200412 9898
3200414 9899
3200415 9900
3200416 9901
3200418 9902
3200419 9903
3200512 9904
3200513 9905
3200514 9906
3200516 9907
3200517 9908
3200518 9909
3200520 9910
3200521 9911
3200522 9912
3200526 9913
3200528 9914
3200529 9915
3200530 9916
3200532 9917
3200533 9918
3200534 9919
3200537 9920
3200538 9921
3200540 9922
3200541 9923
3200542 9924
3200544 9925
3200545 9926
3200546 9927
3200640 9928
3200642 9929
3200643 9930
3200644 9931
3200646 9932
3200647 9933
3200648 9934
3200650 9935
3200651 9936
3200654 9937
3200655 9938
3200656 9939
3200658 9940
3200659 9941
3200660 9942
3200662 9943
3200663 9944
3200664 9945
3200667 9946
3200668 9947
3200670 9948
3200671 9949
3200672 9950
3200674 9951
3200675 9952
3200768 9953
3200769 9954
3200770 9955
3200772 9956
3200773 9957
3200774 9958
3200776 9959
3200777 9960
3200778 9961
3200782 9962
3200784 9963
3200785 9964
3200786 9965
3200788 9966
3200789 9967
3200790 9968
3200792 9969
3200793 9970
3200794 9971
3200797 9972
3200798 9973
3200800 9974
3200801 9975
3200802 9976
3200896 9977
3200898 9978
3200899 9979
3200900 9980
3200902 9981
3200903 9982
3200904 9983
3200906 9984
3200907 9985
3200910 9986
3200911 9987
3200912 9988
3200914 9989
3200915 9990
3200916 9991
3200918 9992
3200919 9993
3200920 9994
3200922 9995
3200923 9996
3200924 9997
3200927 9998
3200928 9999
3200930 10000
3200931 10001
3201024 10002
3201025 10003
3201026 10004
3201028 10005
3201029 10006
3201030 10007
3201032 10008
3201033 10009
3201034 10010
3201038 10011
3201040 10012
3201041 10013
3201042 10014
3201044 10015
3201045 10016
3201046 10017
3201048 10018
3201049 10019
3201050 10020
3201052 10021
3201053 10022
3201054 10023
3201057 10024
3201058 10025
3201152 10026
3201154 10027
3201155 10028
3201156 10029
3201158 10030
3201159 10031
3201160 10032
3201162 10033
3201163 10034
3201166 10035
3201167 10036
3201168 10037
3201170 10038
3201171 10039
3201172 10040
3201174 10041
3201175 10042
3201176 10043
3201178 10044
3201179 10045
3201180 10046
3201182 10047
3201183 10048
3201184 10049
3201187 10050
3212352 10051
3212353 10052
3212354 10053
3212356 10054
3212357 10055
3212358 10056
3212360 10057
3212361 10058
3212362 10059
3212365 10060
3212366 10061
3212370 10062
3212372 10063
3212373 10064
3212374 10065
3212376 10066
3212377 10067
3212378 10068
3212380 10069
3212381 10070
3212382 10071
3212384 10072
3212385 10073
3212386 10074
3212544 10075
3212545 10076
3212548 10077
3212549 10078
3212552 10079
3212553 10080
3212557 10081
3212561 10082
3212565 10083
3212568 10084
3212569 10085
3212572 10086
3212573 10087
3212576 10088
3212577 10089
3212608 10090
3212609 10091
3212610 10092
3212612 10093
3212613 10094
3212614 10095
3212616 10096
3212617 10097
3212618 10098
3212621 10099
3212622 10100
3212625 10101
3212626 10102
3212628 10103
3212630 10104
3212632 10105
3212633 10106
3212634 10107
3212636 10108
3212637 10109
3212638 10110
3212640 10111
3212641 10112
3212642 10113
3212800 10114
3212801 10115
3212804 10116
3212805 10117
3212808 10118
3212809 10119
3212813 10120
3212817 10121
3212820 10122
3212821 10123
3212825 10124
3212828 10125
3212829 10126
3212832 10127
3212833 10128
3212864 10129
3212865 10130
3212866 10131
3212868 10132
3212869 10133
3212870 10134
3212872 10135
3212873 10136
3212874 10137
3212877 10138
3212878 10139
3212881 10140
3212882 10141
3212884 10142
3212885 10143
3212886 10144
3212888 10145
3212890 10146
3212892 10147
3212893 10148
3212894 10149
3212896 10150
3212897 10151
3212898 10152
3213056 10153
3213057 10154
3213060 10155
3213061 10156
3213064 10157
3213065 10158
3213069 10159
3213073 10160
3213076 10161
3213077 10162
3213080 10163
3213081 10164
3213085 10165
3213088 10166
3213089 10167
3213120 10168
3213121 10169
3213122 10170
3213124 10171
3213125 10172
3213126 10173
3213128 10174
3213129 10175
3213130 10176
3213133 10177
3213134 10178
3213137 10179
3213138 10180
3213140 10181
3213141 10182
3213142 10183
3213144 10184
3213145 10185
3213146 10186
3213148 10187
3213150 10188
3213152 10189
3213153 10190
3213154 10191
3213312 10192
3213313 10193
3213316 10194
3213317 10195
3213320 10196
3213321 10197
3213325 10198
3213329 10199
3213332 10200
3213333 10201
3213336 10202
3213337 10203
3213340 10204
3213341 10205
3213345 10206
3213376 10207
3213377 10208
3213378 10209
3213380 10210
3213381 10211
3213382 10212
3213384 10213
3213385 10214
3213386 10215
3213389 10216
3213390 10217
3213393 10218
3213394 10219
3213396 10220
3213397 10221
3213398 10222
3213400 10223
3213401 10224
3213402 10225
3213404 10226
3213405 10227
3213406 10228
3213408 10229
3213410 10230
3216512 10231
3216513 10232
3216515 10233
3216516 10234
3216517 10235
3216519 10236
3216520 10237
3216521 10238
3216523 10239
3216525 10240
3216527 10241
3216528 10242
3216531 10243
3216532 10244
3216533 10245
3216535 10246
3216536 10247
3216537 10248
3216539 10249
3216540 10250
3216541 10251
3216543 10252
3216544 10253
3216545 10254
3216547 10255
3216640 10256
3216641 10257
3216642 10258
3216644 10259
3216645 10260
3216646 10261
3216648 10262
3216649 10263
3216650 10264
3216653 10265
3216654 10266
3216656 10267
3216658 10268
3216661 10269
3216662 10270
3216664 10271
3216665 10272
3216666 10273
3216668 10274
3216669 10275
3216670 10276
3216672 10277
3216673 10278
3216674 10279
3216704 10280
3216705 10281
3216706 10282
3216708 10283
3216709 10284
3216710 10285
3216712 10286
3216713 10287
3216714 10288
3216717 10289
3216718 10290
3216720 10291
3216722 10292
3216724 10293
3216726 10294
3216728 10295
3216729 10296
3216730 10297
3216732 10298
3216733 10299
3216734 10300
3216736 10301
3216737 10302
3216738 10303
3216768 10304
3216769 10305
3216770 10306
3216771 10307
3216772 10308
3216773 10309
3216774 10310
3216775 10311
3216776 10312
3216777 10313
3216778 10314
3216779 10315
3216781 10316
3216782 10317
3216783 10318
3216784 10319
3216786 10320
3216787 10321
3216788 10322
3216789 10323
3216791 10324
3216792 10325
3216793 10326
3216794 10327
3216795 10328
3216796 10329
3216797 10330
3216798 10331
3216799 10332
3216800 10333
3216801 10334
3216802 10335
3216803 10336
3216896 10337
3216897 10338
3216898 10339
3216900 10340
3216901 10341
3216902 10342
3216904 10343
3216905 10344
3216906 10345
3216909 10346
3216910 10347
3216912 10348
3216914 10349
3216916 10350
3216917 10351
3216918 10352
3216921 10353
3216922 10354
3216924 10355
3216925 10356
3216926 10357
3216928 10358
3216929 10359
3216930 10360
3216960 10361
3216961 10362
3216962 10363
3216964 10364
3216965 10365
3216966 10366
3216968 10367
3216969 10368
3216970 10369
3216973 10370
3216974 10371
3216976 10372
3216978 10373
3216980 10374
3216981 10375
3216982 10376
3216984 10377
3216986 10378
3216988 10379
3216989 10380
3216990 10381
3216992 10382
3216993 10383
3216994 10384
3217024 10385
3217025 10386
3217026 10387
3217027 10388
3217028 10389
3217029 10390
3217030 10391
3217031 10392
3217032 10393
3217033 10394
3217034 10395
3217035 10396
3217037 10397
3217038 10398
3217039 10399
3217040 10400
3217042 10401
3217043 10402
3217044 10403
3217045 10404
3217046 10405
3217047 10406
3217048 10407
3217049 10408
3217051 10409
3217052 10410
3217053 10411
3217054 10412
3217055 10413
3217056 10414
3217057 10415
3217058 10416
3217059 10417
3217152 10418
3217153 10419
3217154 10420
3217156 10421
3217157 10422
3217158 10423
3217160 10424
3217161 10425
3217162 10426
3217165 10427
3217166 10428
3217168 10429
3217170 10430
3217172 10431
3217173 10432
3217174 10433
3217176 10434
3217177 10435
3217178 10436
3217181 10437
3217182 10438
3217184 10439
3217185 10440
3217186 10441
3217216 10442
3217217 10443
3217218 10444
3217220 10445
3217221 10446
3217222 10447
3217224 10448
3217225 10449
3217226 10450
3217229 10451
3217230 10452
3217232 10453
3217234 10454
3217236 10455
3217237 10456
3217238 10457
3217240 10458
3217241 10459
3217242 10460
3217244 10461
3217246 10462
3217248 10463
3217249 10464
3217250 10465
3217280 10466
3217281 10467
3217282 10468
3217283 10469
3217284 10470
3217285 10471
3217286 10472
3217287 10473
3217288 10474
3217289 10475
3217290 10476
3217291 10477
3217293 10478
3217294 10479
3217295 10480
3217296 10481
3217298 10482
3217299 10483
3217300 10484
3217301 10485
3217302 10486
3217303 10487
3217304 10488
3217305 10489
3217306 10490
3217307 10491
3217308 10492
3217309 10493
3217311 10494
3217312 10495
3217313 10496
3217314 10497
3217315 10498
3217408 10499
3217409 10500
3217410 10501
3217412 10502
3217413 10503
3217414 10504
3217416 10505
3217417 10506
3217418 10507
3217421 10508
3217422 10509
3217424 10510
3217426 10511
3217428 10512
3217429 10513
3217430 10514
3217432 10515
3217433 10516
3217434 10517
3217436 10518
3217437 10519
3217438 10520
3217441 10521
3217442 10522
3217472 10523
3217473 10524
3217474 10525
3217476 10526
3217477 10527
3217478 10528
3217480 10529
3217481 10530
3217482 10531
3217485 10532
3217486 10533
3217488 10534
3217490 10535
3217492 10536
3217493 10537
3217494 10538
3217496 10539
3217497 10540
3217498 10541
3217500 10542
3217501 10543
3217502 10544
3217504 10545
3217506 10546
3217536 10547
3217537 10548
3217538 10549
3217539 10550
3217540 10551
3217541 10552
3217542 10553
3217543 10554
3217544 10555
3217545 10556
3217546 10557
3217547 10558
3217549 10559
3217550 10560
3217551 10561
3217552 10562
3217554 10563
3217555 10564
3217556 10565
3217557 10566
3217558 10567
3217559 10568
3217560 10569
3217561 10570
3217562 10571
3217563 10572
3217564 10573
3217565 10574
3217566 10575
3217567 10576
3217568 10577
3217569 10578
3217571 10579
3228992 10580
3228993 10581
3228994 10582
3228996 10583
3228997 10584
3228998 10585
3229000 10586
3229001 10587
3229002 10588
3229005 10589
3229006 10590
3229008 10591
3229009 10592
3229010 10593
3229014 10594
3229016 10595
3229017 10596
3229018 10597
3229020 10598
3229021 10599
3229022 10600
3229024 10601
3229025 10602
3229026 10603
3229184 10604
3229185 10605
3229188 10606
3229189 10607
3229192 10608
3229193 10609
3229197 10610
3229200 10611
3229201 10612
3229205 10613
3229209 10614
3229212 10615
3229213 10616
3229216 10617
3229217 10618
3229248 10619
3229249 10620
3229250 10621
3229252 10622
3229253 10623
3229254 10624
3229256 10625
3229257 10626
3229258 10627
3229261 10628
3229262 10629
3229264 10630
3229265 10631
3229266 10632
3229269 10633
3229270 10634
3229272 10635
3229274 10636
3229276 10637
3229277 10638
3229278 10639
3229280 10640
3229281 10641
3229282 10642
3229440 10643
3229441 10644
3229444 10645
3229445 10646
3229448 10647
3229449 10648
3229453 10649
3229456 10650
3229457 10651
3229461 10652
3229464 10653
3229465 10654
3229469 10655
3229472 10656
3229473 10657
3229504 10658
3229505 10659
3229506 10660
3229508 10661
3229509 10662
3229510 10663
3229512 10664
3229513 10665
3229514 10666
3229517 10667
3229518 10668
3229520 10669
3229521 10670
3229522 10671
3229525 10672
3229526 10673
3229528 10674
3229529 10675
3229530 10676
3229532 10677
3229534 10678
3229536 10679
3229537 10680
3229538 10681
3229696 10682
3229697 10683
3229700 10684
3229701 10685
3229704 10686
3229705 10687
3229709 10688
3229712 10689
3229713 10690
3229717 10691
3229720 10692
3229721 10693
3229724 10694
3229725 10695
3229729 10696
3229760 10697
3229761 10698
3229762 10699
3229764 10700
3229765 10701
3229766 10702
3229768 10703
3229769 10704
3229770 10705
3229773 10706
3229774 10707
3229776 10708
3229777 10709
3229778 10710
3229781 10711
3229782 10712
3229784 10713
3229785 10714
3229786 10715
3229788 10716
3229789 10717
3229790 10718
3229792 10719
3229794 10720
3233152 10721
3233153 10722
3233155 10723
3233156 10724
3233157 10725
3233159 10726
3233160 10727
3233161 10728
3233163 10729
3233165 10730
3233167 10731
3233168 10732
3233169 10733
3233171 10734
3233172 10735
3233175 10736
3233176 10737
3233177 10738
3233179 10739
3233180 10740
3233181 10741
3233183 10742
3233184 10743
3233185 10744
3233187 10745
3233280 10746
3233281 10747
3233282 10748
3233284 10749
3233285 10750
3233286 10751
3233288 10752
3233289 10753
3233290 10754
3233293 10755
3233294 10756
3233296 10757
3233297 10758
3233298 10759
3233300 10760
3233302 10761
3233305 10762
3233306 10763
3233308 10764
3233309 10765
3233310 10766
3233312 10767
3233313 10768
3233314 10769
3233344 10770
3233345 10771
3233346 10772
3233348 10773
3233349 10774
3233350 10775
3233352 10776
3233353 10777
3233354 10778
3233357 10779
3233358 10780
3233360 10781
3233361 10782
3233362 10783
3233364 10784
3233366 10785
3233368 10786
3233370 10787
3233372 10788
3233373 10789
3233374 10790
3233376 10791
3233377 10792
3233378 10793
3233408 10794
3233409 10795
3233410 10796
3233411 10797
3233412 10798
3233413 10799
3233414 10800
3233415 10801
3233416 10802
3233417 10803
3233418 10804
3233419 10805
3233421 10806
3233422 10807
3233423 10808
3233424 10809
3233425 10810
3233426 10811
3233427 10812
3233428 10813
3233430 10814
3233431 10815
3233432 10816
3233433 10817
3233435 10818
3233436 10819
3233437 10820
3233438 10821
3233439 10822
3233440 10823
3233441 10824
3233442 10825
3233443 10826
3233536 10827
3233537 10828
3233538 10829
3233540 10830
3233541 10831
3233542 10832
3233544 10833
3233545 10834
3233546 10835
3233549 10836
3233550 10837
3233552 10838
3233553 10839
3233554 10840
3233556 10841
3233558 10842
3233560 10843
3233561 10844
3233562 10845
3233565 10846
3233566 10847
3233568 10848
3233569 10849
3233570 10850
3233600 10851
3233601 10852
3233602 10853
3233604 10854
3233605 10855
3233606 10856
3233608 10857
3233609 10858
3233610 10859
3233613 10860
3233614 10861
3233616 10862
3233617 10863
3233618 10864
3233620 10865
3233622 10866
3233624 10867
3233625 10868
3233626 10869
3233628 10870
3233630 10871
3233632 10872
3233633 10873
3233634 10874
3233664 10875
3233665 10876
3233666 10877
3233667 10878
3233668 10879
3233669 10880
3233670 10881
3233671 10882
3233672 10883
3233673 10884
3233674 10885
3233675 10886
3233677 10887
3233678 10888
3233679 10889
3233680 10890
3233681 10891
3233682 10892
3233683 10893
3233684 10894
3233686 10895
3233687 10896
3233688 10897
3233689 10898
3233690 10899
3233691 10900
3233692 10901
3233693 10902
3233695 10903
3233696 10904
3233697 10905
3233698 10906
3233699 10907
3233792 10908
3233793 10909
3233794 10910
3233796 10911
3233797 10912
3233798 10913
3233800 10914
3233801 10915
3233802 10916
3233805 10917
3233806 10918
3233808 10919
3233809 10920
3233810 10921
3233812 10922
3233814 10923
3233816 10924
3233817 10925
3233818 10926
3233820 10927
3233821 10928
3233822 10929
3233825 10930
3233826 10931
3233856 10932
3233857 10933
3233858 10934
3233860 10935
3233861 10936
3233862 10937
3233864 10938
3233865 10939
3233866 10940
3233869 10941
3233870 10942
3233872 10943
3233873 10944
3233874 10945
3233876 10946
3233878 10947
3233880 10948
3233881 10949
3233882 10950
3233884 10951
3233885 10952
3233886 10953
3233888 10954
3233890 10955
3233920 10956
3233921 10957
3233922 10958
3233923 10959
3233924 10960
3233925 10961
3233926 10962
3233927 10963
3233928 10964
3233929 10965
3233930 10966
3233931 10967
3233933 10968
3233934 10969
3233935 10970
3233936 10971
3233937 10972
3233938 10973
3233939 10974
3233940 10975
3233942 10976
3233943 10977
3233944 10978
3233945 10979
3233946 10980
3233947 10981
3233948 10982
3233949 10983
3233950 10984
3233951 10985
3233952 10986
3233953 10987
3233955 10988
3245632 10989
3245633 10990
3245634 10991
3245636 10992
3245637 10993
3245638 10994
3245640 10995
3245641 10996
3245642 10997
3245645 10998
3245646 10999
3245648 11000
3245649 11001
3245650 11002
3245652 11003
3245653 11004
3245654 11005
3245658 11006
3245660 11007
3245661 11008
3245662 11009
3245664 11010
3245665 11011
3245666 11012
3245824 11013
3245825 11014
3245828 11015
3245829 11016
3245832 11017
3245833 11018
3245837 11019
3245840 11020
3245841 11021
3245844 11022
3245845 11023
3245849 11024
3245853 11025
3245856 11026
3245857 11027
3245888 11028
3245889 11029
3245890 11030
3245892 11031
3245893 11032
3245894 11033
3245896 11034
3245897 11035
3245898 11036
3245901 11037
3245902 11038
3245904 11039
3245905 11040
3245906 11041
3245908 11042
3245909 11043
3245910 11044
3245913 11045
3245914 11046
3245916 11047
3245918 11048
3245920 11049
3245921 11050
3245922 11051
3246080 11052
3246081 11053
3246084 11054
3246085 11055
3246088 11056
3246089 11057
3246093 11058
3246096 11059
3246097 11060
3246100 11061
3246101 11062
3246105 11063
3246108 11064
3246109 11065
3246113 11066
3246144 11067
3246145 11068
3246146 11069
3246148 11070
3246149 11071
3246150 11072
3246152 11073
3246153 11074
3246154 11075
3246157 11076
3246158 11077
3246160 11078
3246161 11079
3246162 11080
3246164 11081
3246165 11082
3246166 11083
3246169 11084
3246170 11085
3246172 11086
3246173 11087
3246174 11088
3246176 11089
3246178 11090
3249792 11091
3249793 11092
3249795 11093
3249796 11094
3249797 11095
3249799 11096
3249800 11097
3249801 11098
3249803 11099
3249805 11100
3249807 11101
3249808 11102
3249809 11103
3249811 11104
3249812 11105
3249813 11106
3249815 11107
3249816 11108
3249819 11109
3249820 11110
3249821 11111
3249823 11112
3249824 11113
3249825 11114
3249827 11115
3249920 11116
3249921 11117
3249922 11118
3249924 11119
3249925 11120
3249926 11121
3249928 11122
3249929 11123
3249930 11124
3249933 11125
3249934 11126
3249936 11127
3249937 11128
3249938 11129
3249940 11130
3249941 11131
3249942 11132
3249944 11133
3249946 11134
3249949 11135
3249950 11136
3249952 11137
3249953 11138
3249954 11139
3249984 11140
3249985 11141
3249986 11142
3249988 11143
3249989 11144
3249990 11145
3249992 11146
3249993 11147
3249994 11148
3249997 11149
3249998 11150
3250000 11151
3250001 11152
3250002 11153
3250004 11154
3250005 11155
3250006 11156
3250008 11157
3250010 11158
3250012 11159
3250014 11160
3250016 11161
3250017 11162
3250018 11163
3250048 11164
3250049 11165
3250050 11166
3250051 11167
3250052 11168
3250053 11169
3250054 11170
3250055 11171
3250056 11172
3250057 11173
3250058 11174
3250059 11175
3250061 11176
3250062 11177
3250063 11178
3250064 11179
3250065 11180
3250066 11181
3250067 11182
3250068 11183
3250069 11184
3250070 11185
3250071 11186
3250072 11187
3250074 11188
3250075 11189
3250076 11190
3250077 11191
3250079 11192
3250080 11193
3250081 11194
3250082 11195
3250083 11196
3250176 11197
3250177 11198
3250178 11199
3250180 11200
3250181 11201
3250182 11202
3250184 11203
3250185 11204
3250186 11205
3250189 11206
3250190 11207
3250192 11208
3250193 11209
3250194 11210
3250196 11211
3250197 11212
3250198 11213
3250200 11214
3250202 11215
3250204 11216
3250205 11217
3250206 11218
3250209 11219
3250210 11220
3250240 11221
3250241 11222
3250242 11223
3250244 11224
3250245 11225
3250246 11226
3250248 11227
3250249 11228
3250250 11229
3250253 11230
3250254 11231
3250256 11232
3250257 11233
3250258 11234
3250260 11235
3250261 11236
3250262 11237
3250264 11238
3250266 11239
3250268 11240
3250269 11241
3250270 11242
3250272 11243
3250274 11244
3250304 11245
3250305 11246
3250306 11247
3250307 11248
3250308 11249
3250309 11250
3250310 11251
3250311 11252
3250312 11253
3250313 11254
3250314 11255
3250315 11256
3250317 11257
3250318 11258
3250319 11259
3250320 11260
3250321 11261
3250322 11262
3250323 11263
3250324 11264
3250325 11265
3250326 11266
3250327 11267
3250328 11268
3250330 11269
3250331 11270
3250332 11271
3250333 11272
3250334 11273
3250335 11274
3250336 11275
3250337 11276
3250339 11277
3262272 11278
3262273 11279
3262274 11280
3262276 11281
3262277 11282
3262278 11283
3262280 11284
3262281 11285
3262282 11286
3262285 11287
3262286 11288
3262288 11289
3262289 11290
3262290 11291
3262292 11292
3262293 11293
3262294 11294
3262296 11295
3262297 11296
3262298 11297
3262302 11298
3262304 11299
3262305 11300
3262306 11301
3262464 11302
3262465 11303
3262468 11304
3262469 11305
3262472 11306
3262473 11307
3262477 11308
3262480 11309
3262481 11310
3262484 11311
3262485 11312
3262488 11313
3262489 11314
3262493 11315
3262497 11316
3262528 11317
3262529 11318
3262530 11319
3262532 11320
3262533 11321
3262534 11322
3262536 11323
3262537 11324
3262538 11325
3262541 11326
3262542 11327
3262544 11328
3262545 11329
3262546 11330
3262548 11331
3262549 11332
3262550 11333
3262552 11334
3262553 11335
3262554 11336
3262557 11337
3262558 11338
3262560 11339
3262562 11340
3266432 11341
3266433 11342
3266435 11343
3266436 11344
3266437 11345
3266439 11346
3266440 11347
3266441 11348
3266443 11349
3266445 11350
3266447 11351
3266448 11352
3266449 11353
3266451 11354
3266452 11355
3266453 11356
3266455 11357
3266456 11358
3266457 11359
3266459 11360
3266460 11361
3266463 11362
3266464 11363
3266465 11364
3266467 11365
3266560 11366
3266561 11367
3266562 11368
3266564 11369
3266565 11370
3266566 11371
3266568 11372
3266569 11373
3266570 11374
3266573 11375
3266574 11376
3266576 11377
3266577 11378
3266578 11379
3266580 11380
3266581 11381
3266582 11382
3266584 11383
3266585 11384
3266586 11385
3266588 11386
3266590 11387
3266593 11388
3266594 11389
3266624 11390
3266625 11391
3266626 11392
3266628 11393
3266629 11394
3266630 11395
3266632 11396
3266633 11397
3266634 11398
3266637 11399
3266638 11400
3266640 11401
3266641 11402
3266642 11403
3266644 11404
3266645 11405
3266646 11406
3266648 11407
3266649 11408
3266650 11409
3266652 11410
3266654 11411
3266656 11412
3266658 11413
3266688 11414
3266689 11415
3266690 11416
3266691 11417
3266692 11418
3266693 11419
3266694 11420
3266695 11421
3266696 11422
3266697 11423
3266698 11424
3266699 11425
3266701 11426
3266702 11427
3266703 11428
3266704 11429
3266705 11430
3266706 11431
3266707 11432
3266708 11433
3266709 11434
3266710 11435
3266711 11436
3266712 11437
3266713 11438
3266714 11439
3266715 11440
3266716 11441
3266718 11442
3266719 11443
3266720 11444
3266721 11445
3266723 11446
3278912 11447
3278913 11448
3278914 11449
3278916 11450
3278917 11451
3278918 11452
3278920 11453
3278921 11454
3278922 11455
3278925 11456
3278926 11457
3278928 11458
3278929 11459
3278930 11460
3278932 11461
3278933 11462
3278934 11463
3278936 11464
3278937 11465
3278938 11466
3278940 11467
3278941 11468
3278942 11469
3278946 11470
3283072 11471
3283073 11472
3283075 11473
3283076 11474
3283077 11475
3283079 11476
3283080 11477
3283081 11478
3283083 11479
3283085 11480
3283087 11481
3283088 11482
3283089 11483
3283091 11484
3283092 11485
3283093 11486
3283095 11487
3283096 11488
3283097 11489
3283099 11490
3283100 11491
3283101 11492
3283103 11493
3283104 11494
3283107 11495
4265088 11496
4265091 11497
4265092 11498
4265095 11499
4265096 11500
4265099 11501
4265100 11502
4265103 11503
4265107 11504
4265108 11505
4265111 11506
4265112 11507
4265115 11508
4265116 11509
4265119 11510
4265120 11511
4265123 11512
4265216 11513
4265217 11514
4265218 11515
4265220 11516
4265221 11517
4265222 11518
4265224 11519
4265225 11520
4265226 11521
4265228 11522
4265229 11523
4265230 11524
4265234 11525
4265237 11526
4265238 11527
4265240 11528
4265241 11529
4265242 11530
4265244 11531
4265245 11532
4265246 11533
4265248 11534
4265249 11535
4265250 11536
4265344 11537
4265346 11538
4265347 11539
4265348 11540
4265350 11541
4265351 11542
4265352 11543
4265354 11544
4265355 11545
4265356 11546
4265358 11547
4265359 11548
4265362 11549
4265363 11550
4265364 11551
4265367 11552
4265368 11553
4265370 11554
4265371 11555
4265372 11556
4265374 11557
4265375 11558
4265376 11559
4265378 11560
4265379 11561
4265472 11562
4265473 11563
4265474 11564
4265476 11565
4265477 11566
4265478 11567
4265480 11568
4265481 11569
4265482 11570
4265484 11571
4265485 11572
4265486 11573
4265490 11574
4265492 11575
4265493 11576
4265494 11577
4265497 11578
4265498 11579
4265500 11580
4265501 11581
4265502 11582
4265504 11583
4265505 11584
4265506 11585
4265600 11586
4265602 11587
4265603 11588
4265604 11589
4265606 11590
4265607 11591
4265608 11592
4265610 11593
4265611 11594
4265612 11595
4265614 11596
4265615 11597
4265618 11598
4265619 11599
4265620 11600
4265622 11601
4265623 11602
4265624 11603
4265627 11604
4265628 11605
4265630 11606
4265631 11607
4265632 11608
4265634 11609
4265635 11610
4265728 11611
4265729 11612
4265730 11613
4265732 11614
4265733 11615
4265734 11616
4265736 11617
4265737 11618
4265738 11619
4265740 11620
4265741 11621
4265742 11622
4265746 11623
4265748 11624
4265749 11625
4265750 11626
4265752 11627
4265753 11628
4265754 11629
4265757 11630
4265758 11631
4265760 11632
4265761 11633
4265762 11634
4265856 11635
4265858 11636
4265859 11637
4265860 11638
4265862 11639
4265863 11640
4265864 11641
4265866 11642
4265867 11643
4265868 11644
4265870 11645
4265871 11646
4265874 11647
4265875 11648
4265876 11649
4265878 11650
4265879 11651
4265880 11652
4265882 11653
4265883 11654
4265884 11655
4265887 11656
4265888 11657
4265890 11658
4265891 11659
4265984 11660
4265985 11661
4265986 11662
4265988 11663
4265989 11664
4265990 11665
4265992 11666
4265993 11667
4265994 11668
4265996 11669
4265997 11670
4265998 11671
4266002 11672
4266004 11673
4266005 11674
4266006 11675
4266008 11676
4266009 11677
4266010 11678
4266012 11679
4266013 11680
4266014 11681
4266017 11682
4266018 11683
4266112 11684
4266114 11685
4266115 11686
4266116 11687
4266118 11688
4266119 11689
4266120 11690
4266122 11691
4266123 11692
4266124 11693
4266126 11694
4266127 11695
4266130 11696
4266131 11697
4266132 11698
4266134 11699
4266135 11700
4266136 11701
4266138 11702
4266139 11703
4266140 11704
4266142 11705
4266143 11706
4266144 11707
4266147 11708
4277568 11709
4277569 11710
4277570 11711
4277572 11712
4277573 11713
4277574 11714
4277576 11715
4277577 11716
4277578 11717
4277580 11718
4277581 11719
4277582 11720
4277585 11721
4277586 11722
4277590 11723
4277592 11724
4277593 11725
4277594 11726
4277596 11727
4277597 11728
4277598 11729
4277600 11730
4277601 11731
4277602 11732
4277760 11733
4277761 11734
4277764 11735
4277765 11736
4277768 11737
4277769 11738
4277772 11739
4277773 11740
4277777 11741
4277781 11742
4277785 11743
4277788 11744
4277789 11745
4277792 11746
4277793 11747
4277824 11748
4277825 11749
4277826 11750
4277828 11751
4277829 11752
4277830 11753
4277832 11754
4277833 11755
4277834 11756
4277836 11757
4277837 11758
4277838 11759
4277841 11760
4277842 11761
4277845 11762
4277846 11763
4277848 11764
4277850 11765
4277852 11766
4277853 11767
4277854 11768
4277856 11769
4277857 11770
4277858 11771
4278016 11772
4278017 11773
4278020 11774
4278021 11775
4278024 11776
4278025 11777
4278028 11778
4278029 11779
4278033 11780
4278037 11781
4278040 11782
4278041 11783
4278045 11784
4278048 11785
4278049 11786
4278080 11787
4278081 11788
4278082 11789
4278084 11790
4278085 11791
4278086 11792
4278088 11793
4278089 11794
4278090 11795
4278092 11796
4278093 11797
4278094 11798
4278097 11799
4278098 11800
4278101 11801
4278102 11802
4278104 11803
4278105 11804
4278106 11805
4278108 11806
4278110 11807
4278112 11808
4278113 11809
4278114 11810
4278272 11811
4278273 11812
4278276 11813
4278277 11814
4278280 11815
4278281 11816
4278284 11817
4278285 11818
4278289 11819
4278293 11820
4278296 11821
4278297 11822
4278300 11823
4278301 11824
4278305 11825
4278336 11826
4278337 11827
4278338 11828
4278340 11829
4278341 11830
4278342 11831
4278344 11832
4278345 11833
4278346 11834
4278348 11835
4278349 11836
4278350 11837
4278353 11838
4278354 11839
4278357 11840
4278358 11841
4278360 11842
4278361 11843
4278362 11844
4278364 11845
4278365 11846
4278366 11847
4278368 11848
4278370 11849
4281728 11850
4281729 11851
4281731 11852
4281732 11853
4281733 11854
4281735 11855
4281736 11856
4281737 11857
4281739 11858
4281740 11859
4281741 11860
4281743 11861
4281745 11862
4281747 11863
4281748 11864
4281751 11865
4281752 11866
4281753 11867
4281755 11868
4281756 11869
4281757 11870
4281759 11871
4281760 11872
4281761 11873
4281763 11874
4281856 11875
4281857 11876
4281858 11877
4281860 11878
4281861 11879
4281862 11880
4281864 11881
4281865 11882
4281866 11883
4281868 11884
4281869 11885
4281870 11886
4281873 11887
4281874 11888
4281876 11889
4281878 11890
4281881 11891
4281882 11892
4281884 11893
4281885 11894
4281886 11895
4281888 11896
4281889 11897
4281890 11898
4281920 11899
4281921 11900
4281922 11901
4281924 11902
4281925 11903
4281926 11904
4281928 11905
4281929 11906
4281930 11907
4281932 11908
4281933 11909
4281934 11910
4281937 11911
4281938 11912
4281940 11913
4281942 11914
4281944 11915
4281946 11916
4281948 11917
4281949 11918
4281950 11919
4281952 11920
4281953 11921
4281954 11922
4281984 11923
4281985 11924
4281986 11925
4281987 11926
4281988 11927
4281989 11928
4281990 11929
4281991 11930
4281992 11931
4281993 11932
4281994 11933
4281995 11934
4281996 11935
4281997 11936
4281998 11937
4281999 11938
4282001 11939
4282002 11940
4282003 11941
4282004 11942
4282006 11943
4282007 11944
4282008 11945
4282009 11946
4282011 11947
4282012 11948
4282013 11949
4282014 11950
4282015 11951
4282016 11952
4282017 11953
4282018 11954
4282019 11955
4282112 11956
4282113 11957
4282114 11958
4282116 11959
4282117 11960
4282118 11961
4282120 11962
4282121 11963
4282122 11964
4282124 11965
4282125 11966
4282126 11967
4282129 11968
4282130 11969
4282132 11970
4282134 11971
4282136 11972
4282137 11973
4282138 11974
4282141 11975
4282142 11976
4282144 11977
4282145 11978
4282146 11979
4282176 11980
4282177 11981
4282178 11982
4282180 11983
4282181 11984
4282182 11985
4282184 11986
4282185 11987
4282186 11988
4282188 11989
4282189 11990
4282190 11991
4282193 11992
4282194 11993
4282196 11994
4282198 11995
4282200 11996
4282201 11997
4282202 11998
4282204 11999
4282206 12000
4282208 12001
4282209 12002
4282210 12003
4282240 12004
4282241 12005
4282242 12006
4282243 12007
4282244 12008
4282245 12009
4282246 12010
4282247 12011
4282248 12012
4282249 12013
4282250 12014
4282251 12015
4282252 12016
4282253 12017
4282254 12018
4282255 12019
4282257 12020
4282258 12021
4282259 12022
4282260 12023
4282262 12024
4282263 12025
4282264 12026
4282265 12027
4282266 12028
4282267 12029
4282268 12030
4282269 12031
4282271 12032
4282272 12033
4282273 12034
4282274 12035
4282275 12036
4282368 12037
4282369 12038
4282370 12039
4282372 12040
4282373 12041
4282374 12042
4282376 12043
4282377 12044
4282378 12045
4282380 12046
4282381 12047
4282382 12048
4282385 12049
4282386 12050
4282388 12051
4282390 12052
4282392 12053
4282393 12054
4282394 12055
4282396 12056
4282397 12057
4282398 12058
4282401 12059
4282402 12060
4282432 12061
4282433 12062
4282434 12063
4282436 12064
4282437 12065
4282438 12066
4282440 12067
4282441 12068
4282442 12069
4282444 12070
4282445 12071
4282446 12072
4282449 12073
4282450 12074
4282452 12075
4282454 12076
4282456 12077
4282457 12078
4282458 12079
4282460 12080
4282461 12081
4282462 12082
4282464 12083
4282466 12084
4282496 12085
4282497 12086
4282498 12087
4282499 12088
4282500 12089
4282501 12090
4282502 12091
4282503 12092
4282504 12093
4282505 12094
4282506 12095
4282507 12096
4282508 12097
4282509 12098
4282510 12099
4282511 12100
4282513 12101
4282514 12102
4282515 12103
4282516 12104
4282518 12105
4282519 12106
4282520 12107
4282521 12108
4282522 12109
4282523 12110
4282524 12111
4282525 12112
4282526 12113
4282527 12114
4282528 12115
4282529 12116
4282531 12117
4294208 12118
4294209 12119
4294210 12120
4294212 12121
4294213 12122
4294214 12123
4294216 12124
4294217 12125
4294218 12126
4294220 12127
4294221 12128
4294222 12129
4294225 12130
4294226 12131
4294228 12132
4294229 12133
4294230 12134
4294234 12135
4294236 12136
4294237 12137
4294238 12138
4294240 12139
4294241 12140
4294242 12141
4294400 12142
4294401 12143
4294404 12144
4294405 12145
4294408 12146
4294409 12147
4294412 12148
4294413 12149
4294417 12150
4294420 12151
4294421 12152
4294425 12153
4294429 12154
4294432 12155
4294433 12156
4294464 12157
4294465 12158
4294466 12159
4294468 12160
4294469 12161
4294470 12162
4294472 12163
4294473 12164
4294474 12165
4294476 12166
4294477 12167
4294478 12168
4294481 12169
4294482 12170
4294484 12171
4294485 12172
4294486 12173
4294489 12174
4294490 12175
4294492 12176
4294494 12177
4294496 12178
4294497 12179
4294498 12180
4294656 12181
4294657 12182
4294660 12183
4294661 12184
4294664 12185
4294665 12186
4294668 12187
4294669 12188
4294673 12189
4294676 12190
4294677 12191
4294681 12192
4294684 12193
4294685 12194
4294689 12195
4294720 12196
4294721 12197
4294722 12198
4294724 12199
4294725 12200
4294726 12201
4294728 12202
4294729 12203
4294730 12204
4294732 12205
4294733 12206
4294734 12207
4294737 12208
4294738 12209
4294740 12210
4294741 12211
4294742 12212
4294745 12213
4294746 12214
4294748 12215
4294749 12216
4294750 12217
4294752 12218
4294754 12219
4298368 12220
4298369 12221
4298371 12222
4298372 12223
4298373 12224
4298375 12225
4298376 12226
4298377 12227
4298379 12228
4298380 12229
4298381 12230
4298383 12231
4298385 12232
4298387 12233
4298388 12234
4298389 12235
4298391 12236
4298392 12237
4298395 12238
4298396 12239
4298397 12240
4298399 12241
4298400 12242
4298401 12243
4298403 12244
4298496 12245
4298497 12246
4298498 12247
4298500 12248
4298501 12249
4298502 12250
4298504 12251
4298505 12252
4298506 12253
4298508 12254
4298509 12255
4298510 12256
4298513 12257
4298514 12258
4298516 12259
4298517 12260
4298518 12261
4298520 12262
4298522 12263
4298525 12264
4298526 12265
4298528 12266
4298529 12267
4298530 12268
4298560 12269
4298561 12270
4298562 12271
4298564 12272
4298565 12273
4298566 12274
4298568 12275
4298569 12276
4298570 12277
4298572 12278
4298573 12279
4298574 12280
4298577 12281
4298578 12282
4298580 12283
4298581 12284
4298582 12285
4298584 12286
4298586 12287
4298588 12288
4298590 12289
4298592 12290
4298593 12291
4298594 12292
4298624 12293
4298625 12294
4298626 12295
4298627 12296
4298628 12297
4298629 12298
4298630 12299
4298631 12300
4298632 12301
4298633 12302
4298634 12303
4298635 12304
4298636 12305
4298637 12306
4298638 12307
4298639 12308
4298641 12309
4298642 12310
4298643 12311
4298644 12312
4298645 12313
4298646 12314
4298647 12315
4298648 12316
4298650 12317
4298651 12318
4298652 12319
4298653 12320
4298655 12321
4298656 12322
4298657 12323
4298658 12324
4298659 12325
4298752 12326
4298753 12327
4298754 12328
4298756 12329
4298757 12330
4298758 12331
4298760 12332
4298761 12333
4298762 12334
4298764 12335
4298765 12336
4298766 12337
4298769 12338
4298770 12339
4298772 12340
4298773 12341
4298774 12342
4298776 12343
4298778 12344
4298780 12345
4298781 12346
4298782 12347
4298785 12348
4298786 12349
4298816 12350
4298817 12351
4298818 12352
4298820 12353
4298821 12354
4298822 12355
4298824 12356
4298825 12357
4298826 12358
4298828 12359
4298829 12360
4298830 12361
4298833 12362
4298834 12363
4298836 12364
4298837 12365
4298838 12366
4298840 12367
4298842 12368
4298844 12369
4298845 12370
4298846 12371
4298848 12372
4298850 12373
4298880 12374
4298881 12375
4298882 12376
4298883 12377
4298884 12378
4298885 12379
4298886 12380
4298887 12381
4298888 12382
4298889 12383
4298890 12384
4298891 12385
4298892 12386
4298893 12387
4298894 12388
4298895 12389
4298897 12390
4298898 12391
4298899 12392
4298900 12393
4298901 12394
4298902 12395
4298903 12396
4298904 12397
4298906 12398
4298907 12399
4298908 12400
4298909 12401
4298910 12402
4298911 12403
4298912 12404
4298913 12405
4298915 12406
4310848 12407
4310849 12408
4310850 12409
4310852 12410
4310853 12411
4310854 12412
4310856 12413
4310857 12414
4310858 12415
4310860 12416
4310861 12417
4310862 12418
4310865 12419
4310866 12420
4310868 12421
4310869 12422
4310870 12423
4310872 12424
4310873 12425
4310874 12426
4310878 12427
4310880 12428
4310881 12429
4310882 12430
4311040 12431
4311041 12432
4311044 12433
4311045 12434
4311048 12435
4311049 12436
4311052 12437
4311053 12438
4311057 12439
4311060 12440
4311061 12441
4311064 12442
4311065 12443
4311069 12444
4311073 12445
4311104 12446
4311105 12447
4311106 12448
4311108 12449
4311109 12450
4311110 12451
4311112 12452
4311113 12453
4311114 12454
4311116 12455
4311117 12456
4311118 12457
4311121 12458
4311122 12459
4311124 12460
4311125 12461
4311126 12462
4311128 12463
4311129 12464
4311130 12465
4311133 12466
4311134 12467
4311136 12468
4311138 12469
4315008 12470
4315009 12471
4315011 12472
4315012 12473
4315013 12474
4315015 12475
4315016 12476
4315017 12477
4315019 12478
4315020 12479
4315021 12480
4315023 12481
4315025 12482
4315027 12483
4315028 12484
4315029 12485
4315031 12486
4315032 12487
4315033 12488
4315035 12489
4315036 12490
4315039 12491
4315040 12492
4315041 12493
4315043 12494
4315136 12495
4315137 12496
4315138 12497
4315140 12498
4315141 12499
4315142 12500
4315144 12501
4315145 12502
4315146 12503
4315148 12504
4315149 12505
4315150 12506
4315153 12507
4315154 12508
4315156 12509
4315157 12510
4315158 12511
4315160 12512
4315161 12513
4315162 12514
4315164 12515
4315166 12516
4315169 12517
4315170 12518
4315200 12519
4315201 12520
4315202 12521
4315204 12522
4315205 12523
4315206 12524
4315208 12525
4315209 12526
4315210 12527
4315212 12528
4315213 12529
4315214 12530
4315217 12531
4315218 12532
4315220 12533
4315221 12534
4315222 12535
4315224 12536
4315225 12537
4315226 12538
4315228 12539
4315230 12540
4315232 12541
4315234 12542
4315264 12543
4315265 12544
4315266 12545
4315267 12546
4315268 12547
4315269 12548
4315270 12549
4315271 12550
4315272 12551
4315273 12552
4315274 12553
4315275 12554
4315276 12555
4315277 12556
4315278 12557
4315279 12558
4315281 12559
4315282 12560
4315283 12561
4315284 12562
4315285 12563
4315286 12564
4315287 12565
4315288 12566
4315289 12567
4315290 12568
4315291 12569
4315292 12570
4315294 12571
4315295 12572
4315296 12573
4315297 12574
4315299 12575
4327488 12576
4327489 12577
4327490 12578
4327492 12579
4327493 12580
4327494 12581
4327496 12582
4327497 12583
4327498 12584
4327500 12585
4327501 12586
4327502 12587
4327505 12588
4327506 12589
4327508 12590
4327509 12591
4327510 12592
4327512 12593
4327513 12594
4327514 12595
4327516 12596
4327517 12597
4327518 12598
4327522 12599
4331648 12600
4331649 12601
4331651 12602
4331652 12603
4331653 12604
4331655 12605
4331656 12606
4331657 12607
4331659 12608
4331660 12609
4331661 12610
4331663 12611
4331665 12612
4331667 12613
4331668 12614
4331669 12615
4331671 12616
4331672 12617
4331673 12618
4331675 12619
4331676 12620
4331677 12621
4331679 12622
4331680 12623
4331683 12624
5330304 12625
5330307 12626
5330308 12627
5330311 12628
5330312 12629
5330315 12630
5330316 12631
5330319 12632
5330320 12633
5330323 12634
5330327 12635
5330328 12636
5330331 12637
5330332 12638
5330335 12639
5330336 12640
5330339 12641
5330432 12642
5330433 12643
5330434 12644
5330436 12645
5330437 12646
5330438 12647
5330440 12648
5330441 12649
5330442 12650
5330444 12651
5330445 12652
5330446 12653
5330448 12654
5330449 12655
5330450 12656
5330454 12657
5330457 12658
5330458 12659
5330460 12660
5330461 12661
5330462 12662
5330464 12663
5330465 12664
5330466 12665
5330560 12666
5330562 12667
5330563 12668
5330564 12669
5330566 12670
5330567 12671
5330568 12672
5330570 12673
5330571 12674
5330572 12675
5330574 12676
5330575 12677
5330576 12678
5330578 12679
5330579 12680
5330582 12681
5330583 12682
5330584 12683
5330587 12684
5330588 12685
5330590 12686
5330591 12687
5330592 12688
5330594 12689
5330595 12690
5330688 12691
5330689 12692
5330690 12693
5330692 12694
5330693 12695
5330694 12696
5330696 12697
5330697 12698
5330698 12699
5330700 12700
5330701 12701
5330702 12702
5330704 12703
5330705 12704
5330706 12705
5330710 12706
5330712 12707
5330713 12708
5330714 12709
5330717 12710
5330718 12711
5330720 12712
5330721 12713
5330722 12714
5330816 12715
5330818 12716
5330819 12717
5330820 12718
5330822 12719
5330823 12720
5330824 12721
5330826 12722
5330827 12723
5330828 12724
5330830 12725
5330831 12726
5330832 12727
5330834 12728
5330835 12729
5330838 12730
5330839 12731
5330840 12732
5330842 12733
5330843 12734
5330844 12735
5330847 12736
5330848 12737
5330850 12738
5330851 12739
5330944 12740
5330945 12741
5330946 12742
5330948 12743
5330949 12744
5330950 12745
5330952 12746
5330953 12747
5330954 12748
5330956 12749
5330957 12750
5330958 12751
5330960 12752
5330961 12753
5330962 12754
5330966 12755
5330968 12756
5330969 12757
5330970 12758
5330972 12759
5330973 12760
5330974 12761
5330977 12762
5330978 12763
5331072 12764
5331074 12765
5331075 12766
5331076 12767
5331078 12768
5331079 12769
5331080 12770
5331082 12771
5331083 12772
5331084 12773
5331086 12774
5331087 12775
5331088 12776
5331090 12777
5331091 12778
5331094 12779
5331095 12780
5331096 12781
5331098 12782
5331099 12783
5331100 12784
5331102 12785
5331103 12786
5331104 12787
5331107 12788
5342784 12789
5342785 12790
5342786 12791
5342788 12792
5342789 12793
5342790 12794
5342792 12795
5342793 12796
5342794 12797
5342796 12798
5342797 12799
5342798 12800
5342800 12801
5342801 12802
5342802 12803
5342805 12804
5342806 12805
5342810 12806
5342812 12807
5342813 12808
5342814 12809
5342816 12810
5342817 12811
5342818 12812
5342976 12813
5342977 12814
5342980 12815
5342981 12816
5342984 12817
5342985 12818
5342988 12819
5342989 12820
5342992 12821
5342993 12822
5342997 12823
5343001 12824
5343005 12825
5343008 12826
5343009 12827
5343040 12828
5343041 12829
5343042 12830
5343044 12831
5343045 12832
5343046 12833
5343048 12834
5343049 12835
5343050 12836
5343052 12837
5343053 12838
5343054 12839
5343056 12840
5343057 12841
5343058 12842
5343061 12843
5343062 12844
5343065 12845
5343066 12846
5343068 12847
5343070 12848
5343072 12849
5343073 12850
5343074 12851
5343232 12852
5343233 12853
5343236 12854
5343237 12855
5343240 12856
5343241 12857
5343244 12858
5343245 12859
5343248 12860
5343249 12861
5343253 12862
5343257 12863
5343260 12864
5343261 12865
5343265 12866
5343296 12867
5343297 12868
5343298 12869
5343300 12870
5343301 12871
5343302 12872
5343304 12873
5343305 12874
5343306 12875
5343308 12876
5343309 12877
5343310 12878
5343312 12879
5343313 12880
5343314 12881
5343317 12882
5343318 12883
5343321 12884
5343322 12885
5343324 12886
5343325 12887
5343326 12888
5343328 12889
5343330 12890
5346944 12891
5346945 12892
5346947 12893
5346948 12894
5346949 12895
5346951 12896
5346952 12897
5346953 12898
5346955 12899
5346956 12900
5346957 12901
5346959 12902
5346960 12903
5346961 12904
5346963 12905
5346965 12906
5346967 12907
5346968 12908
5346971 12909
5346972 12910
5346973 12911
5346975 12912
5346976 12913
5346977 12914
5346979 12915
5347072 12916
5347073 12917
5347074 12918
5347076 12919
5347077 12920
5347078 12921
5347080 12922
5347081 12923
5347082 12924
5347084 12925
5347085 12926
5347086 12927
5347088 12928
5347089 12929
5347090 12930
5347093 12931
5347094 12932
5347096 12933
5347098 12934
5347101 12935
5347102 12936
5347104 12937
5347105 12938
5347106 12939
5347136 12940
5347137 12941
5347138 12942
5347140 12943
5347141 12944
5347142 12945
5347144 12946
5347145 12947
5347146 12948
5347148 12949
5347149 12950
5347150 12951
5347152 12952
5347153 12953
5347154 12954
5347157 12955
5347158 12956
5347160 12957
5347162 12958
5347164 12959
5347166 12960
5347168 12961
5347169 12962
5347170 12963
5347200 12964
5347201 12965
5347202 12966
5347203 12967
5347204 12968
5347205 12969
5347206 12970
5347207 12971
5347208 12972
5347209 12973
5347210 12974
5347211 12975
5347212 12976
5347213 12977
5347214 12978
5347215 12979
5347216 12980
5347217 12981
5347218 12982
5347219 12983
5347221 12984
5347222 12985
5347223 12986
5347224 12987
5347226 12988
5347227 12989
5347228 12990
5347229 12991
5347231 12992
5347232 12993
5347233 12994
5347234 12995
5347235 12996
5347328 12997
5347329 12998
5347330 12999
5347332 13000
5347333 13001
5347334 13002
5347336 13003
5347337 13004
5347338 13005
5347340 13006
5347341 13007
5347342 13008
5347344 13009
5347345 13010
5347346 13011
5347349 13012
5347350 13013
5347352 13014
5347354 13015
5347356 13016
5347357 13017
5347358 13018
5347361 13019
5347362 13020
5347392 13021
5347393 13022
5347394 13023
5347396 13024
5347397 13025
5347398 13026
5347400 13027
5347401 13028
5347402 13029
5347404 13030
5347405 13031
5347406 13032
5347408 13033
5347409 13034
5347410 13035
5347413 13036
5347414 13037
5347416 13038
5347418 13039
5347420 13040
5347421 13041
5347422 13042
5347424 13043
5347426 13044
5347456 13045
5347457 13046
5347458 13047
5347459 13048
5347460 13049
5347461 13050
5347462 13051
5347463 13052
5347464 13053
5347465 13054
5347466 13055
5347467 13056
5347468 13057
5347469 13058
5347470 13059
5347471 13060
5347472 13061
5347473 13062
5347474 13063
5347475 13064
5347477 13065
5347478 13066
5347479 13067
5347480 13068
5347482 13069
5347483 13070
5347484 13071
5347485 13072
5347486 13073
5347487 13074
5347488 13075
5347489 13076
5347491 13077
5359424 13078
5359425 13079
5359426 13080
5359428 13081
5359429 13082
5359430 13083
5359432 13084
5359433 13085
5359434 13086
5359436 13087
5359437 13088
5359438 13089
5359440 13090
5359441 13091
5359442 13092
5359445 13093
5359446 13094
5359448 13095
5359449 13096
5359450 13097
5359454 13098
5359456 13099
5359457 13100
5359458 13101
5359616 13102
5359617 13103
5359620 13104
5359621 13105
5359624 13106
5359625 13107
5359628 13108
5359629 13109
5359632 13110
5359633 13111
5359637 13112
5359640 13113
5359641 13114
5359645 13115
5359649 13116
5359680 13117
5359681 13118
5359682 13119
5359684 13120
5359685 13121
5359686 13122
5359688 13123
5359689 13124
5359690 13125
5359692 13126
5359693 13127
5359694 13128
5359696 13129
5359697 13130
5359698 13131
5359701 13132
5359702 13133
5359704 13134
5359705 13135
5359706 13136
5359709 13137
5359710 13138
5359712 13139
5359714 13140
5363584 13141
5363585 13142
5363587 13143
5363588 13144
5363589 13145
5363591 13146
5363592 13147
5363593 13148
5363595 13149
5363596 13150
5363597 13151
5363599 13152
5363600 13153
5363601 13154
5363603 13155
5363605 13156
5363607 13157
5363608 13158
5363609 13159
5363611 13160
5363612 13161
5363615 13162
5363616 13163
5363617 13164
5363619 13165
5363712 13166
5363713 13167
5363714 13168
5363716 13169
5363717 13170
5363718 13171
5363720 13172
5363721 13173
5363722 13174
5363724 13175
5363725 13176
5363726 13177
5363728 13178
5363729 13179
5363730 13180
5363733 13181
5363734 13182
5363736 13183
5363737 13184
5363738 13185
5363740 13186
5363742 13187
5363745 13188
5363746 13189
5363776 13190
5363777 13191
5363778 13192
5363780 13193
5363781 13194
5363782 13195
5363784 13196
5363785 13197
5363786 13198
5363788 13199
5363789 13200
5363790 13201
5363792 13202
5363793 13203
5363794 13204
5363797 13205
5363798 13206
5363800 13207
5363801 13208
5363802 13209
5363804 13210
5363806 13211
5363808 13212
5363810 13213
5363840 13214
5363841 13215
5363842 13216
5363843 13217
5363844 13218
5363845 13219
5363846 13220
5363847 13221
5363848 13222
5363849 13223
5363850 13224
5363851 13225
5363852 13226
5363853 13227
5363854 13228
5363855 13229
5363856 13230
5363857 13231
5363858 13232
5363859 13233
5363861 13234
5363862 13235
5363863 13236
5363864 13237
5363865 13238
5363866 13239
5363867 13240
5363868 13241
5363870 13242
5363871 13243
5363872 13244
5363873 13245
5363875 13246
5376064 13247
5376065 13248
5376066 13249
5376068 13250
5376069 13251
5376070 13252
5376072 13253
5376073 13254
5376074 13255
5376076 13256
5376077 13257
5376078 13258
5376080 13259
5376081 13260
5376082 13261
5376085 13262
5376086 13263
5376088 13264
5376089 13265
5376090 13266
5376092 13267
5376093 13268
5376094 13269
5376098 13270
5380224 13271
5380225 13272
5380227 13273
5380228 13274
5380229 13275
5380231 13276
5380232 13277
5380233 13278
5380235 13279
5380236 13280
5380237 13281
5380239 13282
5380240 13283
5380241 13284
5380243 13285
5380245 13286
5380247 13287
5380248 13288
5380249 13289
5380251 13290
5380252 13291
5380253 13292
5380255 13293
5380256 13294
5380259 13295
6395520 13296
6395523 13297
6395524 13298
6395527 13299
6395528 13300
6395531 13301
6395532 13302
6395535 13303
6395536 13304
6395539 13305
6395540 13306
6395543 13307
6395547 13308
6395548 13309
6395551 13310
6395552 13311
6395555 13312
6395648 13313
6395649 13314
6395650 13315
6395652 13316
6395653 13317
6395654 13318
6395656 13319
6395657 13320
6395658 13321
6395660 13322
6395661 13323
6395662 13324
6395664 13325
6395665 13326
6395666 13327
6395668 13328
6395669 13329
6395670 13330
6395674 13331
6395677 13332
6395678 13333
6395680 13334
6395681 13335
6395682 13336
6395776 13337
6395778 13338
6395779 13339
6395780 13340
6395782 13341
6395783 13342
6395784 13343
6395786 13344
6395787 13345
6395788 13346
6395790 13347
6395791 13348
6395792 13349
6395794 13350
6395795 13351
6395796 13352
6395798 13353
6395799 13354
6395802 13355
6395803 13356
6395804 13357
6395807 13358
6395808 13359
6395810 13360
6395811 13361
6395904 13362
6395905 13363
6395906 13364
6395908 13365
6395909 13366
6395910 13367
6395912 13368
6395913 13369
6395914 13370
6395916 13371
6395917 13372
6395918 13373
6395920 13374
6395921 13375
6395922 13376
6395924 13377
6395925 13378
6395926 13379
6395930 13380
6395932 13381
6395933 13382
6395934 13383
6395937 13384
6395938 13385
6396032 13386
6396034 13387
6396035 13388
6396036 13389
6396038 13390
6396039 13391
6396040 13392
6396042 13393
6396043 13394
6396044 13395
6396046 13396
6396047 13397
6396048 13398
6396050 13399
6396051 13400
6396052 13401
6396054 13402
6396055 13403
6396058 13404
6396059 13405
6396060 13406
6396062 13407
6396063 13408
6396064 13409
6396067 13410
6408000 13411
6408001 13412
6408002 13413
6408004 13414
6408005 13415
6408006 13416
6408008 13417
6408009 13418
6408010 13419
6408012 13420
6408013 13421
6408014 13422
6408016 13423
6408017 13424
6408018 13425
6408020 13426
6408021 13427
6408022 13428
6408025 13429
6408026 13430
6408030 13431
6408032 13432
6408033 13433
6408034 13434
6408192 13435
6408193 13436
6408196 13437
6408197 13438
6408200 13439
6408201 13440
6408204 13441
6408205 13442
6408208 13443
6408209 13444
6408212 13445
6408213 13446
6408217 13447
6408221 13448
6408225 13449
6408256 13450
6408257 13451
6408258 13452
6408260 13453
6408261 13454
6408262 13455
6408264 13456
6408265 13457
6408266 13458
6408268 13459
6408269 13460
6408270 13461
6408272 13462
6408273 13463
6408274 13464
6408276 13465
6408277 13466
6408278 13467
6408281 13468
6408282 13469
6408285 13470
6408286 13471
6408288 13472
6408290 13473
6412160 13474
6412161 13475
6412163 13476
6412164 13477
6412165 13478
6412167 13479
6412168 13480
6412169 13481
6412171 13482
6412172 13483
6412173 13484
6412175 13485
6412176 13486
6412177 13487
6412179 13488
6412180 13489
6412181 13490
6412183 13491
6412185 13492
6412187 13493
6412188 13494
6412191 13495
6412192 13496
6412193 13497
6412195 13498
6412288 13499
6412289 13500
6412290 13501
6412292 13502
6412293 13503
6412294 13504
6412296 13505
6412297 13506
6412298 13507
6412300 13508
6412301 13509
6412302 13510
6412304 13511
6412305 13512
6412306 13513
6412308 13514
6412309 13515
6412310 13516
6412313 13517
6412314 13518
6412316 13519
6412318 13520
6412321 13521
6412322 13522
6412352 13523
6412353 13524
6412354 13525
6412356 13526
6412357 13527
6412358 13528
6412360 13529
6412361 13530
6412362 13531
6412364 13532
6412365 13533
6412366 13534
6412368 13535
6412369 13536
6412370 13537
6412372 13538
6412373 13539
6412374 13540
6412377 13541
6412378 13542
6412380 13543
6412382 13544
6412384 13545
6412386 13546
6412416 13547
6412417 13548
6412418 13549
6412419 13550
6412420 13551
6412421 13552
6412422 13553
6412423 13554
6412424 13555
6412425 13556
6412426 13557
6412427 13558
6412428 13559
6412429 13560
6412430 13561
6412431 13562
6412432 13563
6412433 13564
6412434 13565
6412435 13566
6412436 13567
6412437 13568
6412438 13569
6412439 13570
6412441 13571
6412442 13572
6412443 13573
6412444 13574
6412446 13575
6412447 13576
6412448 13577
6412449 13578
6412451 13579
6424640 13580
6424641 13581
6424642 13582
6424644 13583
6424645 13584
6424646 13585
6424648 13586
6424649 13587
6424650 13588
6424652 13589
6424653 13590
6424654 13591
6424656 13592
6424657 13593
6424658 13594
6424660 13595
6424661 13596
6424662 13597
6424665 13598
6424666 13599
6424668 13600
6424669 13601
6424670 13602
6424674 13603
6428800 13604
6428801 13605
6428803 13606
6428804 13607
6428805 13608
6428807 13609
6428808 13610
6428809 13611
6428811 13612
6428812 13613
6428813 13614
6428815 13615
6428816 13616
6428817 13617
6428819 13618
6428820 13619
6428821 13620
6428823 13621
6428825 13622
6428827 13623
6428828 13624
6428829 13625
6428831 13626
6428832 13627
6428835 13628
7460736 13629
7460739 13630
7460740 13631
7460743 13632
7460744 13633
7460747 13634
7460748 13635
7460751 13636
7460752 13637
7460755 13638
7460756 13639
7460759 13640
7460760 13641
7460763 13642
7460767 13643
7460768 13644
7460771 13645
7460864 13646
7460865 13647
7460866 13648
7460868 13649
7460869 13650
7460870 13651
7460872 13652
7460873 13653
7460874 13654
7460876 13655
7460877 13656
7460878 13657
7460880 13658
7460881 13659
7460882 13660
7460884 13661
7460885 13662
7460886 13663
7460888 13664
7460889 13665
7460890 13666
7460894 13667
7460897 13668
7460898 13669
7460992 13670
7460994 13671
7460995 13672
7460996 13673
7460998 13674
7460999 13675
7461000 13676
7461002 13677
7461003 13678
7461004 13679
7461006 13680
7461007 13681
7461008 13682
7461010 13683
7461011 13684
7461012 13685
7461014 13686
7461015 13687
7461016 13688
7461018 13689
7461019 13690
7461022 13691
7461023 13692
7461024 13693
7461027 13694
7473216 13695
7473217 13696
7473218 13697
7473220 13698
7473221 13699
7473222 13700
7473224 13701
7473225 13702
7473226 13703
7473228 13704
7473229 13705
7473230 13706
7473232 13707
7473233 13708
7473234 13709
7473236 13710
7473237 13711
7473238 13712
7473240 13713
7473241 13714
7473242 13715
7473245 13716
7473246 13717
7473250 13718
7477376 13719
7477377 13720
7477379 13721
7477380 13722
7477381 13723
7477383 13724
7477384 13725
7477385 13726
7477387 13727
7477388 13728
7477389 13729
7477391 13730
7477392 13731
7477393 13732
7477395 13733
7477396 13734
7477397 13735
7477399 13736
7477400 13737
7477401 13738
7477403 13739
7477405 13740
7477407 13741
7477408 13742
7477411 13743
8525952 13744
8525955 13745
8525956 13746
8525959 13747
8525960 13748
8525963 13749
8525964 13750
8525967 13751
8525968 13752
8525971 13753
8525972 13754
8525975 13755
8525976 13756
8525979 13757
8525980 13758
8525983 13759
8525987 13760
river 19998
270532 0
270536 1
270540 2
270544 3
270548 4
270552 5
270556 6
270560 7
270597 8
270599 9
270600 10
270601 11
270603 12
270604 13
270605 14
270607 15
270608 16
270609 17
270611 18
270612 19
270613 20
270615 21
270616 22
270617 23
270619 24
270620 25
270621 26
270623 27
270624 28
270625 29
270627 30
270792 31
270795 32
270796 33
270799 34
270800 35
270803 36
270804 37
270807 38
270808 39
270811 40
270812 41
270815 42
270816 43
270819 44
270857 45
270859 46
270860 47
270861 48
270863 49
270864 50
270865 51
270867 52
270868 53
270869 54
270871 55
270872 56
270873 57
270875 58
270876 59
270877 60
270879 61
270880 62
270881 63
270883 64
271052 65
271055 66
271056 67
271059 68
271060 69
271063 70
271064 71
271067 72
271068 73
271071 74
271072 75
271075 76
271117 77
271119 78
271120 79
271121 80
271123 81
271124 82
271125 83
271127 84
271128 85
271129 86
271131 87
271132 88
271133 89
271135 90
271136 91
271137 92
271139 93
271312 94
271315 95
271316 96
271319 97
271320 98
271323 99
271324 100
271327 101
271328 102
271331 103
271377 104
271379 105
271380 106
271381 107
271383 108
271384 109
271385 110
271387 111
271388 112
271389 113
271391 114
271392 115
271393 116
271395 117
271572 118
271575 119
271576 120
271579 121
271580 122
271583 123
271584 124
271587 125
271637 126
271639 127
271640 128
271641 129
271643 130
271644 131
271645 132
271647 133
271648 134
271649 135
271651 136
271832 137
271835 138
271836 139
271839 140
271840 141
271843 142
271897 143
271899 144
271900 145
271901 146
271903 147
271904 148
271905 149
271907 150
272092 151
272095 152
272096 153
272099 154
272157 155
272159 156
272160 157
272161 158
272163 159
272352 160
272355 161
272417 162
272419 163
278854 164
278856 165
278858 166
278860 167
278862 168
278864 169
278866 170
278868 171
278870 172
278872 173
278874 174
278876 175
278878 176
278880 177
278882 178
278919 179
278920 180
278921 181
278922 182
278923 183
278924 184
278925 185
278926 186
278927 187
278928 188
278929 189
278930 190
278931 191
278932 192
278933 193
278934 194
278935 195
278936 196
278937 197
278938 198
278939 199
278940 200
278941 201
278942 202
278943 203
278944 204
278945 205
278946 206
278947 207
279049 208
279050 209
279052 210
279053 211
279054 212
279056 213
279057 214
279058 215
279060 216
279061 217
279062 218
279064 219
279065 220
279066 221
279068 222
279069 223
279070 224
279072 225
279073 226
279074 227
279114 228
279116 229
279117 230
279118 231
279120 232
279121 233
279122 234
279124 235
279125 236
279126 237
279128 238
279129 239
279130 240
279132 241
279133 242
279134 243
279136 244
279137 245
279138 246
279179 247
279180 248
279181 249
279182 250
279183 251
279184 252
279185 253
279186 254
279187 255
279188 256
279189 257
279190 258
279191 259
279192 260
279193 261
279194 262
279195 263
279196 264
279197 265
279198 266
279199 267
279200 268
279201 269
279202 270
279203 271
279309 272
279310 273
279312 274
279313 275
279314 276
279316 277
279317 278
279318 279
279320 280
279321 281
279322 282
279324 283
279325 284
279326 285
279328 286
279329 287
279330 288
279374 289
279376 290
279377 291
279378 292
279380 293
279381 294
279382 295
279384 296
279385 297
279386 298
279388 299
279389 300
279390 301
279392 302
279393 303
279394 304
279439 305
279440 306
279441 307
279442 308
279443 309
279444 310
279445 311
279446 312
279447 313
279448 314
279449 315
279450 316
279451 317
279452 318
279453 319
279454 320
279455 321
279456 322
279457 323
279458 324
279459 325
279569 326
279570 327
279572 328
279573 329
279574 330
279576 331
279577 332
279578 333
279580 334
279581 335
279582 336
279584 337
279585 338
279586 339
279634 340
279636 341
279637 342
279638 343
279640 344
279641 345
279642 346
279644 347
279645 348
279646 349
279648 350
279649 351
279650 352
279699 353
279700 354
279701 355
279702 356
279703 357
279704 358
279705 359
279706 360
279707 361
279708 362
279709 363
279710 364
279711 365
279712 366
279713 367
279714 368
279715 369
279829 370
279830 371
279832 372
279833 373
279834 374
279836 375
279837 376
279838 377
279840 378
279841 379
279842 380
279894 381
279896 382
279897 383
279898 384
279900 385
279901 386
279902 387
279904 388
279905 389
279906 390
279959 391
279960 392
279961 393
279962 394
279963 395
279964 396
279965 397
279966 398
279967 399
279968 400
279969 401
279970 402
279971 403
280089 404
280090 405
280092 406
280093 407
280094 408
280096 409
280097 410
280098 411
280154 412
280156 413
280157 414
280158 415
280160 416
280161 417
280162 418
280219 419
280220 420
280221 421
280222 422
280223 423
280224 424
280225 425
280226 426
280227 427
280349 428
280350 429
280352 430
280353 431
280354 432
280414 433
280416 434
280417 435
280418 436
280479 437
280480 438
280481 439
280482 440
280483 441
280609 442
280610 443
280674 444
280739 445
287176 446
287178 447
287180 448
287182 449
287184 450
287186 451
287188 452
287190 453
287192 454
287194 455
287196 456
287198 457
287200 458
287202 459
287241 460
287242 461
287243 462
287244 463
287245 464
287246 465
287247 466
287248 467
287249 468
287250 469
287251 470
287252 471
287253 472
287254 473
287255 474
287256 475
287257 476
287258 477
287259 478
287260 479
287261 480
287262 481
287263 482
287264 483
287265 484
287266 485
287267 486
287371 487
287372 488
287374 489
287375 490
287376 491
287378 492
287379 493
287380 494
287382 495
287383 496
287384 497
287386 498
287387 499
287388 500
287390 501
287391 502
287392 503
287394 504
287395 505
287436 506
287438 507
287439 508
287440 509
287442 510
287443 511
287444 512
287446 513
287447 514
287448 515
287450 516
287451 517
287452 518
287454 519
287455 520
287456 521
287458 522
287459 523
287501 524
287502 525
287503 526
287504 527
287505 528
287506 529
287507 530
287508 531
287509 532
287510 533
287511 534
287512 535
287513 536
287514 537
287515 538
287516 539
287517 540
287518 541
287519 542
287520 543
287521 544
287522 545
287523 546
287631 547
287632 548
287634 549
287635 550
287636 551
287638 552
287639 553
287640 554
287642 555
287643 556
287644 557
287646 558
287647 559
287648 560
287650 561
287651 562
287696 563
287698 564
287699 565
287700 566
287702 567
287703 568
287704 569
287706 570
287707 571
287708 572
287710 573
287711 574
287712 575
287714 576
287715 577
287761 578
287762 579
287763 580
287764 581
287765 582
287766 583
287767 584
287768 585
287769 586
287770 587
287771 588
287772 589
287773 590
287774 591
287775 592
287776 593
287777 594
287778 595
287779 596
287891 597
287892 598
287894 599
287895 600
287896 601
287898 602
287899 603
287900 604
287902 605
287903 606
287904 607
287906 608
287907 609
287956 610
287958 611
287959 612
287960 613
287962 614
287963 615
287964 616
287966 617
287967 618
287968 619
287970 620
287971 621
288021 622
288022 623
288023 624
288024 625
288025 626
288026 627
288027 628
288028 629
288029 630
288030 631
288031 632
288032 633
288033 634
288034 635
288035 636
288151 637
288152 638
288154 639
288155 640
288156 641
288158 642
288159 643
288160 644
288162 645
288163 646
288216 647
288218 648
288219 649
288220 650
288222 651
288223 652
288224 653
288226 654
288227 655
288281 656
288282 657
288283 658
288284 659
288285 660
288286 661
288287 662
288288 663
288289 664
288290 665
288291 666
288411 667
288412 668
288414 669
288415 670
288416 671
288418 672
288419 673
288476 674
288478 675
288479 676
288480 677
288482 678
288483 679
288541 680
288542 681
288543 682
288544 683
288545 684
288546 685
288547 686
288671 687
288672 688
288674 689
288675 690
288736 691
288738 692
288739 693
288801 694
288802 695
288803 696
288931 697
295498 698
295500 699
295502 700
295504 701
295506 702
295508 703
295510 704
295512 705
295514 706
295516 707
295518 708
295520 709
295522 710
295563 711
295564 712
295565 713
295566 714
295567 715
295568 716
295569 717
295570 718
295571 719
295572 720
295573 721
295574 722
295575 723
295576 724
295577 725
295578 726
295579 727
295580 728
295581 729
295582 730
295583 731
295584 732
295585 733
295586 734
295587 735
295693 736
295694 737
295696 738
295697 739
295698 740
295700 741
295701 742
295702 743
295704 744
295705 745
295706 746
295708 747
295709 748
295710 749
295712 750
295713 751
295714 752
295758 753
295760 754
295761 755
295762 756
295764 757
295765 758
295766 759
295768 760
295769 761
295770 762
295772 763
295773 764
295774 765
295776 766
295777 767
295778 768
295823 769
295824 770
295825 771
295826 772
295827 773
295828 774
295829 775
295830 776
295831 777
295832 778
295833 779
295834 780
295835 781
295836 782
295837 783
295838 784
295839 785
295840 786
295841 787
295842 788
295843 789
295953 790
295954 791
295956 792
295957 793
295958 794
295960 795
295961 796
295962 797
295964 798
295965 799
295966 800
295968 801
295969 802
295970 803
296018 804
296020 805
296021 806
296022 807
296024 808
296025 809
296026 810
296028 811
296029 812
296030 813
296032 814
296033 815
296034 816
296083 817
296084 818
296085 819
296086 820
296087 821
296088 822
296089 823
296090 824
296091 825
296092 826
296093 827
296094 828
296095 829
296096 830
296097 831
296098 832
296099 833
296213 834
296214 835
296216 836
296217 837
296218 838
296220 839
296221 840
296222 841
296224 842
296225 843
296226 844
296278 845
296280 846
296281 847
296282 848
296284 849
296285 850
296286 851
296288 852
296289 853
296290 854
296343 855
296344 856
296345 857
296346 858
296347 859
296348 860
296349 861
296350 862
296351 863
296352 864
296353 865
296354 866
296355 867
296473 868
296474 869
296476 870
296477 871
296478 872
296480 873
296481 874
296482 875
296538 876
296540 877
296541 878
296542 879
296544 880
296545 881
296546 882
296603 883
296604 884
296605 885
296606 886
296607 887
296608 888
296609 889
296610 890
296611 891
296733 892
296734 893
296736 894
296737 895
296738 896
296798 897
296800 898
296801 899
296802 900
296863 901
296864 902
296865 903
296866 904
296867 905
296993 906
296994 907
297058 908
297123 909
303820 910
303822 911
303824 912
303826 913
303828 914
303830 915
303832 916
303834 917
303836 918
303838 919
303840 920
303842 921
303885 922
303886 923
303887 924
303888 925
303889 926
303890 927
303891 928
303892 929
303893 930
303894 931
303895 932
303896 933
303897 934
303898 935
303899 936
303900 937
303901 938
303902 939
303903 940
303904 941
303905 942
303906 943
303907 944
304015 945
304016 946
304018 947
304019 948
304020 949
304022 950
304023 951
304024 952
304026 953
304027 954
304028 955
304030 956
304031 957
304032 958
304034 959
304035 960
304080 961
304082 962
304083 963
304084 964
304086 965
304087 966
304088 967
304090 968
304091 969
304092 970
304094 971
304095 972
304096 973
304098 974
304099 975
304145 976
304146 977
304147 978
304148 979
304149 980
304150 981
304151 982
304152 983
304153 984
304154 985
304155 986
304156 987
304157 988
304158 989
304159 990
304160 991
304161 992
304162 993
304163 994
304275 995
304276 996
304278 997
304279 998
304280 999
304282 1000
304283 1001
304284 1002
304286 1003
304287 1004
304288 1005
304290 1006
304291 1007
304340 1008
304342 1009
304343 1010
304344 1011
304346 1012
304347 1013
304348 1014
304350 1015
304351 1016
304352 1017
304354 1018
304355 1019
304405 1020
304406 1021
304407 1022
304408 1023
304409 1024
304410 1025
304411 1026
304412 1027
304413 1028
304414 1029
304415 1030
304416 1031
304417 1032
304418 1033
304419 1034
304535 1035
304536 1036
304538 1037
304539 1038
304540 1039
304542 1040
304543 1041
304544 1042
304546 1043
304547 1044
304600 1045
304602 1046
304603 1047
304604 1048
304606 1049
304607 1050
304608 1051
304610 1052
304611 1053
304665 1054
304666 1055
304667 1056
304668 1057
304669 1058
304670 1059
304671 1060
304672 1061
304673 1062
304674 1063
304675 1064
304795 1065
304796 1066
304798 1067
304799 1068
304800 1069
304802 1070
304803 1071
304860 1072
304862 1073
304863 1074
304864 1075
304866 1076
304867 1077
304925 1078
304926 1079
304927 1080
304928 1081
304929 1082
304930 1083
304931 1084
305055 1085
305056 1086
305058 1087
305059 1088
305120 1089
305122 1090
305123 1091
305185 1092
305186 1093
305187 1094
305315 1095
312142 1096
312144 1097
312146 1098
312148 1099
312150 1100
312152 1101
312154 1102
312156 1103
312158 1104
312160 1105
312162 1106
312207 1107
312208 1108
312209 1109
312210 1110
312211 1111
312212 1112
312213 1113
312214 1114
312215 1115
312216 1116
312217 1117
312218 1118
312219 1119
312220 1120
312221 1121
312222 1122
312223 1123
312224 1124
312225 1125
312226 1126
312227 1127
312337 1128
312338 1129
312340 1130
312341 1131
312342 1132
312344 1133
312345 1134
312346 1135
312348 1136
312349 1137
312350 1138
312352 1139
312353 1140
312354 1141
312402 1142
312404 1143
312405 1144
312406 1145
312408 1146
312409 1147
312410 1148
312412 1149
312413 1150
312414 1151
312416 1152
312417 1153
312418 1154
312467 1155
312468 1156
312469 1157
312470 1158
312471 1159
312472 1160
312473 1161
312474 1162
312475 1163
312476 1164
312477 1165
312478 1166
312479 1167
312480 1168
312481 1169
312482 1170
312483 1171
312597 1172
312598 1173
312600 1174
312601 1175
312602 1176
312604 1177
312605 1178
312606 1179
312608 1180
312609 1181
312610 1182
312662 1183
312664 1184
312665 1185
312666 1186
312668 1187
312669 1188
312670 1189
312672 1190
312673 1191
312674 1192
312727 1193
312728 1194
312729 1195
312730 1196
312731 1197
312732 1198
312733 1199
312734 1200
312735 1201
312736 1202
312737 1203
312738 1204
312739 1205
312857 1206
312858 1207
312860 1208
312861 1209
312862 1210
312864 1211
312865 1212
312866 1213
312922 1214
312924 1215
312925 1216
312926 1217
312928 1218
312929 1219
312930 1220
312987 1221
312988 1222
312989 1223
312990 1224
312991 1225
312992 1226
312993 1227
312994 1228
312995 1229
313117 1230
313118 1231
313120 1232
313121 1233
313122 1234
313182 1235
313184 1236
313185 1237
313186 1238
313247 1239
313248 1240
313249 1241
313250 1242
313251 1243
313377 1244
313378 1245
313442 1246
313507 1247
320464 1248
320466 1249
320468 1250
320470 1251
320472 1252
320474 1253
320476 1254
320478 1255
320480 1256
320482 1257
320529 1258
320530 1259
320531 1260
320532 1261
320533 1262
320534 1263
320535 1264
320536 1265
320537 1266
320538 1267
320539 1268
320540 1269
320541 1270
320542 1271
320543 1272
320544 1273
320545 1274
320546 1275
320547 1276
320659 1277
320660 1278
320662 1279
320663 1280
320664 1281
320666 1282
320667 1283
320668 1284
320670 1285
320671 1286
320672 1287
320674 1288
320675 1289
320724 1290
320726 1291
320727 1292
320728 1293
320730 1294
320731 1295
320732 1296
320734 1297
320735 1298
320736 1299
320738 1300
320739 1301
320789 1302
320790 1303
320791 1304
320792 1305
320793 1306
320794 1307
320795 1308
320796 1309
320797 1310
320798 1311
320799 1312
320800 1313
320801 1314
320802 1315
320803 1316
320919 1317
320920 1318
320922 1319
320923 1320
320924 1321
320926 1322
320927 1323
320928 1324
320930 1325
320931 1326
320984 1327
320986 1328
320987 1329
320988 1330
320990 1331
320991 1332
320992 1333
320994 1334
320995 1335
321049 1336
321050 1337
321051 1338
321052 1339
321053 1340
321054 1341
321055 1342
321056 1343
321057 1344
321058 1345
321059 1346
321179 1347
321180 1348
321182 1349
321183 1350
321184 1351
321186 1352
321187 1353
321244 1354
321246 1355
321247 1356
321248 1357
321250 1358
321251 1359
321309 1360
321310 1361
321311 1362
321312 1363
321313 1364
321314 1365
321315 1366
321439 1367
321440 1368
321442 1369
321443 1370
321504 1371
321506 1372
321507 1373
321569 1374
321570 1375
321571 1376
321699 1377
328786 1378
328788 1379
328790 1380
328792 1381
328794 1382
328796 1383
328798 1384
328800 1385
328802 1386
328851 1387
328852 1388
328853 1389
328854 1390
328855 1391
328856 1392
328857 1393
328858 1394
328859 1395
328860 1396
328861 1397
328862 1398
328863 1399
328864 1400
328865 1401
328866 1402
328867 1403
328981 1404
328982 1405
328984 1406
328985 1407
328986 1408
328988 1409
328989 1410
328990 1411
328992 1412
328993 1413
328994 1414
329046 1415
329048 1416
329049 1417
329050 1418
329052 1419
329053 1420
329054 1421
329056 1422
329057 1423
329058 1424
329111 1425
329112 1426
329113 1427
329114 1428
329115 1429
329116 1430
329117 1431
329118 1432
329119 1433
329120 1434
329121 1435
329122 1436
329123 1437
329241 1438
329242 1439
329244 1440
329245 1441
329246 1442
329248 1443
329249 1444
329250 1445
329306 1446
329308 1447
329309 1448
329310 1449
329312 1450
329313 1451
329314 1452
329371 1453
329372 1454
329373 1455
329374 1456
329375 1457
329376 1458
329377 1459
329378 1460
329379 1461
329501 1462
329502 1463
329504 1464
329505 1465
329506 1466
329566 1467
329568 1468
329569 1469
329570 1470
329631 1471
329632 1472
329633 1473
329634 1474
329635 1475
329761 1476
329762 1477
329826 1478
329891 1479
337108 1480
337110 1481
337112 1482
337114 1483
337116 1484
337118 1485
337120 1486
337122 1487
337173 1488
337174 1489
337175 1490
337176 1491
337177 1492
337178 1493
337179 1494
337180 1495
337181 1496
337182 1497
337183 1498
337184 1499
337185 1500
337186 1501
337187 1502
337303 1503
337304 1504
337306 1505
337307 1506
337308 1507
337310 1508
337311 1509
337312 1510
337314 1511
337315 1512
337368 1513
337370 1514
337371 1515
337372 1516
337374 1517
337375 1518
337376 1519
337378 1520
337379 1521
337433 1522
337434 1523
337435 1524
337436 1525
337437 1526
337438 1527
337439 1528
337440 1529
337441 1530
337442 1531
337443 1532
337563 1533
337564 1534
337566 1535
337567 1536
337568 1537
337570 1538
337571 1539
337628 1540
337630 1541
337631 1542
337632 1543
337634 1544
337635 1545
337693 1546
337694 1547
337695 1548
337696 1549
337697 1550
337698 1551
337699 1552
337823 1553
337824 1554
337826 1555
337827 1556
337888 1557
337890 1558
337891 1559
337953 1560
337954 1561
337955 1562
338083 1563
345430 1564
345432 1565
345434 1566
345436 1567
345438 1568
345440 1569
345442 1570
345495 1571
345496 1572
345497 1573
345498 1574
345499 1575
345500 1576
345501 1577
345502 1578
345503 1579
345504 1580
345505 1581
345506 1582
345507 1583
345625 1584
345626 1585
345628 1586
345629 1587
345630 1588
345632 1589
345633 1590
345634 1591
345690 1592
345692 1593
345693 1594
345694 1595
345696 1596
345697 1597
345698 1598
345755 1599
345756 1600
345757 1601
345758 1602
345759 1603
345760 1604
345761 1605
345762 1606
345763 1607
345885 1608
345886 1609
345888 1610
345889 1611
345890 1612
345950 1613
345952 1614
345953 1615
345954 1616
346015 1617
346016 1618
346017 1619
346018 1620
346019 1621
346145 1622
346146 1623
346210 1624
346275 1625
353752 1626
353754 1627
353756 1628
353758 1629
353760 1630
353762 1631
353817 1632
353818 1633
353819 1634
353820 1635
353821 1636
353822 1637
353823 1638
353824 1639
353825 1640
353826 1641
353827 1642
353947 1643
353948 1644
353950 1645
353951 1646
353952 1647
353954 1648
353955 1649
354012 1650
354014 1651
354015 1652
354016 1653
354018 1654
354019 1655
354077 1656
354078 1657
354079 1658
354080 1659
354081 1660
354082 1661
354083 1662
354207 1663
354208 1664
354210 1665
354211 1666
354272 1667
354274 1668
354275 1669
354337 1670
354338 1671
354339 1672
354467 1673
362074 1674
362076 1675
362078 1676
362080 1677
362082 1678
362139 1679
362140 1680
362141 1681
362142 1682
362143 1683
362144 1684
362145 1685
362146 1686
362147 1687
362269 1688
362270 1689
362272 1690
362273 1691
362274 1692
362334 1693
362336 1694
362337 1695
362338 1696
362399 1697
362400 1698
362401 1699
362402 1700
362403 1701
362529 1702
362530 1703
362594 1704
362659 1705
370396 1706
370398 1707
370400 1708
370402 1709
370461 1710
370462 1711
370463 1712
370464 1713
370465 1714
370466 1715
370467 1716
370591 1717
370592 1718
370594 1719
370595 1720
370656 1721
370658 1722
370659 1723
370721 1724
370722 1725
370723 1726
370851 1727
378718 1728
378720 1729
378722 1730
378783 1731
378784 1732
378785 1733
378786 1734
378787 1735
378913 1736
378914 1737
378978 1738
379043 1739
387040 1740
387042 1741
387105 1742
387106 1743
387107 1744
387235 1745
395362 1746
395427 1747
1069447 1748
1069448 1749
1069449 1750
1069451 1751
1069452 1752
1069453 1753
1069455 1754
1069456 1755
1069457 1756
1069459 1757
1069460 1758
1069461 1759
1069463 1760
1069464 1761
1069465 1762
1069467 1763
1069468 1764
1069469 1765
1069471 1766
1069472 1767
1069473 1768
1069475 1769
1069577 1770
1069578 1771
1069580 1772
1069581 1773
1069582 1774
1069584 1775
1069585 1776
1069586 1777
1069588 1778
1069589 1779
1069590 1780
1069592 1781
1069593 1782
1069594 1783
1069596 1784
1069597 1785
1069598 1786
1069600 1787
1069601 1788
1069602 1789
1069642 1790
1069644 1791
1069645 1792
1069646 1793
1069648 1794
1069649 1795
1069650 1796
1069652 1797
1069653 1798
1069654 1799
1069656 1800
1069657 1801
1069658 1802
1069660 1803
1069661 1804
1069662 1805
1069664 1806
1069665 1807
1069666 1808
1069707 1809
1069708 1810
1069709 1811
1069710 1812
1069711 1813
1069712 1814
1069713 1815
1069714 1816
1069715 1817
1069716 1818
1069717 1819
1069718 1820
1069719 1821
1069720 1822
1069721 1823
1069722 1824
1069723 1825
1069724 1826
1069725 1827
1069726 1828
1069727 1829
1069728 1830
1069729 1831
1069730 1832
1069731 1833
1069837 1834
1069838 1835
1069840 1836
1069841 1837
1069842 1838
1069844 1839
1069845 1840
1069846 1841
1069848 1842
1069849 1843
1069850 1844
1069852 1845
1069853 1846
1069854 1847
1069856 1848
1069857 1849
1069858 1850
1069902 1851
1069904 1852
1069905 1853
1069906 1854
1069908 1855
1069909 1856
1069910 1857
1069912 1858
1069913 1859
1069914 1860
1069916 1861
1069917 1862
1069918 1863
1069920 1864
1069921 1865
1069922 1866
1069967 1867
1069968 1868
1069969 1869
1069970 1870
1069971 1871
1069972 1872
1069973 1873
1069974 1874
1069975 1875
1069976 1876
1069977 1877
1069978 1878
1069979 1879
1069980 1880
1069981 1881
1069982 1882
1069983 1883
1069984 1884
1069985 1885
1069986 1886
1069987 1887
1070097 1888
1070098 1889
1070100 1890
1070101 1891
1070102 1892
1070104 1893
1070105 1894
1070106 1895
1070108 1896
1070109 1897
1070110 1898
1070112 1899
1070113 1900
1070114 1901
1070162 1902
1070164 1903
1070165 1904
1070166 1905
1070168 1906
1070169 1907
1070170 1908
1070172 1909
1070173 1910
1070174 1911
1070176 1912
1070177 1913
1070178 1914
1070227 1915
1070228 1916
1070229 1917
1070230 1918
1070231 1919
1070232 1920
1070233 1921
1070234 1922
1070235 1923
1070236 1924
1070237 1925
1070238 1926
1070239 1927
1070240 1928
1070241 1929
1070242 1930
1070243 1931
1070357 1932
1070358 1933
1070360 1934
1070361 1935
1070362 1936
1070364 1937
1070365 1938
1070366 1939
1070368 1940
1070369 1941
1070370 1942
1070422 1943
1070424 1944
1070425 1945
1070426 1946
1070428 1947
1070429 1948
1070430 1949
1070432 1950
1070433 1951
1070434 1952
1070487 1953
1070488 1954
1070489 1955
1070490 1956
1070491 1957
1070492 1958
1070493 1959
1070494 1960
1070495 1961
1070496 1962
1070497 1963
1070498 1964
1070499 1965
1070617 1966
1070618 1967
1070620 1968
1070621 1969
1070622 1970
1070624 1971
1070625 1972
1070626 1973
1070682 1974
1070684 1975
1070685 1976
1070686 1977
1070688 1978
1070689 1979
1070690 1980
1070747 1981
1070748 1982
1070749 1983
1070750 1984
1070751 1985
1070752 1986
1070753 1987
1070754 1988
1070755 1989
1070877 1990
1070878 1991
1070880 1992
1070881 1993
1070882 1994
1070942 1995
1070944 1996
1070945 1997
1070946 1998
1071007 1999
1071008 2000
1071009 2001
1071010 2002
1071011 2003
1071137 2004
1071138 2005
1071202 2006
1071267 2007
1081930 2008
1081932 2009
1081933 2010
1081934 2011
1081936 2012
1081937 2013
1081938 2014
1081940 2015
1081941 2016
1081942 2017
1081944 2018
1081945 2019
1081946 2020
1081948 2021
1081949 2022
1081950 2023
1081952 2024
1081953 2025
1081954 2026
1082125 2027
1082128 2028
1082129 2029
1082132 2030
1082133 2031
1082136 2032
1082137 2033
1082140 2034
1082141 2035
1082144 2036
1082145 2037
1082190 2038
1082192 2039
1082193 2040
1082194 2041
1082196 2042
1082197 2043
1082198 2044
1082200 2045
1082201 2046
1082202 2047
1082204 2048
1082205 2049
1082206 2050
1082208 2051
1082209 2052
1082210 2053
1082385 2054
1082388 2055
1082389 2056
1082392 2057
1082393 2058
1082396 2059
1082397 2060
1082400 2061
1082401 2062
1082450 2063
1082452 2064
1082453 2065
1082454 2066
1082456 2067
1082457 2068
1082458 2069
1082460 2070
1082461 2071
1082462 2072
1082464 2073
1082465 2074
1082466 2075
1082645 2076
1082648 2077
1082649 2078
1082652 2079
1082653 2080
1082656 2081
1082657 2082
1082710 2083
1082712 2084
1082713 2085
1082714 2086
1082716 2087
1082717 2088
1082718 2089
1082720 2090
1082721 2091
1082722 2092
1082905 2093
1082908 2094
1082909 2095
1082912 2096
1082913 2097
1082970 2098
1082972 2099
1082973 2100
1082974 2101
1082976 2102
1082977 2103
1082978 2104
1083165 2105
1083168 2106
1083169 2107
1083230 2108
1083232 2109
1083233 2110
1083234 2111
1083425 2112
1083490 2113
1086091 2114
1086092 2115
1086093 2116
1086095 2117
1086096 2118
1086097 2119
1086099 2120
1086100 2121
1086101 2122
1086103 2123
1086104 2124
1086105 2125
1086107 2126
1086108 2127
1086109 2128
1086111 2129
1086112 2130
1086113 2131
1086115 2132
1086221 2133
1086222 2134
1086224 2135
1086225 2136
1086226 2137
1086228 2138
1086229 2139
1086230 2140
1086232 2141
1086233 2142
1086234 2143
1086236 2144
1086237 2145
1086238 2146
1086240 2147
1086241 2148
1086242 2149
1086286 2150
1086288 2151
1086289 2152
1086290 2153
1086292 2154
1086293 2155
1086294 2156
1086296 2157
1086297 2158
1086298 2159
1086300 2160
1086301 2161
1086302 2162
1086304 2163
1086305 2164
1086306 2165
1086351 2166
1086352 2167
1086353 2168
1086354 2169
1086355 2170
1086356 2171
1086357 2172
1086358 2173
1086359 2174
1086360 2175
1086361 2176
1086362 2177
1086363 2178
1086364 2179
1086365 2180
1086366 2181
1086367 2182
1086368 2183
1086369 2184
1086370 2185
1086371 2186
1086481 2187
1086482 2188
1086484 2189
1086485 2190
1086486 2191
1086488 2192
1086489 2193
1086490 2194
1086492 2195
1086493 2196
1086494 2197
1086496 2198
1086497 2199
1086498 2200
1086546 2201
1086548 2202
1086549 2203
1086550 2204
1086552 2205
1086553 2206
1086554 2207
1086556 2208
1086557 2209
1086558 2210
1086560 2211
1086561 2212
1086562 2213
1086611 2214
1086612 2215
1086613 2216
1086614 2217
1086615 2218
1086616 2219
1086617 2220
1086618 2221
1086619 2222
1086620 2223
1086621 2224
1086622 2225
1086623 2226
1086624 2227
1086625 2228
1086626 2229
1086627 2230
1086741 2231
1086742 2232
1086744 2233
1086745 2234
1086746 2235
1086748 2236
1086749 2237
1086750 2238
1086752 2239
1086753 2240
1086754 2241
1086806 2242
1086808 2243
1086809 2244
1086810 2245
1086812 2246
1086813 2247
1086814 2248
1086816 2249
1086817 2250
1086818 2251
1086871 2252
1086872 2253
1086873 2254
1086874 2255
1086875 2256
1086876 2257
1086877 2258
1086878 2259
1086879 2260
1086880 2261
1086881 2262
1086882 2263
1086883 2264
1087001 2265
1087002 2266
1087004 2267
1087005 2268
1087006 2269
1087008 2270
1087009 2271
1087010 2272
1087066 2273
1087068 2274
1087069 2275
1087070 2276
1087072 2277
1087073 2278
1087074 2279
1087131 2280
1087132 2281
1087133 2282
1087134 2283
1087135 2284
1087136 2285
1087137 2286
1087138 2287
1087139 2288
1087261 2289
1087262 2290
1087264 2291
1087265 2292
1087266 2293
1087326 2294
1087328 2295
1087329 2296
1087330 2297
1087391 2298
1087392 2299
1087393 2300
1087394 2301
1087395 2302
1087521 2303
1087522 2304
1087586 2305
1087651 2306
1098574 2307
1098576 2308
1098577 2309
1098578 2310
1098580 2311
1098581 2312
1098582 2313
1098584 2314
1098585 2315
1098586 2316
1098588 2317
1098589 2318
1098590 2319
1098592 2320
1098593 2321
1098594 2322
1098769 2323
1098772 2324
1098773 2325
1098776 2326
1098777 2327
1098780 2328
1098781 2329
1098784 2330
1098785 2331
1098834 2332
1098836 2333
1098837 2334
1098838 2335
1098840 2336
1098841 2337
1098842 2338
1098844 2339
1098845 2340
1098846 2341
1098848 2342
1098849 2343
1098850 2344
1099029 2345
1099032 2346
1099033 2347
1099036 2348
1099037 2349
1099040 2350
1099041 2351
1099094 2352
1099096 2353
1099097 2354
1099098 2355
1099100 2356
1099101 2357
1099102 2358
1099104 2359
1099105 2360
1099106 2361
1099289 2362
1099292 2363
1099293 2364
1099296 2365
1099297 2366
1099354 2367
1099356 2368
1099357 2369
1099358 2370
1099360 2371
1099361 2372
1099362 2373
1099549 2374
1099552 2375
1099553 2376
1099614 2377
1099616 2378
1099617 2379
1099618 2380
1099809 2381
1099874 2382
1102735 2383
1102736 2384
1102737 2385
1102739 2386
1102740 2387
1102741 2388
1102743 2389
1102744 2390
1102745 2391
1102747 2392
1102748 2393
1102749 2394
1102751 2395
1102752 2396
1102753 2397
1102755 2398
1102865 2399
1102866 2400
1102868 2401
1102869 2402
1102870 2403
1102872 2404
1102873 2405
1102874 2406
1102876 2407
1102877 2408
1102878 2409
1102880 2410
1102881 2411
1102882 2412
1102930 2413
1102932 2414
1102933 2415
1102934 2416
1102936 2417
1102937 2418
1102938 2419
1102940 2420
1102941 2421
1102942 2422
1102944 2423
1102945 2424
1102946 2425
1102995 2426
1102996 2427
1102997 2428
1102998 2429
1102999 2430
1103000 2431
1103001 2432
1103002 2433
1103003 2434
1103004 2435
1103005 2436
1103006 2437
1103007 2438
1103008 2439
1103009 2440
1103010 2441
1103011 2442
1103125 2443
1103126 2444
1103128 2445
1103129 2446
1103130 2447
1103132 2448
1103133 2449
1103134 2450
1103136 2451
1103137 2452
1103138 2453
1103190 2454
1103192 2455
1103193 2456
1103194 2457
1103196 2458
1103197 2459
1103198 2460
1103200 2461
1103201 2462
1103202 2463
1103255 2464
1103256 2465
1103257 2466
1103258 2467
1103259 2468
1103260 2469
1103261 2470
1103262 2471
1103263 2472
1103264 2473
1103265 2474
1103266 2475
1103267 2476
1103385 2477
1103386 2478
1103388 2479
1103389 2480
1103390 2481
1103392 2482
1103393 2483
1103394 2484
1103450 2485
1103452 2486
1103453 2487
1103454 2488
1103456 2489
1103457 2490
1103458 2491
1103515 2492
1103516 2493
1103517 2494
1103518 2495
1103519 2496
1103520 2497
1103521 2498
1103522 2499
1103523 2500
1103645 2501
1103646 2502
1103648 2503
1103649 2504
1103650 2505
1103710 2506
1103712 2507
1103713 2508
1103714 2509
1103775 2510
1103776 2511
1103777 2512
1103778 2513
1103779 2514
1103905 2515
1103906 2516
1103970 2517
1104035 2518
1115218 2519
1115220 2520
1115221 2521
1115222 2522
1115224 2523
1115225 2524
1115226 2525
1115228 2526
1115229 2527
1115230 2528
1115232 2529
1115233 2530
1115234 2531
1115413 2532
1115416 2533
1115417 2534
1115420 2535
1115421 2536
1115424 2537
1115425 2538
1115478 2539
1115480 2540
1115481 2541
1115482 2542
1115484 2543
1115485 2544
1115486 2545
1115488 2546
1115489 2547
1115490 2548
1115673 2549
1115676 2550
1115677 2551
1115680 2552
1115681 2553
1115738 2554
1115740 2555
1115741 2556
1115742 2557
1115744 2558
1115745 2559
1115746 2560
1115933 2561
1115936 2562
1115937 2563
1115998 2564
1116000 2565
1116001 2566
1116002 2567
1116193 2568
1116258 2569
1119379 2570
1119380 2571
1119381 2572
1119383 2573
1119384 2574
1119385 2575
1119387 2576
1119388 2577
1119389 2578
1119391 2579
1119392 2580
1119393 2581
1119395 2582
1119509 2583
1119510 2584
1119512 2585
1119513 2586
1119514 2587
1119516 2588
1119517 2589
1119518 2590
1119520 2591
1119521 2592
1119522 2593
1119574 2594
1119576 2595
1119577 2596
1119578 2597
1119580 2598
1119581 2599
1119582 2600
1119584 2601
1119585 2602
1119586 2603
1119639 2604
1119640 2605
1119641 2606
1119642 2607
1119643 2608
1119644 2609
1119645 2610
1119646 2611
1119647 2612
1119648 2613
1119649 2614
1119650 2615
1119651 2616
1119769 2617
1119770 2618
1119772 2619
1119773 2620
1119774 2621
1119776 2622
1119777 2623
1119778 2624
1119834 2625
1119836 2626
1119837 2627
1119838 2628
1119840 2629
1119841 2630
1119842 2631
1119899 2632
1119900 2633
1119901 2634
1119902 2635
1119903 2636
1119904 2637
1119905 2638
1119906 2639
1119907 2640
1120029 2641
1120030 2642
1120032 2643
1120033 2644
1120034 2645
1120094 2646
1120096 2647
1120097 2648
1120098 2649
1120159 2650
1120160 2651
1120161 2652
1120162 2653
1120163 2654
1120289 2655
1120290 2656
1120354 2657
1120419 2658
1131862 2659
1131864 2660
1131865 2661
1131866 2662
1131868 2663
1131869 2664
1131870 2665
1131872 2666
1131873 2667
1131874 2668
1132057 2669
1132060 2670
1132061 2671
1132064 2672
1132065 2673
1132122 2674
1132124 2675
1132125 2676
1132126 2677
1132128 2678
1132129 2679
1132130 2680
1132317 2681
1132320 2682
1132321 2683
1132382 2684
1132384 2685
1132385 2686
1132386 2687
1132577 2688
1132642 2689
1136023 2690
1136024 2691
1136025 2692
1136027 2693
1136028 2694
1136029 2695
1136031 2696
1136032 2697
1136033 2698
1136035 2699
1136153 2700
1136154 2701
1136156 2702
1136157 2703
1136158 2704
1136160 2705
1136161 2706
1136162 2707
1136218 2708
1136220 2709
1136221 2710
1136222 2711
1136224 2712
1136225 2713
1136226 2714
1136283 2715
1136284 2716
1136285 2717
1136286 2718
1136287 2719
1136288 2720
1136289 2721
1136290 2722
1136291 2723
1136413 2724
1136414 2725
1136416 2726
1136417 2727
1136418 2728
1136478 2729
1136480 2730
1136481 2731
1136482 2732
1136543 2733
1136544 2734
1136545 2735
1136546 2736
1136547 2737
1136673 2738
1136674 2739
1136738 2740
1136803 2741
1148506 2742
1148508 2743
1148509 2744
1148510 2745
1148512 2746
1148513 2747
1148514 2748
1148701 2749
1148704 2750
1148705 2751
1148766 2752
1148768 2753
1148769 2754
1148770 2755
1148961 2756
1149026 2757
1152667 2758
1152668 2759
1152669 2760
1152671 2761
1152672 2762
1152673 2763
1152675 2764
1152797 2765
1152798 2766
1152800 2767
1152801 2768
1152802 2769
1152862 2770
1152864 2771
1152865 2772
1152866 2773
1152927 2774
1152928 2775
1152929 2776
1152930 2777
1152931 2778
1153057 2779
1153058 2780
1153122 2781
1153187 2782
1165150 2783
1165152 2784
1165153 2785
1165154 2786
1165345 2787
1165410 2788
1169311 2789
1169312 2790
1169313 2791
1169315 2792
1169441 2793
1169442 2794
1169506 2795
1169571 2796
1181794 2797
1185955 2798
1335752 2799
1335753 2800
1335756 2801
1335757 2802
1335760 2803
1335761 2804
1335764 2805
1335765 2806
1335768 2807
1335769 2808
1335772 2809
1335773 2810
1335776 2811
1335777 2812
1335817 2813
1335819 2814
1335820 2815
1335821 2816
1335823 2817
1335824 2818
1335825 2819
1335827 2820
1335828 2821
1335829 2822
1335831 2823
1335832 2824
1335833 2825
1335835 2826
1335836 2827
1335837 2828
1335839 2829
1335840 2830
1335841 2831
1335843 2832
1335882 2833
1335883 2834
1335884 2835
1335885 2836
1335886 2837
1335887 2838
1335888 2839
1335889 2840
1335890 2841
1335891 2842
1335892 2843
1335893 2844
1335894 2845
1335895 2846
1335896 2847
1335897 2848
1335898 2849
1335899 2850
1335900 2851
1335901 2852
1335902 2853
1335903 2854
1335904 2855
1335905 2856
1335906 2857
1335907 2858
1336012 2859
1336013 2860
1336015 2861
1336016 2862
1336017 2863
1336019 2864
1336020 2865
1336021 2866
1336023 2867
1336024 2868
1336025 2869
1336027 2870
1336028 2871
1336029 2872
1336031 2873
1336032 2874
1336033 2875
1336035 2876
1336077 2877
1336079 2878
1336080 2879
1336081 2880
1336083 2881
1336084 2882
1336085 2883
1336087 2884
1336088 2885
1336089 2886
1336091 2887
1336092 2888
1336093 2889
1336095 2890
1336096 2891
1336097 2892
1336099 2893
1336142 2894
1336143 2895
1336144 2896
1336145 2897
1336146 2898
1336147 2899
1336148 2900
1336149 2901
1336150 2902
1336151 2903
1336152 2904
1336153 2905
1336154 2906
1336155 2907
1336156 2908
1336157 2909
1336158 2910
1336159 2911
1336160 2912
1336161 2913
1336162 2914
1336163 2915
1336272 2916
1336273 2917
1336275 2918
1336276 2919
1336277 2920
1336279 2921
1336280 2922
1336281 2923
1336283 2924
1336284 2925
1336285 2926
1336287 2927
1336288 2928
1336289 2929
1336291 2930
1336337 2931
1336339 2932
1336340 2933
1336341 2934
1336343 2935
1336344 2936
1336345 2937
1336347 2938
1336348 2939
1336349 2940
1336351 2941
1336352 2942
1336353 2943
1336355 2944
1336402 2945
1336403 2946
1336404 2947
1336405 2948
1336406 2949
1336407 2950
1336408 2951
1336409 2952
1336410 2953
1336411 2954
1336412 2955
1336413 2956
1336414 2957
1336415 2958
1336416 2959
1336417 2960
1336418 2961
1336419 2962
1336532 2963
1336533 2964
1336535 2965
1336536 2966
1336537 2967
1336539 2968
1336540 2969
1336541 2970
1336543 2971
1336544 2972
1336545 2973
1336547 2974
1336597 2975
1336599 2976
1336600 2977
1336601 2978
1336603 2979
1336604 2980
1336605 2981
1336607 2982
1336608 2983
1336609 2984
1336611 2985
1336662 2986
1336663 2987
1336664 2988
1336665 2989
1336666 2990
1336667 2991
1336668 2992
1336669 2993
1336670 2994
1336671 2995
1336672 2996
1336673 2997
1336674 2998
1336675 2999
1336792 3000
1336793 3001
1336795 3002
1336796 3003
1336797 3004
1336799 3005
1336800 3006
1336801 3007
1336803 3008
1336857 3009
1336859 3010
1336860 3011
1336861 3012
1336863 3013
1336864 3014
1336865 3015
1336867 3016
1336922 3017
1336923 3018
1336924 3019
1336925 3020
1336926 3021
1336927 3022
1336928 3023
1336929 3024
1336930 3025
1336931 3026
1337052 3027
1337053 3028
1337055 3029
1337056 3030
1337057 3031
1337059 3032
1337117 3033
1337119 3034
1337120 3035
1337121 3036
1337123 3037
1337182 3038
1337183 3039
1337184 3040
1337185 3041
1337186 3042
1337187 3043
1337312 3044
1337313 3045
1337315 3046
1337377 3047
1337379 3048
1337442 3049
1337443 3050
1344074 3051
1344076 3052
1344077 3053
1344078 3054
1344080 3055
1344081 3056
1344082 3057
1344084 3058
1344085 3059
1344086 3060
1344088 3061
1344089 3062
1344090 3063
1344092 3064
1344093 3065
1344094 3066
1344096 3067
1344097 3068
1344098 3069
1344139 3070
1344140 3071
1344141 3072
1344142 3073
1344143 3074
1344144 3075
1344145 3076
1344146 3077
1344147 3078
1344148 3079
1344149 3080
1344150 3081
1344151 3082
1344152 3083
1344153 3084
1344154 3085
1344155 3086
1344156 3087
1344157 3088
1344158 3089
1344159 3090
1344160 3091
1344161 3092
1344162 3093
1344163 3094
1344269 3095
1344270 3096
1344272 3097
1344273 3098
1344274 3099
1344276 3100
1344277 3101
1344278 3102
1344280 3103
1344281 3104
1344282 3105
1344284 3106
1344285 3107
1344286 3108
1344288 3109
1344289 3110
1344290 3111
1344334 3112
1344336 3113
1344337 3114
1344338 3115
1344340 3116
1344341 3117
1344342 3118
1344344 3119
1344345 3120
1344346 3121
1344348 3122
1344349 3123
1344350 3124
1344352 3125
1344353 3126
1344354 3127
1344399 3128
1344400 3129
1344401 3130
1344402 3131
1344403 3132
1344404 3133
1344405 3134
1344406 3135
1344407 3136
1344408 3137
1344409 3138
1344410 3139
1344411 3140
1344412 3141
1344413 3142
1344414 3143
1344415 3144
1344416 3145
1344417 3146
1344418 3147
1344419 3148
1344529 3149
1344530 3150
1344532 3151
1344533 3152
1344534 3153
1344536 3154
1344537 3155
1344538 3156
1344540 3157
1344541 3158
1344542 3159
1344544 3160
1344545 3161
1344546 3162
1344594 3163
1344596 3164
1344597 3165
1344598 3166
1344600 3167
1344601 3168
1344602 3169
1344604 3170
1344605 3171
1344606 3172
1344608 3173
1344609 3174
1344610 3175
1344659 3176
1344660 3177
1344661 3178
1344662 3179
1344663 3180
1344664 3181
1344665 3182
1344666 3183
1344667 3184
1344668 3185
1344669 3186
1344670 3187
1344671 3188
1344672 3189
1344673 3190
1344674 3191
1344675 3192
1344789 3193
1344790 3194
1344792 3195
1344793 3196
1344794 3197
1344796 3198
1344797 3199
1344798 3200
1344800 3201
1344801 3202
1344802 3203
1344854 3204
1344856 3205
1344857 3206
1344858 3207
1344860 3208
1344861 3209
1344862 3210
1344864 3211
1344865 3212
1344866 3213
1344919 3214
1344920 3215
1344921 3216
1344922 3217
1344923 3218
1344924 3219
1344925 3220
1344926 3221
1344927 3222
1344928 3223
1344929 3224
1344930 3225
1344931 3226
1345049 3227
1345050 3228
1345052 3229
1345053 3230
1345054 3231
1345056 3232
1345057 3233
1345058 3234
1345114 3235
1345116 3236
1345117 3237
1345118 3238
1345120 3239
1345121 3240
1345122 3241
1345179 3242
1345180 3243
1345181 3244
1345182 3245
1345183 3246
1345184 3247
1345185 3248
1345186 3249
1345187 3250
1345309 3251
1345310 3252
1345312 3253
1345313 3254
1345314 3255
1345374 3256
1345376 3257
1345377 3258
1345378 3259
1345439 3260
1345440 3261
1345441 3262
1345442 3263
1345443 3264
1345569 3265
1345570 3266
1345634 3267
1345699 3268
1348235 3269
1348236 3270
1348237 3271
1348238 3272
1348239 3273
1348240 3274
1348241 3275
1348242 3276
1348243 3277
1348244 3278
1348245 3279
1348246 3280
1348247 3281
1348248 3282
1348249 3283
1348250 3284
1348251 3285
1348252 3286
1348253 3287
1348254 3288
1348255 3289
1348256 3290
1348257 3291
1348258 3292
1348259 3293
1348365 3294
1348366 3295
1348368 3296
1348369 3297
1348370 3298
1348372 3299
1348373 3300
1348374 3301
1348376 3302
1348377 3303
1348378 3304
1348380 3305
1348381 3306
1348382 3307
1348384 3308
1348385 3309
1348386 3310
1348430 3311
1348432 3312
1348433 3313
1348434 3314
1348436 3315
1348437 3316
1348438 3317
1348440 3318
1348441 3319
1348442 3320
1348444 3321
1348445 3322
1348446 3323
1348448 3324
1348449 3325
1348450 3326
1348495 3327
1348496 3328
1348497 3329
1348498 3330
1348499 3331
1348500 3332
1348501 3333
1348502 3334
1348503 3335
1348504 3336
1348505 3337
1348506 3338
1348507 3339
1348508 3340
1348509 3341
1348510 3342
1348511 3343
1348512 3344
1348513 3345
1348514 3346
1348515 3347
1348625 3348
1348626 3349
1348628 3350
1348629 3351
1348630 3352
1348632 3353
1348633 3354
1348634 3355
1348636 3356
1348637 3357
1348638 3358
1348640 3359
1348641 3360
1348642 3361
1348690 3362
1348692 3363
1348693 3364
1348694 3365
1348696 3366
1348697 3367
1348698 3368
1348700 3369
1348701 3370
1348702 3371
1348704 3372
1348705 3373
1348706 3374
1348755 3375
1348756 3376
1348757 3377
1348758 3378
1348759 3379
1348760 3380
1348761 3381
1348762 3382
1348763 3383
1348764 3384
1348765 3385
1348766 3386
1348767 3387
1348768 3388
1348769 3389
1348770 3390
1348771 3391
1348885 3392
1348886 3393
1348888 3394
1348889 3395
1348890 3396
1348892 3397
1348893 3398
1348894 3399
1348896 3400
1348897 3401
1348898 3402
1348950 3403
1348952 3404
1348953 3405
1348954 3406
1348956 3407
1348957 3408
1348958 3409
1348960 3410
1348961 3411
1348962 3412
1349015 3413
1349016 3414
1349017 3415
1349018 3416
1349019 3417
1349020 3418
1349021 3419
1349022 3420
1349023 3421
1349024 3422
1349025 3423
1349026 3424
1349027 3425
1349145 3426
1349146 3427
1349148 3428
1349149 3429
1349150 3430
1349152 3431
1349153 3432
1349154 3433
1349210 3434
1349212 3435
1349213 3436
1349214 3437
1349216 3438
1349217 3439
1349218 3440
1349275 3441
1349276 3442
1349277 3443
1349278 3444
1349279 3445
1349280 3446
1349281 3447
1349282 3448
1349283 3449
1349405 3450
1349406 3451
1349408 3452
1349409 3453
1349410 3454
1349470 3455
1349472 3456
1349473 3457
1349474 3458
1349535 3459
1349536 3460
1349537 3461
1349538 3462
1349539 3463
1349665 3464
1349666 3465
1349730 3466
1349795 3467
1352396 3468
1352397 3469
1352398 3470
1352400 3471
1352401 3472
1352402 3473
1352404 3474
1352405 3475
1352406 3476
1352408 3477
1352409 3478
1352410 3479
1352412 3480
1352413 3481
1352414 3482
1352416 3483
1352417 3484
1352418 3485
1352461 3486
1352462 3487
1352463 3488
1352464 3489
1352465 3490
1352466 3491
1352467 3492
1352468 3493
1352469 3494
1352470 3495
1352471 3496
1352472 3497
1352473 3498
1352474 3499
1352475 3500
1352476 3501
1352477 3502
1352478 3503
1352479 3504
1352480 3505
1352481 3506
1352482 3507
1352483 3508
1352526 3509
1352527 3510
1352528 3511
1352529 3512
1352530 3513
1352531 3514
1352532 3515
1352533 3516
1352534 3517
1352535 3518
1352536 3519
1352537 3520
1352538 3521
1352539 3522
1352540 3523
1352541 3524
1352542 3525
1352543 3526
1352544 3527
1352545 3528
1352546 3529
1352547 3530
1352591 3531
1352592 3532
1352593 3533
1352594 3534
1352595 3535
1352596 3536
1352597 3537
1352598 3538
1352599 3539
1352600 3540
1352601 3541
1352602 3542
1352603 3543
1352604 3544
1352605 3545
1352606 3546
1352607 3547
1352608 3548
1352609 3549
1352610 3550
1352611 3551
1352656 3552
1352657 3553
1352658 3554
1352659 3555
1352660 3556
1352661 3557
1352662 3558
1352663 3559
1352664 3560
1352665 3561
1352666 3562
1352667 3563
1352668 3564
1352669 3565
1352670 3566
1352671 3567
1352672 3568
1352673 3569
1352674 3570
1352675 3571
1352721 3572
1352722 3573
1352723 3574
1352724 3575
1352725 3576
1352726 3577
1352727 3578
1352728 3579
1352729 3580
1352730 3581
1352731 3582
1352732 3583
1352733 3584
1352734 3585
1352735 3586
1352736 3587
1352737 3588
1352738 3589
1352739 3590
1352786 3591
1352787 3592
1352788 3593
1352789 3594
1352790 3595
1352791 3596
1352792 3597
1352793 3598
1352794 3599
1352795 3600
1352796 3601
1352797 3602
1352798 3603
1352799 3604
1352800 3605
1352801 3606
1352802 3607
1352803 3608
1352851 3609
1352852 3610
1352853 3611
1352854 3612
1352855 3613
1352856 3614
1352857 3615
1352858 3616
1352859 3617
1352860 3618
1352861 3619
1352862 3620
1352863 3621
1352864 3622
1352865 3623
1352866 3624
1352867 3625
1352916 3626
1352917 3627
1352918 3628
1352919 3629
1352920 3630
1352921 3631
1352922 3632
1352923 3633
1352924 3634
1352925 3635
1352926 3636
1352927 3637
1352928 3638
1352929 3639
1352930 3640
1352931 3641
1352981 3642
1352982 3643
1352983 3644
1352984 3645
1352985 3646
1352986 3647
1352987 3648
1352988 3649
1352989 3650
1352990 3651
1352991 3652
1352992 3653
1352993 3654
1352994 3655
1352995 3656
1353046 3657
1353047 3658
1353048 3659
1353049 3660
1353050 3661
1353051 3662
1353052 3663
1353053 3664
1353054 3665
1353055 3666
1353056 3667
1353057 3668
1353058 3669
1353059 3670
1353111 3671
1353112 3672
1353113 3673
1353114 3674
1353115 3675
1353116 3676
1353117 3677
1353118 3678
1353119 3679
1353120 3680
1353121 3681
1353122 3682
1353123 3683
1353176 3684
1353177 3685
1353178 3686
1353179 3687
1353180 3688
1353181 3689
1353182 3690
1353183 3691
1353184 3692
1353185 3693
1353186 3694
1353187 3695
1353241 3696
1353242 3697
1353243 3698
1353244 3699
1353245 3700
1353246 3701
1353247 3702
1353248 3703
1353249 3704
1353250 3705
1353251 3706
1353306 3707
1353307 3708
1353308 3709
1353309 3710
1353310 3711
1353311 3712
1353312 3713
1353313 3714
1353314 3715
1353315 3716
1353371 3717
1353372 3718
1353373 3719
1353374 3720
1353375 3721
1353376 3722
1353377 3723
1353378 3724
1353379 3725
1353436 3726
1353437 3727
1353438 3728
1353439 3729
1353440 3730
1353441 3731
1353442 3732
1353443 3733
1353501 3734
1353502 3735
1353503 3736
1353504 3737
1353505 3738
1353506 3739
1353507 3740
1353566 3741
1353567 3742
1353568 3743
1353569 3744
1353570 3745
1353571 3746
1353631 3747
1353632 3748
1353633 3749
1353634 3750
1353635 3751
1353696 3752
1353697 3753
1353698 3754
1353699 3755
1353761 3756
1353762 3757
1353763 3758
1353826 3759
1353827 3760
1353891 3761
1360718 3762
1360720 3763
1360721 3764
1360722 3765
1360724 3766
1360725 3767
1360726 3768
1360728 3769
1360729 3770
1360730 3771
1360732 3772
1360733 3773
1360734 3774
1360736 3775
1360737 3776
1360738 3777
1360783 3778
1360784 3779
1360785 3780
1360786 3781
1360787 3782
1360788 3783
1360789 3784
1360790 3785
1360791 3786
1360792 3787
1360793 3788
1360794 3789
1360795 3790
1360796 3791
1360797 3792
1360798 3793
1360799 3794
1360800 3795
1360801 3796
1360802 3797
1360803 3798
1360913 3799
1360914 3800
1360916 3801
1360917 3802
1360918 3803
1360920 3804
1360921 3805
1360922 3806
1360924 3807
1360925 3808
1360926 3809
1360928 3810
1360929 3811
1360930 3812
1360978 3813
1360980 3814
1360981 3815
1360982 3816
1360984 3817
1360985 3818
1360986 3819
1360988 3820
1360989 3821
1360990 3822
1360992 3823
1360993 3824
1360994 3825
1361043 3826
1361044 3827
1361045 3828
1361046 3829
1361047 3830
1361048 3831
1361049 3832
1361050 3833
1361051 3834
1361052 3835
1361053 3836
1361054 3837
1361055 3838
1361056 3839
1361057 3840
1361058 3841
1361059 3842
1361173 3843
1361174 3844
1361176 3845
1361177 3846
1361178 3847
1361180 3848
1361181 3849
1361182 3850
1361184 3851
1361185 3852
1361186 3853
1361238 3854
1361240 3855
1361241 3856
1361242 3857
1361244 3858
1361245 3859
1361246 3860
1361248 3861
1361249 3862
1361250 3863
1361303 3864
1361304 3865
1361305 3866
1361306 3867
1361307 3868
1361308 3869
1361309 3870
1361310 3871
1361311 3872
1361312 3873
1361313 3874
1361314 3875
1361315 3876
1361433 3877
1361434 3878
1361436 3879
1361437 3880
1361438 3881
1361440 3882
1361441 3883
1361442 3884
1361498 3885
1361500 3886
1361501 3887
1361502 3888
1361504 3889
1361505 3890
1361506 3891
1361563 3892
1361564 3893
1361565 3894
1361566 3895
1361567 3896
1361568 3897
1361569 3898
1361570 3899
1361571 3900
1361693 3901
1361694 3902
1361696 3903
1361697 3904
1361698 3905
1361758 3906
1361760 3907
1361761 3908
1361762 3909
1361823 3910
1361824 3911
1361825 3912
1361826 3913
1361827 3914
1361953 3915
1361954 3916
1362018 3917
1362083 3918
1364879 3919
1364880 3920
1364881 3921
1364882 3922
1364883 3923
1364884 3924
1364885 3925
1364886 3926
1364887 3927
1364888 3928
1364889 3929
1364890 3930
1364891 3931
1364892 3932
1364893 3933
1364894 3934
1364895 3935
1364896 3936
1364897 3937
1364898 3938
1364899 3939
1365009 3940
1365010 3941
1365012 3942
1365013 3943
1365014 3944
1365016 3945
1365017 3946
1365018 3947
1365020 3948
1365021 3949
1365022 3950
1365024 3951
1365025 3952
1365026 3953
1365074 3954
1365076 3955
1365077 3956
1365078 3957
1365080 3958
1365081 3959
1365082 3960
1365084 3961
1365085 3962
1365086 3963
1365088 3964
1365089 3965
1365090 3966
1365139 3967
1365140 3968
1365141 3969
1365142 3970
1365143 3971
1365144 3972
1365145 3973
1365146 3974
1365147 3975
1365148 3976
1365149 3977
1365150 3978
1365151 3979
1365152 3980
1365153 3981
1365154 3982
1365155 3983
1365269 3984
1365270 3985
1365272 3986
1365273 3987
1365274 3988
1365276 3989
1365277 3990
1365278 3991
1365280 3992
1365281 3993
1365282 3994
1365334 3995
1365336 3996
1365337 3997
1365338 3998
1365340 3999
1365341 4000
1365342 4001
1365344 4002
1365345 4003
1365346 4004
1365399 4005
1365400 4006
1365401 4007
1365402 4008
1365403 4009
1365404 4010
1365405 4011
1365406 4012
1365407 4013
1365408 4014
1365409 4015
1365410 4016
1365411 4017
1365529 4018
1365530 4019
1365532 4020
1365533 4021
1365534 4022
1365536 4023
1365537 4024
1365538 4025
1365594 4026
1365596 4027
1365597 4028
1365598 4029
1365600 4030
1365601 4031
1365602 4032
1365659 4033
1365660 4034
1365661 4035
1365662 4036
1365663 4037
1365664 4038
1365665 4039
1365666 4040
1365667 4041
1365789 4042
1365790 4043
1365792 4044
1365793 4045
1365794 4046
1365854 4047
1365856 4048
1365857 4049
1365858 4050
1365919 4051
1365920 4052
1365921 4053
1365922 4054
1365923 4055
1366049 4056
1366050 4057
1366114 4058
1366179 4059
1369040 4060
1369041 4061
1369042 4062
1369044 4063
1369045 4064
1369046 4065
1369048 4066
1369049 4067
1369050 4068
1369052 4069
1369053 4070
1369054 4071
1369056 4072
1369057 4073
1369058 4074
1369105 4075
1369106 4076
1369107 4077
1369108 4078
1369109 4079
1369110 4080
1369111 4081
1369112 4082
1369113 4083
1369114 4084
1369115 4085
1369116 4086
1369117 4087
1369118 4088
1369119 4089
1369120 4090
1369121 4091
1369122 4092
1369123 4093
1369170 4094
1369171 4095
1369172 4096
1369173 4097
1369174 4098
1369175 4099
1369176 4100
1369177 4101
1369178 4102
1369179 4103
1369180 4104
1369181 4105
1369182 4106
1369183 4107
1369184 4108
1369185 4109
1369186 4110
1369187 4111
1369235 4112
1369236 4113
1369237 4114
1369238 4115
1369239 4116
1369240 4117
1369241 4118
1369242 4119
1369243 4120
1369244 4121
1369245 4122
1369246 4123
1369247 4124
1369248 4125
1369249 4126
1369250 4127
1369251 4128
1369300 4129
1369301 4130
1369302 4131
1369303 4132
1369304 4133
1369305 4134
1369306 4135
1369307 4136
1369308 4137
1369309 4138
1369310 4139
1369311 4140
1369312 4141
1369313 4142
1369314 4143
1369315 4144
1369365 4145
1369366 4146
1369367 4147
1369368 4148
1369369 4149
1369370 4150
1369371 4151
1369372 4152
1369373 4153
1369374 4154
1369375 4155
1369376 4156
1369377 4157
1369378 4158
1369379 4159
1369430 4160
1369431 4161
1369432 4162
1369433 4163
1369434 4164
1369435 4165
1369436 4166
1369437 4167
1369438 4168
1369439 4169
1369440 4170
1369441 4171
1369442 4172
1369443 4173
1369495 4174
1369496 4175
1369497 4176
1369498 4177
1369499 4178
1369500 4179
1369501 4180
1369502 4181
1369503 4182
1369504 4183
1369505 4184
1369506 4185
1369507 4186
1369560 4187
1369561 4188
1369562 4189
1369563 4190
1369564 4191
1369565 4192
1369566 4193
1369567 4194
1369568 4195
1369569 4196
1369570 4197
1369571 4198
1369625 4199
1369626 4200
1369627 4201
1369628 4202
1369629 4203
1369630 4204
1369631 4205
1369632 4206
1369633 4207
1369634 4208
1369635 4209
1369690 4210
1369691 4211
1369692 4212
1369693 4213
1369694 4214
1369695 4215
1369696 4216
1369697 4217
1369698 4218
1369699 4219
1369755 4220
1369756 4221
1369757 4222
1369758 4223
1369759 4224
1369760 4225
1369761 4226
1369762 4227
1369763 4228
1369820 4229
1369821 4230
1369822 4231
1369823 4232
1369824 4233
1369825 4234
1369826 4235
1369827 4236
1369885 4237
1369886 4238
1369887 4239
1369888 4240
1369889 4241
1369890 4242
1369891 4243
1369950 4244
1369951 4245
1369952 4246
1369953 4247
1369954 4248
1369955 4249
1370015 4250
1370016 4251
1370017 4252
1370018 4253
1370019 4254
1370080 4255
1370081 4256
1370082 4257
1370083 4258
1370145 4259
1370146 4260
1370147 4261
1370210 4262
1370211 4263
1370275 4264
1377362 4265
1377364 4266
1377365 4267
1377366 4268
1377368 4269
1377369 4270
1377370 4271
1377372 4272
1377373 4273
1377374 4274
1377376 4275
1377377 4276
1377378 4277
1377427 4278
1377428 4279
1377429 4280
1377430 4281
1377431 4282
1377432 4283
1377433 4284
1377434 4285
1377435 4286
1377436 4287
1377437 4288
1377438 4289
1377439 4290
1377440 4291
1377441 4292
1377442 4293
1377443 4294
1377557 4295
1377558 4296
1377560 4297
1377561 4298
1377562 4299
1377564 4300
1377565 4301
1377566 4302
1377568 4303
1377569 4304
1377570 4305
1377622 4306
1377624 4307
1377625 4308
1377626 4309
1377628 4310
1377629 4311
1377630 4312
1377632 4313
1377633 4314
1377634 4315
1377687 4316
1377688 4317
1377689 4318
1377690 4319
1377691 4320
1377692 4321
1377693 4322
1377694 4323
1377695 4324
1377696 4325
1377697 4326
1377698 4327
1377699 4328
1377817 4329
1377818 4330
1377820 4331
1377821 4332
1377822 4333
1377824 4334
1377825 4335
1377826 4336
1377882 4337
1377884 4338
1377885 4339
1377886 4340
1377888 4341
1377889 4342
1377890 4343
1377947 4344
1377948 4345
1377949 4346
1377950 4347
1377951 4348
1377952 4349
1377953 4350
1377954 4351
1377955 4352
1378077 4353
1378078 4354
1378080 4355
1378081 4356
1378082 4357
1378142 4358
1378144 4359
1378145 4360
1378146 4361
1378207 4362
1378208 4363
1378209 4364
1378210 4365
1378211 4366
1378337 4367
1378338 4368
1378402 4369
1378467 4370
1381523 4371
1381524 4372
1381525 4373
1381526 4374
1381527 4375
1381528 4376
1381529 4377
1381530 4378
1381531 4379
1381532 4380
1381533 4381
1381534 4382
1381535 4383
1381536 4384
1381537 4385
1381538 4386
1381539 4387
1381653 4388
1381654 4389
1381656 4390
1381657 4391
1381658 4392
1381660 4393
1381661 4394
1381662 4395
1381664 4396
1381665 4397
1381666 4398
1381718 4399
1381720 4400
1381721 4401
1381722 4402
1381724 4403
1381725 4404
1381726 4405
1381728 4406
1381729 4407
1381730 4408
1381783 4409
1381784 4410
1381785 4411
1381786 4412
1381787 4413
1381788 4414
1381789 4415
1381790 4416
1381791 4417
1381792 4418
1381793 4419
1381794 4420
1381795 4421
1381913 4422
1381914 4423
1381916 4424
1381917 4425
1381918 4426
1381920 4427
1381921 4428
1381922 4429
1381978 4430
1381980 4431
1381981 4432
1381982 4433
1381984 4434
1381985 4435
1381986 4436
1382043 4437
1382044 4438
1382045 4439
1382046 4440
1382047 4441
1382048 4442
1382049 4443
1382050 4444
1382051 4445
1382173 4446
1382174 4447
1382176 4448
1382177 4449
1382178 4450
1382238 4451
1382240 4452
1382241 4453
1382242 4454
1382303 4455
1382304 4456
1382305 4457
1382306 4458
1382307 4459
1382433 4460
1382434 4461
1382498 4462
1382563 4463
1385684 4464
1385685 4465
1385686 4466
1385688 4467
1385689 4468
1385690 4469
1385692 4470
1385693 4471
1385694 4472
1385696 4473
1385697 4474
1385698 4475
1385749 4476
1385750 4477
1385751 4478
1385752 4479
1385753 4480
1385754 4481
1385755 4482
1385756 4483
1385757 4484
1385758 4485
1385759 4486
1385760 4487
1385761 4488
1385762 4489
1385763 4490
1385814 4491
1385815 4492
1385816 4493
1385817 4494
1385818 4495
1385819 4496
1385820 4497
1385821 4498
1385822 4499
1385823 4500
1385824 4501
1385825 4502
1385826 4503
1385827 4504
1385879 4505
1385880 4506
1385881 4507
1385882 4508
1385883 4509
1385884 4510
1385885 4511
1385886 4512
1385887 4513
1385888 4514
1385889 4515
1385890 4516
1385891 4517
1385944 4518
1385945 4519
1385946 4520
1385947 4521
1385948 4522
1385949 4523
1385950 4524
1385951 4525
1385952 4526
1385953 4527
1385954 4528
1385955 4529
1386009 4530
1386010 4531
1386011 4532
1386012 4533
1386013 4534
1386014 4535
1386015 4536
1386016 4537
1386017 4538
1386018 4539
1386019 4540
1386074 4541
1386075 4542
1386076 4543
1386077 4544
1386078 4545
1386079 4546
1386080 4547
1386081 4548
1386082 4549
1386083 4550
1386139 4551
1386140 4552
1386141 4553
1386142 4554
1386143 4555
1386144 4556
1386145 4557
1386146 4558
1386147 4559
1386204 4560
1386205 4561
1386206 4562
1386207 4563
1386208 4564
1386209 4565
1386210 4566
1386211 4567
1386269 4568
1386270 4569
1386271 4570
1386272 4571
1386273 4572
1386274 4573
1386275 4574
1386334 4575
1386335 4576
1386336 4577
1386337 4578
1386338 4579
1386339 4580
1386399 4581
1386400 4582
1386401 4583
1386402 4584
1386403 4585
1386464 4586
1386465 4587
1386466 4588
1386467 4589
1386529 4590
1386530 4591
1386531 4592
1386594 4593
1386595 4594
1386659 4595
1394006 4596
1394008 4597
1394009 4598
1394010 4599
1394012 4600
1394013 4601
1394014 4602
1394016 4603
1394017 4604
1394018 4605
1394071 4606
1394072 4607
1394073 4608
1394074 4609
1394075 4610
1394076 4611
1394077 4612
1394078 4613
1394079 4614
1394080 4615
1394081 4616
1394082 4617
1394083 4618
1394201 4619
1394202 4620
1394204 4621
1394205 4622
1394206 4623
1394208 4624
1394209 4625
1394210 4626
1394266 4627
1394268 4628
1394269 4629
1394270 4630
1394272 4631
1394273 4632
1394274 4633
1394331 4634
1394332 4635
1394333 4636
1394334 4637
1394335 4638
1394336 4639
1394337 4640
1394338 4641
1394339 4642
1394461 4643
1394462 4644
1394464 4645
1394465 4646
1394466 4647
1394526 4648
1394528 4649
1394529 4650
1394530 4651
1394591 4652
1394592 4653
1394593 4654
1394594 4655
1394595 4656
1394721 4657
1394722 4658
1394786 4659
1394851 4660
1398167 4661
1398168 4662
1398169 4663
1398170 4664
1398171 4665
1398172 4666
1398173 4667
1398174 4668
1398175 4669
1398176 4670
1398177 4671
1398178 4672
1398179 4673
1398297 4674
1398298 4675
1398300 4676
1398301 4677
1398302 4678
1398304 4679
1398305 4680
1398306 4681
1398362 4682
1398364 4683
1398365 4684
1398366 4685
1398368 4686
1398369 4687
1398370 4688
1398427 4689
1398428 4690
1398429 4691
1398430 4692
1398431 4693
1398432 4694
1398433 4695
1398434 4696
1398435 4697
1398557 4698
1398558 4699
1398560 4700
1398561 4701
1398562 4702
1398622 4703
1398624 4704
1398625 4705
1398626 4706
1398687 4707
1398688 4708
1398689 4709
1398690 4710
1398691 4711
1398817 4712
1398818 4713
1398882 4714
1398947 4715
1402328 4716
1402329 4717
1402330 4718
1402332 4719
1402333 4720
1402334 4721
1402336 4722
1402337 4723
1402338 4724
1402393 4725
1402394 4726
1402395 4727
1402396 4728
1402397 4729
1402398 4730
1402399 4731
1402400 4732
1402401 4733
1402402 4734
1402403 4735
1402458 4736
1402459 4737
1402460 4738
1402461 4739
1402462 4740
1402463 4741
1402464 4742
1402465 4743
1402466 4744
1402467 4745
1402523 4746
1402524 4747
1402525 4748
1402526 4749
1402527 4750
1402528 4751
1402529 4752
1402530 4753
1402531 4754
1402588 4755
1402589 4756
1402590 4757
1402591 4758
1402592 4759
1402593 4760
1402594 4761
1402595 4762
1402653 4763
1402654 4764
1402655 4765
1402656 4766
1402657 4767
1402658 4768
1402659 4769
1402718 4770
1402719 4771
1402720 4772
1402721 4773
1402722 4774
1402723 4775
1402783 4776
1402784 4777
1402785 4778
1402786 4779
1402787 4780
1402848 4781
1402849 4782
1402850 4783
1402851 4784
1402913 4785
1402914 4786
1402915 4787
1402978 4788
1402979 4789
1403043 4790
1410650 4791
1410652 4792
1410653 4793
1410654 4794
1410656 4795
1410657 4796
1410658 4797
1410715 4798
1410716 4799
1410717 4800
1410718 4801
1410719 4802
1410720 4803
1410721 4804
1410722 4805
1410723 4806
1410845 4807
1410846 4808
1410848 4809
1410849 4810
1410850 4811
1410910 4812
1410912 4813
1410913 4814
1410914 4815
1410975 4816
1410976 4817
1410977 4818
1410978 4819
1410979 4820
1411105 4821
1411106 4822
1411170 4823
1411235 4824
1414811 4825
1414812 4826
1414813 4827
1414814 4828
1414815 4829
1414816 4830
1414817 4831
1414818 4832
1414819 4833
1414941 4834
1414942 4835
1414944 4836
1414945 4837
1414946 4838
1415006 4839
1415008 4840
1415009 4841
1415010 4842
1415071 4843
1415072 4844
1415073 4845
1415074 4846
1415075 4847
1415201 4848
1415202 4849
1415266 4850
1415331 4851
1418972 4852
1418973 4853
1418974 4854
1418976 4855
1418977 4856
1418978 4857
1419037 4858
1419038 4859
1419039 4860
1419040 4861
1419041 4862
1419042 4863
1419043 4864
1419102 4865
1419103 4866
1419104 4867
1419105 4868
1419106 4869
1419107 4870
1419167 4871
1419168 4872
1419169 4873
1419170 4874
1419171 4875
1419232 4876
1419233 4877
1419234 4878
1419235 4879
1419297 4880
1419298 4881
1419299 4882
1419362 4883
1419363 4884
1419427 4885
1427294 4886
1427296 4887
1427297 4888
1427298 4889
1427359 4890
1427360 4891
1427361 4892
1427362 4893
1427363 4894
1427489 4895
1427490 4896
1427554 4897
1427619 4898
1431455 4899
1431456 4900
1431457 4901
1431458 4902
1431459 4903
1431585 4904
1431586 4905
1431650 4906
1431715 4907
1435616 4908
1435617 4909
1435618 4910
1435681 4911
1435682 4912
1435683 4913
1435746 4914
1435747 4915
1435811 4916
1443938 4917
1444003 4918
1448099 4919
2134667 4920
2134668 4921
2134669 4922
2134671 4923
2134672 4924
2134673 4925
2134675 4926
2134676 4927
2134677 4928
2134679 4929
2134680 4930
2134681 4931
2134683 4932
2134684 4933
2134685 4934
2134687 4935
2134688 4936
2134689 4937
2134691 4938
2134797 4939
2134798 4940
2134800 4941
2134801 4942
2134802 4943
2134804 4944
2134805 4945
2134806 4946
2134808 4947
2134809 4948
2134810 4949
2134812 4950
2134813 4951
2134814 4952
2134816 4953
2134817 4954
2134818 4955
2134862 4956
2134864 4957
2134865 4958
2134866 4959
2134868 4960
2134869 4961
2134870 4962
2134872 4963
2134873 4964
2134874 4965
2134876 4966
2134877 4967
2134878 4968
2134880 4969
2134881 4970
2134882 4971
2134927 4972
2134928 4973
2134929 4974
2134930 4975
2134931 4976
2134932 4977
2134933 4978
2134934 4979
2134935 4980
2134936 4981
2134937 4982
2134938 4983
2134939 4984
2134940 4985
2134941 4986
2134942 4987
2134943 4988
2134944 4989
2134945 4990
2134946 4991
2134947 4992
2135057 4993
2135058 4994
2135060 4995
2135061 4996
2135062 4997
2135064 4998
2135065 4999
2135066 5000
2135068 5001
2135069 5002
2135070 5003
2135072 5004
2135073 5005
2135074 5006
2135122 5007
2135124 5008
2135125 5009
2135126 5010
2135128 5011
2135129 5012
2135130 5013
2135132 5014
2135133 5015
2135134 5016
2135136 5017
2135137 5018
2135138 5019
2135187 5020
2135188 5021
2135189 5022
2135190 5023
2135191 5024
2135192 5025
2135193 5026
2135194 5027
2135195 5028
2135196 5029
2135197 5030
2135198 5031
2135199 5032
2135200 5033
2135201 5034
2135202 5035
2135203 5036
2135317 5037
2135318 5038
2135320 5039
2135321 5040
2135322 5041
2135324 5042
2135325 5043
2135326 5044
2135328 5045
2135329 5046
2135330 5047
2135382 5048
2135384 5049
2135385 5050
2135386 5051
2135388 5052
2135389 5053
2135390 5054
2135392 5055
2135393 5056
2135394 5057
2135447 5058
2135448 5059
2135449 5060
2135450 5061
2135451 5062
2135452 5063
2135453 5064
2135454 5065
2135455 5066
2135456 5067
2135457 5068
2135458 5069
2135459 5070
2135577 5071
2135578 5072
2135580 5073
2135581 5074
2135582 5075
2135584 5076
2135585 5077
2135586 5078
2135642 5079
2135644 5080
2135645 5081
2135646 5082
2135648 5083
2135649 5084
2135650 5085
2135707 5086
2135708 5087
2135709 5088
2135710 5089
2135711 5090
2135712 5091
2135713 5092
2135714 5093
2135715 5094
2135837 5095
2135838 5096
2135840 5097
2135841 5098
2135842 5099
2135902 5100
2135904 5101
2135905 5102
2135906 5103
2135967 5104
2135968 5105
2135969 5106
2135970 5107
2135971 5108
2136097 5109
2136098 5110
2136162 5111
2136227 5112
2147150 5113
2147152 5114
2147153 5115
2147154 5116
2147156 5117
2147157 5118
2147158 5119
2147160 5120
2147161 5121
2147162 5122
2147164 5123
2147165 5124
2147166 5125
2147168 5126
2147169 5127
2147170 5128
2147345 5129
2147348 5130
2147349 5131
2147352 5132
2147353 5133
2147356 5134
2147357 5135
2147360 5136
2147361 5137
2147410 5138
2147412 5139
2147413 5140
2147414 5141
2147416 5142
2147417 5143
2147418 5144
2147420 5145
2147421 5146
2147422 5147
2147424 5148
2147425 5149
2147426 5150
2147605 5151
2147608 5152
2147609 5153
2147612 5154
2147613 5155
2147616 5156
2147617 5157
2147670 5158
2147672 5159
2147673 5160
2147674 5161
2147676 5162
2147677 5163
2147678 5164
2147680 5165
2147681 5166
2147682 5167
2147865 5168
2147868 5169
2147869 5170
2147872 5171
2147873 5172
2147930 5173
2147932 5174
2147933 5175
2147934 5176
2147936 5177
2147937 5178
2147938 5179
2148125 5180
2148128 5181
2148129 5182
2148190 5183
2148192 5184
2148193 5185
2148194 5186
2148385 5187
2148450 5188
2151311 5189
2151312 5190
2151313 5191
2151315 5192
2151316 5193
2151317 5194
2151319 5195
2151320 5196
2151321 5197
2151323 5198
2151324 5199
2151325 5200
2151327 5201
2151328 5202
2151329 5203
2151331 5204
2151441 5205
2151442 5206
2151444 5207
2151445 5208
2151446 5209
2151448 5210
2151449 5211
2151450 5212
2151452 5213
2151453 5214
2151454 5215
2151456 5216
2151457 5217
2151458 5218
2151506 5219
2151508 5220
2151509 5221
2151510 5222
2151512 5223
2151513 5224
2151514 5225
2151516 5226
2151517 5227
2151518 5228
2151520 5229
2151521 5230
2151522 5231
2151571 5232
2151572 5233
2151573 5234
2151574 5235
2151575 5236
2151576 5237
2151577 5238
2151578 5239
2151579 5240
2151580 5241
2151581 5242
2151582 5243
2151583 5244
2151584 5245
2151585 5246
2151586 5247
2151587 5248
2151701 5249
2151702 5250
2151704 5251
2151705 5252
2151706 5253
2151708 5254
2151709 5255
2151710 5256
2151712 5257
2151713 5258
2151714 5259
2151766 5260
2151768 5261
2151769 5262
2151770 5263
2151772 5264
2151773 5265
2151774 5266
2151776 5267
2151777 5268
2151778 5269
2151831 5270
2151832 5271
2151833 5272
2151834 5273
2151835 5274
2151836 5275
2151837 5276
2151838 5277
2151839 5278
2151840 5279
2151841 5280
2151842 5281
2151843 5282
2151961 5283
2151962 5284
2151964 5285
2151965 5286
2151966 5287
2151968 5288
2151969 5289
2151970 5290
2152026 5291
2152028 5292
2152029 5293
2152030 5294
2152032 5295
2152033 5296
2152034 5297
2152091 5298
2152092 5299
2152093 5300
2152094 5301
2152095 5302
2152096 5303
2152097 5304
2152098 5305
2152099 5306
2152221 5307
2152222 5308
2152224 5309
2152225 5310
2152226 5311
2152286 5312
2152288 5313
2152289 5314
2152290 5315
2152351 5316
2152352 5317
2152353 5318
2152354 5319
2152355 5320
2152481 5321
2152482 5322
2152546 5323
2152611 5324
2163794 5325
2163796 5326
2163797 5327
2163798 5328
2163800 5329
2163801 5330
2163802 5331
2163804 5332
2163805 5333
2163806 5334
2163808 5335
2163809 5336
2163810 5337
2163989 5338
2163992 5339
2163993 5340
2163996 5341
2163997 5342
2164000 5343
2164001 5344
2164054 5345
2164056 5346
2164057 5347
2164058 5348
2164060 5349
2164061 5350
2164062 5351
2164064 5352
2164065 5353
2164066 5354
2164249 5355
2164252 5356
2164253 5357
2164256 5358
2164257 5359
2164314 5360
2164316 5361
2164317 5362
2164318 5363
2164320 5364
2164321 5365
2164322 5366
2164509 5367
2164512 5368
2164513 5369
2164574 5370
2164576 5371
2164577 5372
2164578 5373
2164769 5374
2164834 5375
2167955 5376
2167956 5377
2167957 5378
2167959 5379
2167960 5380
2167961 5381
2167963 5382
2167964 5383
2167965 5384
2167967 5385
2167968 5386
2167969 5387
2167971 5388
2168085 5389
2168086 5390
2168088 5391
2168089 5392
2168090 5393
2168092 5394
2168093 5395
2168094 5396
2168096 5397
2168097 5398
2168098 5399
2168150 5400
2168152 5401
2168153 5402
2168154 5403
2168156 5404
2168157 5405
2168158 5406
2168160 5407
2168161 5408
2168162 5409
2168215 5410
2168216 5411
2168217 5412
2168218 5413
2168219 5414
2168220 5415
2168221 5416
2168222 5417
2168223 5418
2168224 5419
2168225 5420
2168226 5421
2168227 5422
2168345 5423
2168346 5424
2168348 5425
2168349 5426
2168350 5427
2168352 5428
2168353 5429
2168354 5430
2168410 5431
2168412 5432
2168413 5433
2168414 5434
2168416 5435
2168417 5436
2168418 5437
2168475 5438
2168476 5439
2168477 5440
2168478 5441
2168479 5442
2168480 5443
2168481 5444
2168482 5445
2168483 5446
2168605 5447
2168606 5448
2168608 5449
2168609 5450
2168610 5451
2168670 5452
2168672 5453
2168673 5454
2168674 5455
2168735 5456
2168736 5457
2168737 5458
2168738 5459
2168739 5460
2168865 5461
2168866 5462
2168930 5463
2168995 5464
2180438 5465
2180440 5466
2180441 5467
2180442 5468
2180444 5469
2180445 5470
2180446 5471
2180448 5472
2180449 5473
2180450 5474
2180633 5475
2180636 5476
2180637 5477
2180640 5478
2180641 5479
2180698 5480
2180700 5481
2180701 5482
2180702 5483
2180704 5484
2180705 5485
2180706 5486
2180893 5487
2180896 5488
2180897 5489
2180958 5490
2180960 5491
2180961 5492
2180962 5493
2181153 5494
2181218 5495
2184599 5496
2184600 5497
2184601 5498
2184603 5499
2184604 5500
2184605 5501
2184607 5502
2184608 5503
2184609 5504
2184611 5505
2184729 5506
2184730 5507
2184732 5508
2184733 5509
2184734 5510
2184736 5511
2184737 5512
2184738 5513
2184794 5514
2184796 5515
2184797 5516
2184798 5517
2184800 5518
2184801 5519
2184802 5520
2184859 5521
2184860 5522
2184861 5523
2184862 5524
2184863 5525
2184864 5526
2184865 5527
2184866 5528
2184867 5529
2184989 5530
2184990 5531
2184992 5532
2184993 5533
2184994 5534
2185054 5535
2185056 5536
2185057 5537
2185058 5538
2185119 5539
2185120 5540
2185121 5541
2185122 5542
2185123 5543
2185249 5544
2185250 5545
2185314 5546
2185379 5547
2197082 5548
2197084 5549
2197085 5550
2197086 5551
2197088 5552
2197089 5553
2197090 5554
2197277 5555
2197280 5556
2197281 5557
2197342 5558
2197344 5559
2197345 5560
2197346 5561
2197537 5562
2197602 5563
2201243 5564
2201244 5565
2201245 5566
2201247 5567
2201248 5568
2201249 5569
2201251 5570
2201373 5571
2201374 5572
2201376 5573
2201377 5574
2201378 5575
2201438 5576
2201440 5577
2201441 5578
2201442 5579
2201503 5580
2201504 5581
2201505 5582
2201506 5583
2201507 5584
2201633 5585
2201634 5586
2201698 5587
2201763 5588
2213726 5589
2213728 5590
2213729 5591
2213730 5592
2213921 5593
2213986 5594
2217887 5595
2217888 5596
2217889 5597
2217891 5598
2218017 5599
2218018 5600
2218082 5601
2218147 5602
2230370 5603
2234531 5604
2400972 5605
2400973 5606
2400976 5607
2400977 5608
2400980 5609
2400981 5610
2400984 5611
2400985 5612
2400988 5613
2400989 5614
2400992 5615
2400993 5616
2401037 5617
2401039 5618
2401040 5619
2401041 5620
2401043 5621
2401044 5622
2401045 5623
2401047 5624
2401048 5625
2401049 5626
2401051 5627
2401052 5628
2401053 5629
2401055 5630
2401056 5631
2401057 5632
2401059 5633
2401102 5634
2401103 5635
2401104 5636
2401105 5637
2401106 5638
2401107 5639
2401108 5640
2401109 5641
2401110 5642
2401111 5643
2401112 5644
2401113 5645
2401114 5646
2401115 5647
2401116 5648
2401117 5649
2401118 5650
2401119 5651
2401120 5652
2401121 5653
2401122 5654
2401123 5655
2401232 5656
2401233 5657
2401235 5658
2401236 5659
2401237 5660
2401239 5661
2401240 5662
2401241 5663
2401243 5664
2401244 5665
2401245 5666
2401247 5667
2401248 5668
2401249 5669
2401251 5670
2401297 5671
2401299 5672
2401300 5673
2401301 5674
2401303 5675
2401304 5676
2401305 5677
2401307 5678
2401308 5679
2401309 5680
2401311 5681
2401312 5682
2401313 5683
2401315 5684
2401362 5685
2401363 5686
2401364 5687
2401365 5688
2401366 5689
2401367 5690
2401368 5691
2401369 5692
2401370 5693
2401371 5694
2401372 5695
2401373 5696
2401374 5697
2401375 5698
2401376 5699
2401377 5700
2401378 5701
2401379 5702
2401492 5703
2401493 5704
2401495 5705
2401496 5706
2401497 5707
2401499 5708
2401500 5709
2401501 5710
2401503 5711
2401504 5712
2401505 5713
2401507 5714
2401557 5715
2401559 5716
2401560 5717
2401561 5718
2401563 5719
2401564 5720
2401565 5721
2401567 5722
2401568 5723
2401569 5724
2401571 5725
2401622 5726
2401623 5727
2401624 5728
2401625 5729
2401626 5730
2401627 5731
2401628 5732
2401629 5733
2401630 5734
2401631 5735
2401632 5736
2401633 5737
2401634 5738
2401635 5739
2401752 5740
2401753 5741
2401755 5742
2401756 5743
2401757 5744
2401759 5745
2401760 5746
2401761 5747
2401763 5748
2401817 5749
2401819 5750
2401820 5751
2401821 5752
2401823 5753
2401824 5754
2401825 5755
2401827 5756
2401882 5757
2401883 5758
2401884 5759
2401885 5760
2401886 5761
2401887 5762
2401888 5763
2401889 5764
2401890 5765
2401891 5766
2402012 5767
2402013 5768
2402015 5769
2402016 5770
2402017 5771
2402019 5772
2402077 5773
2402079 5774
2402080 5775
2402081 5776
2402083 5777
2402142 5778
2402143 5779
2402144 5780
2402145 5781
2402146 5782
2402147 5783
2402272 5784
2402273 5785
2402275 5786
2402337 5787
2402339 5788
2402402 5789
2402403 5790
2409294 5791
2409296 5792
2409297 5793
2409298 5794
2409300 5795
2409301 5796
2409302 5797
2409304 5798
2409305 5799
2409306 5800
2409308 5801
2409309 5802
2409310 5803
2409312 5804
2409313 5805
2409314 5806
2409359 5807
2409360 5808
2409361 5809
2409362 5810
2409363 5811
2409364 5812
2409365 5813
2409366 5814
2409367 5815
2409368 5816
2409369 5817
2409370 5818
2409371 5819
2409372 5820
2409373 5821
2409374 5822
2409375 5823
2409376 5824
2409377 5825
2409378 5826
2409379 5827
2409489 5828
2409490 5829
2409492 5830
2409493 5831
2409494 5832
2409496 5833
2409497 5834
2409498 5835
2409500 5836
2409501 5837
2409502 5838
2409504 5839
2409505 5840
2409506 5841
2409554 5842
2409556 5843
2409557 5844
2409558 5845
2409560 5846
2409561 5847
2409562 5848
2409564 5849
2409565 5850
2409566 5851
2409568 5852
2409569 5853
2409570 5854
2409619 5855
2409620 5856
2409621 5857
2409622 5858
2409623 5859
2409624 5860
2409625 5861
2409626 5862
2409627 5863
2409628 5864
2409629 5865
2409630 5866
2409631 5867
2409632 5868
2409633 5869
2409634 5870
2409635 5871
2409749 5872
2409750 5873
2409752 5874
2409753 5875
2409754 5876
2409756 5877
2409757 5878
2409758 5879
2409760 5880
2409761 5881
2409762 5882
2409814 5883
2409816 5884
2409817 5885
2409818 5886
2409820 5887
2409821 5888
2409822 5889
2409824 5890
2409825 5891
2409826 5892
2409879 5893
2409880 5894
2409881 5895
2409882 5896
2409883 5897
2409884 5898
2409885 5899
2409886 5900
2409887 5901
2409888 5902
2409889 5903
2409890 5904
2409891 5905
2410009 5906
2410010 5907
2410012 5908
2410013 5909
2410014 5910
2410016 5911
2410017 5912
2410018 5913
2410074 5914
2410076 5915
2410077 5916
2410078 5917
2410080 5918
2410081 5919
2410082 5920
2410139 5921
2410140 5922
2410141 5923
2410142 5924
2410143 5925
2410144 5926
2410145 5927
2410146 5928
2410147 5929
2410269 5930
2410270 5931
2410272 5932
2410273 5933
2410274 5934
2410334 5935
2410336 5936
2410337 5937
2410338 5938
2410399 5939
2410400 5940
2410401 5941
2410402 5942
2410403 5943
2410529 5944
2410530 5945
2410594 5946
2410659 5947
2413455 5948
2413456 5949
2413457 5950
2413458 5951
2413459 5952
2413460 5953
2413461 5954
2413462 5955
2413463 5956
2413464 5957
2413465 5958
2413466 5959
2413467 5960
2413468 5961
2413469 5962
2413470 5963
2413471 5964
2413472 5965
2413473 5966
2413474 5967
2413475 5968
2413585 5969
2413586 5970
2413588 5971
2413589 5972
2413590 5973
2413592 5974
2413593 5975
2413594 5976
2413596 5977
2413597 5978
2413598 5979
2413600 5980
2413601 5981
2413602 5982
2413650 5983
2413652 5984
2413653 5985
2413654 5986
2413656 5987
2413657 5988
2413658 5989
2413660 5990
2413661 5991
2413662 5992
2413664 5993
2413665 5994
2413666 5995
2413715 5996
2413716 5997
2413717 5998
2413718 5999
2413719 6000
2413720 6001
2413721 6002
2413722 6003
2413723 6004
2413724 6005
2413725 6006
2413726 6007
2413727 6008
2413728 6009
2413729 6010
2413730 6011
2413731 6012
2413845 6013
2413846 6014
2413848 6015
2413849 6016
2413850 6017
2413852 6018
2413853 6019
2413854 6020
2413856 6021
2413857 6022
2413858 6023
2413910 6024
2413912 6025
2413913 6026
2413914 6027
2413916 6028
2413917 6029
2413918 6030
2413920 6031
2413921 6032
2413922 6033
2413975 6034
2413976 6035
2413977 6036
2413978 6037
2413979 6038
2413980 6039
2413981 6040
2413982 6041
2413983 6042
2413984 6043
2413985 6044
2413986 6045
2413987 6046
2414105 6047
2414106 6048
2414108 6049
2414109 6050
2414110 6051
2414112 6052
2414113 6053
2414114 6054
2414170 6055
2414172 6056
2414173 6057
2414174 6058
2414176 6059
2414177 6060
2414178 6061
2414235 6062
2414236 6063
2414237 6064
2414238 6065
2414239 6066
2414240 6067
2414241 6068
2414242 6069
2414243 6070
2414365 6071
2414366 6072
2414368 6073
2414369 6074
2414370 6075
2414430 6076
2414432 6077
2414433 6078
2414434 6079
2414495 6080
2414496 6081
2414497 6082
2414498 6083
2414499 6084
2414625 6085
2414626 6086
2414690 6087
2414755 6088
2417616 6089
2417617 6090
2417618 6091
2417620 6092
2417621 6093
2417622 6094
2417624 6095
2417625 6096
2417626 6097
2417628 6098
2417629 6099
2417630 6100
2417632 6101
2417633 6102
2417634 6103
2417681 6104
2417682 6105
2417683 6106
2417684 6107
2417685 6108
2417686 6109
2417687 6110
2417688 6111
2417689 6112
2417690 6113
2417691 6114
2417692 6115
2417693 6116
2417694 6117
2417695 6118
2417696 6119
2417697 6120
2417698 6121
2417699 6122
2417746 6123
2417747 6124
2417748 6125
2417749 6126
2417750 6127
2417751 6128
2417752 6129
2417753 6130
2417754 6131
2417755 6132
2417756 6133
2417757 6134
2417758 6135
2417759 6136
2417760 6137
2417761 6138
2417762 6139
2417763 6140
2417811 6141
2417812 6142
2417813 6143
2417814 6144
2417815 6145
2417816 6146
2417817 6147
2417818 6148
2417819 6149
2417820 6150
2417821 6151
2417822 6152
2417823 6153
2417824 6154
2417825 6155
2417826 6156
2417827 6157
2417876 6158
2417877 6159
2417878 6160
2417879 6161
2417880 6162
2417881 6163
2417882 6164
2417883 6165
2417884 6166
2417885 6167
2417886 6168
2417887 6169
2417888 6170
2417889 6171
2417890 6172
2417891 6173
2417941 6174
2417942 6175
2417943 6176
2417944 6177
2417945 6178
2417946 6179
2417947 6180
2417948 6181
2417949 6182
2417950 6183
2417951 6184
2417952 6185
2417953 6186
2417954 6187
2417955 6188
2418006 6189
2418007 6190
2418008 6191
2418009 6192
2418010 6193
2418011 6194
2418012 6195
2418013 6196
2418014 6197
2418015 6198
2418016 6199
2418017 6200
2418018 6201
2418019 6202
2418071 6203
2418072 6204
2418073 6205
2418074 6206
2418075 6207
2418076 6208
2418077 6209
2418078 6210
2418079 6211
2418080 6212
2418081 6213
2418082 6214
2418083 6215
2418136 6216
2418137 6217
2418138 6218
2418139 6219
2418140 6220
2418141 6221
2418142 6222
2418143 6223
2418144 6224
2418145 6225
2418146 6226
2418147 6227
2418201 6228
2418202 6229
2418203 6230
2418204 6231
2418205 6232
2418206 6233
2418207 6234
2418208 6235
2418209 6236
2418210 6237
2418211 6238
2418266 6239
2418267 6240
2418268 6241
2418269 6242
2418270 6243
2418271 6244
2418272 6245
2418273 6246
2418274 6247
2418275 6248
2418331 6249
2418332 6250
2418333 6251
2418334 6252
2418335 6253
2418336 6254
2418337 6255
2418338 6256
2418339 6257
2418396 6258
2418397 6259
2418398 6260
2418399 6261
2418400 6262
2418401 6263
2418402 6264
2418403 6265
2418461 6266
2418462 6267
2418463 6268
2418464 6269
2418465 6270
2418466 6271
2418467 6272
2418526 6273
2418527 6274
2418528 6275
2418529 6276
2418530 6277
2418531 6278
2418591 6279
2418592 6280
2418593 6281
2418594 6282
2418595 6283
2418656 6284
2418657 6285
2418658 6286
2418659 6287
2418721 6288
2418722 6289
2418723 6290
2418786 6291
2418787 6292
2418851 6293
2425938 6294
2425940 6295
2425941 6296
2425942 6297
2425944 6298
2425945 6299
2425946 6300
2425948 6301
2425949 6302
2425950 6303
2425952 6304
2425953 6305
2425954 6306
2426003 6307
2426004 6308
2426005 6309
2426006 6310
2426007 6311
2426008 6312
2426009 6313
2426010 6314
2426011 6315
2426012 6316
2426013 6317
2426014 6318
2426015 6319
2426016 6320
2426017 6321
2426018 6322
2426019 6323
2426133 6324
2426134 6325
2426136 6326
2426137 6327
2426138 6328
2426140 6329
2426141 6330
2426142 6331
2426144 6332
2426145 6333
2426146 6334
2426198 6335
2426200 6336
2426201 6337
2426202 6338
2426204 6339
2426205 6340
2426206 6341
2426208 6342
2426209 6343
2426210 6344
2426263 6345
2426264 6346
2426265 6347
2426266 6348
2426267 6349
2426268 6350
2426269 6351
2426270 6352
2426271 6353
2426272 6354
2426273 6355
2426274 6356
2426275 6357
2426393 6358
2426394 6359
2426396 6360
2426397 6361
2426398 6362
2426400 6363
2426401 6364
2426402 6365
2426458 6366
2426460 6367
2426461 6368
2426462 6369
2426464 6370
2426465 6371
2426466 6372
2426523 6373
2426524 6374
2426525 6375
2426526 6376
2426527 6377
2426528 6378
2426529 6379
2426530 6380
2426531 6381
2426653 6382
2426654 6383
2426656 6384
2426657 6385
2426658 6386
2426718 6387
2426720 6388
2426721 6389
2426722 6390
2426783 6391
2426784 6392
2426785 6393
2426786 6394
2426787 6395
2426913 6396
2426914 6397
2426978 6398
2427043 6399
2430099 6400
2430100 6401
2430101 6402
2430102 6403
2430103 6404
2430104 6405
2430105 6406
2430106 6407
2430107 6408
2430108 6409
2430109 6410
2430110 6411
2430111 6412
2430112 6413
2430113 6414
2430114 6415
2430115 6416
2430229 6417
2430230 6418
2430232 6419
2430233 6420
2430234 6421
2430236 6422
2430237 6423
2430238 6424
2430240 6425
2430241 6426
2430242 6427
2430294 6428
2430296 6429
2430297 6430
2430298 6431
2430300 6432
2430301 6433
2430302 6434
2430304 6435
2430305 6436
2430306 6437
2430359 6438
2430360 6439
2430361 6440
2430362 6441
2430363 6442
2430364 6443
2430365 6444
2430366 6445
2430367 6446
2430368 6447
2430369 6448
2430370 6449
2430371 6450
2430489 6451
2430490 6452
2430492 6453
2430493 6454
2430494 6455
2430496 6456
2430497 6457
2430498 6458
2430554 6459
2430556 6460
2430557 6461
2430558 6462
2430560 6463
2430561 6464
2430562 6465
2430619 6466
2430620 6467
2430621 6468
2430622 6469
2430623 6470
2430624 6471
2430625 6472
2430626 6473
2430627 6474
2430749 6475
2430750 6476
2430752 6477
2430753 6478
2430754 6479
2430814 6480
2430816 6481
2430817 6482
2430818 6483
2430879 6484
2430880 6485
2430881 6486
2430882 6487
2430883 6488
2431009 6489
2431010 6490
2431074 6491
2431139 6492
2434260 6493
2434261 6494
2434262 6495
2434264 6496
2434265 6497
2434266 6498
2434268 6499
2434269 6500
2434270 6501
2434272 6502
2434273 6503
2434274 6504
2434325 6505
2434326 6506
2434327 6507
2434328 6508
2434329 6509
2434330 6510
2434331 6511
2434332 6512
2434333 6513
2434334 6514
2434335 6515
2434336 6516
2434337 6517
2434338 6518
2434339 6519
2434390 6520
2434391 6521
2434392 6522
2434393 6523
2434394 6524
2434395 6525
2434396 6526
2434397 6527
2434398 6528
2434399 6529
2434400 6530
2434401 6531
2434402 6532
2434403 6533
2434455 6534
2434456 6535
2434457 6536
2434458 6537
2434459 6538
2434460 6539
2434461 6540
2434462 6541
2434463 6542
2434464 6543
2434465 6544
2434466 6545
2434467 6546
2434520 6547
2434521 6548
2434522 6549
2434523 6550
2434524 6551
2434525 6552
2434526 6553
2434527 6554
2434528 6555
2434529 6556
2434530 6557
2434531 6558
2434585 6559
2434586 6560
2434587 6561
2434588 6562
2434589 6563
2434590 6564
2434591 6565
2434592 6566
2434593 6567
2434594 6568
2434595 6569
2434650 6570
2434651 6571
2434652 6572
2434653 6573
2434654 6574
2434655 6575
2434656 6576
2434657 6577
2434658 6578
2434659 6579
2434715 6580
2434716 6581
2434717 6582
2434718 6583
2434719 6584
2434720 6585
2434721 6586
2434722 6587
2434723 6588
2434780 6589
2434781 6590
2434782 6591
2434783 6592
2434784 6593
2434785 6594
2434786 6595
2434787 6596
2434845 6597
2434846 6598
2434847 6599
2434848 6600
2434849 6601
2434850 6602
2434851 6603
2434910 6604
2434911 6605
2434912 6606
2434913 6607
2434914 6608
2434915 6609
2434975 6610
2434976 6611
2434977 6612
2434978 6613
2434979 6614
2435040 6615
2435041 6616
2435042 6617
2435043 6618
2435105 6619
2435106 6620
2435107 6621
2435170 6622
2435171 6623
2435235 6624
2442582 6625
2442584 6626
2442585 6627
2442586 6628
2442588 6629
2442589 6630
2442590 6631
2442592 6632
2442593 6633
2442594 6634
2442647 6635
2442648 6636
2442649 6637
2442650 6638
2442651 6639
2442652 6640
2442653 6641
2442654 6642
2442655 6643
2442656 6644
2442657 6645
2442658 6646
2442659 6647
2442777 6648
2442778 6649
2442780 6650
2442781 6651
2442782 6652
2442784 6653
2442785 6654
2442786 6655
2442842 6656
2442844 6657
2442845 6658
2442846 6659
2442848 6660
2442849 6661
2442850 6662
2442907 6663
2442908 6664
2442909 6665
2442910 6666
2442911 6667
2442912 6668
2442913 6669
2442914 6670
2442915 6671
2443037 6672
2443038 6673
2443040 6674
2443041 6675
2443042 6676
2443102 6677
2443104 6678
2443105 6679
2443106 6680
2443167 6681
2443168 6682
2443169 6683
2443170 6684
2443171 6685
2443297 6686
2443298 6687
2443362 6688
2443427 6689
2446743 6690
2446744 6691
2446745 6692
2446746 6693
2446747 6694
2446748 6695
2446749 6696
2446750 6697
2446751 6698
2446752 6699
2446753 6700
2446754 6701
2446755 6702
2446873 6703
2446874 6704
2446876 6705
2446877 6706
2446878 6707
2446880 6708
2446881 6709
2446882 6710
2446938 6711
2446940 6712
2446941 6713
2446942 6714
2446944 6715
2446945 6716
2446946 6717
2447003 6718
2447004 6719
2447005 6720
2447006 6721
2447007 6722
2447008 6723
2447009 6724
2447010 6725
2447011 6726
2447133 6727
2447134 6728
2447136 6729
2447137 6730
2447138 6731
2447198 6732
2447200 6733
2447201 6734
2447202 6735
2447263 6736
2447264 6737
2447265 6738
2447266 6739
2447267 6740
2447393 6741
2447394 6742
2447458 6743
2447523 6744
2450904 6745
2450905 6746
2450906 6747
2450908 6748
2450909 6749
2450910 6750
2450912 6751
2450913 6752
2450914 6753
2450969 6754
2450970 6755
2450971 6756
2450972 6757
2450973 6758
2450974 6759
2450975 6760
2450976 6761
2450977 6762
2450978 6763
2450979 6764
2451034 6765
2451035 6766
2451036 6767
2451037 6768
2451038 6769
2451039 6770
2451040 6771
2451041 6772
2451042 6773
2451043 6774
2451099 6775
2451100 6776
2451101 6777
2451102 6778
2451103 6779
2451104 6780
2451105 6781
2451106 6782
2451107 6783
2451164 6784
2451165 6785
2451166 6786
2451167 6787
2451168 6788
2451169 6789
2451170 6790
2451171 6791
2451229 6792
2451230 6793
2451231 6794
2451232 6795
2451233 6796
2451234 6797
2451235 6798
2451294 6799
2451295 6800
2451296 6801
2451297 6802
2451298 6803
2451299 6804
2451359 6805
2451360 6806
2451361 6807
2451362 6808
2451363 6809
2451424 6810
2451425 6811
2451426 6812
2451427 6813
2451489 6814
2451490 6815
2451491 6816
2451554 6817
2451555 6818
2451619 6819
2459226 6820
2459228 6821
2459229 6822
2459230 6823
2459232 6824
2459233 6825
2459234 6826
2459291 6827
2459292 6828
2459293 6829
2459294 6830
2459295 6831
2459296 6832
2459297 6833
2459298 6834
2459299 6835
2459421 6836
2459422 6837
2459424 6838
2459425 6839
2459426 6840
2459486 6841
2459488 6842
2459489 6843
2459490 6844
2459551 6845
2459552 6846
2459553 6847
2459554 6848
2459555 6849
2459681 6850
2459682 6851
2459746 6852
2459811 6853
2463387 6854
2463388 6855
2463389 6856
2463390 6857
2463391 6858
2463392 6859
2463393 6860
2463394 6861
2463395 6862
2463517 6863
2463518 6864
2463520 6865
2463521 6866
2463522 6867
2463582 6868
2463584 6869
2463585 6870
2463586 6871
2463647 6872
2463648 6873
2463649 6874
2463650 6875
2463651 6876
2463777 6877
2463778 6878
2463842 6879
2463907 6880
2467548 6881
2467549 6882
2467550 6883
2467552 6884
2467553 6885
2467554 6886
2467613 6887
2467614 6888
2467615 6889
2467616 6890
2467617 6891
2467618 6892
2467619 6893
2467678 6894
2467679 6895
2467680 6896
2467681 6897
2467682 6898
2467683 6899
2467743 6900
2467744 6901
2467745 6902
2467746 6903
2467747 6904
2467808 6905
2467809 6906
2467810 6907
2467811 6908
2467873 6909
2467874 6910
2467875 6911
2467938 6912
2467939 6913
2468003 6914
2475870 6915
2475872 6916
2475873 6917
2475874 6918
2475935 6919
2475936 6920
2475937 6921
2475938 6922
2475939 6923
2476065 6924
2476066 6925
2476130 6926
2476195 6927
2480031 6928
2480032 6929
2480033 6930
2480034 6931
2480035 6932
2480161 6933
2480162 6934
2480226 6935
2480291 6936
2484192 6937
2484193 6938
2484194 6939
2484257 6940
2484258 6941
2484259 6942
2484322 6943
2484323 6944
2484387 6945
2492514 6946
2492579 6947
2496675 6948
3199887 6949
3199888 6950
3199889 6951
3199891 6952
3199892 6953
3199893 6954
3199895 6955
3199896 6956
3199897 6957
3199899 6958
3199900 6959
3199901 6960
3199903 6961
3199904 6962
3199905 6963
3199907 6964
3200017 6965
3200018 6966
3200020 6967
3200021 6968
3200022 6969
3200024 6970
3200025 6971
3200026 6972
3200028 6973
3200029 6974
3200030 6975
3200032 6976
3200033 6977
3200034 6978
3200082 6979
3200084 6980
3200085 6981
3200086 6982
3200088 6983
3200089 6984
3200090 6985
3200092 6986
3200093 6987
3200094 6988
3200096 6989
3200097 6990
3200098 6991
3200147 6992
3200148 6993
3200149 6994
3200150 6995
3200151 6996
3200152 6997
3200153 6998
3200154 6999
3200155 7000
3200156 7001
3200157 7002
3200158 7003
3200159 7004
3200160 7005
3200161 7006
3200162 7007
3200163 7008
3200277 7009
3200278 7010
3200280 7011
3200281 7012
3200282 7013
3200284 7014
3200285 7015
3200286 7016
3200288 7017
3200289 7018
3200290 7019
3200342 7020
3200344 7021
3200345 7022
3200346 7023
3200348 7024
3200349 7025
3200350 7026
3200352 7027
3200353 7028
3200354 7029
3200407 7030
3200408 7031
3200409 7032
3200410 7033
3200411 7034
3200412 7035
3200413 7036
3200414 7037
3200415 7038
3200416 7039
3200417 7040
3200418 7041
3200419 7042
3200537 7043
3200538 7044
3200540 7045
3200541 7046
3200542 7047
3200544 7048
3200545 7049
3200546 7050
3200602 7051
3200604 7052
3200605 7053
3200606 7054
3200608 7055
3200609 7056
3200610 7057
3200667 7058
3200668 7059
3200669 7060
3200670 7061
3200671 7062
3200672 7063
3200673 7064
3200674 7065
3200675 7066
3200797 7067
3200798 7068
3200800 7069
3200801 7070
3200802 7071
3200862 7072
3200864 7073
3200865 7074
3200866 7075
3200927 7076
3200928 7077
3200929 7078
3200930 7079
3200931 7080
3201057 7081
3201058 7082
3201122 7083
3201187 7084
3212370 7085
3212372 7086
3212373 7087
3212374 7088
3212376 7089
3212377 7090
3212378 7091
3212380 7092
3212381 7093
3212382 7094
3212384 7095
3212385 7096
3212386 7097
3212565 7098
3212568 7099
3212569 7100
3212572 7101
3212573 7102
3212576 7103
3212577 7104
3212630 7105
3212632 7106
3212633 7107
3212634 7108
3212636 7109
3212637 7110
3212638 7111
3212640 7112
3212641 7113
3212642 7114
3212825 7115
3212828 7116
3212829 7117
3212832 7118
3212833 7119
3212890 7120
3212892 7121
3212893 7122
3212894 7123
3212896 7124
3212897 7125
3212898 7126
3213085 7127
3213088 7128
3213089 7129
3213150 7130
3213152 7131
3213153 7132
3213154 7133
3213345 7134
3213410 7135
3216531 7136
3216532 7137
3216533 7138
3216535 7139
3216536 7140
3216537 7141
3216539 7142
3216540 7143
3216541 7144
3216543 7145
3216544 7146
3216545 7147
3216547 7148
3216661 7149
3216662 7150
3216664 7151
3216665 7152
3216666 7153
3216668 7154
3216669 7155
3216670 7156
3216672 7157
3216673 7158
3216674 7159
3216726 7160
3216728 7161
3216729 7162
3216730 7163
3216732 7164
3216733 7165
3216734 7166
3216736 7167
3216737 7168
3216738 7169
3216791 7170
3216792 7171
3216793 7172
3216794 7173
3216795 7174
3216796 7175
3216797 7176
3216798 7177
3216799 7178
3216800 7179
3216801 7180
3216802 7181
3216803 7182
3216921 7183
3216922 7184
3216924 7185
3216925 7186
3216926 7187
3216928 7188
3216929 7189
3216930 7190
3216986 7191
3216988 7192
3216989 7193
3216990 7194
3216992 7195
3216993 7196
3216994 7197
3217051 7198
3217052 7199
3217053 7200
3217054 7201
3217055 7202
3217056 7203
3217057 7204
3217058 7205
3217059 7206
3217181 7207
3217182 7208
3217184 7209
3217185 7210
3217186 7211
3217246 7212
3217248 7213
3217249 7214
3217250 7215
3217311 7216
3217312 7217
3217313 7218
3217314 7219
3217315 7220
3217441 7221
3217442 7222
3217506 7223
3217571 7224
3229014 7225
3229016 7226
3229017 7227
3229018 7228
3229020 7229
3229021 7230
3229022 7231
3229024 7232
3229025 7233
3229026 7234
3229209 7235
3229212 7236
3229213 7237
3229216 7238
3229217 7239
3229274 7240
3229276 7241
3229277 7242
3229278 7243
3229280 7244
3229281 7245
3229282 7246
3229469 7247
3229472 7248
3229473 7249
3229534 7250
3229536 7251
3229537 7252
3229538 7253
3229729 7254
3229794 7255
3233175 7256
3233176 7257
3233177 7258
3233179 7259
3233180 7260
3233181 7261
3233183 7262
3233184 7263
3233185 7264
3233187 7265
3233305 7266
3233306 7267
3233308 7268
3233309 7269
3233310 7270
3233312 7271
3233313 7272
3233314 7273
3233370 7274
3233372 7275
3233373 7276
3233374 7277
3233376 7278
3233377 7279
3233378 7280
3233435 7281
3233436 7282
3233437 7283
3233438 7284
3233439 7285
3233440 7286
3233441 7287
3233442 7288
3233443 7289
3233565 7290
3233566 7291
3233568 7292
3233569 7293
3233570 7294
3233630 7295
3233632 7296
3233633 7297
3233634 7298
3233695 7299
3233696 7300
3233697 7301
3233698 7302
3233699 7303
3233825 7304
3233826 7305
3233890 7306
3233955 7307
3245658 7308
3245660 7309
3245661 7310
3245662 7311
3245664 7312
3245665 7313
3245666 7314
3245853 7315
3245856 7316
3245857 7317
3245918 7318
3245920 7319
3245921 7320
3245922 7321
3246113 7322
3246178 7323
3249819 7324
3249820 7325
3249821 7326
3249823 7327
3249824 7328
3249825 7329
3249827 7330
3249949 7331
3249950 7332
3249952 7333
3249953 7334
3249954 7335
3250014 7336
3250016 7337
3250017 7338
3250018 7339
3250079 7340
3250080 7341
3250081 7342
3250082 7343
3250083 7344
3250209 7345
3250210 7346
3250274 7347
3250339 7348
3262302 7349
3262304 7350
3262305 7351
3262306 7352
3262497 7353
3262562 7354
3266463 7355
3266464 7356
3266465 7357
3266467 7358
3266593 7359
3266594 7360
3266658 7361
3266723 7362
3278946 7363
3283107 7364
3466192 7365
3466193 7366
3466196 7367
3466197 7368
3466200 7369
3466201 7370
3466204 7371
3466205 7372
3466208 7373
3466209 7374
3466257 7375
3466259 7376
3466260 7377
3466261 7378
3466263 7379
3466264 7380
3466265 7381
3466267 7382
3466268 7383
3466269 7384
3466271 7385
3466272 7386
3466273 7387
3466275 7388
3466322 7389
3466323 7390
3466324 7391
3466325 7392
3466326 7393
3466327 7394
3466328 7395
3466329 7396
3466330 7397
3466331 7398
3466332 7399
3466333 7400
3466334 7401
3466335 7402
3466336 7403
3466337 7404
3466338 7405
3466339 7406
3466452 7407
3466453 7408
3466455 7409
3466456 7410
3466457 7411
3466459 7412
3466460 7413
3466461 7414
3466463 7415
3466464 7416
3466465 7417
3466467 7418
3466517 7419
3466519 7420
3466520 7421
3466521 7422
3466523 7423
3466524 7424
3466525 7425
3466527 7426
3466528 7427
3466529 7428
3466531 7429
3466582 7430
3466583 7431
3466584 7432
3466585 7433
3466586 7434
3466587 7435
3466588 7436
3466589 7437
3466590 7438
3466591 7439
3466592 7440
3466593 7441
3466594 7442
3466595 7443
3466712 7444
3466713 7445
3466715 7446
3466716 7447
3466717 7448
3466719 7449
3466720 7450
3466721 7451
3466723 7452
3466777 7453
3466779 7454
3466780 7455
3466781 7456
3466783 7457
3466784 7458
3466785 7459
3466787 7460
3466842 7461
3466843 7462
3466844 7463
3466845 7464
3466846 7465
3466847 7466
3466848 7467
3466849 7468
3466850 7469
3466851 7470
3466972 7471
3466973 7472
3466975 7473
3466976 7474
3466977 7475
3466979 7476
3467037 7477
3467039 7478
3467040 7479
3467041 7480
3467043 7481
3467102 7482
3467103 7483
3467104 7484
3467105 7485
3467106 7486
3467107 7487
3467232 7488
3467233 7489
3467235 7490
3467297 7491
3467299 7492
3467362 7493
3467363 7494
3474514 7495
3474516 7496
3474517 7497
3474518 7498
3474520 7499
3474521 7500
3474522 7501
3474524 7502
3474525 7503
3474526 7504
3474528 7505
3474529 7506
3474530 7507
3474579 7508
3474580 7509
3474581 7510
3474582 7511
3474583 7512
3474584 7513
3474585 7514
3474586 7515
3474587 7516
3474588 7517
3474589 7518
3474590 7519
3474591 7520
3474592 7521
3474593 7522
3474594 7523
3474595 7524
3474709 7525
3474710 7526
3474712 7527
3474713 7528
3474714 7529
3474716 7530
3474717 7531
3474718 7532
3474720 7533
3474721 7534
3474722 7535
3474774 7536
3474776 7537
3474777 7538
3474778 7539
3474780 7540
3474781 7541
3474782 7542
3474784 7543
3474785 7544
3474786 7545
3474839 7546
3474840 7547
3474841 7548
3474842 7549
3474843 7550
3474844 7551
3474845 7552
3474846 7553
3474847 7554
3474848 7555
3474849 7556
3474850 7557
3474851 7558
3474969 7559
3474970 7560
3474972 7561
3474973 7562
3474974 7563
3474976 7564
3474977 7565
3474978 7566
3475034 7567
3475036 7568
3475037 7569
3475038 7570
3475040 7571
3475041 7572
3475042 7573
3475099 7574
3475100 7575
3475101 7576
3475102 7577
3475103 7578
3475104 7579
3475105 7580
3475106 7581
3475107 7582
3475229 7583
3475230 7584
3475232 7585
3475233 7586
3475234 7587
3475294 7588
3475296 7589
3475297 7590
3475298 7591
3475359 7592
3475360 7593
3475361 7594
3475362 7595
3475363 7596
3475489 7597
3475490 7598
3475554 7599
3475619 7600
3478675 7601
3478676 7602
3478677 7603
3478678 7604
3478679 7605
3478680 7606
3478681 7607
3478682 7608
3478683 7609
3478684 7610
3478685 7611
3478686 7612
3478687 7613
3478688 7614
3478689 7615
3478690 7616
3478691 7617
3478805 7618
3478806 7619
3478808 7620
3478809 7621
3478810 7622
3478812 7623
3478813 7624
3478814 7625
3478816 7626
3478817 7627
3478818 7628
3478870 7629
3478872 7630
3478873 7631
3478874 7632
3478876 7633
3478877 7634
3478878 7635
3478880 7636
3478881 7637
3478882 7638
3478935 7639
3478936 7640
3478937 7641
3478938 7642
3478939 7643
3478940 7644
3478941 7645
3478942 7646
3478943 7647
3478944 7648
3478945 7649
3478946 7650
3478947 7651
3479065 7652
3479066 7653
3479068 7654
3479069 7655
3479070 7656
3479072 7657
3479073 7658
3479074 7659
3479130 7660
3479132 7661
3479133 7662
3479134 7663
3479136 7664
3479137 7665
3479138 7666
3479195 7667
3479196 7668
3479197 7669
3479198 7670
3479199 7671
3479200 7672
3479201 7673
3479202 7674
3479203 7675
3479325 7676
3479326 7677
3479328 7678
3479329 7679
3479330 7680
3479390 7681
3479392 7682
3479393 7683
3479394 7684
3479455 7685
3479456 7686
3479457 7687
3479458 7688
3479459 7689
3479585 7690
3479586 7691
3479650 7692
3479715 7693
3482836 7694
3482837 7695
3482838 7696
3482840 7697
3482841 7698
3482842 7699
3482844 7700
3482845 7701
3482846 7702
3482848 7703
3482849 7704
3482850 7705
3482901 7706
3482902 7707
3482903 7708
3482904 7709
3482905 7710
3482906 7711
3482907 7712
3482908 7713
3482909 7714
3482910 7715
3482911 7716
3482912 7717
3482913 7718
3482914 7719
3482915 7720
3482966 7721
3482967 7722
3482968 7723
3482969 7724
3482970 7725
3482971 7726
3482972 7727
3482973 7728
3482974 7729
3482975 7730
3482976 7731
3482977 7732
3482978 7733
3482979 7734
3483031 7735
3483032 7736
3483033 7737
3483034 7738
3483035 7739
3483036 7740
3483037 7741
3483038 7742
3483039 7743
3483040 7744
3483041 7745
3483042 7746
3483043 7747
3483096 7748
3483097 7749
3483098 7750
3483099 7751
3483100 7752
3483101 7753
3483102 7754
3483103 7755
3483104 7756
3483105 7757
3483106 7758
3483107 7759
3483161 7760
3483162 7761
3483163 7762
3483164 7763
3483165 7764
3483166 7765
3483167 7766
3483168 7767
3483169 7768
3483170 7769
3483171 7770
3483226 7771
3483227 7772
3483228 7773
3483229 7774
3483230 7775
3483231 7776
3483232 7777
3483233 7778
3483234 7779
3483235 7780
3483291 7781
3483292 7782
3483293 7783
3483294 7784
3483295 7785
3483296 7786
3483297 7787
3483298 7788
3483299 7789
3483356 7790
3483357 7791
3483358 7792
3483359 7793
3483360 7794
3483361 7795
3483362 7796
3483363 7797
3483421 7798
3483422 7799
3483423 7800
3483424 7801
3483425 7802
3483426 7803
3483427 7804
3483486 7805
3483487 7806
3483488 7807
3483489 7808
3483490 7809
3483491 7810
3483551 7811
3483552 7812
3483553 7813
3483554 7814
3483555 7815
3483616 7816
3483617 7817
3483618 7818
3483619 7819
3483681 7820
3483682 7821
3483683 7822
3483746 7823
3483747 7824
3483811 7825
3491158 7826
3491160 7827
3491161 7828
3491162 7829
3491164 7830
3491165 7831
3491166 7832
3491168 7833
3491169 7834
3491170 7835
3491223 7836
3491224 7837
3491225 7838
3491226 7839
3491227 7840
3491228 7841
3491229 7842
3491230 7843
3491231 7844
3491232 7845
3491233 7846
3491234 7847
3491235 7848
3491353 7849
3491354 7850
3491356 7851
3491357 7852
3491358 7853
3491360 7854
3491361 7855
3491362 7856
3491418 7857
3491420 7858
3491421 7859
3491422 7860
3491424 7861
3491425 7862
3491426 7863
3491483 7864
3491484 7865
3491485 7866
3491486 7867
3491487 7868
3491488 7869
3491489 7870
3491490 7871
3491491 7872
3491613 7873
3491614 7874
3491616 7875
3491617 7876
3491618 7877
3491678 7878
3491680 7879
3491681 7880
3491682 7881
3491743 7882
3491744 7883
3491745 7884
3491746 7885
3491747 7886
3491873 7887
3491874 7888
3491938 7889
3492003 7890
3495319 7891
3495320 7892
3495321 7893
3495322 7894
3495323 7895
3495324 7896
3495325 7897
3495326 7898
3495327 7899
3495328 7900
3495329 7901
3495330 7902
3495331 7903
3495449 7904
3495450 7905
3495452 7906
3495453 7907
3495454 7908
3495456 7909
3495457 7910
3495458 7911
3495514 7912
3495516 7913
3495517 7914
3495518 7915
3495520 7916
3495521 7917
3495522 7918
3495579 7919
3495580 7920
3495581 7921
3495582 7922
3495583 7923
3495584 7924
3495585 7925
3495586 7926
3495587 7927
3495709 7928
3495710 7929
3495712 7930
3495713 7931
3495714 7932
3495774 7933
3495776 7934
3495777 7935
3495778 7936
3495839 7937
3495840 7938
3495841 7939
3495842 7940
3495843 7941
3495969 7942
3495970 7943
3496034 7944
3496099 7945
3499480 7946
3499481 7947
3499482 7948
3499484 7949
3499485 7950
3499486 7951
3499488 7952
3499489 7953
3499490 7954
3499545 7955
3499546 7956
3499547 7957
3499548 7958
3499549 7959
3499550 7960
3499551 7961
3499552 7962
3499553 7963
3499554 7964
3499555 7965
3499610 7966
3499611 7967
3499612 7968
3499613 7969
3499614 7970
3499615 7971
3499616 7972
3499617 7973
3499618 7974
3499619 7975
3499675 7976
3499676 7977
3499677 7978
3499678 7979
3499679 7980
3499680 7981
3499681 7982
3499682 7983
3499683 7984
3499740 7985
3499741 7986
3499742 7987
3499743 7988
3499744 7989
3499745 7990
3499746 7991
3499747 7992
3499805 7993
3499806 7994
3499807 7995
3499808 7996
3499809 7997
3499810 7998
3499811 7999
3499870 8000
3499871 8001
3499872 8002
3499873 8003
3499874 8004
3499875 8005
3499935 8006
3499936 8007
3499937 8008
3499938 8009
3499939 8010
3500000 8011
3500001 8012
3500002 8013
3500003 8014
3500065 8015
3500066 8016
3500067 8017
3500130 8018
3500131 8019
3500195 8020
3507802 8021
3507804 8022
3507805 8023
3507806 8024
3507808 8025
3507809 8026
3507810 8027
3507867 8028
3507868 8029
3507869 8030
3507870 8031
3507871 8032
3507872 8033
3507873 8034
3507874 8035
3507875 8036
3507997 8037
3507998 8038
3508000 8039
3508001 8040
3508002 8041
3508062 8042
3508064 8043
3508065 8044
3508066 8045
3508127 8046
3508128 8047
3508129 8048
3508130 8049
3508131 8050
3508257 8051
3508258 8052
3508322 8053
3508387 8054
3511963 8055
3511964 8056
3511965 8057
3511966 8058
3511967 8059
3511968 8060
3511969 8061
3511970 8062
3511971 8063
3512093 8064
3512094 8065
3512096 8066
3512097 8067
3512098 8068
3512158 8069
3512160 8070
3512161 8071
3512162 8072
3512223 8073
3512224 8074
3512225 8075
3512226 8076
3512227 8077
3512353 8078
3512354 8079
3512418 8080
3512483 8081
3516124 8082
3516125 8083
3516126 8084
3516128 8085
3516129 8086
3516130 8087
3516189 8088
3516190 8089
3516191 8090
3516192 8091
3516193 8092
3516194 8093
3516195 8094
3516254 8095
3516255 8096
3516256 8097
3516257 8098
3516258 8099
3516259 8100
3516319 8101
3516320 8102
3516321 8103
3516322 8104
3516323 8105
3516384 8106
3516385 8107
3516386 8108
3516387 8109
3516449 8110
3516450 8111
3516451 8112
3516514 8113
3516515 8114
3516579 8115
3524446 8116
3524448 8117
3524449 8118
3524450 8119
3524511 8120
3524512 8121
3524513 8122
3524514 8123
3524515 8124
3524641 8125
3524642 8126
3524706 8127
3524771 8128
3528607 8129
3528608 8130
3528609 8131
3528610 8132
3528611 8133
3528737 8134
3528738 8135
3528802 8136
3528867 8137
3532768 8138
3532769 8139
3532770 8140
3532833 8141
3532834 8142
3532835 8143
3532898 8144
3532899 8145
3532963 8146
3541090 8147
3541155 8148
3545251 8149
4265107 8150
4265108 8151
4265109 8152
4265111 8153
4265112 8154
4265113 8155
4265115 8156
4265116 8157
4265117 8158
4265119 8159
4265120 8160
4265121 8161
4265123 8162
4265237 8163
4265238 8164
4265240 8165
4265241 8166
4265242 8167
4265244 8168
4265245 8169
4265246 8170
4265248 8171
4265249 8172
4265250 8173
4265302 8174
4265304 8175
4265305 8176
4265306 8177
4265308 8178
4265309 8179
4265310 8180
4265312 8181
4265313 8182
4265314 8183
4265367 8184
4265368 8185
4265369 8186
4265370 8187
4265371 8188
4265372 8189
4265373 8190
4265374 8191
4265375 8192
4265376 8193
4265377 8194
4265378 8195
4265379 8196
4265497 8197
4265498 8198
4265500 8199
4265501 8200
4265502 8201
4265504 8202
4265505 8203
4265506 8204
4265562 8205
4265564 8206
4265565 8207
4265566 8208
4265568 8209
4265569 8210
4265570 8211
4265627 8212
4265628 8213
4265629 8214
4265630 8215
4265631 8216
4265632 8217
4265633 8218
4265634 8219
4265635 8220
4265757 8221
4265758 8222
4265760 8223
4265761 8224
4265762 8225
4265822 8226
4265824 8227
4265825 8228
4265826 8229
4265887 8230
4265888 8231
4265889 8232
4265890 8233
4265891 8234
4266017 8235
4266018 8236
4266082 8237
4266147 8238
4277590 8239
4277592 8240
4277593 8241
4277594 8242
4277596 8243
4277597 8244
4277598 8245
4277600 8246
4277601 8247
4277602 8248
4277785 8249
4277788 8250
4277789 8251
4277792 8252
4277793 8253
4277850 8254
4277852 8255
4277853 8256
4277854 8257
4277856 8258
4277857 8259
4277858 8260
4278045 8261
4278048 8262
4278049 8263
4278110 8264
4278112 8265
4278113 8266
4278114 8267
4278305 8268
4278370 8269
4281751 8270
4281752 8271
4281753 8272
4281755 8273
4281756 8274
4281757 8275
4281759 8276
4281760 8277
4281761 8278
4281763 8279
4281881 8280
4281882 8281
4281884 8282
4281885 8283
4281886 8284
4281888 8285
4281889 8286
4281890 8287
4281946 8288
4281948 8289
4281949 8290
4281950 8291
4281952 8292
4281953 8293
4281954 8294
4282011 8295
4282012 8296
4282013 8297
4282014 8298
4282015 8299
4282016 8300
4282017 8301
4282018 8302
4282019 8303
4282141 8304
4282142 8305
4282144 8306
4282145 8307
4282146 8308
4282206 8309
4282208 8310
4282209 8311
4282210 8312
4282271 8313
4282272 8314
4282273 8315
4282274 8316
4282275 8317
4282401 8318
4282402 8319
4282466 8320
4282531 8321
4294234 8322
4294236 8323
4294237 8324
4294238 8325
4294240 8326
4294241 8327
4294242 8328
4294429 8329
4294432 8330
4294433 8331
4294494 8332
4294496 8333
4294497 8334
4294498 8335
4294689 8336
4294754 8337
4298395 8338
4298396 8339
4298397 8340
4298399 8341
4298400 8342
4298401 8343
4298403 8344
4298525 8345
4298526 8346
4298528 8347
4298529 8348
4298530 8349
4298590 8350
4298592 8351
4298593 8352
4298594 8353
4298655 8354
4298656 8355
4298657 8356
4298658 8357
4298659 8358
4298785 8359
4298786 8360
4298850 8361
4298915 8362
4310878 8363
4310880 8364
4310881 8365
4310882 8366
4311073 8367
4311138 8368
4315039 8369
4315040 8370
4315041 8371
4315043 8372
4315169 8373
4315170 8374
4315234 8375
4315299 8376
4327522 8377
4331683 8378
4531412 8379
4531413 8380
4531416 8381
4531417 8382
4531420 8383
4531421 8384
4531424 8385
4531425 8386
4531477 8387
4531479 8388
4531480 8389
4531481 8390
4531483 8391
4531484 8392
4531485 8393
4531487 8394
4531488 8395
4531489 8396
4531491 8397
4531542 8398
4531543 8399
4531544 8400
4531545 8401
4531546 8402
4531547 8403
4531548 8404
4531549 8405
4531550 8406
4531551 8407
4531552 8408
4531553 8409
4531554 8410
4531555 8411
4531672 8412
4531673 8413
4531675 8414
4531676 8415
4531677 8416
4531679 8417
4531680 8418
4531681 8419
4531683 8420
4531737 8421
4531739 8422
4531740 8423
4531741 8424
4531743 8425
4531744 8426
4531745 8427
4531747 8428
4531802 8429
4531803 8430
4531804 8431
4531805 8432
4531806 8433
4531807 8434
4531808 8435
4531809 8436
4531810 8437
4531811 8438
4531932 8439
4531933 8440
4531935 8441
4531936 8442
4531937 8443
4531939 8444
4531997 8445
4531999 8446
4532000 8447
4532001 8448
4532003 8449
4532062 8450
4532063 8451
4532064 8452
4532065 8453
4532066 8454
4532067 8455
4532192 8456
4532193 8457
4532195 8458
4532257 8459
4532259 8460
4532322 8461
4532323 8462
4539734 8463
4539736 8464
4539737 8465
4539738 8466
4539740 8467
4539741 8468
4539742 8469
4539744 8470
4539745 8471
4539746 8472
4539799 8473
4539800 8474
4539801 8475
4539802 8476
4539803 8477
4539804 8478
4539805 8479
4539806 8480
4539807 8481
4539808 8482
4539809 8483
4539810 8484
4539811 8485
4539929 8486
4539930 8487
4539932 8488
4539933 8489
4539934 8490
4539936 8491
4539937 8492
4539938 8493
4539994 8494
4539996 8495
4539997 8496
4539998 8497
4540000 8498
4540001 8499
4540002 8500
4540059 8501
4540060 8502
4540061 8503
4540062 8504
4540063 8505
4540064 8506
4540065 8507
4540066 8508
4540067 8509
4540189 8510
4540190 8511
4540192 8512
4540193 8513
4540194 8514
4540254 8515
4540256 8516
4540257 8517
4540258 8518
4540319 8519
4540320 8520
4540321 8521
4540322 8522
4540323 8523
4540449 8524
4540450 8525
4540514 8526
4540579 8527
4543895 8528
4543896 8529
4543897 8530
4543898 8531
4543899 8532
4543900 8533
4543901 8534
4543902 8535
4543903 8536
4543904 8537
4543905 8538
4543906 8539
4543907 8540
4544025 8541
4544026 8542
4544028 8543
4544029 8544
4544030 8545
4544032 8546
4544033 8547
4544034 8548
4544090 8549
4544092 8550
4544093 8551
4544094 8552
4544096 8553
4544097 8554
4544098 8555
4544155 8556
4544156 8557
4544157 8558
4544158 8559
4544159 8560
4544160 8561
4544161 8562
4544162 8563
4544163 8564
4544285 8565
4544286 8566
4544288 8567
4544289 8568
4544290 8569
4544350 8570
4544352 8571
4544353 8572
4544354 8573
4544415 8574
4544416 8575
4544417 8576
4544418 8577
4544419 8578
4544545 8579
4544546 8580
4544610 8581
4544675 8582
4548056 8583
4548057 8584
4548058 8585
4548060 8586
4548061 8587
4548062 8588
4548064 8589
4548065 8590
4548066 8591
4548121 8592
4548122 8593
4548123 8594
4548124 8595
4548125 8596
4548126 8597
4548127 8598
4548128 8599
4548129 8600
4548130 8601
4548131 8602
4548186 8603
4548187 8604
4548188 8605
4548189 8606
4548190 8607
4548191 8608
4548192 8609
4548193 8610
4548194 8611
4548195 8612
4548251 8613
4548252 8614
4548253 8615
4548254 8616
4548255 8617
4548256 8618
4548257 8619
4548258 8620
4548259 8621
4548316 8622
4548317 8623
4548318 8624
4548319 8625
4548320 8626
4548321 8627
4548322 8628
4548323 8629
4548381 8630
4548382 8631
4548383 8632
4548384 8633
4548385 8634
4548386 8635
4548387 8636
4548446 8637
4548447 8638
4548448 8639
4548449 8640
4548450 8641
4548451 8642
4548511 8643
4548512 8644
4548513 8645
4548514 8646
4548515 8647
4548576 8648
4548577 8649
4548578 8650
4548579 8651
4548641 8652
4548642 8653
4548643 8654
4548706 8655
4548707 8656
4548771 8657
4556378 8658
4556380 8659
4556381 8660
4556382 8661
4556384 8662
4556385 8663
4556386 8664
4556443 8665
4556444 8666
4556445 8667
4556446 8668
4556447 8669
4556448 8670
4556449 8671
4556450 8672
4556451 8673
4556573 8674
4556574 8675
4556576 8676
4556577 8677
4556578 8678
4556638 8679
4556640 8680
4556641 8681
4556642 8682
4556703 8683
4556704 8684
4556705 8685
4556706 8686
4556707 8687
4556833 8688
4556834 8689
4556898 8690
4556963 8691
4560539 8692
4560540 8693
4560541 8694
4560542 8695
4560543 8696
4560544 8697
4560545 8698
4560546 8699
4560547 8700
4560669 8701
4560670 8702
4560672 8703
4560673 8704
4560674 8705
4560734 8706
4560736 8707
4560737 8708
4560738 8709
4560799 8710
4560800 8711
4560801 8712
4560802 8713
4560803 8714
4560929 8715
4560930 8716
4560994 8717
4561059 8718
4564700 8719
4564701 8720
4564702 8721
4564704 8722
4564705 8723
4564706 8724
4564765 8725
4564766 8726
4564767 8727
4564768 8728
4564769 8729
4564770 8730
4564771 8731
4564830 8732
4564831 8733
4564832 8734
4564833 8735
4564834 8736
4564835 8737
4564895 8738
4564896 8739
4564897 8740
4564898 8741
4564899 8742
4564960 8743
4564961 8744
4564962 8745
4564963 8746
4565025 8747
4565026 8748
4565027 8749
4565090 8750
4565091 8751
4565155 8752
4573022 8753
4573024 8754
4573025 8755
4573026 8756
4573087 8757
4573088 8758
4573089 8759
4573090 8760
4573091 8761
4573217 8762
4573218 8763
4573282 8764
4573347 8765
4577183 8766
4577184 8767
4577185 8768
4577186 8769
4577187 8770
4577313 8771
4577314 8772
4577378 8773
4577443 8774
4581344 8775
4581345 8776
4581346 8777
4581409 8778
4581410 8779
4581411 8780
4581474 8781
4581475 8782
4581539 8783
4589666 8784
4589731 8785
4593827 8786
5330327 8787
5330328 8788
5330329 8789
5330331 8790
5330332 8791
5330333 8792
5330335 8793
5330336 8794
5330337 8795
5330339 8796
5330457 8797
5330458 8798
5330460 8799
5330461 8800
5330462 8801
5330464 8802
5330465 8803
5330466 8804
5330522 8805
5330524 8806
5330525 8807
5330526 8808
5330528 8809
5330529 8810
5330530 8811
5330587 8812
5330588 8813
5330589 8814
5330590 8815
5330591 8816
5330592 8817
5330593 8818
5330594 8819
5330595 8820
5330717 8821
5330718 8822
5330720 8823
5330721 8824
5330722 8825
5330782 8826
5330784 8827
5330785 8828
5330786 8829
5330847 8830
5330848 8831
5330849 8832
5330850 8833
5330851 8834
5330977 8835
5330978 8836
5331042 8837
5331107 8838
5342810 8839
5342812 8840
5342813 8841
5342814 8842
5342816 8843
5342817 8844
5342818 8845
5343005 8846
5343008 8847
5343009 8848
5343070 8849
5343072 8850
5343073 8851
5343074 8852
5343265 8853
5343330 8854
5346971 8855
5346972 8856
5346973 8857
5346975 8858
5346976 8859
5346977 8860
5346979 8861
5347101 8862
5347102 8863
5347104 8864
5347105 8865
5347106 8866
5347166 8867
5347168 8868
5347169 8869
5347170 8870
5347231 8871
5347232 8872
5347233 8873
5347234 8874
5347235 8875
5347361 8876
5347362 8877
5347426 8878
5347491 8879
5359454 8880
5359456 8881
5359457 8882
5359458 8883
5359649 8884
5359714 8885
5363615 8886
5363616 8887
5363617 8888
5363619 8889
5363745 8890
5363746 8891
5363810 8892
5363875 8893
5376098 8894
5380259 8895
5596632 8896
5596633 8897
5596636 8898
5596637 8899
5596640 8900
5596641 8901
5596697 8902
5596699 8903
5596700 8904
5596701 8905
5596703 8906
5596704 8907
5596705 8908
5596707 8909
5596762 8910
5596763 8911
5596764 8912
5596765 8913
5596766 8914
5596767 8915
5596768 8916
5596769 8917
5596770 8918
5596771 8919
5596892 8920
5596893 8921
5596895 8922
5596896 8923
5596897 8924
5596899 8925
5596957 8926
5596959 8927
5596960 8928
5596961 8929
5596963 8930
5597022 8931
5597023 8932
5597024 8933
5597025 8934
5597026 8935
5597027 8936
5597152 8937
5597153 8938
5597155 8939
5597217 8940
5597219 8941
5597282 8942
5597283 8943
5604954 8944
5604956 8945
5604957 8946
5604958 8947
5604960 8948
5604961 8949
5604962 8950
5605019 8951
5605020 8952
5605021 8953
5605022 8954
5605023 8955
5605024 8956
5605025 8957
5605026 8958
5605027 8959
5605149 8960
5605150 8961
5605152 8962
5605153 8963
5605154 8964
5605214 8965
5605216 8966
5605217 8967
5605218 8968
5605279 8969
5605280 8970
5605281 8971
5605282 8972
5605283 8973
5605409 8974
5605410 8975
5605474 8976
5605539 8977
5609115 8978
5609116 8979
5609117 8980
5609118 8981
5609119 8982
5609120 8983
5609121 8984
5609122 8985
5609123 8986
5609245 8987
5609246 8988
5609248 8989
5609249 8990
5609250 8991
5609310 8992
5609312 8993
5609313 8994
5609314 8995
5609375 8996
5609376 8997
5609377 8998
5609378 8999
5609379 9000
5609505 9001
5609506 9002
5609570 9003
5609635 9004
5613276 9005
5613277 9006
5613278 9007
5613280 9008
5613281 9009
5613282 9010
5613341 9011
5613342 9012
5613343 9013
5613344 9014
5613345 9015
5613346 9016
5613347 9017
5613406 9018
5613407 9019
5613408 9020
5613409 9021
5613410 9022
5613411 9023
5613471 9024
5613472 9025
5613473 9026
5613474 9027
5613475 9028
5613536 9029
5613537 9030
5613538 9031
5613539 9032
5613601 9033
5613602 9034
5613603 9035
5613666 9036
5613667 9037
5613731 9038
5621598 9039
5621600 9040
5621601 9041
5621602 9042
5621663 9043
5621664 9044
5621665 9045
5621666 9046
5621667 9047
5621793 9048
5621794 9049
5621858 9050
5621923 9051
5625759 9052
5625760 9053
5625761 9054
5625762 9055
5625763 9056
5625889 9057
5625890 9058
5625954 9059
5626019 9060
5629920 9061
5629921 9062
5629922 9063
5629985 9064
5629986 9065
5629987 9066
5630050 9067
5630051 9068
5630115 9069
5638242 9070
5638307 9071
5642403 9072
6395547 9073
6395548 9074
6395549 9075
6395551 9076
6395552 9077
6395553 9078
6395555 9079
6395677 9080
6395678 9081
6395680 9082
6395681 9083
6395682 9084
6395742 9085
6395744 9086
6395745 9087
6395746 9088
6395807 9089
6395808 9090
6395809 9091
6395810 9092
6395811 9093
6395937 9094
6395938 9095
6396002 9096
6396067 9097
6408030 9098
6408032 9099
6408033 9100
6408034 9101
6408225 9102
6408290 9103
6412191 9104
6412192 9105
6412193 9106
6412195 9107
6412321 9108
6412322 9109
6412386 9110
6412451 9111
6424674 9112
6428835 9113
6661852 9114
6661853 9115
6661856 9116
6661857 9117
6661917 9118
6661919 9119
6661920 9120
6661921 9121
6661923 9122
6661982 9123
6661983 9124
6661984 9125
6661985 9126
6661986 9127
6661987 9128
6662112 9129
6662113 9130
6662115 9131
6662177 9132
6662179 9133
6662242 9134
6662243 9135
6670174 9136
6670176 9137
6670177 9138
6670178 9139
6670239 9140
6670240 9141
6670241 9142
6670242 9143
6670243 9144
6670369 9145
6670370 9146
6670434 9147
6670499 9148
6674335 9149
6674336 9150
6674337 9151
6674338 9152
6674339 9153
6674465 9154
6674466 9155
6674530 9156
6674595 9157
6678496 9158
6678497 9159
6678498 9160
6678561 9161
6678562 9162
6678563 9163
6678626 9164
6678627 9165
6678691 9166
6686818 9167
6686883 9168
6690979 9169
7460767 9170
7460768 9171
7460769 9172
7460771 9173
7460897 9174
7460898 9175
7460962 9176
7461027 9177
7473250 9178
7477411 9179
7727072 9180
7727073 9181
7727137 9182
7727139 9183
7727202 9184
7727203 9185
7735394 9186
7735459 9187
7739555 9188
8525987 9189
68444616 9190
68444620 9191
68444624 9192
68444628 9193
68444632 9194
68444636 9195
68444640 9196
68444681 9197
68444683 9198
68444684 9199
68444685 9200
68444687 9201
68444688 9202
68444689 9203
68444691 9204
68444692 9205
68444693 9206
68444695 9207
68444696 9208
68444697 9209
68444699 9210
68444700 9211
68444701 9212
68444703 9213
68444704 9214
68444705 9215
68444707 9216
68444876 9217
68444879 9218
68444880 9219
68444883 9220
68444884 9221
68444887 9222
68444888 9223
68444891 9224
68444892 9225
68444895 9226
68444896 9227
68444899 9228
68444941 9229
68444943 9230
68444944 9231
68444945 9232
68444947 9233
68444948 9234
68444949 9235
68444951 9236
68444952 9237
68444953 9238
68444955 9239
68444956 9240
68444957 9241
68444959 9242
68444960 9243
68444961 9244
68444963 9245
68445136 9246
68445139 9247
68445140 9248
68445143 9249
68445144 9250
68445147 9251
68445148 9252
68445151 9253
68445152 9254
68445155 9255
68445201 9256
68445203 9257
68445204 9258
68445205 9259
68445207 9260
68445208 9261
68445209 9262
68445211 9263
68445212 9264
68445213 9265
68445215 9266
68445216 9267
68445217 9268
68445219 9269
68445396 9270
68445399 9271
68445400 9272
68445403 9273
68445404 9274
68445407 9275
68445408 9276
68445411 9277
68445461 9278
68445463 9279
68445464 9280
68445465 9281
68445467 9282
68445468 9283
68445469 9284
68445471 9285
68445472 9286
68445473 9287
68445475 9288
68445656 9289
68445659 9290
68445660 9291
68445663 9292
68445664 9293
68445667 9294
68445721 9295
68445723 9296
68445724 9297
68445725 9298
68445727 9299
68445728 9300
68445729 9301
68445731 9302
68445916 9303
68445919 9304
68445920 9305
68445923 9306
68445981 9307
68445983 9308
68445984 9309
68445985 9310
68445987 9311
68446176 9312
68446179 9313
68446241 9314
68446243 9315
68452938 9316
68452940 9317
68452942 9318
68452944 9319
68452946 9320
68452948 9321
68452950 9322
68452952 9323
68452954 9324
68452956 9325
68452958 9326
68452960 9327
68452962 9328
68453003 9329
68453004 9330
68453005 9331
68453006 9332
68453007 9333
68453008 9334
68453009 9335
68453010 9336
68453011 9337
68453012 9338
68453013 9339
68453014 9340
68453015 9341
68453016 9342
68453017 9343
68453018 9344
68453019 9345
68453020 9346
68453021 9347
68453022 9348
68453023 9349
68453024 9350
68453025 9351
68453026 9352
68453027 9353
68453133 9354
68453134 9355
68453136 9356
68453137 9357
68453138 9358
68453140 9359
68453141 9360
68453142 9361
68453144 9362
68453145 9363
68453146 9364
68453148 9365
68453149 9366
68453150 9367
68453152 9368
68453153 9369
68453154 9370
68453198 9371
68453200 9372
68453201 9373
68453202 9374
68453204 9375
68453205 9376
68453206 9377
68453208 9378
68453209 9379
68453210 9380
68453212 9381
68453213 9382
68453214 9383
68453216 9384
68453217 9385
68453218 9386
68453263 9387
68453264 9388
68453265 9389
68453266 9390
68453267 9391
68453268 9392
68453269 9393
68453270 9394
68453271 9395
68453272 9396
68453273 9397
68453274 9398
68453275 9399
68453276 9400
68453277 9401
68453278 9402
68453279 9403
68453280 9404
68453281 9405
68453282 9406
68453283 9407
68453393 9408
68453394 9409
68453396 9410
68453397 9411
68453398 9412
68453400 9413
68453401 9414
68453402 9415
68453404 9416
68453405 9417
68453406 9418
68453408 9419
68453409 9420
68453410 9421
68453458 9422
68453460 9423
68453461 9424
68453462 9425
68453464 9426
68453465 9427
68453466 9428
68453468 9429
68453469 9430
68453470 9431
68453472 9432
68453473 9433
68453474 9434
68453523 9435
68453524 9436
68453525 9437
68453526 9438
68453527 9439
68453528 9440
68453529 9441
68453530 9442
68453531 9443
68453532 9444
68453533 9445
68453534 9446
68453535 9447
68453536 9448
68453537 9449
68453538 9450
68453539 9451
68453653 9452
68453654 9453
68453656 9454
68453657 9455
68453658 9456
68453660 9457
68453661 9458
68453662 9459
68453664 9460
68453665 9461
68453666 9462
68453718 9463
68453720 9464
68453721 9465
68453722 9466
68453724 9467
68453725 9468
68453726 9469
68453728 9470
68453729 9471
68453730 9472
68453783 9473
68453784 9474
68453785 9475
68453786 9476
68453787 9477
68453788 9478
68453789 9479
68453790 9480
68453791 9481
68453792 9482
68453793 9483
68453794 9484
68453795 9485
68453913 9486
68453914 9487
68453916 9488
68453917 9489
68453918 9490
68453920 9491
68453921 9492
68453922 9493
68453978 9494
68453980 9495
68453981 9496
68453982 9497
68453984 9498
68453985 9499
68453986 9500
68454043 9501
68454044 9502
68454045 9503
68454046 9504
68454047 9505
68454048 9506
68454049 9507
68454050 9508
68454051 9509
68454173 9510
68454174 9511
68454176 9512
68454177 9513
68454178 9514
68454238 9515
68454240 9516
68454241 9517
68454242 9518
68454303 9519
68454304 9520
68454305 9521
68454306 9522
68454307 9523
68454433 9524
68454434 9525
68454498 9526
68454563 9527
68461260 9528
68461262 9529
68461264 9530
68461266 9531
68461268 9532
68461270 9533
68461272 9534
68461274 9535
68461276 9536
68461278 9537
68461280 9538
68461282 9539
68461325 9540
68461326 9541
68461327 9542
68461328 9543
68461329 9544
68461330 9545
68461331 9546
68461332 9547
68461333 9548
68461334 9549
68461335 9550
68461336 9551
68461337 9552
68461338 9553
68461339 9554
68461340 9555
68461341 9556
68461342 9557
68461343 9558
68461344 9559
68461345 9560
68461346 9561
68461347 9562
68461455 9563
68461456 9564
68461458 9565
68461459 9566
68461460 9567
68461462 9568
68461463 9569
68461464 9570
68461466 9571
68461467 9572
68461468 9573
68461470 9574
68461471 9575
68461472 9576
68461474 9577
68461475 9578
68461520 9579
68461522 9580
68461523 9581
68461524 9582
68461526 9583
68461527 9584
68461528 9585
68461530 9586
68461531 9587
68461532 9588
68461534 9589
68461535 9590
68461536 9591
68461538 9592
68461539 9593
68461585 9594
68461586 9595
68461587 9596
68461588 9597
68461589 9598
68461590 9599
68461591 9600
68461592 9601
68461593 9602
68461594 9603
68461595 9604
68461596 9605
68461597 9606
68461598 9607
68461599 9608
68461600 9609
68461601 9610
68461602 9611
68461603 9612
68461715 9613
68461716 9614
68461718 9615
68461719 9616
68461720 9617
68461722 9618
68461723 9619
68461724 9620
68461726 9621
68461727 9622
68461728 9623
68461730 9624
68461731 9625
68461780 9626
68461782 9627
68461783 9628
68461784 9629
68461786 9630
68461787 9631
68461788 9632
68461790 9633
68461791 9634
68461792 9635
68461794 9636
68461795 9637
68461845 9638
68461846 9639
68461847 9640
68461848 9641
68461849 9642
68461850 9643
68461851 9644
68461852 9645
68461853 9646
68461854 9647
68461855 9648
68461856 9649
68461857 9650
68461858 9651
68461859 9652
68461975 9653
68461976 9654
68461978 9655
68461979 9656
68461980 9657
68461982 9658
68461983 9659
68461984 9660
68461986 9661
68461987 9662
68462040 9663
68462042 9664
68462043 9665
68462044 9666
68462046 9667
68462047 9668
68462048 9669
68462050 9670
68462051 9671
68462105 9672
68462106 9673
68462107 9674
68462108 9675
68462109 9676
68462110 9677
68462111 9678
68462112 9679
68462113 9680
68462114 9681
68462115 9682
68462235 9683
68462236 9684
68462238 9685
68462239 9686
68462240 9687
68462242 9688
68462243 9689
68462300 9690
68462302 9691
68462303 9692
68462304 9693
68462306 9694
68462307 9695
68462365 9696
68462366 9697
68462367 9698
68462368 9699
68462369 9700
68462370 9701
68462371 9702
68462495 9703
68462496 9704
68462498 9705
68462499 9706
68462560 9707
68462562 9708
68462563 9709
68462625 9710
68462626 9711
68462627 9712
68462755 9713
68469582 9714
68469584 9715
68469586 9716
68469588 9717
68469590 9718
68469592 9719
68469594 9720
68469596 9721
68469598 9722
68469600 9723
68469602 9724
68469647 9725
68469648 9726
68469649 9727
68469650 9728
68469651 9729
68469652 9730
68469653 9731
68469654 9732
68469655 9733
68469656 9734
68469657 9735
68469658 9736
68469659 9737
68469660 9738
68469661 9739
68469662 9740
68469663 9741
68469664 9742
68469665 9743
68469666 9744
68469667 9745
68469777 9746
68469778 9747
68469780 9748
68469781 9749
68469782 9750
68469784 9751
68469785 9752
68469786 9753
68469788 9754
68469789 9755
68469790 9756
68469792 9757
68469793 9758
68469794 9759
68469842 9760
68469844 9761
68469845 9762
68469846 9763
68469848 9764
68469849 9765
68469850 9766
68469852 9767
68469853 9768
68469854 9769
68469856 9770
68469857 9771
68469858 9772
68469907 9773
68469908 9774
68469909 9775
68469910 9776
68469911 9777
68469912 9778
68469913 9779
68469914 9780
68469915 9781
68469916 9782
68469917 9783
68469918 9784
68469919 9785
68469920 9786
68469921 9787
68469922 9788
68469923 9789
68470037 9790
68470038 9791
68470040 9792
68470041 9793
68470042 9794
68470044 9795
68470045 9796
68470046 9797
68470048 9798
68470049 9799
68470050 9800
68470102 9801
68470104 9802
68470105 9803
68470106 9804
68470108 9805
68470109 9806
68470110 9807
68470112 9808
68470113 9809
68470114 9810
68470167 9811
68470168 9812
68470169 9813
68470170 9814
68470171 9815
68470172 9816
68470173 9817
68470174 9818
68470175 9819
68470176 9820
68470177 9821
68470178 9822
68470179 9823
68470297 9824
68470298 9825
68470300 9826
68470301 9827
68470302 9828
68470304 9829
68470305 9830
68470306 9831
68470362 9832
68470364 9833
68470365 9834
68470366 9835
68470368 9836
68470369 9837
68470370 9838
68470427 9839
68470428 9840
68470429 9841
68470430 9842
68470431 9843
68470432 9844
68470433 9845
68470434 9846
68470435 9847
68470557 9848
68470558 9849
68470560 9850
68470561 9851
68470562 9852
68470622 9853
68470624 9854
68470625 9855
68470626 9856
68470687 9857
68470688 9858
68470689 9859
68470690 9860
68470691 9861
68470817 9862
68470818 9863
68470882 9864
68470947 9865
68477904 9866
68477906 9867
68477908 9868
68477910 9869
68477912 9870
68477914 9871
68477916 9872
68477918 9873
68477920 9874
68477922 9875
68477969 9876
68477970 9877
68477971 9878
68477972 9879
68477973 9880
68477974 9881
68477975 9882
68477976 9883
68477977 9884
68477978 9885
68477979 9886
68477980 9887
68477981 9888
68477982 9889
68477983 9890
68477984 9891
68477985 9892
68477986 9893
68477987 9894
68478099 9895
68478100 9896
68478102 9897
68478103 9898
68478104 9899
68478106 9900
68478107 9901
68478108 9902
68478110 9903
68478111 9904
68478112 9905
68478114 9906
68478115 9907
68478164 9908
68478166 9909
68478167 9910
68478168 9911
68478170 9912
68478171 9913
68478172 9914
68478174 9915
68478175 9916
68478176 9917
68478178 9918
68478179 9919
68478229 9920
68478230 9921
68478231 9922
68478232 9923
68478233 9924
68478234 9925
68478235 9926
68478236 9927
68478237 9928
68478238 9929
68478239 9930
68478240 9931
68478241 9932
68478242 9933
68478243 9934
68478359 9935
68478360 9936
68478362 9937
68478363 9938
68478364 9939
68478366 9940
68478367 9941
68478368 9942
68478370 9943
68478371 9944
68478424 9945
68478426 9946
68478427 9947
68478428 9948
68478430 9949
68478431 9950
68478432 9951
68478434 9952
68478435 9953
68478489 9954
68478490 9955
68478491 9956
68478492 9957
68478493 9958
68478494 9959
68478495 9960
68478496 9961
68478497 9962
68478498 9963
68478499 9964
68478619 9965
68478620 9966
68478622 9967
68478623 9968
68478624 9969
68478626 9970
68478627 9971
68478684 9972
68478686 9973
68478687 9974
68478688 9975
68478690 9976
68478691 9977
68478749 9978
68478750 9979
68478751 9980
68478752 9981
68478753 9982
68478754 9983
68478755 9984
68478879 9985
68478880 9986
68478882 9987
68478883 9988
68478944 9989
68478946 9990
68478947 9991
68479009 9992
68479010 9993
68479011 9994
68479139 9995
68486226 9996
68486228 9997
68486230 9998
68486232 9999
68486234 10000
68486236 10001
68486238 10002
68486240 10003
68486242 10004
68486291 10005
68486292 10006
68486293 10007
68486294 10008
68486295 10009
68486296 10010
68486297 10011
68486298 10012
68486299 10013
68486300 10014
68486301 10015
68486302 10016
68486303 10017
68486304 10018
68486305 10019
68486306 10020
68486307 10021
68486421 10022
68486422 10023
68486424 10024
68486425 10025
68486426 10026
68486428 10027
68486429 10028
68486430 10029
68486432 10030
68486433 10031
68486434 10032
68486486 10033
68486488 10034
68486489 10035
68486490 10036
68486492 10037
68486493 10038
68486494 10039
68486496 10040
68486497 10041
68486498 10042
68486551 10043
68486552 10044
68486553 10045
68486554 10046
68486555 10047
68486556 10048
68486557 10049
68486558 10050
68486559 10051
68486560 10052
68486561 10053
68486562 10054
68486563 10055
68486681 10056
68486682 10057
68486684 10058
68486685 10059
68486686 10060
68486688 10061
68486689 10062
68486690 10063
68486746 10064
68486748 10065
68486749 10066
68486750 10067
68486752 10068
68486753 10069
68486754 10070
68486811 10071
68486812 10072
68486813 10073
68486814 10074
68486815 10075
68486816 10076
68486817 10077
68486818 10078
68486819 10079
68486941 10080
68486942 10081
68486944 10082
68486945 10083
68486946 10084
68487006 10085
68487008 10086
68487009 10087
68487010 10088
68487071 10089
68487072 10090
68487073 10091
68487074 10092
68487075 10093
68487201 10094
68487202 10095
68487266 10096
68487331 10097
68494548 10098
68494550 10099
68494552 10100
68494554 10101
68494556 10102
68494558 10103
68494560 10104
68494562 10105
68494613 10106
68494614 10107
68494615 10108
68494616 10109
68494617 10110
68494618 10111
68494619 10112
68494620 10113
68494621 10114
68494622 10115
68494623 10116
68494624 10117
68494625 10118
68494626 10119
68494627 10120
68494743 10121
68494744 10122
68494746 10123
68494747 10124
68494748 10125
68494750 10126
68494751 10127
68494752 10128
68494754 10129
68494755 10130
68494808 10131
68494810 10132
68494811 10133
68494812 10134
68494814 10135
68494815 10136
68494816 10137
68494818 10138
68494819 10139
68494873 10140
68494874 10141
68494875 10142
68494876 10143
68494877 10144
68494878 10145
68494879 10146
68494880 10147
68494881 10148
68494882 10149
68494883 10150
68495003 10151
68495004 10152
68495006 10153
68495007 10154
68495008 10155
68495010 10156
68495011 10157
68495068 10158
68495070 10159
68495071 10160
68495072 10161
68495074 10162
68495075 10163
68495133 10164
68495134 10165
68495135 10166
68495136 10167
68495137 10168
68495138 10169
68495139 10170
68495263 10171
68495264 10172
68495266 10173
68495267 10174
68495328 10175
68495330 10176
68495331 10177
68495393 10178
68495394 10179
68495395 10180
68495523 10181
68502870 10182
68502872 10183
68502874 10184
68502876 10185
68502878 10186
68502880 10187
68502882 10188
68502935 10189
68502936 10190
68502937 10191
68502938 10192
68502939 10193
68502940 10194
68502941 10195
68502942 10196
68502943 10197
68502944 10198
68502945 10199
68502946 10200
68502947 10201
68503065 10202
68503066 10203
68503068 10204
68503069 10205
68503070 10206
68503072 10207
68503073 10208
68503074 10209
68503130 10210
68503132 10211
68503133 10212
68503134 10213
68503136 10214
68503137 10215
68503138 10216
68503195 10217
68503196 10218
68503197 10219
68503198 10220
68503199 10221
68503200 10222
68503201 10223
68503202 10224
68503203 10225
68503325 10226
68503326 10227
68503328 10228
68503329 10229
68503330 10230
68503390 10231
68503392 10232
68503393 10233
68503394 10234
68503455 10235
68503456 10236
68503457 10237
68503458 10238
68503459 10239
68503585 10240
68503586 10241
68503650 10242
68503715 10243
68511192 10244
68511194 10245
68511196 10246
68511198 10247
68511200 10248
68511202 10249
68511257 10250
68511258 10251
68511259 10252
68511260 10253
68511261 10254
68511262 10255
68511263 10256
68511264 10257
68511265 10258
68511266 10259
68511267 10260
68511387 10261
68511388 10262
68511390 10263
68511391 10264
68511392 10265
68511394 10266
68511395 10267
68511452 10268
68511454 10269
68511455 10270
68511456 10271
68511458 10272
68511459 10273
68511517 10274
68511518 10275
68511519 10276
68511520 10277
68511521 10278
68511522 10279
68511523 10280
68511647 10281
68511648 10282
68511650 10283
68511651 10284
68511712 10285
68511714 10286
68511715 10287
68511777 10288
68511778 10289
68511779 10290
68511907 10291
68519514 10292
68519516 10293
68519518 10294
68519520 10295
68519522 10296
68519579 10297
68519580 10298
68519581 10299
68519582 10300
68519583 10301
68519584 10302
68519585 10303
68519586 10304
68519587 10305
68519709 10306
68519710 10307
68519712 10308
68519713 10309
68519714 10310
68519774 10311
68519776 10312
68519777 10313
68519778 10314
68519839 10315
68519840 10316
68519841 10317
68519842 10318
68519843 10319
68519969 10320
68519970 10321
68520034 10322
68520099 10323
68527836 10324
68527838 10325
68527840 10326
68527842 10327
68527901 10328
68527902 10329
68527903 10330
68527904 10331
68527905 10332
68527906 10333
68527907 10334
68528031 10335
68528032 10336
68528034 10337
68528035 10338
68528096 10339
68528098 10340
68528099 10341
68528161 10342
68528162 10343
68528163 10344
68528291 10345
68536158 10346
68536160 10347
68536162 10348
68536223 10349
68536224 10350
68536225 10351
68536226 10352
68536227 10353
68536353 10354
68536354 10355
68536418 10356
68536483 10357
68544480 10358
68544482 10359
68544545 10360
68544546 10361
68544547 10362
68544675 10363
68552802 10364
68552867 10365
69243531 10366
69243532 10367
69243533 10368
69243535 10369
69243536 10370
69243537 10371
69243539 10372
69243540 10373
69243541 10374
69243543 10375
69243544 10376
69243545 10377
69243547 10378
69243548 10379
69243549 10380
69243551 10381
69243552 10382
69243553 10383
69243555 10384
69243661 10385
69243662 10386
69243664 10387
69243665 10388
69243666 10389
69243668 10390
69243669 10391
69243670 10392
69243672 10393
69243673 10394
69243674 10395
69243676 10396
69243677 10397
69243678 10398
69243680 10399
69243681 10400
69243682 10401
69243726 10402
69243728 10403
69243729 10404
69243730 10405
69243732 10406
69243733 10407
69243734 10408
69243736 10409
69243737 10410
69243738 10411
69243740 10412
69243741 10413
69243742 10414
69243744 10415
69243745 10416
69243746 10417
69243791 10418
69243792 10419
69243793 10420
69243794 10421
69243795 10422
69243796 10423
69243797 10424
69243798 10425
69243799 10426
69243800 10427
69243801 10428
69243802 10429
69243803 10430
69243804 10431
69243805 10432
69243806 10433
69243807 10434
69243808 10435
69243809 10436
69243810 10437
69243811 10438
69243921 10439
69243922 10440
69243924 10441
69243925 10442
69243926 10443
69243928 10444
69243929 10445
69243930 10446
69243932 10447
69243933 10448
69243934 10449
69243936 10450
69243937 10451
69243938 10452
69243986 10453
69243988 10454
69243989 10455
69243990 10456
69243992 10457
69243993 10458
69243994 10459
69243996 10460
69243997 10461
69243998 10462
69244000 10463
69244001 10464
69244002 10465
69244051 10466
69244052 10467
69244053 10468
69244054 10469
69244055 10470
69244056 10471
69244057 10472
69244058 10473
69244059 10474
69244060 10475
69244061 10476
69244062 10477
69244063 10478
69244064 10479
69244065 10480
69244066 10481
69244067 10482
69244181 10483
69244182 10484
69244184 10485
69244185 10486
69244186 10487
69244188 10488
69244189 10489
69244190 10490
69244192 10491
69244193 10492
69244194 10493
69244246 10494
69244248 10495
69244249 10496
69244250 10497
69244252 10498
69244253 10499
69244254 10500
69244256 10501
69244257 10502
69244258 10503
69244311 10504
69244312 10505
69244313 10506
69244314 10507
69244315 10508
69244316 10509
69244317 10510
69244318 10511
69244319 10512
69244320 10513
69244321 10514
69244322 10515
69244323 10516
69244441 10517
69244442 10518
69244444 10519
69244445 10520
69244446 10521
69244448 10522
69244449 10523
69244450 10524
69244506 10525
69244508 10526
69244509 10527
69244510 10528
69244512 10529
69244513 10530
69244514 10531
69244571 10532
69244572 10533
69244573 10534
69244574 10535
69244575 10536
69244576 10537
69244577 10538
69244578 10539
69244579 10540
69244701 10541
69244702 10542
69244704 10543
69244705 10544
69244706 10545
69244766 10546
69244768 10547
69244769 10548
69244770 10549
69244831 10550
69244832 10551
69244833 10552
69244834 10553
69244835 10554
69244961 10555
69244962 10556
69245026 10557
69245091 10558
69256014 10559
69256016 10560
69256017 10561
69256018 10562
69256020 10563
69256021 10564
69256022 10565
69256024 10566
69256025 10567
69256026 10568
69256028 10569
69256029 10570
69256030 10571
69256032 10572
69256033 10573
69256034 10574
69256209 10575
69256212 10576
69256213 10577
69256216 10578
69256217 10579
69256220 10580
69256221 10581
69256224 10582
69256225 10583
69256274 10584
69256276 10585
69256277 10586
69256278 10587
69256280 10588
69256281 10589
69256282 10590
69256284 10591
69256285 10592
69256286 10593
69256288 10594
69256289 10595
69256290 10596
69256469 10597
69256472 10598
69256473 10599
69256476 10600
69256477 10601
69256480 10602
69256481 10603
69256534 10604
69256536 10605
69256537 10606
69256538 10607
69256540 10608
69256541 10609
69256542 10610
69256544 10611
69256545 10612
69256546 10613
69256729 10614
69256732 10615
69256733 10616
69256736 10617
69256737 10618
69256794 10619
69256796 10620
69256797 10621
69256798 10622
69256800 10623
69256801 10624
69256802 10625
69256989 10626
69256992 10627
69256993 10628
69257054 10629
69257056 10630
69257057 10631
69257058 10632
69257249 10633
69257314 10634
69260175 10635
69260176 10636
69260177 10637
69260179 10638
69260180 10639
69260181 10640
69260183 10641
69260184 10642
69260185 10643
69260187 10644
69260188 10645
69260189 10646
69260191 10647
69260192 10648
69260193 10649
69260195 10650
69260305 10651
69260306 10652
69260308 10653
69260309 10654
69260310 10655
69260312 10656
69260313 10657
69260314 10658
69260316 10659
69260317 10660
69260318 10661
69260320 10662
69260321 10663
69260322 10664
69260370 10665
69260372 10666
69260373 10667
69260374 10668
69260376 10669
69260377 10670
69260378 10671
69260380 10672
69260381 10673
69260382 10674
69260384 10675
69260385 10676
69260386 10677
69260435 10678
69260436 10679
69260437 10680
69260438 10681
69260439 10682
69260440 10683
69260441 10684
69260442 10685
69260443 10686
69260444 10687
69260445 10688
69260446 10689
69260447 10690
69260448 10691
69260449 10692
69260450 10693
69260451 10694
69260565 10695
69260566 10696
69260568 10697
69260569 10698
69260570 10699
69260572 10700
69260573 10701
69260574 10702
69260576 10703
69260577 10704
69260578 10705
69260630 10706
69260632 10707
69260633 10708
69260634 10709
69260636 10710
69260637 10711
69260638 10712
69260640 10713
69260641 10714
69260642 10715
69260695 10716
69260696 10717
69260697 10718
69260698 10719
69260699 10720
69260700 10721
69260701 10722
69260702 10723
69260703 10724
69260704 10725
69260705 10726
69260706 10727
69260707 10728
69260825 10729
69260826 10730
69260828 10731
69260829 10732
69260830 10733
69260832 10734
69260833 10735
69260834 10736
69260890 10737
69260892 10738
69260893 10739
69260894 10740
69260896 10741
69260897 10742
69260898 10743
69260955 10744
69260956 10745
69260957 10746
69260958 10747
69260959 10748
69260960 10749
69260961 10750
69260962 10751
69260963 10752
69261085 10753
69261086 10754
69261088 10755
69261089 10756
69261090 10757
69261150 10758
69261152 10759
69261153 10760
69261154 10761
69261215 10762
69261216 10763
69261217 10764
69261218 10765
69261219 10766
69261345 10767
69261346 10768
69261410 10769
69261475 10770
69272658 10771
69272660 10772
69272661 10773
69272662 10774
69272664 10775
69272665 10776
69272666 10777
69272668 10778
69272669 10779
69272670 10780
69272672 10781
69272673 10782
69272674 10783
69272853 10784
69272856 10785
69272857 10786
69272860 10787
69272861 10788
69272864 10789
69272865 10790
69272918 10791
69272920 10792
69272921 10793
69272922 10794
69272924 10795
69272925 10796
69272926 10797
69272928 10798
69272929 10799
69272930 10800
69273113 10801
69273116 10802
69273117 10803
69273120 10804
69273121 10805
69273178 10806
69273180 10807
69273181 10808
69273182 10809
69273184 10810
69273185 10811
69273186 10812
69273373 10813
69273376 10814
69273377 10815
69273438 10816
69273440 10817
69273441 10818
69273442 10819
69273633 10820
69273698 10821
69276819 10822
69276820 10823
69276821 10824
69276823 10825
69276824 10826
69276825 10827
69276827 10828
69276828 10829
69276829 10830
69276831 10831
69276832 10832
69276833 10833
69276835 10834
69276949 10835
69276950 10836
69276952 10837
69276953 10838
69276954 10839
69276956 10840
69276957 10841
69276958 10842
69276960 10843
69276961 10844
69276962 10845
69277014 10846
69277016 10847
69277017 10848
69277018 10849
69277020 10850
69277021 10851
69277022 10852
69277024 10853
69277025 10854
69277026 10855
69277079 10856
69277080 10857
69277081 10858
69277082 10859
69277083 10860
69277084 10861
69277085 10862
69277086 10863
69277087 10864
69277088 10865
69277089 10866
69277090 10867
69277091 10868
69277209 10869
69277210 10870
69277212 10871
69277213 10872
69277214 10873
69277216 10874
69277217 10875
69277218 10876
69277274 10877
69277276 10878
69277277 10879
69277278 10880
69277280 10881
69277281 10882
69277282 10883
69277339 10884
69277340 10885
69277341 10886
69277342 10887
69277343 10888
69277344 10889
69277345 10890
69277346 10891
69277347 10892
69277469 10893
69277470 10894
69277472 10895
69277473 10896
69277474 10897
69277534 10898
69277536 10899
69277537 10900
69277538 10901
69277599 10902
69277600 10903
69277601 10904
69277602 10905
69277603 10906
69277729 10907
69277730 10908
69277794 10909
69277859 10910
69289302 10911
69289304 10912
69289305 10913
69289306 10914
69289308 10915
69289309 10916
69289310 10917
69289312 10918
69289313 10919
69289314 10920
69289497 10921
69289500 10922
69289501 10923
69289504 10924
69289505 10925
69289562 10926
69289564 10927
69289565 10928
69289566 10929
69289568 10930
69289569 10931
69289570 10932
69289757 10933
69289760 10934
69289761 10935
69289822 10936
69289824 10937
69289825 10938
69289826 10939
69290017 10940
69290082 10941
69293463 10942
69293464 10943
69293465 10944
69293467 10945
69293468 10946
69293469 10947
69293471 10948
69293472 10949
69293473 10950
69293475 10951
69293593 10952
69293594 10953
69293596 10954
69293597 10955
69293598 10956
69293600 10957
69293601 10958
69293602 10959
69293658 10960
69293660 10961
69293661 10962
69293662 10963
69293664 10964
69293665 10965
69293666 10966
69293723 10967
69293724 10968
69293725 10969
69293726 10970
69293727 10971
69293728 10972
69293729 10973
69293730 10974
69293731 10975
69293853 10976
69293854 10977
69293856 10978
69293857 10979
69293858 10980
69293918 10981
69293920 10982
69293921 10983
69293922 10984
69293983 10985
69293984 10986
69293985 10987
69293986 10988
69293987 10989
69294113 10990
69294114 10991
69294178 10992
69294243 10993
69305946 10994
69305948 10995
69305949 10996
69305950 10997
69305952 10998
69305953 10999
69305954 11000
69306141 11001
69306144 11002
69306145 11003
69306206 11004
69306208 11005
69306209 11006
69306210 11007
69306401 11008
69306466 11009
69310107 11010
69310108 11011
69310109 11012
69310111 11013
69310112 11014
69310113 11015
69310115 11016
69310237 11017
69310238 11018
69310240 11019
69310241 11020
69310242 11021
69310302 11022
69310304 11023
69310305 11024
69310306 11025
69310367 11026
69310368 11027
69310369 11028
69310370 11029
69310371 11030
69310497 11031
69310498 11032
69310562 11033
69310627 11034
69322590 11035
69322592 11036
69322593 11037
69322594 11038
69322785 11039
69322850 11040
69326751 11041
69326752 11042
69326753 11043
69326755 11044
69326881 11045
69326882 11046
69326946 11047
69327011 11048
69339234 11049
69343395 11050
69509836 11051
69509837 11052
69509840 11053
69509841 11054
69509844 11055
69509845 11056
69509848 11057
69509849 11058
69509852 11059
69509853 11060
69509856 11061
69509857 11062
69509901 11063
69509903 11064
69509904 11065
69509905 11066
69509907 11067
69509908 11068
69509909 11069
69509911 11070
69509912 11071
69509913 11072
69509915 11073
69509916 11074
69509917 11075
69509919 11076
69509920 11077
69509921 11078
69509923 11079
69509966 11080
69509967 11081
69509968 11082
69509969 11083
69509970 11084
69509971 11085
69509972 11086
69509973 11087
69509974 11088
69509975 11089
69509976 11090
69509977 11091
69509978 11092
69509979 11093
69509980 11094
69509981 11095
69509982 11096
69509983 11097
69509984 11098
69509985 11099
69509986 11100
69509987 11101
69510096 11102
69510097 11103
69510099 11104
69510100 11105
69510101 11106
69510103 11107
69510104 11108
69510105 11109
69510107 11110
69510108 11111
69510109 11112
69510111 11113
69510112 11114
69510113 11115
69510115 11116
69510161 11117
69510163 11118
69510164 11119
69510165 11120
69510167 11121
69510168 11122
69510169 11123
69510171 11124
69510172 11125
69510173 11126
69510175 11127
69510176 11128
69510177 11129
69510179 11130
69510226 11131
69510227 11132
69510228 11133
69510229 11134
69510230 11135
69510231 11136
69510232 11137
69510233 11138
69510234 11139
69510235 11140
69510236 11141
69510237 11142
69510238 11143
69510239 11144
69510240 11145
69510241 11146
69510242 11147
69510243 11148
69510356 11149
69510357 11150
69510359 11151
69510360 11152
69510361 11153
69510363 11154
69510364 11155
69510365 11156
69510367 11157
69510368 11158
69510369 11159
69510371 11160
69510421 11161
69510423 11162
69510424 11163
69510425 11164
69510427 11165
69510428 11166
69510429 11167
69510431 11168
69510432 11169
69510433 11170
69510435 11171
69510486 11172
69510487 11173
69510488 11174
69510489 11175
69510490 11176
69510491 11177
69510492 11178
69510493 11179
69510494 11180
69510495 11181
69510496 11182
69510497 11183
69510498 11184
69510499 11185
69510616 11186
69510617 11187
69510619 11188
69510620 11189
69510621 11190
69510623 11191
69510624 11192
69510625 11193
69510627 11194
69510681 11195
69510683 11196
69510684 11197
69510685 11198
69510687 11199
69510688 11200
69510689 11201
69510691 11202
69510746 11203
69510747 11204
69510748 11205
69510749 11206
69510750 11207
69510751 11208
69510752 11209
69510753 11210
69510754 11211
69510755 11212
69510876 11213
69510877 11214
69510879 11215
69510880 11216
69510881 11217
69510883 11218
69510941 11219
69510943 11220
69510944 11221
69510945 11222
69510947 11223
69511006 11224
69511007 11225
69511008 11226
69511009 11227
69511010 11228
69511011 11229
69511136 11230
69511137 11231
69511139 11232
69511201 11233
69511203 11234
69511266 11235
69511267 11236
69518158 11237
69518160 11238
69518161 11239
69518162 11240
69518164 11241
69518165 11242
69518166 11243
69518168 11244
69518169 11245
69518170 11246
69518172 11247
69518173 11248
69518174 11249
69518176 11250
69518177 11251
69518178 11252
69518223 11253
69518224 11254
69518225 11255
69518226 11256
69518227 11257
69518228 11258
69518229 11259
69518230 11260
69518231 11261
69518232 11262
69518233 11263
69518234 11264
69518235 11265
69518236 11266
69518237 11267
69518238 11268
69518239 11269
69518240 11270
69518241 11271
69518242 11272
69518243 11273
69518353 11274
69518354 11275
69518356 11276
69518357 11277
69518358 11278
69518360 11279
69518361 11280
69518362 11281
69518364 11282
69518365 11283
69518366 11284
69518368 11285
69518369 11286
69518370 11287
69518418 11288
69518420 11289
69518421 11290
69518422 11291
69518424 11292
69518425 11293
69518426 11294
69518428 11295
69518429 11296
69518430 11297
69518432 11298
69518433 11299
69518434 11300
69518483 11301
69518484 11302
69518485 11303
69518486 11304
69518487 11305
69518488 11306
69518489 11307
69518490 11308
69518491 11309
69518492 11310
69518493 11311
69518494 11312
69518495 11313
69518496 11314
69518497 11315
69518498 11316
69518499 11317
69518613 11318
69518614 11319
69518616 11320
69518617 11321
69518618 11322
69518620 11323
69518621 11324
69518622 11325
69518624 11326
69518625 11327
69518626 11328
69518678 11329
69518680 11330
69518681 11331
69518682 11332
69518684 11333
69518685 11334
69518686 11335
69518688 11336
69518689 11337
69518690 11338
69518743 11339
69518744 11340
69518745 11341
69518746 11342
69518747 11343
69518748 11344
69518749 11345
69518750 11346
69518751 11347
69518752 11348
69518753 11349
69518754 11350
69518755 11351
69518873 11352
69518874 11353
69518876 11354
69518877 11355
69518878 11356
69518880 11357
69518881 11358
69518882 11359
69518938 11360
69518940 11361
69518941 11362
69518942 11363
69518944 11364
69518945 11365
69518946 11366
69519003 11367
69519004 11368
69519005 11369
69519006 11370
69519007 11371
69519008 11372
69519009 11373
69519010 11374
69519011 11375
69519133 11376
69519134 11377
69519136 11378
69519137 11379
69519138 11380
69519198 11381
69519200 11382
69519201 11383
69519202 11384
69519263 11385
69519264 11386
69519265 11387
69519266 11388
69519267 11389
69519393 11390
69519394 11391
69519458 11392
69519523 11393
69522319 11394
69522320 11395
69522321 11396
69522322 11397
69522323 11398
69522324 11399
69522325 11400
69522326 11401
69522327 11402
69522328 11403
69522329 11404
69522330 11405
69522331 11406
69522332 11407
69522333 11408
69522334 11409
69522335 11410
69522336 11411
69522337 11412
69522338 11413
69522339 11414
69522449 11415
69522450 11416
69522452 11417
69522453 11418
69522454 11419
69522456 11420
69522457 11421
69522458 11422
69522460 11423
69522461 11424
69522462 11425
69522464 11426
69522465 11427
69522466 11428
69522514 11429
69522516 11430
69522517 11431
69522518 11432
69522520 11433
69522521 11434
69522522 11435
69522524 11436
69522525 11437
69522526 11438
69522528 11439
69522529 11440
69522530 11441
69522579 11442
69522580 11443
69522581 11444
69522582 11445
69522583 11446
69522584 11447
69522585 11448
69522586 11449
69522587 11450
69522588 11451
69522589 11452
69522590 11453
69522591 11454
69522592 11455
69522593 11456
69522594 11457
69522595 11458
69522709 11459
69522710 11460
69522712 11461
69522713 11462
69522714 11463
69522716 11464
69522717 11465
69522718 11466
69522720 11467
69522721 11468
69522722 11469
69522774 11470
69522776 11471
69522777 11472
69522778 11473
69522780 11474
69522781 11475
69522782 11476
69522784 11477
69522785 11478
69522786 11479
69522839 11480
69522840 11481
69522841 11482
69522842 11483
69522843 11484
69522844 11485
69522845 11486
69522846 11487
69522847 11488
69522848 11489
69522849 11490
69522850 11491
69522851 11492
69522969 11493
69522970 11494
69522972 11495
69522973 11496
69522974 11497
69522976 11498
69522977 11499
69522978 11500
69523034 11501
69523036 11502
69523037 11503
69523038 11504
69523040 11505
69523041 11506
69523042 11507
69523099 11508
69523100 11509
69523101 11510
69523102 11511
69523103 11512
69523104 11513
69523105 11514
69523106 11515
69523107 11516
69523229 11517
69523230 11518
69523232 11519
69523233 11520
69523234 11521
69523294 11522
69523296 11523
69523297 11524
69523298 11525
69523359 11526
69523360 11527
69523361 11528
69523362 11529
69523363 11530
69523489 11531
69523490 11532
69523554 11533
69523619 11534
69526480 11535
69526481 11536
69526482 11537
69526484 11538
69526485 11539
69526486 11540
69526488 11541
69526489 11542
69526490 11543
69526492 11544
69526493 11545
69526494 11546
69526496 11547
69526497 11548
69526498 11549
69526545 11550
69526546 11551
69526547 11552
69526548 11553
69526549 11554
69526550 11555
69526551 11556
69526552 11557
69526553 11558
69526554 11559
69526555 11560
69526556 11561
69526557 11562
69526558 11563
69526559 11564
69526560 11565
69526561 11566
69526562 11567
69526563 11568
69526610 11569
69526611 11570
69526612 11571
69526613 11572
69526614 11573
69526615 11574
69526616 11575
69526617 11576
69526618 11577
69526619 11578
69526620 11579
69526621 11580
69526622 11581
69526623 11582
69526624 11583
69526625 11584
69526626 11585
69526627 11586
69526675 11587
69526676 11588
69526677 11589
69526678 11590
69526679 11591
69526680 11592
69526681 11593
69526682 11594
69526683 11595
69526684 11596
69526685 11597
69526686 11598
69526687 11599
69526688 11600
69526689 11601
69526690 11602
69526691 11603
69526740 11604
69526741 11605
69526742 11606
69526743 11607
69526744 11608
69526745 11609
69526746 11610
69526747 11611
69526748 11612
69526749 11613
69526750 11614
69526751 11615
69526752 11616
69526753 11617
69526754 11618
69526755 11619
69526805 11620
69526806 11621
69526807 11622
69526808 11623
69526809 11624
69526810 11625
69526811 11626
69526812 11627
69526813 11628
69526814 11629
69526815 11630
69526816 11631
69526817 11632
69526818 11633
69526819 11634
69526870 11635
69526871 11636
69526872 11637
69526873 11638
69526874 11639
69526875 11640
69526876 11641
69526877 11642
69526878 11643
69526879 11644
69526880 11645
69526881 11646
69526882 11647
69526883 11648
69526935 11649
69526936 11650
69526937 11651
69526938 11652
69526939 11653
69526940 11654
69526941 11655
69526942 11656
69526943 11657
69526944 11658
69526945 11659
69526946 11660
69526947 11661
69527000 11662
69527001 11663
69527002 11664
69527003 11665
69527004 11666
69527005 11667
69527006 11668
69527007 11669
69527008 11670
69527009 11671
69527010 11672
69527011 11673
69527065 11674
69527066 11675
69527067 11676
69527068 11677
69527069 11678
69527070 11679
69527071 11680
69527072 11681
69527073 11682
69527074 11683
69527075 11684
69527130 11685
69527131 11686
69527132 11687
69527133 11688
69527134 11689
69527135 11690
69527136 11691
69527137 11692
69527138 11693
69527139 11694
69527195 11695
69527196 11696
69527197 11697
69527198 11698
69527199 11699
69527200 11700
69527201 11701
69527202 11702
69527203 11703
69527260 11704
69527261 11705
69527262 11706
69527263 11707
69527264 11708
69527265 11709
69527266 11710
69527267 11711
69527325 11712
69527326 11713
69527327 11714
69527328 11715
69527329 11716
69527330 11717
69527331 11718
69527390 11719
69527391 11720
69527392 11721
69527393 11722
69527394 11723
69527395 11724
69527455 11725
69527456 11726
69527457 11727
69527458 11728
69527459 11729
69527520 11730
69527521 11731
69527522 11732
69527523 11733
69527585 11734
69527586 11735
69527587 11736
69527650 11737
69527651 11738
69527715 11739
69534802 11740
69534804 11741
69534805 11742
69534806 11743
69534808 11744
69534809 11745
69534810 11746
69534812 11747
69534813 11748
69534814 11749
69534816 11750
69534817 11751
69534818 11752
69534867 11753
69534868 11754
69534869 11755
69534870 11756
69534871 11757
69534872 11758
69534873 11759
69534874 11760
69534875 11761
69534876 11762
69534877 11763
69534878 11764
69534879 11765
69534880 11766
69534881 11767
69534882 11768
69534883 11769
69534997 11770
69534998 11771
69535000 11772
69535001 11773
69535002 11774
69535004 11775
69535005 11776
69535006 11777
69535008 11778
69535009 11779
69535010 11780
69535062 11781
69535064 11782
69535065 11783
69535066 11784
69535068 11785
69535069 11786
69535070 11787
69535072 11788
69535073 11789
69535074 11790
69535127 11791
69535128 11792
69535129 11793
69535130 11794
69535131 11795
69535132 11796
69535133 11797
69535134 11798
69535135 11799
69535136 11800
69535137 11801
69535138 11802
69535139 11803
69535257 11804
69535258 11805
69535260 11806
69535261 11807
69535262 11808
69535264 11809
69535265 11810
69535266 11811
69535322 11812
69535324 11813
69535325 11814
69535326 11815
69535328 11816
69535329 11817
69535330 11818
69535387 11819
69535388 11820
69535389 11821
69535390 11822
69535391 11823
69535392 11824
69535393 11825
69535394 11826
69535395 11827
69535517 11828
69535518 11829
69535520 11830
69535521 11831
69535522 11832
69535582 11833
69535584 11834
69535585 11835
69535586 11836
69535647 11837
69535648 11838
69535649 11839
69535650 11840
69535651 11841
69535777 11842
69535778 11843
69535842 11844
69535907 11845
69538963 11846
69538964 11847
69538965 11848
69538966 11849
69538967 11850
69538968 11851
69538969 11852
69538970 11853
69538971 11854
69538972 11855
69538973 11856
69538974 11857
69538975 11858
69538976 11859
69538977 11860
69538978 11861
69538979 11862
69539093 11863
69539094 11864
69539096 11865
69539097 11866
69539098 11867
69539100 11868
69539101 11869
69539102 11870
69539104 11871
69539105 11872
69539106 11873
69539158 11874
69539160 11875
69539161 11876
69539162 11877
69539164 11878
69539165 11879
69539166 11880
69539168 11881
69539169 11882
69539170 11883
69539223 11884
69539224 11885
69539225 11886
69539226 11887
69539227 11888
69539228 11889
69539229 11890
69539230 11891
69539231 11892
69539232 11893
69539233 11894
69539234 11895
69539235 11896
69539353 11897
69539354 11898
69539356 11899
69539357 11900
69539358 11901
69539360 11902
69539361 11903
69539362 11904
69539418 11905
69539420 11906
69539421 11907
69539422 11908
69539424 11909
69539425 11910
69539426 11911
69539483 11912
69539484 11913
69539485 11914
69539486 11915
69539487 11916
69539488 11917
69539489 11918
69539490 11919
69539491 11920
69539613 11921
69539614 11922
69539616 11923
69539617 11924
69539618 11925
69539678 11926
69539680 11927
69539681 11928
69539682 11929
69539743 11930
69539744 11931
69539745 11932
69539746 11933
69539747 11934
69539873 11935
69539874 11936
69539938 11937
69540003 11938
69543124 11939
69543125 11940
69543126 11941
69543128 11942
69543129 11943
69543130 11944
69543132 11945
69543133 11946
69543134 11947
69543136 11948
69543137 11949
69543138 11950
69543189 11951
69543190 11952
69543191 11953
69543192 11954
69543193 11955
69543194 11956
69543195 11957
69543196 11958
69543197 11959
69543198 11960
69543199 11961
69543200 11962
69543201 11963
69543202 11964
69543203 11965
69543254 11966
69543255 11967
69543256 11968
69543257 11969
69543258 11970
69543259 11971
69543260 11972
69543261 11973
69543262 11974
69543263 11975
69543264 11976
69543265 11977
69543266 11978
69543267 11979
69543319 11980
69543320 11981
69543321 11982
69543322 11983
69543323 11984
69543324 11985
69543325 11986
69543326 11987
69543327 11988
69543328 11989
69543329 11990
69543330 11991
69543331 11992
69543384 11993
69543385 11994
69543386 11995
69543387 11996
69543388 11997
69543389 11998
69543390 11999
69543391 12000
69543392 12001
69543393 12002
69543394 12003
69543395 12004
69543449 12005
69543450 12006
69543451 12007
69543452 12008
69543453 12009
69543454 12010
69543455 12011
69543456 12012
69543457 12013
69543458 12014
69543459 12015
69543514 12016
69543515 12017
69543516 12018
69543517 12019
69543518 12020
69543519 12021
69543520 12022
69543521 12023
69543522 12024
69543523 12025
69543579 12026
69543580 12027
69543581 12028
69543582 12029
69543583 12030
69543584 12031
69543585 12032
69543586 12033
69543587 12034
69543644 12035
69543645 12036
69543646 12037
69543647 12038
69543648 12039
69543649 12040
69543650 12041
69543651 12042
69543709 12043
69543710 12044
69543711 12045
69543712 12046
69543713 12047
69543714 12048
69543715 12049
69543774 12050
69543775 12051
69543776 12052
69543777 12053
69543778 12054
69543779 12055
69543839 12056
69543840 12057
69543841 12058
69543842 12059
69543843 12060
69543904 12061
69543905 12062
69543906 12063
69543907 12064
69543969 12065
69543970 12066
69543971 12067
69544034 12068
69544035 12069
69544099 12070
69551446 12071
69551448 12072
69551449 12073
69551450 12074
69551452 12075
69551453 12076
69551454 12077
69551456 12078
69551457 12079
69551458 12080
69551511 12081
69551512 12082
69551513 12083
69551514 12084
69551515 12085
69551516 12086
69551517 12087
69551518 12088
69551519 12089
69551520 12090
69551521 12091
69551522 12092
69551523 12093
69551641 12094
69551642 12095
69551644 12096
69551645 12097
69551646 12098
69551648 12099
69551649 12100
69551650 12101
69551706 12102
69551708 12103
69551709 12104
69551710 12105
69551712 12106
69551713 12107
69551714 12108
69551771 12109
69551772 12110
69551773 12111
69551774 12112
69551775 12113
69551776 12114
69551777 12115
69551778 12116
69551779 12117
69551901 12118
69551902 12119
69551904 12120
69551905 12121
69551906 12122
69551966 12123
69551968 12124
69551969 12125
69551970 12126
69552031 12127
69552032 12128
69552033 12129
69552034 12130
69552035 12131
69552161 12132
69552162 12133
69552226 12134
69552291 12135
69555607 12136
69555608 12137
69555609 12138
69555610 12139
69555611 12140
69555612 12141
69555613 12142
69555614 12143
69555615 12144
69555616 12145
69555617 12146
69555618 12147
69555619 12148
69555737 12149
69555738 12150
69555740 12151
69555741 12152
69555742 12153
69555744 12154
69555745 12155
69555746 12156
69555802 12157
69555804 12158
69555805 12159
69555806 12160
69555808 12161
69555809 12162
69555810 12163
69555867 12164
69555868 12165
69555869 12166
69555870 12167
69555871 12168
69555872 12169
69555873 12170
69555874 12171
69555875 12172
69555997 12173
69555998 12174
69556000 12175
69556001 12176
69556002 12177
69556062 12178
69556064 12179
69556065 12180
69556066 12181
69556127 12182
69556128 12183
69556129 12184
69556130 12185
69556131 12186
69556257 12187
69556258 12188
69556322 12189
69556387 12190
69559768 12191
69559769 12192
69559770 12193
69559772 12194
69559773 12195
69559774 12196
69559776 12197
69559777 12198
69559778 12199
69559833 12200
69559834 12201
69559835 12202
69559836 12203
69559837 12204
69559838 12205
69559839 12206
69559840 12207
69559841 12208
69559842 12209
69559843 12210
69559898 12211
69559899 12212
69559900 12213
69559901 12214
69559902 12215
69559903 12216
69559904 12217
69559905 12218
69559906 12219
69559907 12220
69559963 12221
69559964 12222
69559965 12223
69559966 12224
69559967 12225
69559968 12226
69559969 12227
69559970 12228
69559971 12229
69560028 12230
69560029 12231
69560030 12232
69560031 12233
69560032 12234
69560033 12235
69560034 12236
69560035 12237
69560093 12238
69560094 12239
69560095 12240
69560096 12241
69560097 12242
69560098 12243
69560099 12244
69560158 12245
69560159 12246
69560160 12247
69560161 12248
69560162 12249
69560163 12250
69560223 12251
69560224 12252
69560225 12253
69560226 12254
69560227 12255
69560288 12256
69560289 12257
69560290 12258
69560291 12259
69560353 12260
69560354 12261
69560355 12262
69560418 12263
69560419 12264
69560483 12265
69568090 12266
69568092 12267
69568093 12268
69568094 12269
69568096 12270
69568097 12271
69568098 12272
69568155 12273
69568156 12274
69568157 12275
69568158 12276
69568159 12277
69568160 12278
69568161 12279
69568162 12280
69568163 12281
69568285 12282
69568286 12283
69568288 12284
69568289 12285
69568290 12286
69568350 12287
69568352 12288
69568353 12289
69568354 12290
69568415 12291
69568416 12292
69568417 12293
69568418 12294
69568419 12295
69568545 12296
69568546 12297
69568610 12298
69568675 12299
69572251 12300
69572252 12301
69572253 12302
69572254 12303
69572255 12304
69572256 12305
69572257 12306
69572258 12307
69572259 12308
69572381 12309
69572382 12310
69572384 12311
69572385 12312
69572386 12313
69572446 12314
69572448 12315
69572449 12316
69572450 12317
69572511 12318
69572512 12319
69572513 12320
69572514 12321
69572515 12322
69572641 12323
69572642 12324
69572706 12325
69572771 12326
69576412 12327
69576413 12328
69576414 12329
69576416 12330
69576417 12331
69576418 12332
69576477 12333
69576478 12334
69576479 12335
69576480 12336
69576481 12337
69576482 12338
69576483 12339
69576542 12340
69576543 12341
69576544 12342
69576545 12343
69576546 12344
69576547 12345
69576607 12346
69576608 12347
69576609 12348
69576610 12349
69576611 12350
69576672 12351
69576673 12352
69576674 12353
69576675 12354
69576737 12355
69576738 12356
69576739 12357
69576802 12358
69576803 12359
69576867 12360
69584734 12361
69584736 12362
69584737 12363
69584738 12364
69584799 12365
69584800 12366
69584801 12367
69584802 12368
69584803 12369
69584929 12370
69584930 12371
69584994 12372
69585059 12373
69588895 12374
69588896 12375
69588897 12376
69588898 12377
69588899 12378
69589025 12379
69589026 12380
69589090 12381
69589155 12382
69593056 12383
69593057 12384
69593058 12385
69593121 12386
69593122 12387
69593123 12388
69593186 12389
69593187 12390
69593251 12391
69601378 12392
69601443 12393
69605539 12394
70308751 12395
70308752 12396
70308753 12397
70308755 12398
70308756 12399
70308757 12400
70308759 12401
70308760 12402
70308761 12403
70308763 12404
70308764 12405
70308765 12406
70308767 12407
70308768 12408
70308769 12409
70308771 12410
70308881 12411
70308882 12412
70308884 12413
70308885 12414
70308886 12415
70308888 12416
70308889 12417
70308890 12418
70308892 12419
70308893 12420
70308894 12421
70308896 12422
70308897 12423
70308898 12424
70308946 12425
70308948 12426
70308949 12427
70308950 12428
70308952 12429
70308953 12430
70308954 12431
70308956 12432
70308957 12433
70308958 12434
70308960 12435
70308961 12436
70308962 12437
70309011 12438
70309012 12439
70309013 12440
70309014 12441
70309015 12442
70309016 12443
70309017 12444
70309018 12445
70309019 12446
70309020 12447
70309021 12448
70309022 12449
70309023 12450
70309024 12451
70309025 12452
70309026 12453
70309027 12454
70309141 12455
70309142 12456
70309144 12457
70309145 12458
70309146 12459
70309148 12460
70309149 12461
70309150 12462
70309152 12463
70309153 12464
70309154 12465
70309206 12466
70309208 12467
70309209 12468
70309210 12469
70309212 12470
70309213 12471
70309214 12472
70309216 12473
70309217 12474
70309218 12475
70309271 12476
70309272 12477
70309273 12478
70309274 12479
70309275 12480
70309276 12481
70309277 12482
70309278 12483
70309279 12484
70309280 12485
70309281 12486
70309282 12487
70309283 12488
70309401 12489
70309402 12490
70309404 12491
70309405 12492
70309406 12493
70309408 12494
70309409 12495
70309410 12496
70309466 12497
70309468 12498
70309469 12499
70309470 12500
70309472 12501
70309473 12502
70309474 12503
70309531 12504
70309532 12505
70309533 12506
70309534 12507
70309535 12508
70309536 12509
70309537 12510
70309538 12511
70309539 12512
70309661 12513
70309662 12514
70309664 12515
70309665 12516
70309666 12517
70309726 12518
70309728 12519
70309729 12520
70309730 12521
70309791 12522
70309792 12523
70309793 12524
70309794 12525
70309795 12526
70309921 12527
70309922 12528
70309986 12529
70310051 12530
70321234 12531
70321236 12532
70321237 12533
70321238 12534
70321240 12535
70321241 12536
70321242 12537
70321244 12538
70321245 12539
70321246 12540
70321248 12541
70321249 12542
70321250 12543
70321429 12544
70321432 12545
70321433 12546
70321436 12547
70321437 12548
70321440 12549
70321441 12550
70321494 12551
70321496 12552
70321497 12553
70321498 12554
70321500 12555
70321501 12556
70321502 12557
70321504 12558
70321505 12559
70321506 12560
70321689 12561
70321692 12562
70321693 12563
70321696 12564
70321697 12565
70321754 12566
70321756 12567
70321757 12568
70321758 12569
70321760 12570
70321761 12571
70321762 12572
70321949 12573
70321952 12574
70321953 12575
70322014 12576
70322016 12577
70322017 12578
70322018 12579
70322209 12580
70322274 12581
70325395 12582
70325396 12583
70325397 12584
70325399 12585
70325400 12586
70325401 12587
70325403 12588
70325404 12589
70325405 12590
70325407 12591
70325408 12592
70325409 12593
70325411 12594
70325525 12595
70325526 12596
70325528 12597
70325529 12598
70325530 12599
70325532 12600
70325533 12601
70325534 12602
70325536 12603
70325537 12604
70325538 12605
70325590 12606
70325592 12607
70325593 12608
70325594 12609
70325596 12610
70325597 12611
70325598 12612
70325600 12613
70325601 12614
70325602 12615
70325655 12616
70325656 12617
70325657 12618
70325658 12619
70325659 12620
70325660 12621
70325661 12622
70325662 12623
70325663 12624
70325664 12625
70325665 12626
70325666 12627
70325667 12628
70325785 12629
70325786 12630
70325788 12631
70325789 12632
70325790 12633
70325792 12634
70325793 12635
70325794 12636
70325850 12637
70325852 12638
70325853 12639
70325854 12640
70325856 12641
70325857 12642
70325858 12643
70325915 12644
70325916 12645
70325917 12646
70325918 12647
70325919 12648
70325920 12649
70325921 12650
70325922 12651
70325923 12652
70326045 12653
70326046 12654
70326048 12655
70326049 12656
70326050 12657
70326110 12658
70326112 12659
70326113 12660
70326114 12661
70326175 12662
70326176 12663
70326177 12664
70326178 12665
70326179 12666
70326305 12667
70326306 12668
70326370 12669
70326435 12670
70337878 12671
70337880 12672
70337881 12673
70337882 12674
70337884 12675
70337885 12676
70337886 12677
70337888 12678
70337889 12679
70337890 12680
70338073 12681
70338076 12682
70338077 12683
70338080 12684
70338081 12685
70338138 12686
70338140 12687
70338141 12688
70338142 12689
70338144 12690
70338145 12691
70338146 12692
70338333 12693
70338336 12694
70338337 12695
70338398 12696
70338400 12697
70338401 12698
70338402 12699
70338593 12700
70338658 12701
70342039 12702
70342040 12703
70342041 12704
70342043 12705
70342044 12706
70342045 12707
70342047 12708
70342048 12709
70342049 12710
70342051 12711
70342169 12712
70342170 12713
70342172 12714
70342173 12715
70342174 12716
70342176 12717
70342177 12718
70342178 12719
70342234 12720
70342236 12721
70342237 12722
70342238 12723
70342240 12724
70342241 12725
70342242 12726
70342299 12727
70342300 12728
70342301 12729
70342302 12730
70342303 12731
70342304 12732
70342305 12733
70342306 12734
70342307 12735
70342429 12736
70342430 12737
70342432 12738
70342433 12739
70342434 12740
70342494 12741
70342496 12742
70342497 12743
70342498 12744
70342559 12745
70342560 12746
70342561 12747
70342562 12748
70342563 12749
70342689 12750
70342690 12751
70342754 12752
70342819 12753
70354522 12754
70354524 12755
70354525 12756
70354526 12757
70354528 12758
70354529 12759
70354530 12760
70354717 12761
70354720 12762
70354721 12763
70354782 12764
70354784 12765
70354785 12766
70354786 12767
70354977 12768
70355042 12769
70358683 12770
70358684 12771
70358685 12772
70358687 12773
70358688 12774
70358689 12775
70358691 12776
70358813 12777
70358814 12778
70358816 12779
70358817 12780
70358818 12781
70358878 12782
70358880 12783
70358881 12784
70358882 12785
70358943 12786
70358944 12787
70358945 12788
70358946 12789
70358947 12790
70359073 12791
70359074 12792
70359138 12793
70359203 12794
70371166 12795
70371168 12796
70371169 12797
70371170 12798
70371361 12799
70371426 12800
70375327 12801
70375328 12802
70375329 12803
70375331 12804
70375457 12805
70375458 12806
70375522 12807
70375587 12808
70387810 12809
70391971 12810
70575056 12811
70575057 12812
70575060 12813
70575061 12814
70575064 12815
70575065 12816
70575068 12817
70575069 12818
70575072 12819
70575073 12820
70575121 12821
70575123 12822
70575124 12823
70575125 12824
70575127 12825
70575128 12826
70575129 12827
70575131 12828
70575132 12829
70575133 12830
70575135 12831
70575136 12832
70575137 12833
70575139 12834
70575186 12835
70575187 12836
70575188 12837
70575189 12838
70575190 12839
70575191 12840
70575192 12841
70575193 12842
70575194 12843
70575195 12844
70575196 12845
70575197 12846
70575198 12847
70575199 12848
70575200 12849
70575201 12850
70575202 12851
70575203 12852
70575316 12853
70575317 12854
70575319 12855
70575320 12856
70575321 12857
70575323 12858
70575324 12859
70575325 12860
70575327 12861
70575328 12862
70575329 12863
70575331 12864
70575381 12865
70575383 12866
70575384 12867
70575385 12868
70575387 12869
70575388 12870
70575389 12871
70575391 12872
70575392 12873
70575393 12874
70575395 12875
70575446 12876
70575447 12877
70575448 12878
70575449 12879
70575450 12880
70575451 12881
70575452 12882
70575453 12883
70575454 12884
70575455 12885
70575456 12886
70575457 12887
70575458 12888
70575459 12889
70575576 12890
70575577 12891
70575579 12892
70575580 12893
70575581 12894
70575583 12895
70575584 12896
70575585 12897
70575587 12898
70575641 12899
70575643 12900
70575644 12901
70575645 12902
70575647 12903
70575648 12904
70575649 12905
70575651 12906
70575706 12907
70575707 12908
70575708 12909
70575709 12910
70575710 12911
70575711 12912
70575712 12913
70575713 12914
70575714 12915
70575715 12916
70575836 12917
70575837 12918
70575839 12919
70575840 12920
70575841 12921
70575843 12922
70575901 12923
70575903 12924
70575904 12925
70575905 12926
70575907 12927
70575966 12928
70575967 12929
70575968 12930
70575969 12931
70575970 12932
70575971 12933
70576096 12934
70576097 12935
70576099 12936
70576161 12937
70576163 12938
70576226 12939
70576227 12940
70583378 12941
70583380 12942
70583381 12943
70583382 12944
70583384 12945
70583385 12946
70583386 12947
70583388 12948
70583389 12949
70583390 12950
70583392 12951
70583393 12952
70583394 12953
70583443 12954
70583444 12955
70583445 12956
70583446 12957
70583447 12958
70583448 12959
70583449 12960
70583450 12961
70583451 12962
70583452 12963
70583453 12964
70583454 12965
70583455 12966
70583456 12967
70583457 12968
70583458 12969
70583459 12970
70583573 12971
70583574 12972
70583576 12973
70583577 12974
70583578 12975
70583580 12976
70583581 12977
70583582 12978
70583584 12979
70583585 12980
70583586 12981
70583638 12982
70583640 12983
70583641 12984
70583642 12985
70583644 12986
70583645 12987
70583646 12988
70583648 12989
70583649 12990
70583650 12991
70583703 12992
70583704 12993
70583705 12994
70583706 12995
70583707 12996
70583708 12997
70583709 12998
70583710 12999
70583711 13000
70583712 13001
70583713 13002
70583714 13003
70583715 13004
70583833 13005
70583834 13006
70583836 13007
70583837 13008
70583838 13009
70583840 13010
70583841 13011
70583842 13012
70583898 13013
70583900 13014
70583901 13015
70583902 13016
70583904 13017
70583905 13018
70583906 13019
70583963 13020
70583964 13021
70583965 13022
70583966 13023
70583967 13024
70583968 13025
70583969 13026
70583970 13027
70583971 13028
70584093 13029
70584094 13030
70584096 13031
70584097 13032
70584098 13033
70584158 13034
70584160 13035
70584161 13036
70584162 13037
70584223 13038
70584224 13039
70584225 13040
70584226 13041
70584227 13042
70584353 13043
70584354 13044
70584418 13045
70584483 13046
70587539 13047
70587540 13048
70587541 13049
70587542 13050
70587543 13051
70587544 13052
70587545 13053
70587546 13054
70587547 13055
70587548 13056
70587549 13057
70587550 13058
70587551 13059
70587552 13060
70587553 13061
70587554 13062
70587555 13063
70587669 13064
70587670 13065
70587672 13066
70587673 13067
70587674 13068
70587676 13069
70587677 13070
70587678 13071
70587680 13072
70587681 13073
70587682 13074
70587734 13075
70587736 13076
70587737 13077
70587738 13078
70587740 13079
70587741 13080
70587742 13081
70587744 13082
70587745 13083
70587746 13084
70587799 13085
70587800 13086
70587801 13087
70587802 13088
70587803 13089
70587804 13090
70587805 13091
70587806 13092
70587807 13093
70587808 13094
70587809 13095
70587810 13096
70587811 13097
70587929 13098
70587930 13099
70587932 13100
70587933 13101
70587934 13102
70587936 13103
70587937 13104
70587938 13105
70587994 13106
70587996 13107
70587997 13108
70587998 13109
70588000 13110
70588001 13111
70588002 13112
70588059 13113
70588060 13114
70588061 13115
70588062 13116
70588063 13117
70588064 13118
70588065 13119
70588066 13120
70588067 13121
70588189 13122
70588190 13123
70588192 13124
70588193 13125
70588194 13126
70588254 13127
70588256 13128
70588257 13129
70588258 13130
70588319 13131
70588320 13132
70588321 13133
70588322 13134
70588323 13135
70588449 13136
70588450 13137
70588514 13138
70588579 13139
70591700 13140
70591701 13141
70591702 13142
70591704 13143
70591705 13144
70591706 13145
70591708 13146
70591709 13147
70591710 13148
70591712 13149
70591713 13150
70591714 13151
70591765 13152
70591766 13153
70591767 13154
70591768 13155
70591769 13156
70591770 13157
70591771 13158
70591772 13159
70591773 13160
70591774 13161
70591775 13162
70591776 13163
70591777 13164
70591778 13165
70591779 13166
70591830 13167
70591831 13168
70591832 13169
70591833 13170
70591834 13171
70591835 13172
70591836 13173
70591837 13174
70591838 13175
70591839 13176
70591840 13177
70591841 13178
70591842 13179
70591843 13180
70591895 13181
70591896 13182
70591897 13183
70591898 13184
70591899 13185
70591900 13186
70591901 13187
70591902 13188
70591903 13189
70591904 13190
70591905 13191
70591906 13192
70591907 13193
70591960 13194
70591961 13195
70591962 13196
70591963 13197
70591964 13198
70591965 13199
70591966 13200
70591967 13201
70591968 13202
70591969 13203
70591970 13204
70591971 13205
70592025 13206
70592026 13207
70592027 13208
70592028 13209
70592029 13210
70592030 13211
70592031 13212
70592032 13213
70592033 13214
70592034 13215
70592035 13216
70592090 13217
70592091 13218
70592092 13219
70592093 13220
70592094 13221
70592095 13222
70592096 13223
70592097 13224
70592098 13225
70592099 13226
70592155 13227
70592156 13228
70592157 13229
70592158 13230
70592159 13231
70592160 13232
70592161 13233
70592162 13234
70592163 13235
70592220 13236
70592221 13237
70592222 13238
70592223 13239
70592224 13240
70592225 13241
70592226 13242
70592227 13243
70592285 13244
70592286 13245
70592287 13246
70592288 13247
70592289 13248
70592290 13249
70592291 13250
70592350 13251
70592351 13252
70592352 13253
70592353 13254
70592354 13255
70592355 13256
70592415 13257
70592416 13258
70592417 13259
70592418 13260
70592419 13261
70592480 13262
70592481 13263
70592482 13264
70592483 13265
70592545 13266
70592546 13267
70592547 13268
70592610 13269
70592611 13270
70592675 13271
70600022 13272
70600024 13273
70600025 13274
70600026 13275
70600028 13276
70600029 13277
70600030 13278
70600032 13279
70600033 13280
70600034 13281
70600087 13282
70600088 13283
70600089 13284
70600090 13285
70600091 13286
70600092 13287
70600093 13288
70600094 13289
70600095 13290
70600096 13291
70600097 13292
70600098 13293
70600099 13294
70600217 13295
70600218 13296
70600220 13297
70600221 13298
70600222 13299
70600224 13300
70600225 13301
70600226 13302
70600282 13303
70600284 13304
70600285 13305
70600286 13306
70600288 13307
70600289 13308
70600290 13309
70600347 13310
70600348 13311
70600349 13312
70600350 13313
70600351 13314
70600352 13315
70600353 13316
70600354 13317
70600355 13318
70600477 13319
70600478 13320
70600480 13321
70600481 13322
70600482 13323
70600542 13324
70600544 13325
70600545 13326
70600546 13327
70600607 13328
70600608 13329
70600609 13330
70600610 13331
70600611 13332
70600737 13333
70600738 13334
70600802 13335
70600867 13336
70604183 13337
70604184 13338
70604185 13339
70604186 13340
70604187 13341
70604188 13342
70604189 13343
70604190 13344
70604191 13345
70604192 13346
70604193 13347
70604194 13348
70604195 13349
70604313 13350
70604314 13351
70604316 13352
70604317 13353
70604318 13354
70604320 13355
70604321 13356
70604322 13357
70604378 13358
70604380 13359
70604381 13360
70604382 13361
70604384 13362
70604385 13363
70604386 13364
70604443 13365
70604444 13366
70604445 13367
70604446 13368
70604447 13369
70604448 13370
70604449 13371
70604450 13372
70604451 13373
70604573 13374
70604574 13375
70604576 13376
70604577 13377
70604578 13378
70604638 13379
70604640 13380
70604641 13381
70604642 13382
70604703 13383
70604704 13384
70604705 13385
70604706 13386
70604707 13387
70604833 13388
70604834 13389
70604898 13390
70604963 13391
70608344 13392
70608345 13393
70608346 13394
70608348 13395
70608349 13396
70608350 13397
70608352 13398
70608353 13399
70608354 13400
70608409 13401
70608410 13402
70608411 13403
70608412 13404
70608413 13405
70608414 13406
70608415 13407
70608416 13408
70608417 13409
70608418 13410
70608419 13411
70608474 13412
70608475 13413
70608476 13414
70608477 13415
70608478 13416
70608479 13417
70608480 13418
70608481 13419
70608482 13420
70608483 13421
70608539 13422
70608540 13423
70608541 13424
70608542 13425
70608543 13426
70608544 13427
70608545 13428
70608546 13429
70608547 13430
70608604 13431
70608605 13432
70608606 13433
70608607 13434
70608608 13435
70608609 13436
70608610 13437
70608611 13438
70608669 13439
70608670 13440
70608671 13441
70608672 13442
70608673 13443
70608674 13444
70608675 13445
70608734 13446
70608735 13447
70608736 13448
70608737 13449
70608738 13450
70608739 13451
70608799 13452
70608800 13453
70608801 13454
70608802 13455
70608803 13456
70608864 13457
70608865 13458
70608866 13459
70608867 13460
70608929 13461
70608930 13462
70608931 13463
70608994 13464
70608995 13465
70609059 13466
70616666 13467
70616668 13468
70616669 13469
70616670 13470
70616672 13471
70616673 13472
70616674 13473
70616731 13474
70616732 13475
70616733 13476
70616734 13477
70616735 13478
70616736 13479
70616737 13480
70616738 13481
70616739 13482
70616861 13483
70616862 13484
70616864 13485
70616865 13486
70616866 13487
70616926 13488
70616928 13489
70616929 13490
70616930 13491
70616991 13492
70616992 13493
70616993 13494
70616994 13495
70616995 13496
70617121 13497
70617122 13498
70617186 13499
70617251 13500
70620827 13501
70620828 13502
70620829 13503
70620830 13504
70620831 13505
70620832 13506
70620833 13507
70620834 13508
70620835 13509
70620957 13510
70620958 13511
70620960 13512
70620961 13513
70620962 13514
70621022 13515
70621024 13516
70621025 13517
70621026 13518
70621087 13519
70621088 13520
70621089 13521
70621090 13522
70621091 13523
70621217 13524
70621218 13525
70621282 13526
70621347 13527
70624988 13528
70624989 13529
70624990 13530
70624992 13531
70624993 13532
70624994 13533
70625053 13534
70625054 13535
70625055 13536
70625056 13537
70625057 13538
70625058 13539
70625059 13540
70625118 13541
70625119 13542
70625120 13543
70625121 13544
70625122 13545
70625123 13546
70625183 13547
70625184 13548
70625185 13549
70625186 13550
70625187 13551
70625248 13552
70625249 13553
70625250 13554
70625251 13555
70625313 13556
70625314 13557
70625315 13558
70625378 13559
70625379 13560
70625443 13561
70633310 13562
70633312 13563
70633313 13564
70633314 13565
70633375 13566
70633376 13567
70633377 13568
70633378 13569
70633379 13570
70633505 13571
70633506 13572
70633570 13573
70633635 13574
70637471 13575
70637472 13576
70637473 13577
70637474 13578
70637475 13579
70637601 13580
70637602 13581
70637666 13582
70637731 13583
70641632 13584
70641633 13585
70641634 13586
70641697 13587
70641698 13588
70641699 13589
70641762 13590
70641763 13591
70641827 13592
70649954 13593
70650019 13594
70654115 13595
71373971 13596
71373972 13597
71373973 13598
71373975 13599
71373976 13600
71373977 13601
71373979 13602
71373980 13603
71373981 13604
71373983 13605
71373984 13606
71373985 13607
71373987 13608
71374101 13609
71374102 13610
71374104 13611
71374105 13612
71374106 13613
71374108 13614
71374109 13615
71374110 13616
71374112 13617
71374113 13618
71374114 13619
71374166 13620
71374168 13621
71374169 13622
71374170 13623
71374172 13624
71374173 13625
71374174 13626
71374176 13627
71374177 13628
71374178 13629
71374231 13630
71374232 13631
71374233 13632
71374234 13633
71374235 13634
71374236 13635
71374237 13636
71374238 13637
71374239 13638
71374240 13639
71374241 13640
71374242 13641
71374243 13642
71374361 13643
71374362 13644
71374364 13645
71374365 13646
71374366 13647
71374368 13648
71374369 13649
71374370 13650
71374426 13651
71374428 13652
71374429 13653
71374430 13654
71374432 13655
71374433 13656
71374434 13657
71374491 13658
71374492 13659
71374493 13660
71374494 13661
71374495 13662
71374496 13663
71374497 13664
71374498 13665
71374499 13666
71374621 13667
71374622 13668
71374624 13669
71374625 13670
71374626 13671
71374686 13672
71374688 13673
71374689 13674
71374690 13675
71374751 13676
71374752 13677
71374753 13678
71374754 13679
71374755 13680
71374881 13681
71374882 13682
71374946 13683
71375011 13684
71386454 13685
71386456 13686
71386457 13687
71386458 13688
71386460 13689
71386461 13690
71386462 13691
71386464 13692
71386465 13693
71386466 13694
71386649 13695
71386652 13696
71386653 13697
71386656 13698
71386657 13699
71386714 13700
71386716 13701
71386717 13702
71386718 13703
71386720 13704
71386721 13705
71386722 13706
71386909 13707
71386912 13708
71386913 13709
71386974 13710
71386976 13711
71386977 13712
71386978 13713
71387169 13714
71387234 13715
71390615 13716
71390616 13717
71390617 13718
71390619 13719
71390620 13720
71390621 13721
71390623 13722
71390624 13723
71390625 13724
71390627 13725
71390745 13726
71390746 13727
71390748 13728
71390749 13729
71390750 13730
71390752 13731
71390753 13732
71390754 13733
71390810 13734
71390812 13735
71390813 13736
71390814 13737
71390816 13738
71390817 13739
71390818 13740
71390875 13741
71390876 13742
71390877 13743
71390878 13744
71390879 13745
71390880 13746
71390881 13747
71390882 13748
71390883 13749
71391005 13750
71391006 13751
71391008 13752
71391009 13753
71391010 13754
71391070 13755
71391072 13756
71391073 13757
71391074 13758
71391135 13759
71391136 13760
71391137 13761
71391138 13762
71391139 13763
71391265 13764
71391266 13765
71391330 13766
71391395 13767
71403098 13768
71403100 13769
71403101 13770
71403102 13771
71403104 13772
71403105 13773
71403106 13774
71403293 13775
71403296 13776
71403297 13777
71403358 13778
71403360 13779
71403361 13780
71403362 13781
71403553 13782
71403618 13783
71407259 13784
71407260 13785
71407261 13786
71407263 13787
71407264 13788
71407265 13789
71407267 13790
71407389 13791
71407390 13792
71407392 13793
71407393 13794
71407394 13795
71407454 13796
71407456 13797
71407457 13798
71407458 13799
71407519 13800
71407520 13801
71407521 13802
71407522 13803
71407523 13804
71407649 13805
71407650 13806
71407714 13807
71407779 13808
71419742 13809
71419744 13810
71419745 13811
71419746 13812
71419937 13813
71420002 13814
71423903 13815
71423904 13816
71423905 13817
71423907 13818
71424033 13819
71424034 13820
71424098 13821
71424163 13822
71436386 13823
71440547 13824
71640276 13825
71640277 13826
71640280 13827
71640281 13828
71640284 13829
71640285 13830
71640288 13831
71640289 13832
71640341 13833
71640343 13834
71640344 13835
71640345 13836
71640347 13837
71640348 13838
71640349 13839
71640351 13840
71640352 13841
71640353 13842
71640355 13843
71640406 13844
71640407 13845
71640408 13846
71640409 13847
71640410 13848
71640411 13849
71640412 13850
71640413 13851
71640414 13852
71640415 13853
71640416 13854
71640417 13855
71640418 13856
71640419 13857
71640536 13858
71640537 13859
71640539 13860
71640540 13861
71640541 13862
71640543 13863
71640544 13864
71640545 13865
71640547 13866
71640601 13867
71640603 13868
71640604 13869
71640605 13870
71640607 13871
71640608 13872
71640609 13873
71640611 13874
71640666 13875
71640667 13876
71640668 13877
71640669 13878
71640670 13879
71640671 13880
71640672 13881
71640673 13882
71640674 13883
71640675 13884
71640796 13885
71640797 13886
71640799 13887
71640800 13888
71640801 13889
71640803 13890
71640861 13891
71640863 13892
71640864 13893
71640865 13894
71640867 13895
71640926 13896
71640927 13897
71640928 13898
71640929 13899
71640930 13900
71640931 13901
71641056 13902
71641057 13903
71641059 13904
71641121 13905
71641123 13906
71641186 13907
71641187 13908
71648598 13909
71648600 13910
71648601 13911
71648602 13912
71648604 13913
71648605 13914
71648606 13915
71648608 13916
71648609 13917
71648610 13918
71648663 13919
71648664 13920
71648665 13921
71648666 13922
71648667 13923
71648668 13924
71648669 13925
71648670 13926
71648671 13927
71648672 13928
71648673 13929
71648674 13930
71648675 13931
71648793 13932
71648794 13933
71648796 13934
71648797 13935
71648798 13936
71648800 13937
71648801 13938
71648802 13939
71648858 13940
71648860 13941
71648861 13942
71648862 13943
71648864 13944
71648865 13945
71648866 13946
71648923 13947
71648924 13948
71648925 13949
71648926 13950
71648927 13951
71648928 13952
71648929 13953
71648930 13954
71648931 13955
71649053 13956
71649054 13957
71649056 13958
71649057 13959
71649058 13960
71649118 13961
71649120 13962
71649121 13963
71649122 13964
71649183 13965
71649184 13966
71649185 13967
71649186 13968
71649187 13969
71649313 13970
71649314 13971
71649378 13972
71649443 13973
71652759 13974
71652760 13975
71652761 13976
71652762 13977
71652763 13978
71652764 13979
71652765 13980
71652766 13981
71652767 13982
71652768 13983
71652769 13984
71652770 13985
71652771 13986
71652889 13987
71652890 13988
71652892 13989
71652893 13990
71652894 13991
71652896 13992
71652897 13993
71652898 13994
71652954 13995
71652956 13996
71652957 13997
71652958 13998
71652960 13999
71652961 14000
71652962 14001
71653019 14002
71653020 14003
71653021 14004
71653022 14005
71653023 14006
71653024 14007
71653025 14008
71653026 14009
71653027 14010
71653149 14011
71653150 14012
71653152 14013
71653153 14014
71653154 14015
71653214 14016
71653216 14017
71653217 14018
71653218 14019
71653279 14020
71653280 14021
71653281 14022
71653282 14023
71653283 14024
71653409 14025
71653410 14026
71653474 14027
71653539 14028
71656920 14029
71656921 14030
71656922 14031
71656924 14032
71656925 14033
71656926 14034
71656928 14035
71656929 14036
71656930 14037
71656985 14038
71656986 14039
71656987 14040
71656988 14041
71656989 14042
71656990 14043
71656991 14044
71656992 14045
71656993 14046
71656994 14047
71656995 14048
71657050 14049
71657051 14050
71657052 14051
71657053 14052
71657054 14053
71657055 14054
71657056 14055
71657057 14056
71657058 14057
71657059 14058
71657115 14059
71657116 14060
71657117 14061
71657118 14062
71657119 14063
71657120 14064
71657121 14065
71657122 14066
71657123 14067
71657180 14068
71657181 14069
71657182 14070
71657183 14071
71657184 14072
71657185 14073
71657186 14074
71657187 14075
71657245 14076
71657246 14077
71657247 14078
71657248 14079
71657249 14080
71657250 14081
71657251 14082
71657310 14083
71657311 14084
71657312 14085
71657313 14086
71657314 14087
71657315 14088
71657375 14089
71657376 14090
71657377 14091
71657378 14092
71657379 14093
71657440 14094
71657441 14095
71657442 14096
71657443 14097
71657505 14098
71657506 14099
71657507 14100
71657570 14101
71657571 14102
71657635 14103
71665242 14104
71665244 14105
71665245 14106
71665246 14107
71665248 14108
71665249 14109
71665250 14110
71665307 14111
71665308 14112
71665309 14113
71665310 14114
71665311 14115
71665312 14116
71665313 14117
71665314 14118
71665315 14119
71665437 14120
71665438 14121
71665440 14122
71665441 14123
71665442 14124
71665502 14125
71665504 14126
71665505 14127
71665506 14128
71665567 14129
71665568 14130
71665569 14131
71665570 14132
71665571 14133
71665697 14134
71665698 14135
71665762 14136
71665827 14137
71669403 14138
71669404 14139
71669405 14140
71669406 14141
71669407 14142
71669408 14143
71669409 14144
71669410 14145
71669411 14146
71669533 14147
71669534 14148
71669536 14149
71669537 14150
71669538 14151
71669598 14152
71669600 14153
71669601 14154
71669602 14155
71669663 14156
71669664 14157
71669665 14158
71669666 14159
71669667 14160
71669793 14161
71669794 14162
71669858 14163
71669923 14164
71673564 14165
71673565 14166
71673566 14167
71673568 14168
71673569 14169
71673570 14170
71673629 14171
71673630 14172
71673631 14173
71673632 14174
71673633 14175
71673634 14176
71673635 14177
71673694 14178
71673695 14179
71673696 14180
71673697 14181
71673698 14182
71673699 14183
71673759 14184
71673760 14185
71673761 14186
71673762 14187
71673763 14188
71673824 14189
71673825 14190
71673826 14191
71673827 14192
71673889 14193
71673890 14194
71673891 14195
71673954 14196
71673955 14197
71674019 14198
71681886 14199
71681888 14200
71681889 14201
71681890 14202
71681951 14203
71681952 14204
71681953 14205
71681954 14206
71681955 14207
71682081 14208
71682082 14209
71682146 14210
71682211 14211
71686047 14212
71686048 14213
71686049 14214
71686050 14215
71686051 14216
71686177 14217
71686178 14218
71686242 14219
71686307 14220
71690208 14221
71690209 14222
71690210 14223
71690273 14224
71690274 14225
71690275 14226
71690338 14227
71690339 14228
71690403 14229
71698530 14230
71698595 14231
71702691 14232
72439191 14233
72439192 14234
72439193 14235
72439195 14236
72439196 14237
72439197 14238
72439199 14239
72439200 14240
72439201 14241
72439203 14242
72439321 14243
72439322 14244
72439324 14245
72439325 14246
72439326 14247
72439328 14248
72439329 14249
72439330 14250
72439386 14251
72439388 14252
72439389 14253
72439390 14254
72439392 14255
72439393 14256
72439394 14257
72439451 14258
72439452 14259
72439453 14260
72439454 14261
72439455 14262
72439456 14263
72439457 14264
72439458 14265
72439459 14266
72439581 14267
72439582 14268
72439584 14269
72439585 14270
72439586 14271
72439646 14272
72439648 14273
72439649 14274
72439650 14275
72439711 14276
72439712 14277
72439713 14278
72439714 14279
72439715 14280
72439841 14281
72439842 14282
72439906 14283
72439971 14284
72451674 14285
72451676 14286
72451677 14287
72451678 14288
72451680 14289
72451681 14290
72451682 14291
72451869 14292
72451872 14293
72451873 14294
72451934 14295
72451936 14296
72451937 14297
72451938 14298
72452129 14299
72452194 14300
72455835 14301
72455836 14302
72455837 14303
72455839 14304
72455840 14305
72455841 14306
72455843 14307
72455965 14308
72455966 14309
72455968 14310
72455969 14311
72455970 14312
72456030 14313
72456032 14314
72456033 14315
72456034 14316
72456095 14317
72456096 14318
72456097 14319
72456098 14320
72456099 14321
72456225 14322
72456226 14323
72456290 14324
72456355 14325
72468318 14326
72468320 14327
72468321 14328
72468322 14329
72468513 14330
72468578 14331
72472479 14332
72472480 14333
72472481 14334
72472483 14335
72472609 14336
72472610 14337
72472674 14338
72472739 14339
72484962 14340
72489123 14341
72705496 14342
72705497 14343
72705500 14344
72705501 14345
72705504 14346
72705505 14347
72705561 14348
72705563 14349
72705564 14350
72705565 14351
72705567 14352
72705568 14353
72705569 14354
72705571 14355
72705626 14356
72705627 14357
72705628 14358
72705629 14359
72705630 14360
72705631 14361
72705632 14362
72705633 14363
72705634 14364
72705635 14365
72705756 14366
72705757 14367
72705759 14368
72705760 14369
72705761 14370
72705763 14371
72705821 14372
72705823 14373
72705824 14374
72705825 14375
72705827 14376
72705886 14377
72705887 14378
72705888 14379
72705889 14380
72705890 14381
72705891 14382
72706016 14383
72706017 14384
72706019 14385
72706081 14386
72706083 14387
72706146 14388
72706147 14389
72713818 14390
72713820 14391
72713821 14392
72713822 14393
72713824 14394
72713825 14395
72713826 14396
72713883 14397
72713884 14398
72713885 14399
72713886 14400
72713887 14401
72713888 14402
72713889 14403
72713890 14404
72713891 14405
72714013 14406
72714014 14407
72714016 14408
72714017 14409
72714018 14410
72714078 14411
72714080 14412
72714081 14413
72714082 14414
72714143 14415
72714144 14416
72714145 14417
72714146 14418
72714147 14419
72714273 14420
72714274 14421
72714338 14422
72714403 14423
72717979 14424
72717980 14425
72717981 14426
72717982 14427
72717983 14428
72717984 14429
72717985 14430
72717986 14431
72717987 14432
72718109 14433
72718110 14434
72718112 14435
72718113 14436
72718114 14437
72718174 14438
72718176 14439
72718177 14440
72718178 14441
72718239 14442
72718240 14443
72718241 14444
72718242 14445
72718243 14446
72718369 14447
72718370 14448
72718434 14449
72718499 14450
72722140 14451
72722141 14452
72722142 14453
72722144 14454
72722145 14455
72722146 14456
72722205 14457
72722206 14458
72722207 14459
72722208 14460
72722209 14461
72722210 14462
72722211 14463
72722270 14464
72722271 14465
72722272 14466
72722273 14467
72722274 14468
72722275 14469
72722335 14470
72722336 14471
72722337 14472
72722338 14473
72722339 14474
72722400 14475
72722401 14476
72722402 14477
72722403 14478
72722465 14479
72722466 14480
72722467 14481
72722530 14482
72722531 14483
72722595 14484
72730462 14485
72730464 14486
72730465 14487
72730466 14488
72730527 14489
72730528 14490
72730529 14491
72730530 14492
72730531 14493
72730657 14494
72730658 14495
72730722 14496
72730787 14497
72734623 14498
72734624 14499
72734625 14500
72734626 14501
72734627 14502
72734753 14503
72734754 14504
72734818 14505
72734883 14506
72738784 14507
72738785 14508
72738786 14509
72738849 14510
72738850 14511
72738851 14512
72738914 14513
72738915 14514
72738979 14515
72747106 14516
72747171 14517
72751267 14518
73504411 14519
73504412 14520
73504413 14521
73504415 14522
73504416 14523
73504417 14524
73504419 14525
73504541 14526
73504542 14527
73504544 14528
73504545 14529
73504546 14530
73504606 14531
73504608 14532
73504609 14533
73504610 14534
73504671 14535
73504672 14536
73504673 14537
73504674 14538
73504675 14539
73504801 14540
73504802 14541
73504866 14542
73504931 14543
73516894 14544
73516896 14545
73516897 14546
73516898 14547
73517089 14548
73517154 14549
73521055 14550
73521056 14551
73521057 14552
73521059 14553
73521185 14554
73521186 14555
73521250 14556
73521315 14557
73533538 14558
73537699 14559
73770716 14560
73770717 14561
73770720 14562
73770721 14563
73770781 14564
73770783 14565
73770784 14566
73770785 14567
73770787 14568
73770846 14569
73770847 14570
73770848 14571
73770849 14572
73770850 14573
73770851 14574
73770976 14575
73770977 14576
73770979 14577
73771041 14578
73771043 14579
73771106 14580
73771107 14581
73779038 14582
73779040 14583
73779041 14584
73779042 14585
73779103 14586
73779104 14587
73779105 14588
73779106 14589
73779107 14590
73779233 14591
73779234 14592
73779298 14593
73779363 14594
73783199 14595
73783200 14596
73783201 14597
73783202 14598
73783203 14599
73783329 14600
73783330 14601
73783394 14602
73783459 14603
73787360 14604
73787361 14605
73787362 14606
73787425 14607
73787426 14608
73787427 14609
73787490 14610
73787491 14611
73787555 14612
73795682 14613
73795747 14614
73799843 14615
74569631 14616
74569632 14617
74569633 14618
74569635 14619
74569761 14620
74569762 14621
74569826 14622
74569891 14623
74582114 14624
74586275 14625
74835936 14626
74835937 14627
74836001 14628
74836003 14629
74836066 14630
74836067 14631
74844258 14632
74844323 14633
74848419 14634
75634851 14635
136618700 14636
136618704 14637
136618708 14638
136618712 14639
136618716 14640
136618720 14641
136618765 14642
136618767 14643
136618768 14644
136618769 14645
136618771 14646
136618772 14647
136618773 14648
136618775 14649
136618776 14650
136618777 14651
136618779 14652
136618780 14653
136618781 14654
136618783 14655
136618784 14656
136618785 14657
136618787 14658
136618960 14659
136618963 14660
136618964 14661
136618967 14662
136618968 14663
136618971 14664
136618972 14665
136618975 14666
136618976 14667
136618979 14668
136619025 14669
136619027 14670
136619028 14671
136619029 14672
136619031 14673
136619032 14674
136619033 14675
136619035 14676
136619036 14677
136619037 14678
136619039 14679
136619040 14680
136619041 14681
136619043 14682
136619220 14683
136619223 14684
136619224 14685
136619227 14686
136619228 14687
136619231 14688
136619232 14689
136619235 14690
136619285 14691
136619287 14692
136619288 14693
136619289 14694
136619291 14695
136619292 14696
136619293 14697
136619295 14698
136619296 14699
136619297 14700
136619299 14701
136619480 14702
136619483 14703
136619484 14704
136619487 14705
136619488 14706
136619491 14707
136619545 14708
136619547 14709
136619548 14710
136619549 14711
136619551 14712
136619552 14713
136619553 14714
136619555 14715
136619740 14716
136619743 14717
136619744 14718
136619747 14719
136619805 14720
136619807 14721
136619808 14722
136619809 14723
136619811 14724
136620000 14725
136620003 14726
136620065 14727
136620067 14728
136627022 14729
136627024 14730
136627026 14731
136627028 14732
136627030 14733
136627032 14734
136627034 14735
136627036 14736
136627038 14737
136627040 14738
136627042 14739
136627087 14740
136627088 14741
136627089 14742
136627090 14743
136627091 14744
136627092 14745
136627093 14746
136627094 14747
136627095 14748
136627096 14749
136627097 14750
136627098 14751
136627099 14752
136627100 14753
136627101 14754
136627102 14755
136627103 14756
136627104 14757
136627105 14758
136627106 14759
136627107 14760
136627217 14761
136627218 14762
136627220 14763
136627221 14764
136627222 14765
136627224 14766
136627225 14767
136627226 14768
136627228 14769
136627229 14770
136627230 14771
136627232 14772
136627233 14773
136627234 14774
136627282 14775
136627284 14776
136627285 14777
136627286 14778
136627288 14779
136627289 14780
136627290 14781
136627292 14782
136627293 14783
136627294 14784
136627296 14785
136627297 14786
136627298 14787
136627347 14788
136627348 14789
136627349 14790
136627350 14791
136627351 14792
136627352 14793
136627353 14794
136627354 14795
136627355 14796
136627356 14797
136627357 14798
136627358 14799
136627359 14800
136627360 14801
136627361 14802
136627362 14803
136627363 14804
136627477 14805
136627478 14806
136627480 14807
136627481 14808
136627482 14809
136627484 14810
136627485 14811
136627486 14812
136627488 14813
136627489 14814
136627490 14815
136627542 14816
136627544 14817
136627545 14818
136627546 14819
136627548 14820
136627549 14821
136627550 14822
136627552 14823
136627553 14824
136627554 14825
136627607 14826
136627608 14827
136627609 14828
136627610 14829
136627611 14830
136627612 14831
136627613 14832
136627614 14833
136627615 14834
136627616 14835
136627617 14836
136627618 14837
136627619 14838
136627737 14839
136627738 14840
136627740 14841
136627741 14842
136627742 14843
136627744 14844
136627745 14845
136627746 14846
136627802 14847
136627804 14848
136627805 14849
136627806 14850
136627808 14851
136627809 14852
136627810 14853
136627867 14854
136627868 14855
136627869 14856
136627870 14857
136627871 14858
136627872 14859
136627873 14860
136627874 14861
136627875 14862
136627997 14863
136627998 14864
136628000 14865
136628001 14866
136628002 14867
136628062 14868
136628064 14869
136628065 14870
136628066 14871
136628127 14872
136628128 14873
136628129 14874
136628130 14875
136628131 14876
136628257 14877
136628258 14878
136628322 14879
136628387 14880
136635344 14881
136635346 14882
136635348 14883
136635350 14884
136635352 14885
136635354 14886
136635356 14887
136635358 14888
136635360 14889
136635362 14890
136635409 14891
136635410 14892
136635411 14893
136635412 14894
136635413 14895
136635414 14896
136635415 14897
136635416 14898
136635417 14899
136635418 14900
136635419 14901
136635420 14902
136635421 14903
136635422 14904
136635423 14905
136635424 14906
136635425 14907
136635426 14908
136635427 14909
136635539 14910
136635540 14911
136635542 14912
136635543 14913
136635544 14914
136635546 14915
136635547 14916
136635548 14917
136635550 14918
136635551 14919
136635552 14920
136635554 14921
136635555 14922
136635604 14923
136635606 14924
136635607 14925
136635608 14926
136635610 14927
136635611 14928
136635612 14929
136635614 14930
136635615 14931
136635616 14932
136635618 14933
136635619 14934
136635669 14935
136635670 14936
136635671 14937
136635672 14938
136635673 14939
136635674 14940
136635675 14941
136635676 14942
136635677 14943
136635678 14944
136635679 14945
136635680 14946
136635681 14947
136635682 14948
136635683 14949
136635799 14950
136635800 14951
136635802 14952
136635803 14953
136635804 14954
136635806 14955
136635807 14956
136635808 14957
136635810 14958
136635811 14959
136635864 14960
136635866 14961
136635867 14962
136635868 14963
136635870 14964
136635871 14965
136635872 14966
136635874 14967
136635875 14968
136635929 14969
136635930 14970
136635931 14971
136635932 14972
136635933 14973
136635934 14974
136635935 14975
136635936 14976
136635937 14977
136635938 14978
136635939 14979
136636059 14980
136636060 14981
136636062 14982
136636063 14983
136636064 14984
136636066 14985
136636067 14986
136636124 14987
136636126 14988
136636127 14989
136636128 14990
136636130 14991
136636131 14992
136636189 14993
136636190 14994
136636191 14995
136636192 14996
136636193 14997
136636194 14998
136636195 14999
136636319 15000
136636320 15001
136636322 15002
136636323 15003
136636384 15004
136636386 15005
136636387 15006
136636449 15007
136636450 15008
136636451 15009
136636579 15010
136643666 15011
136643668 15012
136643670 15013
136643672 15014
136643674 15015
136643676 15016
136643678 15017
136643680 15018
136643682 15019
136643731 15020
136643732 15021
136643733 15022
136643734 15023
136643735 15024
136643736 15025
136643737 15026
136643738 15027
136643739 15028
136643740 15029
136643741 15030
136643742 15031
136643743 15032
136643744 15033
136643745 15034
136643746 15035
136643747 15036
136643861 15037
136643862 15038
136643864 15039
136643865 15040
136643866 15041
136643868 15042
136643869 15043
136643870 15044
136643872 15045
136643873 15046
136643874 15047
136643926 15048
136643928 15049
136643929 15050
136643930 15051
136643932 15052
136643933 15053
136643934 15054
136643936 15055
136643937 15056
136643938 15057
136643991 15058
136643992 15059
136643993 15060
136643994 15061
136643995 15062
136643996 15063
136643997 15064
136643998 15065
136643999 15066
136644000 15067
136644001 15068
136644002 15069
136644003 15070
136644121 15071
136644122 15072
136644124 15073
136644125 15074
136644126 15075
136644128 15076
136644129 15077
136644130 15078
136644186 15079
136644188 15080
136644189 15081
136644190 15082
136644192 15083
136644193 15084
136644194 15085
136644251 15086
136644252 15087
136644253 15088
136644254 15089
136644255 15090
136644256 15091
136644257 15092
136644258 15093
136644259 15094
136644381 15095
136644382 15096
136644384 15097
136644385 15098
136644386 15099
136644446 15100
136644448 15101
136644449 15102
136644450 15103
136644511 15104
136644512 15105
136644513 15106
136644514 15107
136644515 15108
136644641 15109
136644642 15110
136644706 15111
136644771 15112
136651988 15113
136651990 15114
136651992 15115
136651994 15116
136651996 15117
136651998 15118
136652000 15119
136652002 15120
136652053 15121
136652054 15122
136652055 15123
136652056 15124
136652057 15125
136652058 15126
136652059 15127
136652060 15128
136652061 15129
136652062 15130
136652063 15131
136652064 15132
136652065 15133
136652066 15134
136652067 15135
136652183 15136
136652184 15137
136652186 15138
136652187 15139
136652188 15140
136652190 15141
136652191 15142
136652192 15143
136652194 15144
136652195 15145
136652248 15146
136652250 15147
136652251 15148
136652252 15149
136652254 15150
136652255 15151
136652256 15152
136652258 15153
136652259 15154
136652313 15155
136652314 15156
136652315 15157
136652316 15158
136652317 15159
136652318 15160
136652319 15161
136652320 15162
136652321 15163
136652322 15164
136652323 15165
136652443 15166
136652444 15167
136652446 15168
136652447 15169
136652448 15170
136652450 15171
136652451 15172
136652508 15173
136652510 15174
136652511 15175
136652512 15176
136652514 15177
136652515 15178
136652573 15179
136652574 15180
136652575 15181
136652576 15182
136652577 15183
136652578 15184
136652579 15185
136652703 15186
136652704 15187
136652706 15188
136652707 15189
136652768 15190
136652770 15191
136652771 15192
136652833 15193
136652834 15194
136652835 15195
136652963 15196
136660310 15197
136660312 15198
136660314 15199
136660316 15200
136660318 15201
136660320 15202
136660322 15203
136660375 15204
136660376 15205
136660377 15206
136660378 15207
136660379 15208
136660380 15209
136660381 15210
136660382 15211
136660383 15212
136660384 15213
136660385 15214
136660386 15215
136660387 15216
136660505 15217
136660506 15218
136660508 15219
136660509 15220
136660510 15221
136660512 15222
136660513 15223
136660514 15224
136660570 15225
136660572 15226
136660573 15227
136660574 15228
136660576 15229
136660577 15230
136660578 15231
136660635 15232
136660636 15233
136660637 15234
136660638 15235
136660639 15236
136660640 15237
136660641 15238
136660642 15239
136660643 15240
136660765 15241
136660766 15242
136660768 15243
136660769 15244
136660770 15245
136660830 15246
136660832 15247
136660833 15248
136660834 15249
136660895 15250
136660896 15251
136660897 15252
136660898 15253
136660899 15254
136661025 15255
136661026 15256
136661090 15257
136661155 15258
136668632 15259
136668634 15260
136668636 15261
136668638 15262
136668640 15263
136668642 15264
136668697 15265
136668698 15266
136668699 15267
136668700 15268
136668701 15269
136668702 15270
136668703 15271
136668704 15272
136668705 15273
136668706 15274
136668707 15275
136668827 15276
136668828 15277
136668830 15278
136668831 15279
136668832 15280
136668834 15281
136668835 15282
136668892 15283
136668894 15284
136668895 15285
136668896 15286
136668898 15287
136668899 15288
136668957 15289
136668958 15290
136668959 15291
136668960 15292
136668961 15293
136668962 15294
136668963 15295
136669087 15296
136669088 15297
136669090 15298
136669091 15299
136669152 15300
136669154 15301
136669155 15302
136669217 15303
136669218 15304
136669219 15305
136669347 15306
136676954 15307
136676956 15308
136676958 15309
136676960 15310
136676962 15311
136677019 15312
136677020 15313
136677021 15314
136677022 15315
136677023 15316
136677024 15317
136677025 15318
136677026 15319
136677027 15320
136677149 15321
136677150 15322
136677152 15323
136677153 15324
136677154 15325
136677214 15326
136677216 15327
136677217 15328
136677218 15329
136677279 15330
136677280 15331
136677281 15332
136677282 15333
136677283 15334
136677409 15335
136677410 15336
136677474 15337
136677539 15338
136685276 15339
136685278 15340
136685280 15341
136685282 15342
136685341 15343
136685342 15344
136685343 15345
136685344 15346
136685345 15347
136685346 15348
136685347 15349
136685471 15350
136685472 15351
136685474 15352
136685475 15353
136685536 15354
136685538 15355
136685539 15356
136685601 15357
136685602 15358
136685603 15359
136685731 15360
136693598 15361
136693600 15362
136693602 15363
136693663 15364
136693664 15365
136693665 15366
136693666 15367
136693667 15368
136693793 15369
136693794 15370
136693858 15371
136693923 15372
136701920 15373
136701922 15374
136701985 15375
136701986 15376
136701987 15377
136702115 15378
136710242 15379
136710307 15380
137417615 15381
137417616 15382
137417617 15383
137417619 15384
137417620 15385
137417621 15386
137417623 15387
137417624 15388
137417625 15389
137417627 15390
137417628 15391
137417629 15392
137417631 15393
137417632 15394
137417633 15395
137417635 15396
137417745 15397
137417746 15398
137417748 15399
137417749 15400
137417750 15401
137417752 15402
137417753 15403
137417754 15404
137417756 15405
137417757 15406
137417758 15407
137417760 15408
137417761 15409
137417762 15410
137417810 15411
137417812 15412
137417813 15413
137417814 15414
137417816 15415
137417817 15416
137417818 15417
137417820 15418
137417821 15419
137417822 15420
137417824 15421
137417825 15422
137417826 15423
137417875 15424
137417876 15425
137417877 15426
137417878 15427
137417879 15428
137417880 15429
137417881 15430
137417882 15431
137417883 15432
137417884 15433
137417885 15434
137417886 15435
137417887 15436
137417888 15437
137417889 15438
137417890 15439
137417891 15440
137418005 15441
137418006 15442
137418008 15443
137418009 15444
137418010 15445
137418012 15446
137418013 15447
137418014 15448
137418016 15449
137418017 15450
137418018 15451
137418070 15452
137418072 15453
137418073 15454
137418074 15455
137418076 15456
137418077 15457
137418078 15458
137418080 15459
137418081 15460
137418082 15461
137418135 15462
137418136 15463
137418137 15464
137418138 15465
137418139 15466
137418140 15467
137418141 15468
137418142 15469
137418143 15470
137418144 15471
137418145 15472
137418146 15473
137418147 15474
137418265 15475
137418266 15476
137418268 15477
137418269 15478
137418270 15479
137418272 15480
137418273 15481
137418274 15482
137418330 15483
137418332 15484
137418333 15485
137418334 15486
137418336 15487
137418337 15488
137418338 15489
137418395 15490
137418396 15491
137418397 15492
137418398 15493
137418399 15494
137418400 15495
137418401 15496
137418402 15497
137418403 15498
137418525 15499
137418526 15500
137418528 15501
137418529 15502
137418530 15503
137418590 15504
137418592 15505
137418593 15506
137418594 15507
137418655 15508
137418656 15509
137418657 15510
137418658 15511
137418659 15512
137418785 15513
137418786 15514
137418850 15515
137418915 15516
137430098 15517
137430100 15518
137430101 15519
137430102 15520
137430104 15521
137430105 15522
137430106 15523
137430108 15524
137430109 15525
137430110 15526
137430112 15527
137430113 15528
137430114 15529
137430293 15530
137430296 15531
137430297 15532
137430300 15533
137430301 15534
137430304 15535
137430305 15536
137430358 15537
137430360 15538
137430361 15539
137430362 15540
137430364 15541
137430365 15542
137430366 15543
137430368 15544
137430369 15545
137430370 15546
137430553 15547
137430556 15548
137430557 15549
137430560 15550
137430561 15551
137430618 15552
137430620 15553
137430621 15554
137430622 15555
137430624 15556
137430625 15557
137430626 15558
137430813 15559
137430816 15560
137430817 15561
137430878 15562
137430880 15563
137430881 15564
137430882 15565
137431073 15566
137431138 15567
137434259 15568
137434260 15569
137434261 15570
137434263 15571
137434264 15572
137434265 15573
137434267 15574
137434268 15575
137434269 15576
137434271 15577
137434272 15578
137434273 15579
137434275 15580
137434389 15581
137434390 15582
137434392 15583
137434393 15584
137434394 15585
137434396 15586
137434397 15587
137434398 15588
137434400 15589
137434401 15590
137434402 15591
137434454 15592
137434456 15593
137434457 15594
137434458 15595
137434460 15596
137434461 15597
137434462 15598
137434464 15599
137434465 15600
137434466 15601
137434519 15602
137434520 15603
137434521 15604
137434522 15605
137434523 15606
137434524 15607
137434525 15608
137434526 15609
137434527 15610
137434528 15611
137434529 15612
137434530 15613
137434531 15614
137434649 15615
137434650 15616
137434652 15617
137434653 15618
137434654 15619
137434656 15620
137434657 15621
137434658 15622
137434714 15623
137434716 15624
137434717 15625
137434718 15626
137434720 15627
137434721 15628
137434722 15629
137434779 15630
137434780 15631
137434781 15632
137434782 15633
137434783 15634
137434784 15635
137434785 15636
137434786 15637
137434787 15638
137434909 15639
137434910 15640
137434912 15641
137434913 15642
137434914 15643
137434974 15644
137434976 15645
137434977 15646
137434978 15647
137435039 15648
137435040 15649
137435041 15650
137435042 15651
137435043 15652
137435169 15653
137435170 15654
137435234 15655
137435299 15656
137446742 15657
137446744 15658
137446745 15659
137446746 15660
137446748 15661
137446749 15662
137446750 15663
137446752 15664
137446753 15665
137446754 15666
137446937 15667
137446940 15668
137446941 15669
137446944 15670
137446945 15671
137447002 15672
137447004 15673
137447005 15674
137447006 15675
137447008 15676
137447009 15677
137447010 15678
137447197 15679
137447200 15680
137447201 15681
137447262 15682
137447264 15683
137447265 15684
137447266 15685
137447457 15686
137447522 15687
137450903 15688
137450904 15689
137450905 15690
137450907 15691
137450908 15692
137450909 15693
137450911 15694
137450912 15695
137450913 15696
137450915 15697
137451033 15698
137451034 15699
137451036 15700
137451037 15701
137451038 15702
137451040 15703
137451041 15704
137451042 15705
137451098 15706
137451100 15707
137451101 15708
137451102 15709
137451104 15710
137451105 15711
137451106 15712
137451163 15713
137451164 15714
137451165 15715
137451166 15716
137451167 15717
137451168 15718
137451169 15719
137451170 15720
137451171 15721
137451293 15722
137451294 15723
137451296 15724
137451297 15725
137451298 15726
137451358 15727
137451360 15728
137451361 15729
137451362 15730
137451423 15731
137451424 15732
137451425 15733
137451426 15734
137451427 15735
137451553 15736
137451554 15737
137451618 15738
137451683 15739
137463386 15740
137463388 15741
137463389 15742
137463390 15743
137463392 15744
137463393 15745
137463394 15746
137463581 15747
137463584 15748
137463585 15749
137463646 15750
137463648 15751
137463649 15752
137463650 15753
137463841 15754
137463906 15755
137467547 15756
137467548 15757
137467549 15758
137467551 15759
137467552 15760
137467553 15761
137467555 15762
137467677 15763
137467678 15764
137467680 15765
137467681 15766
137467682 15767
137467742 15768
137467744 15769
137467745 15770
137467746 15771
137467807 15772
137467808 15773
137467809 15774
137467810 15775
137467811 15776
137467937 15777
137467938 15778
137468002 15779
137468067 15780
137480030 15781
137480032 15782
137480033 15783
137480034 15784
137480225 15785
137480290 15786
137484191 15787
137484192 15788
137484193 15789
137484195 15790
137484321 15791
137484322 15792
137484386 15793
137484451 15794
137496674 15795
137500835 15796
137683920 15797
137683921 15798
137683924 15799
137683925 15800
137683928 15801
137683929 15802
137683932 15803
137683933 15804
137683936 15805
137683937 15806
137683985 15807
137683987 15808
137683988 15809
137683989 15810
137683991 15811
137683992 15812
137683993 15813
137683995 15814
137683996 15815
137683997 15816
137683999 15817
137684000 15818
137684001 15819
137684003 15820
137684050 15821
137684051 15822
137684052 15823
137684053 15824
137684054 15825
137684055 15826
137684056 15827
137684057 15828
137684058 15829
137684059 15830
137684060 15831
137684061 15832
137684062 15833
137684063 15834
137684064 15835
137684065 15836
137684066 15837
137684067 15838
137684180 15839
137684181 15840
137684183 15841
137684184 15842
137684185 15843
137684187 15844
137684188 15845
137684189 15846
137684191 15847
137684192 15848
137684193 15849
137684195 15850
137684245 15851
137684247 15852
137684248 15853
137684249 15854
137684251 15855
137684252 15856
137684253 15857
137684255 15858
137684256 15859
137684257 15860
137684259 15861
137684310 15862
137684311 15863
137684312 15864
137684313 15865
137684314 15866
137684315 15867
137684316 15868
137684317 15869
137684318 15870
137684319 15871
137684320 15872
137684321 15873
137684322 15874
137684323 15875
137684440 15876
137684441 15877
137684443 15878
137684444 15879
137684445 15880
137684447 15881
137684448 15882
137684449 15883
137684451 15884
137684505 15885
137684507 15886
137684508 15887
137684509 15888
137684511 15889
137684512 15890
137684513 15891
137684515 15892
137684570 15893
137684571 15894
137684572 15895
137684573 15896
137684574 15897
137684575 15898
137684576 15899
137684577 15900
137684578 15901
137684579 15902
137684700 15903
137684701 15904
137684703 15905
137684704 15906
137684705 15907
137684707 15908
137684765 15909
137684767 15910
137684768 15911
137684769 15912
137684771 15913
137684830 15914
137684831 15915
137684832 15916
137684833 15917
137684834 15918
137684835 15919
137684960 15920
137684961 15921
137684963 15922
137685025 15923
137685027 15924
137685090 15925
137685091 15926
137692242 15927
137692244 15928
137692245 15929
137692246 15930
137692248 15931
137692249 15932
137692250 15933
137692252 15934
137692253 15935
137692254 15936
137692256 15937
137692257 15938
137692258 15939
137692307 15940
137692308 15941
137692309 15942
137692310 15943
137692311 15944
137692312 15945
137692313 15946
137692314 15947
137692315 15948
137692316 15949
137692317 15950
137692318 15951
137692319 15952
137692320 15953
137692321 15954
137692322 15955
137692323 15956
137692437 15957
137692438 15958
137692440 15959
137692441 15960
137692442 15961
137692444 15962
137692445 15963
137692446 15964
137692448 15965
137692449 15966
137692450 15967
137692502 15968
137692504 15969
137692505 15970
137692506 15971
137692508 15972
137692509 15973
137692510 15974
137692512 15975
137692513 15976
137692514 15977
137692567 15978
137692568 15979
137692569 15980
137692570 15981
137692571 15982
137692572 15983
137692573 15984
137692574 15985
137692575 15986
137692576 15987
137692577 15988
137692578 15989
137692579 15990
137692697 15991
137692698 15992
137692700 15993
137692701 15994
137692702 15995
137692704 15996
137692705 15997
137692706 15998
137692762 15999
137692764 16000
137692765 16001
137692766 16002
137692768 16003
137692769 16004
137692770 16005
137692827 16006
137692828 16007
137692829 16008
137692830 16009
137692831 16010
137692832 16011
137692833 16012
137692834 16013
137692835 16014
137692957 16015
137692958 16016
137692960 16017
137692961 16018
137692962 16019
137693022 16020
137693024 16021
137693025 16022
137693026 16023
137693087 16024
137693088 16025
137693089 16026
137693090 16027
137693091 16028
137693217 16029
137693218 16030
137693282 16031
137693347 16032
137696403 16033
137696404 16034
137696405 16035
137696406 16036
137696407 16037
137696408 16038
137696409 16039
137696410 16040
137696411 16041
137696412 16042
137696413 16043
137696414 16044
137696415 16045
137696416 16046
137696417 16047
137696418 16048
137696419 16049
137696533 16050
137696534 16051
137696536 16052
137696537 16053
137696538 16054
137696540 16055
137696541 16056
137696542 16057
137696544 16058
137696545 16059
137696546 16060
137696598 16061
137696600 16062
137696601 16063
137696602 16064
137696604 16065
137696605 16066
137696606 16067
137696608 16068
137696609 16069
137696610 16070
137696663 16071
137696664 16072
137696665 16073
137696666 16074
137696667 16075
137696668 16076
137696669 16077
137696670 16078
137696671 16079
137696672 16080
137696673 16081
137696674 16082
137696675 16083
137696793 16084
137696794 16085
137696796 16086
137696797 16087
137696798 16088
137696800 16089
137696801 16090
137696802 16091
137696858 16092
137696860 16093
137696861 16094
137696862 16095
137696864 16096
137696865 16097
137696866 16098
137696923 16099
137696924 16100
137696925 16101
137696926 16102
137696927 16103
137696928 16104
137696929 16105
137696930 16106
137696931 16107
137697053 16108
137697054 16109
137697056 16110
137697057 16111
137697058 16112
137697118 16113
137697120 16114
137697121 16115
137697122 16116
137697183 16117
137697184 16118
137697185 16119
137697186 16120
137697187 16121
137697313 16122
137697314 16123
137697378 16124
137697443 16125
137700564 16126
137700565 16127
137700566 16128
137700568 16129
137700569 16130
137700570 16131
137700572 16132
137700573 16133
137700574 16134
137700576 16135
137700577 16136
137700578 16137
137700629 16138
137700630 16139
137700631 16140
137700632 16141
137700633 16142
137700634 16143
137700635 16144
137700636 16145
137700637 16146
137700638 16147
137700639 16148
137700640 16149
137700641 16150
137700642 16151
137700643 16152
137700694 16153
137700695 16154
137700696 16155
137700697 16156
137700698 16157
137700699 16158
137700700 16159
137700701 16160
137700702 16161
137700703 16162
137700704 16163
137700705 16164
137700706 16165
137700707 16166
137700759 16167
137700760 16168
137700761 16169
137700762 16170
137700763 16171
137700764 16172
137700765 16173
137700766 16174
137700767 16175
137700768 16176
137700769 16177
137700770 16178
137700771 16179
137700824 16180
137700825 16181
137700826 16182
137700827 16183
137700828 16184
137700829 16185
137700830 16186
137700831 16187
137700832 16188
137700833 16189
137700834 16190
137700835 16191
137700889 16192
137700890 16193
137700891 16194
137700892 16195
137700893 16196
137700894 16197
137700895 16198
137700896 16199
137700897 16200
137700898 16201
137700899 16202
137700954 16203
137700955 16204
137700956 16205
137700957 16206
137700958 16207
137700959 16208
137700960 16209
137700961 16210
137700962 16211
137700963 16212
137701019 16213
137701020 16214
137701021 16215
137701022 16216
137701023 16217
137701024 16218
137701025 16219
137701026 16220
137701027 16221
137701084 16222
137701085 16223
137701086 16224
137701087 16225
137701088 16226
137701089 16227
137701090 16228
137701091 16229
137701149 16230
137701150 16231
137701151 16232
137701152 16233
137701153 16234
137701154 16235
137701155 16236
137701214 16237
137701215 16238
137701216 16239
137701217 16240
137701218 16241
137701219 16242
137701279 16243
137701280 16244
137701281 16245
137701282 16246
137701283 16247
137701344 16248
137701345 16249
137701346 16250
137701347 16251
137701409 16252
137701410 16253
137701411 16254
137701474 16255
137701475 16256
137701539 16257
137708886 16258
137708888 16259
137708889 16260
137708890 16261
137708892 16262
137708893 16263
137708894 16264
137708896 16265
137708897 16266
137708898 16267
137708951 16268
137708952 16269
137708953 16270
137708954 16271
137708955 16272
137708956 16273
137708957 16274
137708958 16275
137708959 16276
137708960 16277
137708961 16278
137708962 16279
137708963 16280
137709081 16281
137709082 16282
137709084 16283
137709085 16284
137709086 16285
137709088 16286
137709089 16287
137709090 16288
137709146 16289
137709148 16290
137709149 16291
137709150 16292
137709152 16293
137709153 16294
137709154 16295
137709211 16296
137709212 16297
137709213 16298
137709214 16299
137709215 16300
137709216 16301
137709217 16302
137709218 16303
137709219 16304
137709341 16305
137709342 16306
137709344 16307
137709345 16308
137709346 16309
137709406 16310
137709408 16311
137709409 16312
137709410 16313
137709471 16314
137709472 16315
137709473 16316
137709474 16317
137709475 16318
137709601 16319
137709602 16320
137709666 16321
137709731 16322
137713047 16323
137713048 16324
137713049 16325
137713050 16326
137713051 16327
137713052 16328
137713053 16329
137713054 16330
137713055 16331
137713056 16332
137713057 16333
137713058 16334
137713059 16335
137713177 16336
137713178 16337
137713180 16338
137713181 16339
137713182 16340
137713184 16341
137713185 16342
137713186 16343
137713242 16344
137713244 16345
137713245 16346
137713246 16347
137713248 16348
137713249 16349
137713250 16350
137713307 16351
137713308 16352
137713309 16353
137713310 16354
137713311 16355
137713312 16356
137713313 16357
137713314 16358
137713315 16359
137713437 16360
137713438 16361
137713440 16362
137713441 16363
137713442 16364
137713502 16365
137713504 16366
137713505 16367
137713506 16368
137713567 16369
137713568 16370
137713569 16371
137713570 16372
137713571 16373
137713697 16374
137713698 16375
137713762 16376
137713827 16377
137717208 16378
137717209 16379
137717210 16380
137717212 16381
137717213 16382
137717214 16383
137717216 16384
137717217 16385
137717218 16386
137717273 16387
137717274 16388
137717275 16389
137717276 16390
137717277 16391
137717278 16392
137717279 16393
137717280 16394
137717281 16395
137717282 16396
137717283 16397
137717338 16398
137717339 16399
137717340 16400
137717341 16401
137717342 16402
137717343 16403
137717344 16404
137717345 16405
137717346 16406
137717347 16407
137717403 16408
137717404 16409
137717405 16410
137717406 16411
137717407 16412
137717408 16413
137717409 16414
137717410 16415
137717411 16416
137717468 16417
137717469 16418
137717470 16419
137717471 16420
137717472 16421
137717473 16422
137717474 16423
137717475 16424
137717533 16425
137717534 16426
137717535 16427
137717536 16428
137717537 16429
137717538 16430
137717539 16431
137717598 16432
137717599 16433
137717600 16434
137717601 16435
137717602 16436
137717603 16437
137717663 16438
137717664 16439
137717665 16440
137717666 16441
137717667 16442
137717728 16443
137717729 16444
137717730 16445
137717731 16446
137717793 16447
137717794 16448
137717795 16449
137717858 16450
137717859 16451
137717923 16452
137725530 16453
137725532 16454
137725533 16455
137725534 16456
137725536 16457
137725537 16458
137725538 16459
137725595 16460
137725596 16461
137725597 16462
137725598 16463
137725599 16464
137725600 16465
137725601 16466
137725602 16467
137725603 16468
137725725 16469
137725726 16470
137725728 16471
137725729 16472
137725730 16473
137725790 16474
137725792 16475
137725793 16476
137725794 16477
137725855 16478
137725856 16479
137725857 16480
137725858 16481
137725859 16482
137725985 16483
137725986 16484
137726050 16485
137726115 16486
137729691 16487
137729692 16488
137729693 16489
137729694 16490
137729695 16491
137729696 16492
137729697 16493
137729698 16494
137729699 16495
137729821 16496
137729822 16497
137729824 16498
137729825 16499
137729826 16500
137729886 16501
137729888 16502
137729889 16503
137729890 16504
137729951 16505
137729952 16506
137729953 16507
137729954 16508
137729955 16509
137730081 16510
137730082 16511
137730146 16512
137730211 16513
137733852 16514
137733853 16515
137733854 16516
137733856 16517
137733857 16518
137733858 16519
137733917 16520
137733918 16521
137733919 16522
137733920 16523
137733921 16524
137733922 16525
137733923 16526
137733982 16527
137733983 16528
137733984 16529
137733985 16530
137733986 16531
137733987 16532
137734047 16533
137734048 16534
137734049 16535
137734050 16536
137734051 16537
137734112 16538
137734113 16539
137734114 16540
137734115 16541
137734177 16542
137734178 16543
137734179 16544
137734242 16545
137734243 16546
137734307 16547
137742174 16548
137742176 16549
137742177 16550
137742178 16551
137742239 16552
137742240 16553
137742241 16554
137742242 16555
137742243 16556
137742369 16557
137742370 16558
137742434 16559
137742499 16560
137746335 16561
137746336 16562
137746337 16563
137746338 16564
137746339 16565
137746465 16566
137746466 16567
137746530 16568
137746595 16569
137750496 16570
137750497 16571
137750498 16572
137750561 16573
137750562 16574
137750563 16575
137750626 16576
137750627 16577
137750691 16578
137758818 16579
137758883 16580
137762979 16581
138482835 16582
138482836 16583
138482837 16584
138482839 16585
138482840 16586
138482841 16587
138482843 16588
138482844 16589
138482845 16590
138482847 16591
138482848 16592
138482849 16593
138482851 16594
138482965 16595
138482966 16596
138482968 16597
138482969 16598
138482970 16599
138482972 16600
138482973 16601
138482974 16602
138482976 16603
138482977 16604
138482978 16605
138483030 16606
138483032 16607
138483033 16608
138483034 16609
138483036 16610
138483037 16611
138483038 16612
138483040 16613
138483041 16614
138483042 16615
138483095 16616
138483096 16617
138483097 16618
138483098 16619
138483099 16620
138483100 16621
138483101 16622
138483102 16623
138483103 16624
138483104 16625
138483105 16626
138483106 16627
138483107 16628
138483225 16629
138483226 16630
138483228 16631
138483229 16632
138483230 16633
138483232 16634
138483233 16635
138483234 16636
138483290 16637
138483292 16638
138483293 16639
138483294 16640
138483296 16641
138483297 16642
138483298 16643
138483355 16644
138483356 16645
138483357 16646
138483358 16647
138483359 16648
138483360 16649
138483361 16650
138483362 16651
138483363 16652
138483485 16653
138483486 16654
138483488 16655
138483489 16656
138483490 16657
138483550 16658
138483552 16659
138483553 16660
138483554 16661
138483615 16662
138483616 16663
138483617 16664
138483618 16665
138483619 16666
138483745 16667
138483746 16668
138483810 16669
138483875 16670
138495318 16671
138495320 16672
138495321 16673
138495322 16674
138495324 16675
138495325 16676
138495326 16677
138495328 16678
138495329 16679
138495330 16680
138495513 16681
138495516 16682
138495517 16683
138495520 16684
138495521 16685
138495578 16686
138495580 16687
138495581 16688
138495582 16689
138495584 16690
138495585 16691
138495586 16692
138495773 16693
138495776 16694
138495777 16695
138495838 16696
138495840 16697
138495841 16698
138495842 16699
138496033 16700
138496098 16701
138499479 16702
138499480 16703
138499481 16704
138499483 16705
138499484 16706
138499485 16707
138499487 16708
138499488 16709
138499489 16710
138499491 16711
138499609 16712
138499610 16713
138499612 16714
138499613 16715
138499614 16716
138499616 16717
138499617 16718
138499618 16719
138499674 16720
138499676 16721
138499677 16722
138499678 16723
138499680 16724
138499681 16725
138499682 16726
138499739 16727
138499740 16728
138499741 16729
138499742 16730
138499743 16731
138499744 16732
138499745 16733
138499746 16734
138499747 16735
138499869 16736
138499870 16737
138499872 16738
138499873 16739
138499874 16740
138499934 16741
138499936 16742
138499937 16743
138499938 16744
138499999 16745
138500000 16746
138500001 16747
138500002 16748
138500003 16749
138500129 16750
138500130 16751
138500194 16752
138500259 16753
138511962 16754
138511964 16755
138511965 16756
138511966 16757
138511968 16758
138511969 16759
138511970 16760
138512157 16761
138512160 16762
138512161 16763
138512222 16764
138512224 16765
138512225 16766
138512226 16767
138512417 16768
138512482 16769
138516123 16770
138516124 16771
138516125 16772
138516127 16773
138516128 16774
138516129 16775
138516131 16776
138516253 16777
138516254 16778
138516256 16779
138516257 16780
138516258 16781
138516318 16782
138516320 16783
138516321 16784
138516322 16785
138516383 16786
138516384 16787
138516385 16788
138516386 16789
138516387 16790
138516513 16791
138516514 16792
138516578 16793
138516643 16794
138528606 16795
138528608 16796
138528609 16797
138528610 16798
138528801 16799
138528866 16800
138532767 16801
138532768 16802
138532769 16803
138532771 16804
138532897 16805
138532898 16806
138532962 16807
138533027 16808
138545250 16809
138549411 16810
138749140 16811
138749141 16812
138749144 16813
138749145 16814
138749148 16815
138749149 16816
138749152 16817
138749153 16818
138749205 16819
138749207 16820
138749208 16821
138749209 16822
138749211 16823
138749212 16824
138749213 16825
138749215 16826
138749216 16827
138749217 16828
138749219 16829
138749270 16830
138749271 16831
138749272 16832
138749273 16833
138749274 16834
138749275 16835
138749276 16836
138749277 16837
138749278 16838
138749279 16839
138749280 16840
138749281 16841
138749282 16842
138749283 16843
138749400 16844
138749401 16845
138749403 16846
138749404 16847
138749405 16848
138749407 16849
138749408 16850
138749409 16851
138749411 16852
138749465 16853
138749467 16854
138749468 16855
138749469 16856
138749471 16857
138749472 16858
138749473 16859
138749475 16860
138749530 16861
138749531 16862
138749532 16863
138749533 16864
138749534 16865
138749535 16866
138749536 16867
138749537 16868
138749538 16869
138749539 16870
138749660 16871
138749661 16872
138749663 16873
138749664 16874
138749665 16875
138749667 16876
138749725 16877
138749727 16878
138749728 16879
138749729 16880
138749731 16881
138749790 16882
138749791 16883
138749792 16884
138749793 16885
138749794 16886
138749795 16887
138749920 16888
138749921 16889
138749923 16890
138749985 16891
138749987 16892
138750050 16893
138750051 16894
138757462 16895
138757464 16896
138757465 16897
138757466 16898
138757468 16899
138757469 16900
138757470 16901
138757472 16902
138757473 16903
138757474 16904
138757527 16905
138757528 16906
138757529 16907
138757530 16908
138757531 16909
138757532 16910
138757533 16911
138757534 16912
138757535 16913
138757536 16914
138757537 16915
138757538 16916
138757539 16917
138757657 16918
138757658 16919
138757660 16920
138757661 16921
138757662 16922
138757664 16923
138757665 16924
138757666 16925
138757722 16926
138757724 16927
138757725 16928
138757726 16929
138757728 16930
138757729 16931
138757730 16932
138757787 16933
138757788 16934
138757789 16935
138757790 16936
138757791 16937
138757792 16938
138757793 16939
138757794 16940
138757795 16941
138757917 16942
138757918 16943
138757920 16944
138757921 16945
138757922 16946
138757982 16947
138757984 16948
138757985 16949
138757986 16950
138758047 16951
138758048 16952
138758049 16953
138758050 16954
138758051 16955
138758177 16956
138758178 16957
138758242 16958
138758307 16959
138761623 16960
138761624 16961
138761625 16962
138761626 16963
138761627 16964
138761628 16965
138761629 16966
138761630 16967
138761631 16968
138761632 16969
138761633 16970
138761634 16971
138761635 16972
138761753 16973
138761754 16974
138761756 16975
138761757 16976
138761758 16977
138761760 16978
138761761 16979
138761762 16980
138761818 16981
138761820 16982
138761821 16983
138761822 16984
138761824 16985
138761825 16986
138761826 16987
138761883 16988
138761884 16989
138761885 16990
138761886 16991
138761887 16992
138761888 16993
138761889 16994
138761890 16995
138761891 16996
138762013 16997
138762014 16998
138762016 16999
138762017 17000
138762018 17001
138762078 17002
138762080 17003
138762081 17004
138762082 17005
138762143 17006
138762144 17007
138762145 17008
138762146 17009
138762147 17010
138762273 17011
138762274 17012
138762338 17013
138762403 17014
138765784 17015
138765785 17016
138765786 17017
138765788 17018
138765789 17019
138765790 17020
138765792 17021
138765793 17022
138765794 17023
138765849 17024
138765850 17025
138765851 17026
138765852 17027
138765853 17028
138765854 17029
138765855 17030
138765856 17031
138765857 17032
138765858 17033
138765859 17034
138765914 17035
138765915 17036
138765916 17037
138765917 17038
138765918 17039
138765919 17040
138765920 17041
138765921 17042
138765922 17043
138765923 17044
138765979 17045
138765980 17046
138765981 17047
138765982 17048
138765983 17049
138765984 17050
138765985 17051
138765986 17052
138765987 17053
138766044 17054
138766045 17055
138766046 17056
138766047 17057
138766048 17058
138766049 17059
138766050 17060
138766051 17061
138766109 17062
138766110 17063
138766111 17064
138766112 17065
138766113 17066
138766114 17067
138766115 17068
138766174 17069
138766175 17070
138766176 17071
138766177 17072
138766178 17073
138766179 17074
138766239 17075
138766240 17076
138766241 17077
138766242 17078
138766243 17079
138766304 17080
138766305 17081
138766306 17082
138766307 17083
138766369 17084
138766370 17085
138766371 17086
138766434 17087
138766435 17088
138766499 17089
138774106 17090
138774108 17091
138774109 17092
138774110 17093
138774112 17094
138774113 17095
138774114 17096
138774171 17097
138774172 17098
138774173 17099
138774174 17100
138774175 17101
138774176 17102
138774177 17103
138774178 17104
138774179 17105
138774301 17106
138774302 17107
138774304 17108
138774305 17109
138774306 17110
138774366 17111
138774368 17112
138774369 17113
138774370 17114
138774431 17115
138774432 17116
138774433 17117
138774434 17118
138774435 17119
138774561 17120
138774562 17121
138774626 17122
138774691 17123
138778267 17124
138778268 17125
138778269 17126
138778270 17127
138778271 17128
138778272 17129
138778273 17130
138778274 17131
138778275 17132
138778397 17133
138778398 17134
138778400 17135
138778401 17136
138778402 17137
138778462 17138
138778464 17139
138778465 17140
138778466 17141
138778527 17142
138778528 17143
138778529 17144
138778530 17145
138778531 17146
138778657 17147
138778658 17148
138778722 17149
138778787 17150
138782428 17151
138782429 17152
138782430 17153
138782432 17154
138782433 17155
138782434 17156
138782493 17157
138782494 17158
138782495 17159
138782496 17160
138782497 17161
138782498 17162
138782499 17163
138782558 17164
138782559 17165
138782560 17166
138782561 17167
138782562 17168
138782563 17169
138782623 17170
138782624 17171
138782625 17172
138782626 17173
138782627 17174
138782688 17175
138782689 17176
138782690 17177
138782691 17178
138782753 17179
138782754 17180
138782755 17181
138782818 17182
138782819 17183
138782883 17184
138790750 17185
138790752 17186
138790753 17187
138790754 17188
138790815 17189
138790816 17190
138790817 17191
138790818 17192
138790819 17193
138790945 17194
138790946 17195
138791010 17196
138791075 17197
138794911 17198
138794912 17199
138794913 17200
138794914 17201
138794915 17202
138795041 17203
138795042 17204
138795106 17205
138795171 17206
138799072 17207
138799073 17208
138799074 17209
138799137 17210
138799138 17211
138799139 17212
138799202 17213
138799203 17214
138799267 17215
138807394 17216
138807459 17217
138811555 17218
139548055 17219
139548056 17220
139548057 17221
139548059 17222
139548060 17223
139548061 17224
139548063 17225
139548064 17226
139548065 17227
139548067 17228
139548185 17229
139548186 17230
139548188 17231
139548189 17232
139548190 17233
139548192 17234
139548193 17235
139548194 17236
139548250 17237
139548252 17238
139548253 17239
139548254 17240
139548256 17241
139548257 17242
139548258 17243
139548315 17244
139548316 17245
139548317 17246
139548318 17247
139548319 17248
139548320 17249
139548321 17250
139548322 17251
139548323 17252
139548445 17253
139548446 17254
139548448 17255
139548449 17256
139548450 17257
139548510 17258
139548512 17259
139548513 17260
139548514 17261
139548575 17262
139548576 17263
139548577 17264
139548578 17265
139548579 17266
139548705 17267
139548706 17268
139548770 17269
139548835 17270
139560538 17271
139560540 17272
139560541 17273
139560542 17274
139560544 17275
139560545 17276
139560546 17277
139560733 17278
139560736 17279
139560737 17280
139560798 17281
139560800 17282
139560801 17283
139560802 17284
139560993 17285
139561058 17286
139564699 17287
139564700 17288
139564701 17289
139564703 17290
139564704 17291
139564705 17292
139564707 17293
139564829 17294
139564830 17295
139564832 17296
139564833 17297
139564834 17298
139564894 17299
139564896 17300
139564897 17301
139564898 17302
139564959 17303
139564960 17304
139564961 17305
139564962 17306
139564963 17307
139565089 17308
139565090 17309
139565154 17310
139565219 17311
139577182 17312
139577184 17313
139577185 17314
139577186 17315
139577377 17316
139577442 17317
139581343 17318
139581344 17319
139581345 17320
139581347 17321
139581473 17322
139581474 17323
139581538 17324
139581603 17325
139593826 17326
139597987 17327
139814360 17328
139814361 17329
139814364 17330
139814365 17331
139814368 17332
139814369 17333
139814425 17334
139814427 17335
139814428 17336
139814429 17337
139814431 17338
139814432 17339
139814433 17340
139814435 17341
139814490 17342
139814491 17343
139814492 17344
139814493 17345
139814494 17346
139814495 17347
139814496 17348
139814497 17349
139814498 17350
139814499 17351
139814620 17352
139814621 17353
139814623 17354
139814624 17355
139814625 17356
139814627 17357
139814685 17358
139814687 17359
139814688 17360
139814689 17361
139814691 17362
139814750 17363
139814751 17364
139814752 17365
139814753 17366
139814754 17367
139814755 17368
139814880 17369
139814881 17370
139814883 17371
139814945 17372
139814947 17373
139815010 17374
139815011 17375
139822682 17376
139822684 17377
139822685 17378
139822686 17379
139822688 17380
139822689 17381
139822690 17382
139822747 17383
139822748 17384
139822749 17385
139822750 17386
139822751 17387
139822752 17388
139822753 17389
139822754 17390
139822755 17391
139822877 17392
139822878 17393
139822880 17394
139822881 17395
139822882 17396
139822942 17397
139822944 17398
139822945 17399
139822946 17400
139823007 17401
139823008 17402
139823009 17403
139823010 17404
139823011 17405
139823137 17406
139823138 17407
139823202 17408
139823267 17409
139826843 17410
139826844 17411
139826845 17412
139826846 17413
139826847 17414
139826848 17415
139826849 17416
139826850 17417
139826851 17418
139826973 17419
139826974 17420
139826976 17421
139826977 17422
139826978 17423
139827038 17424
139827040 17425
139827041 17426
139827042 17427
139827103 17428
139827104 17429
139827105 17430
139827106 17431
139827107 17432
139827233 17433
139827234 17434
139827298 17435
139827363 17436
139831004 17437
139831005 17438
139831006 17439
139831008 17440
139831009 17441
139831010 17442
139831069 17443
139831070 17444
139831071 17445
139831072 17446
139831073 17447
139831074 17448
139831075 17449
139831134 17450
139831135 17451
139831136 17452
139831137 17453
139831138 17454
139831139 17455
139831199 17456
139831200 17457
139831201 17458
139831202 17459
139831203 17460
139831264 17461
139831265 17462
139831266 17463
139831267 17464
139831329 17465
139831330 17466
139831331 17467
139831394 17468
139831395 17469
139831459 17470
139839326 17471
139839328 17472
139839329 17473
139839330 17474
139839391 17475
139839392 17476
139839393 17477
139839394 17478
139839395 17479
139839521 17480
139839522 17481
139839586 17482
139839651 17483
139843487 17484
139843488 17485
139843489 17486
139843490 17487
139843491 17488
139843617 17489
139843618 17490
139843682 17491
139843747 17492
139847648 17493
139847649 17494
139847650 17495
139847713 17496
139847714 17497
139847715 17498
139847778 17499
139847779 17500
139847843 17501
139855970 17502
139856035 17503
139860131 17504
140613275 17505
140613276 17506
140613277 17507
140613279 17508
140613280 17509
140613281 17510
140613283 17511
140613405 17512
140613406 17513
140613408 17514
140613409 17515
140613410 17516
140613470 17517
140613472 17518
140613473 17519
140613474 17520
140613535 17521
140613536 17522
140613537 17523
140613538 17524
140613539 17525
140613665 17526
140613666 17527
140613730 17528
140613795 17529
140625758 17530
140625760 17531
140625761 17532
140625762 17533
140625953 17534
140626018 17535
140629919 17536
140629920 17537
140629921 17538
140629923 17539
140630049 17540
140630050 17541
140630114 17542
140630179 17543
140642402 17544
140646563 17545
140879580 17546
140879581 17547
140879584 17548
140879585 17549
140879645 17550
140879647 17551
140879648 17552
140879649 17553
140879651 17554
140879710 17555
140879711 17556
140879712 17557
140879713 17558
140879714 17559
140879715 17560
140879840 17561
140879841 17562
140879843 17563
140879905 17564
140879907 17565
140879970 17566
140879971 17567
140887902 17568
140887904 17569
140887905 17570
140887906 17571
140887967 17572
140887968 17573
140887969 17574
140887970 17575
140887971 17576
140888097 17577
140888098 17578
140888162 17579
140888227 17580
140892063 17581
140892064 17582
140892065 17583
140892066 17584
140892067 17585
140892193 17586
140892194 17587
140892258 17588
140892323 17589
140896224 17590
140896225 17591
140896226 17592
140896289 17593
140896290 17594
140896291 17595
140896354 17596
140896355 17597
140896419 17598
140904546 17599
140904611 17600
140908707 17601
141678495 17602
141678496 17603
141678497 17604
141678499 17605
141678625 17606
141678626 17607
141678690 17608
141678755 17609
141690978 17610
141695139 17611
141944800 17612
141944801 17613
141944865 17614
141944867 17615
141944930 17616
141944931 17617
141953122 17618
141953187 17619
141957283 17620
142743715 17621
204792784 17622
204792788 17623
204792792 17624
204792796 17625
204792800 17626
204792849 17627
204792851 17628
204792852 17629
204792853 17630
204792855 17631
204792856 17632
204792857 17633
204792859 17634
204792860 17635
204792861 17636
204792863 17637
204792864 17638
204792865 17639
204792867 17640
204793044 17641
204793047 17642
204793048 17643
204793051 17644
204793052 17645
204793055 17646
204793056 17647
204793059 17648
204793109 17649
204793111 17650
204793112 17651
204793113 17652
204793115 17653
204793116 17654
204793117 17655
204793119 17656
204793120 17657
204793121 17658
204793123 17659
204793304 17660
204793307 17661
204793308 17662
204793311 17663
204793312 17664
204793315 17665
204793369 17666
204793371 17667
204793372 17668
204793373 17669
204793375 17670
204793376 17671
204793377 17672
204793379 17673
204793564 17674
204793567 17675
204793568 17676
204793571 17677
204793629 17678
204793631 17679
204793632 17680
204793633 17681
204793635 17682
204793824 17683
204793827 17684
204793889 17685
204793891 17686
204801106 17687
204801108 17688
204801110 17689
204801112 17690
204801114 17691
204801116 17692
204801118 17693
204801120 17694
204801122 17695
204801171 17696
204801172 17697
204801173 17698
204801174 17699
204801175 17700
204801176 17701
204801177 17702
204801178 17703
204801179 17704
204801180 17705
204801181 17706
204801182 17707
204801183 17708
204801184 17709
204801185 17710
204801186 17711
204801187 17712
204801301 17713
204801302 17714
204801304 17715
204801305 17716
204801306 17717
204801308 17718
204801309 17719
204801310 17720
204801312 17721
204801313 17722
204801314 17723
204801366 17724
204801368 17725
204801369 17726
204801370 17727
204801372 17728
204801373 17729
204801374 17730
204801376 17731
204801377 17732
204801378 17733
204801431 17734
204801432 17735
204801433 17736
204801434 17737
204801435 17738
204801436 17739
204801437 17740
204801438 17741
204801439 17742
204801440 17743
204801441 17744
204801442 17745
204801443 17746
204801561 17747
204801562 17748
204801564 17749
204801565 17750
204801566 17751
204801568 17752
204801569 17753
204801570 17754
204801626 17755
204801628 17756
204801629 17757
204801630 17758
204801632 17759
204801633 17760
204801634 17761
204801691 17762
204801692 17763
204801693 17764
204801694 17765
204801695 17766
204801696 17767
204801697 17768
204801698 17769
204801699 17770
204801821 17771
204801822 17772
204801824 17773
204801825 17774
204801826 17775
204801886 17776
204801888 17777
204801889 17778
204801890 17779
204801951 17780
204801952 17781
204801953 17782
204801954 17783
204801955 17784
204802081 17785
204802082 17786
204802146 17787
204802211 17788
204809428 17789
204809430 17790
204809432 17791
204809434 17792
204809436 17793
204809438 17794
204809440 17795
204809442 17796
204809493 17797
204809494 17798
204809495 17799
204809496 17800
204809497 17801
204809498 17802
204809499 17803
204809500 17804
204809501 17805
204809502 17806
204809503 17807
204809504 17808
204809505 17809
204809506 17810
204809507 17811
204809623 17812
204809624 17813
204809626 17814
204809627 17815
204809628 17816
204809630 17817
204809631 17818
204809632 17819
204809634 17820
204809635 17821
204809688 17822
204809690 17823
204809691 17824
204809692 17825
204809694 17826
204809695 17827
204809696 17828
204809698 17829
204809699 17830
204809753 17831
204809754 17832
204809755 17833
204809756 17834
204809757 17835
204809758 17836
204809759 17837
204809760 17838
204809761 17839
204809762 17840
204809763 17841
204809883 17842
204809884 17843
204809886 17844
204809887 17845
204809888 17846
204809890 17847
204809891 17848
204809948 17849
204809950 17850
204809951 17851
204809952 17852
204809954 17853
204809955 17854
204810013 17855
204810014 17856
204810015 17857
204810016 17858
204810017 17859
204810018 17860
204810019 17861
204810143 17862
204810144 17863
204810146 17864
204810147 17865
204810208 17866
204810210 17867
204810211 17868
204810273 17869
204810274 17870
204810275 17871
204810403 17872
204817750 17873
204817752 17874
204817754 17875
204817756 17876
204817758 17877
204817760 17878
204817762 17879
204817815 17880
204817816 17881
204817817 17882
204817818 17883
204817819 17884
204817820 17885
204817821 17886
204817822 17887
204817823 17888
204817824 17889
204817825 17890
204817826 17891
204817827 17892
204817945 17893
204817946 17894
204817948 17895
204817949 17896
204817950 17897
204817952 17898
204817953 17899
204817954 17900
204818010 17901
204818012 17902
204818013 17903
204818014 17904
204818016 17905
204818017 17906
204818018 17907
204818075 17908
204818076 17909
204818077 17910
204818078 17911
204818079 17912
204818080 17913
204818081 17914
204818082 17915
204818083 17916
204818205 17917
204818206 17918
204818208 17919
204818209 17920
204818210 17921
204818270 17922
204818272 17923
204818273 17924
204818274 17925
204818335 17926
204818336 17927
204818337 17928
204818338 17929
204818339 17930
204818465 17931
204818466 17932
204818530 17933
204818595 17934
204826072 17935
204826074 17936
204826076 17937
204826078 17938
204826080 17939
204826082 17940
204826137 17941
204826138 17942
204826139 17943
204826140 17944
204826141 17945
204826142 17946
204826143 17947
204826144 17948
204826145 17949
204826146 17950
204826147 17951
204826267 17952
204826268 17953
204826270 17954
204826271 17955
204826272 17956
204826274 17957
204826275 17958
204826332 17959
204826334 17960
204826335 17961
204826336 17962
204826338 17963
204826339 17964
204826397 17965
204826398 17966
204826399 17967
204826400 17968
204826401 17969
204826402 17970
204826403 17971
204826527 17972
204826528 17973
204826530 17974
204826531 17975
204826592 17976
204826594 17977
204826595 17978
204826657 17979
204826658 17980
204826659 17981
204826787 17982
204834394 17983
204834396 17984
204834398 17985
204834400 17986
204834402 17987
204834459 17988
204834460 17989
204834461 17990
204834462 17991
204834463 17992
204834464 17993
204834465 17994
204834466 17995
204834467 17996
204834589 17997
204834590 17998
204834592 17999
204834593 18000
204834594 18001
204834654 18002
204834656 18003
204834657 18004
204834658 18005
204834719 18006
204834720 18007
204834721 18008
204834722 18009
204834723 18010
204834849 18011
204834850 18012
204834914 18013
204834979 18014
204842716 18015
204842718 18016
204842720 18017
204842722 18018
204842781 18019
204842782 18020
204842783 18021
204842784 18022
204842785 18023
204842786 18024
204842787 18025
204842911 18026
204842912 18027
204842914 18028
204842915 18029
204842976 18030
204842978 18031
204842979 18032
204843041 18033
204843042 18034
204843043 18035
204843171 18036
204851038 18037
204851040 18038
204851042 18039
204851103 18040
204851104 18041
204851105 18042
204851106 18043
204851107 18044
204851233 18045
204851234 18046
204851298 18047
204851363 18048
204859360 18049
204859362 18050
204859425 18051
204859426 18052
204859427 18053
204859555 18054
204867682 18055
204867747 18056
205591699 18057
205591700 18058
205591701 18059
205591703 18060
205591704 18061
205591705 18062
205591707 18063
205591708 18064
205591709 18065
205591711 18066
205591712 18067
205591713 18068
205591715 18069
205591829 18070
205591830 18071
205591832 18072
205591833 18073
205591834 18074
205591836 18075
205591837 18076
205591838 18077
205591840 18078
205591841 18079
205591842 18080
205591894 18081
205591896 18082
205591897 18083
205591898 18084
205591900 18085
205591901 18086
205591902 18087
205591904 18088
205591905 18089
205591906 18090
205591959 18091
205591960 18092
205591961 18093
205591962 18094
205591963 18095
205591964 18096
205591965 18097
205591966 18098
205591967 18099
205591968 18100
205591969 18101
205591970 18102
205591971 18103
205592089 18104
205592090 18105
205592092 18106
205592093 18107
205592094 18108
205592096 18109
205592097 18110
205592098 18111
205592154 18112
205592156 18113
205592157 18114
205592158 18115
205592160 18116
205592161 18117
205592162 18118
205592219 18119
205592220 18120
205592221 18121
205592222 18122
205592223 18123
205592224 18124
205592225 18125
205592226 18126
205592227 18127
205592349 18128
205592350 18129
205592352 18130
205592353 18131
205592354 18132
205592414 18133
205592416 18134
205592417 18135
205592418 18136
205592479 18137
205592480 18138
205592481 18139
205592482 18140
205592483 18141
205592609 18142
205592610 18143
205592674 18144
205592739 18145
205604182 18146
205604184 18147
205604185 18148
205604186 18149
205604188 18150
205604189 18151
205604190 18152
205604192 18153
205604193 18154
205604194 18155
205604377 18156
205604380 18157
205604381 18158
205604384 18159
205604385 18160
205604442 18161
205604444 18162
205604445 18163
205604446 18164
205604448 18165
205604449 18166
205604450 18167
205604637 18168
205604640 18169
205604641 18170
205604702 18171
205604704 18172
205604705 18173
205604706 18174
205604897 18175
205604962 18176
205608343 18177
205608344 18178
205608345 18179
205608347 18180
205608348 18181
205608349 18182
205608351 18183
205608352 18184
205608353 18185
205608355 18186
205608473 18187
205608474 18188
205608476 18189
205608477 18190
205608478 18191
205608480 18192
205608481 18193
205608482 18194
205608538 18195
205608540 18196
205608541 18197
205608542 18198
205608544 18199
205608545 18200
205608546 18201
205608603 18202
205608604 18203
205608605 18204
205608606 18205
205608607 18206
205608608 18207
205608609 18208
205608610 18209
205608611 18210
205608733 18211
205608734 18212
205608736 18213
205608737 18214
205608738 18215
205608798 18216
205608800 18217
205608801 18218
205608802 18219
205608863 18220
205608864 18221
205608865 18222
205608866 18223
205608867 18224
205608993 18225
205608994 18226
205609058 18227
205609123 18228
205620826 18229
205620828 18230
205620829 18231
205620830 18232
205620832 18233
205620833 18234
205620834 18235
205621021 18236
205621024 18237
205621025 18238
205621086 18239
205621088 18240
205621089 18241
205621090 18242
205621281 18243
205621346 18244
205624987 18245
205624988 18246
205624989 18247
205624991 18248
205624992 18249
205624993 18250
205624995 18251
205625117 18252
205625118 18253
205625120 18254
205625121 18255
205625122 18256
205625182 18257
205625184 18258
205625185 18259
205625186 18260
205625247 18261
205625248 18262
205625249 18263
205625250 18264
205625251 18265
205625377 18266
205625378 18267
205625442 18268
205625507 18269
205637470 18270
205637472 18271
205637473 18272
205637474 18273
205637665 18274
205637730 18275
205641631 18276
205641632 18277
205641633 18278
205641635 18279
205641761 18280
205641762 18281
205641826 18282
205641891 18283
205654114 18284
205658275 18285
205858004 18286
205858005 18287
205858008 18288
205858009 18289
205858012 18290
205858013 18291
205858016 18292
205858017 18293
205858069 18294
205858071 18295
205858072 18296
205858073 18297
205858075 18298
205858076 18299
205858077 18300
205858079 18301
205858080 18302
205858081 18303
205858083 18304
205858134 18305
205858135 18306
205858136 18307
205858137 18308
205858138 18309
205858139 18310
205858140 18311
205858141 18312
205858142 18313
205858143 18314
205858144 18315
205858145 18316
205858146 18317
205858147 18318
205858264 18319
205858265 18320
205858267 18321
205858268 18322
205858269 18323
205858271 18324
205858272 18325
205858273 18326
205858275 18327
205858329 18328
205858331 18329
205858332 18330
205858333 18331
205858335 18332
205858336 18333
205858337 18334
205858339 18335
205858394 18336
205858395 18337
205858396 18338
205858397 18339
205858398 18340
205858399 18341
205858400 18342
205858401 18343
205858402 18344
205858403 18345
205858524 18346
205858525 18347
205858527 18348
205858528 18349
205858529 18350
205858531 18351
205858589 18352
205858591 18353
205858592 18354
205858593 18355
205858595 18356
205858654 18357
205858655 18358
205858656 18359
205858657 18360
205858658 18361
205858659 18362
205858784 18363
205858785 18364
205858787 18365
205858849 18366
205858851 18367
205858914 18368
205858915 18369
205866326 18370
205866328 18371
205866329 18372
205866330 18373
205866332 18374
205866333 18375
205866334 18376
205866336 18377
205866337 18378
205866338 18379
205866391 18380
205866392 18381
205866393 18382
205866394 18383
205866395 18384
205866396 18385
205866397 18386
205866398 18387
205866399 18388
205866400 18389
205866401 18390
205866402 18391
205866403 18392
205866521 18393
205866522 18394
205866524 18395
205866525 18396
205866526 18397
205866528 18398
205866529 18399
205866530 18400
205866586 18401
205866588 18402
205866589 18403
205866590 18404
205866592 18405
205866593 18406
205866594 18407
205866651 18408
205866652 18409
205866653 18410
205866654 18411
205866655 18412
205866656 18413
205866657 18414
205866658 18415
205866659 18416
205866781 18417
205866782 18418
205866784 18419
205866785 18420
205866786 18421
205866846 18422
205866848 18423
205866849 18424
205866850 18425
205866911 18426
205866912 18427
205866913 18428
205866914 18429
205866915 18430
205867041 18431
205867042 18432
205867106 18433
205867171 18434
205870487 18435
205870488 18436
205870489 18437
205870490 18438
205870491 18439
205870492 18440
205870493 18441
205870494 18442
205870495 18443
205870496 18444
205870497 18445
205870498 18446
205870499 18447
205870617 18448
205870618 18449
205870620 18450
205870621 18451
205870622 18452
205870624 18453
205870625 18454
205870626 18455
205870682 18456
205870684 18457
205870685 18458
205870686 18459
205870688 18460
205870689 18461
205870690 18462
205870747 18463
205870748 18464
205870749 18465
205870750 18466
205870751 18467
205870752 18468
205870753 18469
205870754 18470
205870755 18471
205870877 18472
205870878 18473
205870880 18474
205870881 18475
205870882 18476
205870942 18477
205870944 18478
205870945 18479
205870946 18480
205871007 18481
205871008 18482
205871009 18483
205871010 18484
205871011 18485
205871137 18486
205871138 18487
205871202 18488
205871267 18489
205874648 18490
205874649 18491
205874650 18492
205874652 18493
205874653 18494
205874654 18495
205874656 18496
205874657 18497
205874658 18498
205874713 18499
205874714 18500
205874715 18501
205874716 18502
205874717 18503
205874718 18504
205874719 18505
205874720 18506
205874721 18507
205874722 18508
205874723 18509
205874778 18510
205874779 18511
205874780 18512
205874781 18513
205874782 18514
205874783 18515
205874784 18516
205874785 18517
205874786 18518
205874787 18519
205874843 18520
205874844 18521
205874845 18522
205874846 18523
205874847 18524
205874848 18525
205874849 18526
205874850 18527
205874851 18528
205874908 18529
205874909 18530
205874910 18531
205874911 18532
205874912 18533
205874913 18534
205874914 18535
205874915 18536
205874973 18537
205874974 18538
205874975 18539
205874976 18540
205874977 18541
205874978 18542
205874979 18543
205875038 18544
205875039 18545
205875040 18546
205875041 18547
205875042 18548
205875043 18549
205875103 18550
205875104 18551
205875105 18552
205875106 18553
205875107 18554
205875168 18555
205875169 18556
205875170 18557
205875171 18558
205875233 18559
205875234 18560
205875235 18561
205875298 18562
205875299 18563
205875363 18564
205882970 18565
205882972 18566
205882973 18567
205882974 18568
205882976 18569
205882977 18570
205882978 18571
205883035 18572
205883036 18573
205883037 18574
205883038 18575
205883039 18576
205883040 18577
205883041 18578
205883042 18579
205883043 18580
205883165 18581
205883166 18582
205883168 18583
205883169 18584
205883170 18585
205883230 18586
205883232 18587
205883233 18588
205883234 18589
205883295 18590
205883296 18591
205883297 18592
205883298 18593
205883299 18594
205883425 18595
205883426 18596
205883490 18597
205883555 18598
205887131 18599
205887132 18600
205887133 18601
205887134 18602
205887135 18603
205887136 18604
205887137 18605
205887138 18606
205887139 18607
205887261 18608
205887262 18609
205887264 18610
205887265 18611
205887266 18612
205887326 18613
205887328 18614
205887329 18615
205887330 18616
205887391 18617
205887392 18618
205887393 18619
205887394 18620
205887395 18621
205887521 18622
205887522 18623
205887586 18624
205887651 18625
205891292 18626
205891293 18627
205891294 18628
205891296 18629
205891297 18630
205891298 18631
205891357 18632
205891358 18633
205891359 18634
205891360 18635
205891361 18636
205891362 18637
205891363 18638
205891422 18639
205891423 18640
205891424 18641
205891425 18642
205891426 18643
205891427 18644
205891487 18645
205891488 18646
205891489 18647
205891490 18648
205891491 18649
205891552 18650
205891553 18651
205891554 18652
205891555 18653
205891617 18654
205891618 18655
205891619 18656
205891682 18657
205891683 18658
205891747 18659
205899614 18660
205899616 18661
205899617 18662
205899618 18663
205899679 18664
205899680 18665
205899681 18666
205899682 18667
205899683 18668
205899809 18669
205899810 18670
205899874 18671
205899939 18672
205903775 18673
205903776 18674
205903777 18675
205903778 18676
205903779 18677
205903905 18678
205903906 18679
205903970 18680
205904035 18681
205907936 18682
205907937 18683
205907938 18684
205908001 18685
205908002 18686
205908003 18687
205908066 18688
205908067 18689
205908131 18690
205916258 18691
205916323 18692
205920419 18693
206656919 18694
206656920 18695
206656921 18696
206656923 18697
206656924 18698
206656925 18699
206656927 18700
206656928 18701
206656929 18702
206656931 18703
206657049 18704
206657050 18705
206657052 18706
206657053 18707
206657054 18708
206657056 18709
206657057 18710
206657058 18711
206657114 18712
206657116 18713
206657117 18714
206657118 18715
206657120 18716
206657121 18717
206657122 18718
206657179 18719
206657180 18720
206657181 18721
206657182 18722
206657183 18723
206657184 18724
206657185 18725
206657186 18726
206657187 18727
206657309 18728
206657310 18729
206657312 18730
206657313 18731
206657314 18732
206657374 18733
206657376 18734
206657377 18735
206657378 18736
206657439 18737
206657440 18738
206657441 18739
206657442 18740
206657443 18741
206657569 18742
206657570 18743
206657634 18744
206657699 18745
206669402 18746
206669404 18747
206669405 18748
206669406 18749
206669408 18750
206669409 18751
206669410 18752
206669597 18753
206669600 18754
206669601 18755
206669662 18756
206669664 18757
206669665 18758
206669666 18759
206669857 18760
206669922 18761
206673563 18762
206673564 18763
206673565 18764
206673567 18765
206673568 18766
206673569 18767
206673571 18768
206673693 18769
206673694 18770
206673696 18771
206673697 18772
206673698 18773
206673758 18774
206673760 18775
206673761 18776
206673762 18777
206673823 18778
206673824 18779
206673825 18780
206673826 18781
206673827 18782
206673953 18783
206673954 18784
206674018 18785
206674083 18786
206686046 18787
206686048 18788
206686049 18789
206686050 18790
206686241 18791
206686306 18792
206690207 18793
206690208 18794
206690209 18795
206690211 18796
206690337 18797
206690338 18798
206690402 18799
206690467 18800
206702690 18801
206706851 18802
206923224 18803
206923225 18804
206923228 18805
206923229 18806
206923232 18807
206923233 18808
206923289 18809
206923291 18810
206923292 18811
206923293 18812
206923295 18813
206923296 18814
206923297 18815
206923299 18816
206923354 18817
206923355 18818
206923356 18819
206923357 18820
206923358 18821
206923359 18822
206923360 18823
206923361 18824
206923362 18825
206923363 18826
206923484 18827
206923485 18828
206923487 18829
206923488 18830
206923489 18831
206923491 18832
206923549 18833
206923551 18834
206923552 18835
206923553 18836
206923555 18837
206923614 18838
206923615 18839
206923616 18840
206923617 18841
206923618 18842
206923619 18843
206923744 18844
206923745 18845
206923747 18846
206923809 18847
206923811 18848
206923874 18849
206923875 18850
206931546 18851
206931548 18852
206931549 18853
206931550 18854
206931552 18855
206931553 18856
206931554 18857
206931611 18858
206931612 18859
206931613 18860
206931614 18861
206931615 18862
206931616 18863
206931617 18864
206931618 18865
206931619 18866
206931741 18867
206931742 18868
206931744 18869
206931745 18870
206931746 18871
206931806 18872
206931808 18873
206931809 18874
206931810 18875
206931871 18876
206931872 18877
206931873 18878
206931874 18879
206931875 18880
206932001 18881
206932002 18882
206932066 18883
206932131 18884
206935707 18885
206935708 18886
206935709 18887
206935710 18888
206935711 18889
206935712 18890
206935713 18891
206935714 18892
206935715 18893
206935837 18894
206935838 18895
206935840 18896
206935841 18897
206935842 18898
206935902 18899
206935904 18900
206935905 18901
206935906 18902
206935967 18903
206935968 18904
206935969 18905
206935970 18906
206935971 18907
206936097 18908
206936098 18909
206936162 18910
206936227 18911
206939868 18912
206939869 18913
206939870 18914
206939872 18915
206939873 18916
206939874 18917
206939933 18918
206939934 18919
206939935 18920
206939936 18921
206939937 18922
206939938 18923
206939939 18924
206939998 18925
206939999 18926
206940000 18927
206940001 18928
206940002 18929
206940003 18930
206940063 18931
206940064 18932
206940065 18933
206940066 18934
206940067 18935
206940128 18936
206940129 18937
206940130 18938
206940131 18939
206940193 18940
206940194 18941
206940195 18942
206940258 18943
206940259 18944
206940323 18945
206948190 18946
206948192 18947
206948193 18948
206948194 18949
206948255 18950
206948256 18951
206948257 18952
206948258 18953
206948259 18954
206948385 18955
206948386 18956
206948450 18957
206948515 18958
206952351 18959
206952352 18960
206952353 18961
206952354 18962
206952355 18963
206952481 18964
206952482 18965
206952546 18966
206952611 18967
206956512 18968
206956513 18969
206956514 18970
206956577 18971
206956578 18972
206956579 18973
206956642 18974
206956643 18975
206956707 18976
206964834 18977
206964899 18978
206968995 18979
207722139 18980
207722140 18981
207722141 18982
207722143 18983
207722144 18984
207722145 18985
207722147 18986
207722269 18987
207722270 18988
207722272 18989
207722273 18990
207722274 18991
207722334 18992
207722336 18993
207722337 18994
207722338 18995
207722399 18996
207722400 18997
207722401 18998
207722402 18999
207722403 19000
207722529 19001
207722530 19002
207722594 19003
207722659 19004
207734622 19005
207734624 19006
207734625 19007
207734626 19008
207734817 19009
207734882 19010
207738783 19011
207738784 19012
207738785 19013
207738787 19014
207738913 19015
207738914 19016
207738978 19017
207739043 19018
207751266 19019
207755427 19020
207988444 19021
207988445 19022
207988448 19023
207988449 19024
207988509 19025
207988511 19026
207988512 19027
207988513 19028
207988515 19029
207988574 19030
207988575 19031
207988576 19032
207988577 19033
207988578 19034
207988579 19035
207988704 19036
207988705 19037
207988707 19038
207988769 19039
207988771 19040
207988834 19041
207988835 19042
207996766 19043
207996768 19044
207996769 19045
207996770 19046
207996831 19047
207996832 19048
207996833 19049
207996834 19050
207996835 19051
207996961 19052
207996962 19053
207997026 19054
207997091 19055
208000927 19056
208000928 19057
208000929 19058
208000930 19059
208000931 19060
208001057 19061
208001058 19062
208001122 19063
208001187 19064
208005088 19065
208005089 19066
208005090 19067
208005153 19068
208005154 19069
208005155 19070
208005218 19071
208005219 19072
208005283 19073
208013410 19074
208013475 19075
208017571 19076
208787359 19077
208787360 19078
208787361 19079
208787363 19080
208787489 19081
208787490 19082
208787554 19083
208787619 19084
208799842 19085
208804003 19086
209053664 19087
209053665 19088
209053729 19089
209053731 19090
209053794 19091
209053795 19092
209061986 19093
209062051 19094
209066147 19095
209852579 19096
272966868 19097
272966872 19098
272966876 19099
272966880 19100
272966933 19101
272966935 19102
272966936 19103
272966937 19104
272966939 19105
272966940 19106
272966941 19107
272966943 19108
272966944 19109
272966945 19110
272966947 19111
272967128 19112
272967131 19113
272967132 19114
272967135 19115
272967136 19116
272967139 19117
272967193 19118
272967195 19119
272967196 19120
272967197 19121
272967199 19122
272967200 19123
272967201 19124
272967203 19125
272967388 19126
272967391 19127
272967392 19128
272967395 19129
272967453 19130
272967455 19131
272967456 19132
272967457 19133
272967459 19134
272967648 19135
272967651 19136
272967713 19137
272967715 19138
272975190 19139
272975192 19140
272975194 19141
272975196 19142
272975198 19143
272975200 19144
272975202 19145
272975255 19146
272975256 19147
272975257 19148
272975258 19149
272975259 19150
272975260 19151
272975261 19152
272975262 19153
272975263 19154
272975264 19155
272975265 19156
272975266 19157
272975267 19158
272975385 19159
272975386 19160
272975388 19161
272975389 19162
272975390 19163
272975392 19164
272975393 19165
272975394 19166
272975450 19167
272975452 19168
272975453 19169
272975454 19170
272975456 19171
272975457 19172
272975458 19173
272975515 19174
272975516 19175
272975517 19176
272975518 19177
272975519 19178
272975520 19179
272975521 19180
272975522 19181
272975523 19182
272975645 19183
272975646 19184
272975648 19185
272975649 19186
272975650 19187
272975710 19188
272975712 19189
272975713 19190
272975714 19191
272975775 19192
272975776 19193
272975777 19194
272975778 19195
272975779 19196
272975905 19197
272975906 19198
272975970 19199
272976035 19200
272983512 19201
272983514 19202
272983516 19203
272983518 19204
272983520 19205
272983522 19206
272983577 19207
272983578 19208
272983579 19209
272983580 19210
272983581 19211
272983582 19212
272983583 19213
272983584 19214
272983585 19215
272983586 19216
272983587 19217
272983707 19218
272983708 19219
272983710 19220
272983711 19221
272983712 19222
272983714 19223
272983715 19224
272983772 19225
272983774 19226
272983775 19227
272983776 19228
272983778 19229
272983779 19230
272983837 19231
272983838 19232
272983839 19233
272983840 19234
272983841 19235
272983842 19236
272983843 19237
272983967 19238
272983968 19239
272983970 19240
272983971 19241
272984032 19242
272984034 19243
272984035 19244
272984097 19245
272984098 19246
272984099 19247
272984227 19248
272991834 19249
272991836 19250
272991838 19251
272991840 19252
272991842 19253
272991899 19254
272991900 19255
272991901 19256
272991902 19257
272991903 19258
272991904 19259
272991905 19260
272991906 19261
272991907 19262
272992029 19263
272992030 19264
272992032 19265
272992033 19266
272992034 19267
272992094 19268
272992096 19269
272992097 19270
272992098 19271
272992159 19272
272992160 19273
272992161 19274
272992162 19275
272992163 19276
272992289 19277
272992290 19278
272992354 19279
272992419 19280
273000156 19281
273000158 19282
273000160 19283
273000162 19284
273000221 19285
273000222 19286
273000223 19287
273000224 19288
273000225 19289
273000226 19290
273000227 19291
273000351 19292
273000352 19293
273000354 19294
273000355 19295
273000416 19296
273000418 19297
273000419 19298
273000481 19299
273000482 19300
273000483 19301
273000611 19302
273008478 19303
273008480 19304
273008482 19305
273008543 19306
273008544 19307
273008545 19308
273008546 19309
273008547 19310
273008673 19311
273008674 19312
273008738 19313
273008803 19314
273016800 19315
273016802 19316
273016865 19317
273016866 19318
273016867 19319
273016995 19320
273025122 19321
273025187 19322
273765783 19323
273765784 19324
273765785 19325
273765787 19326
273765788 19327
273765789 19328
273765791 19329
273765792 19330
273765793 19331
273765795 19332
273765913 19333
273765914 19334
273765916 19335
273765917 19336
273765918 19337
273765920 19338
273765921 19339
273765922 19340
273765978 19341
273765980 19342
273765981 19343
273765982 19344
273765984 19345
273765985 19346
273765986 19347
273766043 19348
273766044 19349
273766045 19350
273766046 19351
273766047 19352
273766048 19353
273766049 19354
273766050 19355
273766051 19356
273766173 19357
273766174 19358
273766176 19359
273766177 19360
273766178 19361
273766238 19362
273766240 19363
273766241 19364
273766242 19365
273766303 19366
273766304 19367
273766305 19368
273766306 19369
273766307 19370
273766433 19371
273766434 19372
273766498 19373
273766563 19374
273778266 19375
273778268 19376
273778269 19377
273778270 19378
273778272 19379
273778273 19380
273778274 19381
273778461 19382
273778464 19383
273778465 19384
273778526 19385
273778528 19386
273778529 19387
273778530 19388
273778721 19389
273778786 19390
273782427 19391
273782428 19392
273782429 19393
273782431 19394
273782432 19395
273782433 19396
273782435 19397
273782557 19398
273782558 19399
273782560 19400
273782561 19401
273782562 19402
273782622 19403
273782624 19404
273782625 19405
273782626 19406
273782687 19407
273782688 19408
273782689 19409
273782690 19410
273782691 19411
273782817 19412
273782818 19413
273782882 19414
273782947 19415
273794910 19416
273794912 19417
273794913 19418
273794914 19419
273795105 19420
273795170 19421
273799071 19422
273799072 19423
273799073 19424
273799075 19425
273799201 19426
273799202 19427
273799266 19428
273799331 19429
273811554 19430
273815715 19431
274032088 19432
274032089 19433
274032092 19434
274032093 19435
274032096 19436
274032097 19437
274032153 19438
274032155 19439
274032156 19440
274032157 19441
274032159 19442
274032160 19443
274032161 19444
274032163 19445
274032218 19446
274032219 19447
274032220 19448
274032221 19449
274032222 19450
274032223 19451
274032224 19452
274032225 19453
274032226 19454
274032227 19455
274032348 19456
274032349 19457
274032351 19458
274032352 19459
274032353 19460
274032355 19461
274032413 19462
274032415 19463
274032416 19464
274032417 19465
274032419 19466
274032478 19467
274032479 19468
274032480 19469
274032481 19470
274032482 19471
274032483 19472
274032608 19473
274032609 19474
274032611 19475
274032673 19476
274032675 19477
274032738 19478
274032739 19479
274040410 19480
274040412 19481
274040413 19482
274040414 19483
274040416 19484
274040417 19485
274040418 19486
274040475 19487
274040476 19488
274040477 19489
274040478 19490
274040479 19491
274040480 19492
274040481 19493
274040482 19494
274040483 19495
274040605 19496
274040606 19497
274040608 19498
274040609 19499
274040610 19500
274040670 19501
274040672 19502
274040673 19503
274040674 19504
274040735 19505
274040736 19506
274040737 19507
274040738 19508
274040739 19509
274040865 19510
274040866 19511
274040930 19512
274040995 19513
274044571 19514
274044572 19515
274044573 19516
274044574 19517
274044575 19518
274044576 19519
274044577 19520
274044578 19521
274044579 19522
274044701 19523
274044702 19524
274044704 19525
274044705 19526
274044706 19527
274044766 19528
274044768 19529
274044769 19530
274044770 19531
274044831 19532
274044832 19533
274044833 19534
274044834 19535
274044835 19536
274044961 19537
274044962 19538
274045026 19539
274045091 19540
274048732 19541
274048733 19542
274048734 19543
274048736 19544
274048737 19545
274048738 19546
274048797 19547
274048798 19548
274048799 19549
274048800 19550
274048801 19551
274048802 19552
274048803 19553
274048862 19554
274048863 19555
274048864 19556
274048865 19557
274048866 19558
274048867 19559
274048927 19560
274048928 19561
274048929 19562
274048930 19563
274048931 19564
274048992 19565
274048993 19566
274048994 19567
274048995 19568
274049057 19569
274049058 19570
274049059 19571
274049122 19572
274049123 19573
274049187 19574
274057054 19575
274057056 19576
274057057 19577
274057058 19578
274057119 19579
274057120 19580
274057121 19581
274057122 19582
274057123 19583
274057249 19584
274057250 19585
274057314 19586
274057379 19587
274061215 19588
274061216 19589
274061217 19590
274061218 19591
274061219 19592
274061345 19593
274061346 19594
274061410 19595
274061475 19596
274065376 19597
274065377 19598
274065378 19599
274065441 19600
274065442 19601
274065443 19602
274065506 19603
274065507 19604
274065571 19605
274073698 19606
274073763 19607
274077859 19608
274831003 19609
274831004 19610
274831005 19611
274831007 19612
274831008 19613
274831009 19614
274831011 19615
274831133 19616
274831134 19617
274831136 19618
274831137 19619
274831138 19620
274831198 19621
274831200 19622
274831201 19623
274831202 19624
274831263 19625
274831264 19626
274831265 19627
274831266 19628
274831267 19629
274831393 19630
274831394 19631
274831458 19632
274831523 19633
274843486 19634
274843488 19635
274843489 19636
274843490 19637
274843681 19638
274843746 19639
274847647 19640
274847648 19641
274847649 19642
274847651 19643
274847777 19644
274847778 19645
274847842 19646
274847907 19647
274860130 19648
274864291 19649
275097308 19650
275097309 19651
275097312 19652
275097313 19653
275097373 19654
275097375 19655
275097376 19656
275097377 19657
275097379 19658
275097438 19659
275097439 19660
275097440 19661
275097441 19662
275097442 19663
275097443 19664
275097568 19665
275097569 19666
275097571 19667
275097633 19668
275097635 19669
275097698 19670
275097699 19671
275105630 19672
275105632 19673
275105633 19674
275105634 19675
275105695 19676
275105696 19677
275105697 19678
275105698 19679
275105699 19680
275105825 19681
275105826 19682
275105890 19683
275105955 19684
275109791 19685
275109792 19686
275109793 19687
275109794 19688
275109795 19689
275109921 19690
275109922 19691
275109986 19692
275110051 19693
275113952 19694
275113953 19695
275113954 19696
275114017 19697
275114018 19698
275114019 19699
275114082 19700
275114083 19701
275114147 19702
275122274 19703
275122339 19704
275126435 19705
275896223 19706
275896224 19707
275896225 19708
275896227 19709
275896353 19710
275896354 19711
275896418 19712
275896483 19713
275908706 19714
275912867 19715
276162528 19716
276162529 19717
276162593 19718
276162595 19719
276162658 19720
276162659 19721
276170850 19722
276170915 19723
276175011 19724
276961443 19725
341140952 19726
341140956 19727
341140960 19728
341141017 19729
341141019 19730
341141020 19731
341141021 19732
341141023 19733
341141024 19734
341141025 19735
341141027 19736
341141212 19737
341141215 19738
341141216 19739
341141219 19740
341141277 19741
341141279 19742
341141280 19743
341141281 19744
341141283 19745
341141472 19746
341141475 19747
341141537 19748
341141539 19749
341149274 19750
341149276 19751
341149278 19752
341149280 19753
341149282 19754
341149339 19755
341149340 19756
341149341 19757
341149342 19758
341149343 19759
341149344 19760
341149345 19761
341149346 19762
341149347 19763
341149469 19764
341149470 19765
341149472 19766
341149473 19767
341149474 19768
341149534 19769
341149536 19770
341149537 19771
341149538 19772
341149599 19773
341149600 19774
341149601 19775
341149602 19776
341149603 19777
341149729 19778
341149730 19779
341149794 19780
341149859 19781
341157596 19782
341157598 19783
341157600 19784
341157602 19785
341157661 19786
341157662 19787
341157663 19788
341157664 19789
341157665 19790
341157666 19791
341157667 19792
341157791 19793
341157792 19794
341157794 19795
341157795 19796
341157856 19797
341157858 19798
341157859 19799
341157921 19800
341157922 19801
341157923 19802
341158051 19803
341165918 19804
341165920 19805
341165922 19806
341165983 19807
341165984 19808
341165985 19809
341165986 19810
341165987 19811
341166113 19812
341166114 19813
341166178 19814
341166243 19815
341174240 19816
341174242 19817
341174305 19818
341174306 19819
341174307 19820
341174435 19821
341182562 19822
341182627 19823
341939867 19824
341939868 19825
341939869 19826
341939871 19827
341939872 19828
341939873 19829
341939875 19830
341939997 19831
341939998 19832
341940000 19833
341940001 19834
341940002 19835
341940062 19836
341940064 19837
341940065 19838
341940066 19839
341940127 19840
341940128 19841
341940129 19842
341940130 19843
341940131 19844
341940257 19845
341940258 19846
341940322 19847
341940387 19848
341952350 19849
341952352 19850
341952353 19851
341952354 19852
341952545 19853
341952610 19854
341956511 19855
341956512 19856
341956513 19857
341956515 19858
341956641 19859
341956642 19860
341956706 19861
341956771 19862
341968994 19863
341973155 19864
342206172 19865
342206173 19866
342206176 19867
342206177 19868
342206237 19869
342206239 19870
342206240 19871
342206241 19872
342206243 19873
342206302 19874
342206303 19875
342206304 19876
342206305 19877
342206306 19878
342206307 19879
342206432 19880
342206433 19881
342206435 19882
342206497 19883
342206499 19884
342206562 19885
342206563 19886
342214494 19887
342214496 19888
342214497 19889
342214498 19890
342214559 19891
342214560 19892
342214561 19893
342214562 19894
342214563 19895
342214689 19896
342214690 19897
342214754 19898
342214819 19899
342218655 19900
342218656 19901
342218657 19902
342218658 19903
342218659 19904
342218785 19905
342218786 19906
342218850 19907
342218915 19908
342222816 19909
342222817 19910
342222818 19911
342222881 19912
342222882 19913
342222883 19914
342222946 19915
342222947 19916
342223011 19917
342231138 19918
342231203 19919
342235299 19920
343005087 19921
343005088 19922
343005089 19923
343005091 19924
343005217 19925
343005218 19926
343005282 19927
343005347 19928
343017570 19929
343021731 19930
343271392 19931
343271393 19932
343271457 19933
343271459 19934
343271522 19935
343271523 19936
343279714 19937
343279779 19938
343283875 19939
344070307 19940
409315036 19941
409315040 19942
409315101 19943
409315103 19944
409315104 19945
409315105 19946
409315107 19947
409315296 19948
409315299 19949
409315361 19950
409315363 19951
409323358 19952
409323360 19953
409323362 19954
409323423 19955
409323424 19956
409323425 19957
409323426 19958
409323427 19959
409323553 19960
409323554 19961
409323618 19962
409323683 19963
409331680 19964
409331682 19965
409331745 19966
409331746 19967
409331747 19968
409331875 19969
409340002 19970
409340067 19971
410113951 19972
410113952 19973
410113953 19974
410113955 19975
410114081 19976
410114082 19977
410114146 19978
410114211 19979
410126434 19980
410130595 19981
410380256 19982
410380257 19983
410380321 19984
410380323 19985
410380386 19986
410380387 19987
410388578 19988
410388643 19989
410392739 19990
411179171 19991
477489120 19992
477489185 19993
477489187 19994
477497442 19995
477497507 19996
478288035 19997
