gtosd-board-texture-v1
name TX1_fallback
river-key turn
flop 573
66 0
68 1
70 2
72 3
74 4
76 5
78 6
80 7
82 8
84 9
86 10
88 11
90 12
92 13
94 14
96 15
98 16
261 17
264 18
265 19
268 20
269 21
272 22
273 23
276 24
277 25
280 26
281 27
284 28
285 29
288 30
289 31
326 32
328 33
329 34
330 35
332 36
333 37
334 38
336 39
337 40
338 41
340 42
341 43
342 44
344 45
345 46
346 47
348 48
349 49
350 50
352 51
353 52
354 53
521 54
524 55
525 56
528 57
529 58
532 59
533 60
536 61
537 62
540 63
541 64
544 65
545 66
586 67
588 68
589 69
590 70
592 71
593 72
594 73
596 74
597 75
598 76
600 77
601 78
602 79
604 80
605 81
606 82
608 83
609 84
610 85
781 86
784 87
785 88
788 89
789 90
792 91
793 92
796 93
797 94
800 95
801 96
846 97
848 98
849 99
850 100
852 101
853 102
854 103
856 104
857 105
858 106
860 107
861 108
862 109
864 110
865 111
866 112
1041 113
1044 114
1045 115
1048 116
1049 117
1052 118
1053 119
1056 120
1057 121
1106 122
1108 123
1109 124
1110 125
1112 126
1113 127
1114 128
1116 129
1117 130
1118 131
1120 132
1121 133
1122 134
1301 135
1304 136
1305 137
1308 138
1309 139
1312 140
1313 141
1366 142
1368 143
1369 144
1370 145
1372 146
1373 147
1374 148
1376 149
1377 150
1378 151
1561 152
1564 153
1565 154
1568 155
1569 156
1626 157
1628 158
1629 159
1630 160
1632 161
1633 162
1634 163
1821 164
1824 165
1825 166
1886 167
1888 168
1889 169
1890 170
2081 171
2146 172
16710 173
16712 174
16714 175
16716 176
16718 177
16720 178
16722 179
16724 180
16726 181
16728 182
16730 183
16732 184
16734 185
16736 186
16738 187
16905 188
16908 189
16909 190
16912 191
16913 192
16916 193
16917 194
16920 195
16921 196
16924 197
16925 198
16928 199
16929 200
16970 201
16972 202
16973 203
16974 204
16976 205
16977 206
16978 207
16980 208
16981 209
16982 210
16984 211
16985 212
16986 213
16988 214
16989 215
16990 216
16992 217
16993 218
16994 219
17165 220
17168 221
17169 222
17172 223
17173 224
17176 225
17177 226
17180 227
17181 228
17184 229
17185 230
17230 231
17232 232
17233 233
17234 234
17236 235
17237 236
17238 237
17240 238
17241 239
17242 240
17244 241
17245 242
17246 243
17248 244
17249 245
17250 246
17425 247
17428 248
17429 249
17432 250
17433 251
17436 252
17437 253
17440 254
17441 255
17490 256
17492 257
17493 258
17494 259
17496 260
17497 261
17498 262
17500 263
17501 264
17502 265
17504 266
17505 267
17506 268
17685 269
17688 270
17689 271
17692 272
17693 273
17696 274
17697 275
17750 276
17752 277
17753 278
17754 279
17756 280
17757 281
17758 282
17760 283
17761 284
17762 285
17945 286
17948 287
17949 288
17952 289
17953 290
18010 291
18012 292
18013 293
18014 294
18016 295
18017 296
18018 297
18205 298
18208 299
18209 300
18270 301
18272 302
18273 303
18274 304
18465 305
18530 306
33354 307
33356 308
33358 309
33360 310
33362 311
33364 312
33366 313
33368 314
33370 315
33372 316
33374 317
33376 318
33378 319
33549 320
33552 321
33553 322
33556 323
33557 324
33560 325
33561 326
33564 327
33565 328
33568 329
33569 330
33614 331
33616 332
33617 333
33618 334
33620 335
33621 336
33622 337
33624 338
33625 339
33626 340
33628 341
33629 342
33630 343
33632 344
33633 345
33634 346
33809 347
33812 348
33813 349
33816 350
33817 351
33820 352
33821 353
33824 354
33825 355
33874 356
33876 357
33877 358
33878 359
33880 360
33881 361
33882 362
33884 363
33885 364
33886 365
33888 366
33889 367
33890 368
34069 369
34072 370
34073 371
34076 372
34077 373
34080 374
34081 375
34134 376
34136 377
34137 378
34138 379
34140 380
34141 381
34142 382
34144 383
34145 384
34146 385
34329 386
34332 387
34333 388
34336 389
34337 390
34394 391
34396 392
34397 393
34398 394
34400 395
34401 396
34402 397
34589 398
34592 399
34593 400
34654 401
34656 402
34657 403
34658 404
34849 405
34914 406
49998 407
50000 408
50002 409
50004 410
50006 411
50008 412
50010 413
50012 414
50014 415
50016 416
50018 417
50193 418
50196 419
50197 420
50200 421
50201 422
50204 423
50205 424
50208 425
50209 426
50258 427
50260 428
50261 429
50262 430
50264 431
50265 432
50266 433
50268 434
50269 435
50270 436
50272 437
50273 438
50274 439
50453 440
50456 441
50457 442
50460 443
50461 444
50464 445
50465 446
50518 447
50520 448
50521 449
50522 450
50524 451
50525 452
50526 453
50528 454
50529 455
50530 456
50713 457
50716 458
50717 459
50720 460
50721 461
50778 462
50780 463
50781 464
50782 465
50784 466
50785 467
50786 468
50973 469
50976 470
50977 471
51038 472
51040 473
51041 474
51042 475
51233 476
51298 477
66642 478
66644 479
66646 480
66648 481
66650 482
66652 483
66654 484
66656 485
66658 486
66837 487
66840 488
66841 489
66844 490
66845 491
66848 492
66849 493
66902 494
66904 495
66905 496
66906 497
66908 498
66909 499
66910 500
66912 501
66913 502
66914 503
67097 504
67100 505
67101 506
67104 507
67105 508
67162 509
67164 510
67165 511
67166 512
67168 513
67169 514
67170 515
67357 516
67360 517
67361 518
67422 519
67424 520
67425 521
67426 522
67617 523
67682 524
83286 525
83288 526
83290 527
83292 528
83294 529
83296 530
83298 531
83481 532
83484 533
83485 534
83488 535
83489 536
83546 537
83548 538
83549 539
83550 540
83552 541
83553 542
83554 543
83741 544
83744 545
83745 546
83806 547
83808 548
83809 549
83810 550
84001 551
84066 552
99930 553
99932 554
99934 555
99936 556
99938 557
100125 558
100128 559
100129 560
100190 561
100192 562
100193 563
100194 564
100385 565
100450 566
116574 567
116576 568
116578 569
116769 570
116834 571
133218 572
turn 13761
4227 0
4228 1
4231 2
4232 1
4235 2
4236 1
4239 2
4240 1
4243 2
4244 3
4247 4
4248 3
4251 4
4252 3
4255 4
4256 3
4259 4
4354 5
4357 6
4358 7
4360 8
4361 9
4362 10
4364 8
4365 9
4366 10
4368 11
4369 12
4370 13
4372 14
4373 15
4374 16
4376 17
4377 18
4378 19
4380 17
4381 18
4382 19
4384 20
4385 21
4386 22
4482 23
4483 24
4484 25
4487 26
4488 27
4490 27
4491 28
4492 27
4494 27
4495 28
4496 29
4498 29
4499 30
4500 31
4502 31
4503 32
4504 33
4506 33
4507 34
4508 33
4510 33
4511 34
4512 35
4514 35
4515 36
4610 37
4612 38
4613 39
4614 40
4617 41
4618 42
4620 43
4621 44
4622 45
4624 46
4625 47
4626 48
4628 49
4629 50
4630 51
4632 52
4633 53
4634 54
4636 52
4637 53
4638 54
4640 55
4641 56
4642 57
4738 58
4739 59
4740 60
4742 60
4743 61
4744 62
4747 63
4748 64
4750 64
4751 65
4752 66
4754 66
4755 67
4756 68
4758 68
4759 69
4760 70
4762 70
4763 71
4764 70
4766 70
4767 71
4768 72
4770 72
4771 73
4866 74
4868 75
4869 76
4870 77
4872 75
4873 76
4874 77
4877 78
4878 79
4880 80
4881 81
4882 82
4884 83
4885 84
4886 85
4888 83
4889 84
4890 85
4892 86
4893 87
4894 88
4896 89
4897 90
4898 91
4994 92
4995 93
4996 94
4998 94
4999 95
5000 94
5002 94
5003 95
5004 96
5007 97
5008 98
5010 98
5011 99
5012 100
5014 100
5015 101
5016 100
5018 100
5019 101
5020 102
5022 102
5023 103
5024 104
5026 104
5027 105
5122 106
5124 107
5125 108
5126 109
5128 107
5129 108
5130 109
5132 110
5133 111
5134 112
5137 113
5138 114
5140 115
5141 116
5142 117
5144 115
5145 116
5146 117
5148 118
5149 119
5150 120
5152 118
5153 119
5154 120
5250 121
5251 122
5252 123
5254 123
5255 124
5256 123
5258 123
5259 124
5260 125
5262 125
5263 126
5264 127
5267 128
5268 129
5270 129
5271 130
5272 129
5274 129
5275 130
5276 131
5278 131
5279 132
5280 131
5282 131
5283 132
5378 133
5380 134
5381 135
5382 136
5384 134
5385 135
5386 136
5388 137
5389 138
5390 139
5392 137
5393 138
5394 139
5397 140
5398 141
5400 142
5401 143
5402 144
5404 142
5405 143
5406 144
5408 145
5409 146
5410 147
5506 148
5507 149
5508 150
5510 150
5511 151
5512 150
5514 150
5515 151
5516 152
5518 152
5519 153
5520 152
5522 152
5523 153
5524 154
5527 155
5528 156
5530 156
5531 157
5532 156
5534 156
5535 157
5536 158
5538 158
5539 159
5634 160
5636 161
5637 162
5638 163
5640 161
5641 162
5642 163
5644 161
5645 162
5646 163
5648 164
5649 165
5650 166
5652 164
5653 165
5654 166
5657 167
5658 168
5660 169
5661 170
5662 171
5664 169
5665 170
5666 171
5762 172
5763 173
5764 174
5766 174
5767 175
5768 174
5770 174
5771 175
5772 174
5774 174
5775 175
5776 176
5778 176
5779 177
5780 176
5782 176
5783 177
5784 178
5787 179
5788 180
5790 180
5791 181
5792 180
5794 180
5795 181
5890 182
5892 183
5893 184
5894 185
5896 183
5897 184
5898 185
5900 183
5901 184
5902 185
5904 186
5905 187
5906 188
5908 186
5909 187
5910 188
5912 186
5913 187
5914 188
5917 189
5918 190
5920 191
5921 192
5922 193
6018 194
6019 195
6020 196
6022 196
6023 197
6024 196
6026 196
6027 197
6028 196
6030 196
6031 197
6032 198
6034 198
6035 199
6036 198
6038 198
6039 199
6040 198
6042 198
6043 199
6044 200
6047 201
6048 202
6050 202
6051 203
6146 204
6148 205
6149 206
6150 207
6152 205
6153 206
6154 207
6156 205
6157 206
6158 207
6160 208
6161 209
6162 210
6164 211
6165 212
6166 213
6168 211
6169 212
6170 213
6172 211
6173 212
6174 213
6177 214
6178 215
6274 216
6275 217
6276 218
6278 218
6279 219
6280 218
6282 218
6283 219
6284 218
6286 218
6287 219
6288 220
6290 220
6291 221
6292 222
6294 222
6295 223
6296 222
6298 222
6299 223
6300 222
6302 222
6303 223
6304 224
6307 225
16705 226
16706 227
16710 228
16712 229
16713 230
16714 231
16716 229
16717 230
16718 231
16720 232
16721 233
16722 234
16724 235
16725 236
16726 237
16728 238
16729 239
16730 240
16732 238
16733 239
16734 240
16736 241
16737 242
16738 243
16897 244
16901 245
16905 246
16908 247
16909 248
16912 249
16913 250
16916 251
16917 252
16920 253
16921 254
16924 253
16925 254
16928 255
16929 256
16961 257
16962 258
16965 259
16966 260
16968 261
16970 262
16972 263
16973 264
16974 265
16976 266
16977 267
16978 268
16980 269
16981 270
16982 271
16984 272
16985 273
16986 274
16988 272
16989 273
16990 274
16992 275
16993 276
16994 277
17153 278
17157 279
17160 280
17161 281
17165 282
17168 283
17169 284
17172 285
17173 286
17176 287
17177 288
17180 289
17181 290
17184 291
17185 292
17217 293
17218 294
17221 295
17222 296
17224 297
17225 298
17226 299
17228 300
17230 301
17232 302
17233 303
17234 304
17236 305
17237 306
17238 307
17240 308
17241 309
17242 310
17244 311
17245 312
17246 313
17248 314
17249 315
17250 316
17409 317
17413 318
17416 319
17417 320
17420 319
17421 320
17425 321
17428 322
17429 323
17432 324
17433 325
17436 326
17437 327
17440 328
17441 329
17473 330
17474 331
17477 332
17478 333
17480 334
17481 335
17482 336
17484 334
17485 335
17486 336
17488 337
17490 338
17492 339
17493 340
17494 341
17496 342
17497 343
17498 344
17500 345
17501 346
17502 347
17504 348
17505 349
17506 350
17665 351
17669 352
17672 353
17673 354
17676 353
17677 354
17680 355
17681 356
17685 357
17688 358
17689 359
17692 358
17693 359
17696 360
17697 361
17729 362
17730 363
17733 364
17734 365
17736 366
17737 367
17738 368
17740 366
17741 367
17742 368
17744 369
17745 370
17746 371
17748 372
17750 373
17752 374
17753 375
17754 376
17756 374
17757 375
17758 376
17760 377
17761 378
17762 379
17921 380
17925 381
17928 382
17929 383
17932 382
17933 383
17936 384
17937 385
17940 386
17941 387
17945 388
17948 389
17949 390
17952 391
17953 392
17985 393
17986 394
17989 395
17990 396
17992 397
17993 398
17994 399
17996 397
17997 398
17998 399
18000 400
18001 401
18002 402
18004 403
18005 404
18006 405
18008 406
18010 407
18012 408
18013 409
18014 410
18016 411
18017 412
18018 413
18177 414
18181 415
18184 416
18185 417
18188 416
18189 417
18192 418
18193 419
18196 420
18197 421
18200 420
18201 421
18205 422
18208 423
18209 424
18241 425
18242 426
18245 427
18246 428
18248 429
18249 430
18250 431
18252 429
18253 430
18254 431
18256 432
18257 433
18258 434
18260 435
18261 436
18262 437
18264 435
18265 436
18266 437
18268 438
18270 439
18272 440
18273 441
18274 442
18433 443
18437 444
18440 445
18441 446
18444 445
18445 446
18448 447
18449 448
18452 449
18453 450
18456 449
18457 450
18460 449
18461 450
18465 451
18497 452
18498 453
18501 454
18502 455
18504 456
18505 457
18506 458
18508 456
18509 457
18510 458
18512 459
18513 460
18514 461
18516 462
18517 463
18518 464
18520 462
18521 463
18522 464
18524 462
18525 463
18526 464
18528 465
18530 466
20865 467
20867 468
20868 469
20871 470
20872 471
20873 471
20875 472
20876 471
20877 471
20879 472
20880 473
20881 473
20883 474
20884 475
20885 475
20887 476
20888 477
20889 477
20891 478
20892 477
20893 477
20895 478
20896 479
20897 479
20899 480
20993 257
20994 258
20996 481
20998 260
21001 482
21002 262
21004 263
21005 264
21006 265
21008 266
21009 267
21010 268
21012 269
21013 270
21014 271
21016 272
21017 273
21018 274
21020 272
21021 273
21022 274
21024 275
21025 276
21026 277
21057 483
21058 258
21060 259
21062 260
21064 482
21066 262
21068 264
21069 263
21070 265
21072 267
21073 266
21074 268
21076 270
21077 269
21078 271
21080 273
21081 272
21082 274
21084 273
21085 272
21086 274
21088 276
21089 275
21090 277
21121 484
21122 484
21123 485
21124 486
21126 486
21127 487
21128 488
21129 488
21131 489
21132 490
21133 490
21134 490
21135 491
21136 492
21137 492
21138 492
21139 493
21140 494
21141 494
21142 494
21143 495
21144 496
21145 496
21146 496
21147 497
21148 496
21149 496
21150 496
21151 497
21152 498
21153 498
21154 498
21155 499
21249 293
21250 294
21252 500
21254 296
21256 297
21257 298
21258 299
21261 501
21262 301
21264 302
21265 303
21266 304
21268 305
21269 306
21270 307
21272 308
21273 309
21274 310
21276 311
21277 312
21278 313
21280 314
21281 315
21282 316
21313 502
21314 294
21316 295
21318 296
21320 298
21321 297
21322 299
21324 501
21326 301
21328 303
21329 302
21330 304
21332 306
21333 305
21334 307
21336 309
21337 308
21338 310
21340 312
21341 311
21342 313
21344 315
21345 314
21346 316
21377 503
21378 503
21379 504
21380 505
21382 505
21383 506
21384 507
21385 507
21386 507
21387 508
21388 509
21389 509
21391 510
21392 511
21393 511
21394 511
21395 512
21396 513
21397 513
21398 513
21399 514
21400 515
21401 515
21402 515
21403 516
21404 517
21405 517
21406 517
21407 518
21408 519
21409 519
21410 519
21411 520
21505 330
21506 331
21508 521
21510 333
21512 334
21513 335
21514 336
21516 334
21517 335
21518 336
21521 522
21522 338
21524 339
21525 340
21526 341
21528 342
21529 343
21530 344
21532 345
21533 346
21534 347
21536 348
21537 349
21538 350
21569 523
21570 331
21572 332
21574 333
21576 335
21577 334
21578 336
21580 335
21581 334
21582 336
21584 522
21586 338
21588 340
21589 339
21590 341
21592 343
21593 342
21594 344
21596 346
21597 345
21598 347
21600 349
21601 348
21602 350
21633 524
21634 524
21635 525
21636 526
21638 526
21639 527
21640 528
21641 528
21642 528
21643 529
21644 528
21645 528
21646 528
21647 529
21648 530
21649 530
21651 531
21652 532
21653 532
21654 532
21655 533
21656 534
21657 534
21658 534
21659 535
21660 536
21661 536
21662 536
21663 537
21664 538
21665 538
21666 538
21667 539
21761 362
21762 363
21764 540
21766 365
21768 366
21769 367
21770 368
21772 366
21773 367
21774 368
21776 369
21777 370
21778 371
21781 541
21782 373
21784 374
21785 375
21786 376
21788 374
21789 375
21790 376
21792 377
21793 378
21794 379
21825 542
21826 363
21828 364
21830 365
21832 367
21833 366
21834 368
21836 367
21837 366
21838 368
21840 370
21841 369
21842 371
21844 541
21846 373
21848 375
21849 374
21850 376
21852 375
21853 374
21854 376
21856 378
21857 377
21858 379
21889 543
21890 543
21891 544
21892 545
21894 545
21895 546
21896 547
21897 547
21898 547
21899 548
21900 547
21901 547
21902 547
21903 548
21904 549
21905 549
21906 549
21907 550
21908 551
21909 551
21911 552
21912 553
21913 553
21914 553
21915 554
21916 553
21917 553
21918 553
21919 554
21920 555
21921 555
21922 555
21923 556
22017 393
22018 394
22020 557
22022 396
22024 397
22025 398
22026 399
22028 397
22029 398
22030 399
22032 400
22033 401
22034 402
22036 403
22037 404
22038 405
22041 558
22042 407
22044 408
22045 409
22046 410
22048 411
22049 412
22050 413
22081 559
22082 394
22084 395
22086 396
22088 398
22089 397
22090 399
22092 398
22093 397
22094 399
22096 401
22097 400
22098 402
22100 404
22101 403
22102 405
22104 558
22106 407
22108 409
22109 408
22110 410
22112 412
22113 411
22114 413
22145 560
22146 560
22147 561
22148 562
22150 562
22151 563
22152 564
22153 564
22154 564
22155 565
22156 564
22157 564
22158 564
22159 565
22160 566
22161 566
22162 566
22163 567
22164 568
22165 568
22166 568
22167 569
22168 570
22169 570
22171 571
22172 572
22173 572
22174 572
22175 573
22176 574
22177 574
22178 574
22179 575
22273 425
22274 426
22276 576
22278 428
22280 429
22281 430
22282 431
22284 429
22285 430
22286 431
22288 432
22289 433
22290 434
22292 435
22293 436
22294 437
22296 435
22297 436
22298 437
22301 577
22302 439
22304 440
22305 441
22306 442
22337 578
22338 426
22340 427
22342 428
22344 430
22345 429
22346 431
22348 430
22349 429
22350 431
22352 433
22353 432
22354 434
22356 436
22357 435
22358 437
22360 436
22361 435
22362 437
22364 577
22366 439
22368 441
22369 440
22370 442
22401 579
22402 579
22403 580
22404 581
22406 581
22407 582
22408 583
22409 583
22410 583
22411 584
22412 583
22413 583
22414 583
22415 584
22416 585
22417 585
22418 585
22419 586
22420 587
22421 587
22422 587
22423 588
22424 587
22425 587
22426 587
22427 588
22428 589
22429 589
22431 590
22432 591
22433 591
22434 591
22435 592
22529 452
22530 453
22532 593
22534 455
22536 456
22537 457
22538 458
22540 456
22541 457
22542 458
22544 459
22545 460
22546 461
22548 462
22549 463
22550 464
22552 462
22553 463
22554 464
22556 462
22557 463
22558 464
22561 594
22562 466
22593 595
22594 453
22596 454
22598 455
22600 457
22601 456
22602 458
22604 457
22605 456
22606 458
22608 460
22609 459
22610 461
22612 463
22613 462
22614 464
22616 463
22617 462
22618 464
22620 463
22621 462
22622 464
22624 594
22626 466
22657 596
22658 596
22659 597
22660 598
22662 598
22663 599
22664 600
22665 600
22666 600
22667 601
22668 600
22669 600
22670 600
22671 601
22672 602
22673 602
22674 602
22675 603
22676 604
22677 604
22678 604
22679 605
22680 604
22681 604
22682 604
22683 605
22684 604
22685 604
22686 604
22687 605
22688 606
22689 606
22691 607
33345 608
33346 609
33348 610
33349 611
33350 612
33354 613
33356 614
33357 615
33358 616
33360 617
33361 618
33362 619
33364 620
33365 621
33366 622
33368 623
33369 624
33370 625
33372 623
33373 624
33374 625
33376 626
33377 627
33378 628
33537 629
33540 630
33541 631
33545 632
33549 633
33552 634
33553 635
33556 636
33557 637
33560 638
33561 639
33564 640
33565 641
33568 642
33569 643
33601 644
33602 645
33604 646
33605 647
33606 648
33609 649
33610 650
33612 651
33614 652
33616 653
33617 654
33618 655
33620 656
33621 657
33622 658
33624 659
33625 660
33626 661
33628 662
33629 663
33630 664
33632 665
33633 666
33634 667
33793 668
33796 669
33797 670
33801 671
33804 672
33805 673
33809 674
33812 675
33813 676
33816 677
33817 678
33820 679
33821 680
33824 681
33825 682
33857 683
33858 684
33860 685
33861 686
33862 687
33865 688
33866 689
33868 690
33869 691
33870 692
33872 693
33874 694
33876 695
33877 696
33878 697
33880 698
33881 699
33882 700
33884 701
33885 702
33886 703
33888 704
33889 705
33890 706
34049 707
34052 708
34053 709
34057 710
34060 711
34061 712
34064 713
34065 714
34069 715
34072 716
34073 717
34076 718
34077 719
34080 720
34081 721
34113 722
34114 723
34116 724
34117 725
34118 726
34121 727
34122 728
34124 729
34125 730
34126 731
34128 732
34129 733
34130 734
34132 735
34134 736
34136 737
34137 738
34138 739
34140 740
34141 741
34142 742
34144 743
34145 744
34146 745
34305 746
34308 747
34309 748
34313 749
34316 750
34317 751
34320 752
34321 753
34324 754
34325 755
34329 756
34332 757
34333 758
34336 759
34337 760
34369 761
34370 762
34372 763
34373 764
34374 765
34377 766
34378 767
34380 768
34381 769
34382 770
34384 771
34385 772
34386 773
34388 774
34389 775
34390 776
34392 777
34394 778
34396 779
34397 780
34398 781
34400 782
34401 783
34402 784
34561 785
34564 786
34565 787
34569 788
34572 789
34573 790
34576 791
34577 792
34580 793
34581 794
34584 793
34585 794
34589 795
34592 796
34593 797
34625 798
34626 799
34628 800
34629 801
34630 802
34633 803
34634 804
34636 805
34637 806
34638 807
34640 808
34641 809
34642 810
34644 811
34645 812
34646 813
34648 811
34649 812
34650 813
34652 814
34654 815
34656 816
34657 817
34658 818
34817 819
34820 820
34821 821
34825 822
34828 823
34829 824
34832 825
34833 826
34836 827
34837 828
34840 829
34841 830
34844 829
34845 830
34849 831
34881 832
34882 833
34884 834
34885 835
34886 836
34889 837
34890 838
34892 839
34893 840
34894 841
34896 842
34897 843
34898 844
34900 845
34901 846
34902 847
34904 848
34905 849
34906 850
34908 848
34909 849
34910 850
34912 851
34914 852
37505 853
37507 854
37508 855
37509 855
37511 856
37512 857
37515 858
37516 859
37517 859
37519 860
37520 861
37521 861
37523 862
37524 863
37525 863
37527 864
37528 865
37529 865
37531 866
37532 865
37533 865
37535 866
37536 867
37537 867
37539 868
37633 644
37634 645
37636 646
37637 647
37638 648
37640 869
37642 650
37645 870
37646 652
37648 653
37649 654
37650 655
37652 656
37653 657
37654 658
37656 659
37657 660
37658 661
37660 662
37661 663
37662 664
37664 665
37665 666
37666 667
37697 871
37698 645
37700 647
37701 646
37702 648
37704 649
37706 650
37708 870
37710 652
37712 654
37713 653
37714 655
37716 657
37717 656
37718 658
37720 660
37721 659
37722 661
37724 663
37725 662
37726 664
37728 666
37729 665
37730 667
37761 872
37762 872
37763 873
37764 874
37765 874
37766 874
37767 875
37768 876
37770 876
37771 877
37772 878
37773 878
37775 879
37776 880
37777 880
37778 880
37779 881
37780 882
37781 882
37782 882
37783 883
37784 884
37785 884
37786 884
37787 885
37788 886
37789 886
37790 886
37791 887
37792 888
37793 888
37794 888
37795 889
37889 683
37890 684
37892 685
37893 686
37894 687
37896 890
37898 689
37900 690
37901 691
37902 692
37905 891
37906 694
37908 695
37909 696
37910 697
37912 698
37913 699
37914 700
37916 701
37917 702
37918 703
37920 704
37921 705
37922 706
37953 892
37954 684
37956 686
37957 685
37958 687
37960 688
37962 689
37964 691
37965 690
37966 692
37968 891
37970 694
37972 696
37973 695
37974 697
37976 699
37977 698
37978 700
37980 702
37981 701
37982 703
37984 705
37985 704
37986 706
38017 893
38018 893
38019 894
38020 895
38021 895
38022 895
38023 896
38024 897
38026 897
38027 898
38028 899
38029 899
38030 899
38031 900
38032 901
38033 901
38035 902
38036 903
38037 903
38038 903
38039 904
38040 905
38041 905
38042 905
38043 906
38044 907
38045 907
38046 907
38047 908
38048 909
38049 909
38050 909
38051 910
38145 722
38146 723
38148 724
38149 725
38150 726
38152 911
38154 728
38156 729
38157 730
38158 731
38160 732
38161 733
38162 734
38165 912
38166 736
38168 737
38169 738
38170 739
38172 740
38173 741
38174 742
38176 743
38177 744
38178 745
38209 913
38210 723
38212 725
38213 724
38214 726
38216 727
38218 728
38220 730
38221 729
38222 731
38224 733
38225 732
38226 734
38228 912
38230 736
38232 738
38233 737
38234 739
38236 741
38237 740
38238 742
38240 744
38241 743
38242 745
38273 914
38274 914
38275 915
38276 916
38277 916
38278 916
38279 917
38280 918
38282 918
38283 919
38284 920
38285 920
38286 920
38287 921
38288 922
38289 922
38290 922
38291 923
38292 924
38293 924
38295 925
38296 926
38297 926
38298 926
38299 927
38300 928
38301 928
38302 928
38303 929
38304 930
38305 930
38306 930
38307 931
38401 761
38402 762
38404 763
38405 764
38406 765
38408 932
38410 767
38412 768
38413 769
38414 770
38416 771
38417 772
38418 773
38420 774
38421 775
38422 776
38425 933
38426 778
38428 779
38429 780
38430 781
38432 782
38433 783
38434 784
38465 934
38466 762
38468 764
38469 763
38470 765
38472 766
38474 767
38476 769
38477 768
38478 770
38480 772
38481 771
38482 773
38484 775
38485 774
38486 776
38488 933
38490 778
38492 780
38493 779
38494 781
38496 783
38497 782
38498 784
38529 935
38530 935
38531 936
38532 937
38533 937
38534 937
38535 938
38536 939
38538 939
38539 940
38540 941
38541 941
38542 941
38543 942
38544 943
38545 943
38546 943
38547 944
38548 945
38549 945
38550 945
38551 946
38552 947
38553 947
38555 948
38556 949
38557 949
38558 949
38559 950
38560 951
38561 951
38562 951
38563 952
38657 798
38658 799
38660 800
38661 801
38662 802
38664 953
38666 804
38668 805
38669 806
38670 807
38672 808
38673 809
38674 810
38676 811
38677 812
38678 813
38680 811
38681 812
38682 813
38685 954
38686 815
38688 816
38689 817
38690 818
38721 955
38722 799
38724 801
38725 800
38726 802
38728 803
38730 804
38732 806
38733 805
38734 807
38736 809
38737 808
38738 810
38740 812
38741 811
38742 813
38744 812
38745 811
38746 813
38748 954
38750 815
38752 817
38753 816
38754 818
38785 956
38786 956
38787 957
38788 958
38789 958
38790 958
38791 959
38792 960
38794 960
38795 961
38796 962
38797 962
38798 962
38799 963
38800 964
38801 964
38802 964
38803 965
38804 966
38805 966
38806 966
38807 967
38808 966
38809 966
38810 966
38811 967
38812 968
38813 968
38815 969
38816 970
38817 970
38818 970
38819 971
38913 832
38914 833
38916 834
38917 835
38918 836
38920 972
38922 838
38924 839
38925 840
38926 841
38928 842
38929 843
38930 844
38932 845
38933 846
38934 847
38936 848
38937 849
38938 850
38940 848
38941 849
38942 850
38945 973
38946 852
38977 974
38978 833
38980 835
38981 834
38982 836
38984 837
38986 838
38988 840
38989 839
38990 841
38992 843
38993 842
38994 844
38996 846
38997 845
38998 847
39000 849
39001 848
39002 850
39004 849
39005 848
39006 850
39008 973
39010 852
39041 975
39042 975
39043 976
39044 977
39045 977
39046 977
39047 978
39048 979
39050 979
39051 980
39052 981
39053 981
39054 981
39055 982
39056 983
39057 983
39058 983
39059 984
39060 985
39061 985
39062 985
39063 986
39064 987
39065 987
39066 987
39067 988
39068 987
39069 987
39070 987
39071 988
39072 989
39073 989
39075 990
49985 991
49986 992
49988 993
49989 994
49990 995
49992 993
49993 994
49994 995
49998 996
50000 997
50001 998
50002 999
50004 1000
50005 1001
50006 1002
50008 1000
50009 1001
50010 1002
50012 1003
50013 1004
50014 1005
50016 1006
50017 1007
50018 1008
50177 1009
50180 1010
50181 1011
50184 1012
50185 1013
50189 1014
50193 1015
50196 1016
50197 1017
50200 1016
50201 1017
50204 1018
50205 1019
50208 1018
50209 1019
50241 1020
50242 1021
50244 1022
50245 1023
50246 1024
50248 1025
50249 1026
50250 1027
50253 1028
50254 1029
50256 1030
50258 1031
50260 1032
50261 1033
50262 1034
50264 1032
50265 1033
50266 1034
50268 1035
50269 1036
50270 1037
50272 1035
50273 1036
50274 1037
50433 1038
50436 1039
50437 1040
50440 1041
50441 1042
50445 1043
50448 1044
50449 1045
50453 1046
50456 1047
50457 1048
50460 1049
50461 1050
50464 1051
50465 1052
50497 1053
50498 1054
50500 1055
50501 1056
50502 1057
50504 1058
50505 1059
50506 1060
50509 1061
50510 1062
50512 1063
50513 1064
50514 1065
50516 1066
50518 1067
50520 1068
50521 1069
50522 1070
50524 1071
50525 1072
50526 1073
50528 1074
50529 1075
50530 1076
50689 1077
50692 1078
50693 1079
50696 1080
50697 1081
50701 1082
50704 1083
50705 1084
50708 1085
50709 1086
50713 1087
50716 1088
50717 1089
50720 1088
50721 1089
50753 1090
50754 1091
50756 1092
50757 1093
50758 1094
50760 1095
50761 1096
50762 1097
50765 1098
50766 1099
50768 1100
50769 1101
50770 1102
50772 1103
50773 1104
50774 1105
50776 1106
50778 1107
50780 1108
50781 1109
50782 1110
50784 1108
50785 1109
50786 1110
50945 1111
50948 1112
50949 1113
50952 1112
50953 1113
50957 1114
50960 1115
50961 1116
50964 1117
50965 1118
50968 1119
50969 1120
50973 1121
50976 1122
50977 1123
51009 1124
51010 1125
51012 1126
51013 1127
51014 1128
51016 1126
51017 1127
51018 1128
51021 1129
51022 1130
51024 1131
51025 1132
51026 1133
51028 1134
51029 1135
51030 1136
51032 1137
51033 1138
51034 1139
51036 1140
51038 1141
51040 1142
51041 1143
51042 1144
51201 1145
51204 1146
51205 1147
51208 1146
51209 1147
51213 1148
51216 1149
51217 1150
51220 1151
51221 1152
51224 1153
51225 1154
51228 1153
51229 1154
51233 1155
51265 1156
51266 1157
51268 1158
51269 1159
51270 1160
51272 1158
51273 1159
51274 1160
51277 1161
51278 1162
51280 1163
51281 1164
51282 1165
51284 1166
51285 1167
51286 1168
51288 1169
51289 1170
51290 1171
51292 1169
51293 1170
51294 1171
51296 1172
51298 1173
54145 1174
54147 1175
54148 1176
54149 1176
54151 1177
54152 1176
54153 1176
54155 1177
54156 1178
54159 1179
54160 1180
54161 1180
54163 1181
54164 1182
54165 1182
54167 1183
54168 1182
54169 1182
54171 1183
54172 1184
54173 1184
54175 1185
54176 1186
54177 1186
54179 1187
54273 1020
54274 1021
54276 1022
54277 1023
54278 1024
54280 1025
54281 1026
54282 1027
54284 1188
54286 1029
54289 1189
54290 1031
54292 1032
54293 1033
54294 1034
54296 1032
54297 1033
54298 1034
54300 1035
54301 1036
54302 1037
54304 1035
54305 1036
54306 1037
54337 1190
54338 1021
54340 1023
54341 1022
54342 1024
54344 1026
54345 1025
54346 1027
54348 1028
54350 1029
54352 1189
54354 1031
54356 1033
54357 1032
54358 1034
54360 1033
54361 1032
54362 1034
54364 1036
54365 1035
54366 1037
54368 1036
54369 1035
54370 1037
54401 1191
54402 1191
54403 1192
54404 1193
54405 1193
54406 1193
54407 1194
54408 1195
54409 1195
54410 1195
54411 1196
54412 1197
54414 1197
54415 1198
54416 1199
54417 1199
54419 1200
54420 1201
54421 1201
54422 1201
54423 1202
54424 1201
54425 1201
54426 1201
54427 1202
54428 1203
54429 1203
54430 1203
54431 1204
54432 1203
54433 1203
54434 1203
54435 1204
54529 1053
54530 1054
54532 1055
54533 1056
54534 1057
54536 1058
54537 1059
54538 1060
54540 1205
54542 1062
54544 1063
54545 1064
54546 1065
54549 1206
54550 1067
54552 1068
54553 1069
54554 1070
54556 1071
54557 1072
54558 1073
54560 1074
54561 1075
54562 1076
54593 1207
54594 1054
54596 1056
54597 1055
54598 1057
54600 1059
54601 1058
54602 1060
54604 1061
54606 1062
54608 1064
54609 1063
54610 1065
54612 1206
54614 1067
54616 1069
54617 1068
54618 1070
54620 1072
54621 1071
54622 1073
54624 1075
54625 1074
54626 1076
54657 1208
54658 1208
54659 1209
54660 1210
54661 1210
54662 1210
54663 1211
54664 1212
54665 1212
54666 1212
54667 1213
54668 1214
54670 1214
54671 1215
54672 1216
54673 1216
54674 1216
54675 1217
54676 1218
54677 1218
54679 1219
54680 1220
54681 1220
54682 1220
54683 1221
54684 1222
54685 1222
54686 1222
54687 1223
54688 1224
54689 1224
54690 1224
54691 1225
54785 1090
54786 1091
54788 1092
54789 1093
54790 1094
54792 1095
54793 1096
54794 1097
54796 1226
54798 1099
54800 1100
54801 1101
54802 1102
54804 1103
54805 1104
54806 1105
54809 1227
54810 1107
54812 1108
54813 1109
54814 1110
54816 1108
54817 1109
54818 1110
54849 1228
54850 1091
54852 1093
54853 1092
54854 1094
54856 1096
54857 1095
54858 1097
54860 1098
54862 1099
54864 1101
54865 1100
54866 1102
54868 1104
54869 1103
54870 1105
54872 1227
54874 1107
54876 1109
54877 1108
54878 1110
54880 1109
54881 1108
54882 1110
54913 1229
54914 1229
54915 1230
54916 1231
54917 1231
54918 1231
54919 1232
54920 1233
54921 1233
54922 1233
54923 1234
54924 1235
54926 1235
54927 1236
54928 1237
54929 1237
54930 1237
54931 1238
54932 1239
54933 1239
54934 1239
54935 1240
54936 1241
54937 1241
54939 1242
54940 1243
54941 1243
54942 1243
54943 1244
54944 1243
54945 1243
54946 1243
54947 1244
55041 1124
55042 1125
55044 1126
55045 1127
55046 1128
55048 1126
55049 1127
55050 1128
55052 1245
55054 1130
55056 1131
55057 1132
55058 1133
55060 1134
55061 1135
55062 1136
55064 1137
55065 1138
55066 1139
55069 1246
55070 1141
55072 1142
55073 1143
55074 1144
55105 1247
55106 1125
55108 1127
55109 1126
55110 1128
55112 1127
55113 1126
55114 1128
55116 1129
55118 1130
55120 1132
55121 1131
55122 1133
55124 1135
55125 1134
55126 1136
55128 1138
55129 1137
55130 1139
55132 1246
55134 1141
55136 1143
55137 1142
55138 1144
55169 1248
55170 1248
55171 1249
55172 1250
55173 1250
55174 1250
55175 1251
55176 1250
55177 1250
55178 1250
55179 1251
55180 1252
55182 1252
55183 1253
55184 1254
55185 1254
55186 1254
55187 1255
55188 1256
55189 1256
55190 1256
55191 1257
55192 1258
55193 1258
55194 1258
55195 1259
55196 1260
55197 1260
55199 1261
55200 1262
55201 1262
55202 1262
55203 1263
55297 1156
55298 1157
55300 1158
55301 1159
55302 1160
55304 1158
55305 1159
55306 1160
55308 1264
55310 1162
55312 1163
55313 1164
55314 1165
55316 1166
55317 1167
55318 1168
55320 1169
55321 1170
55322 1171
55324 1169
55325 1170
55326 1171
55329 1265
55330 1173
55361 1266
55362 1157
55364 1159
55365 1158
55366 1160
55368 1159
55369 1158
55370 1160
55372 1161
55374 1162
55376 1164
55377 1163
55378 1165
55380 1167
55381 1166
55382 1168
55384 1170
55385 1169
55386 1171
55388 1170
55389 1169
55390 1171
55392 1265
55394 1173
55425 1267
55426 1267
55427 1268
55428 1269
55429 1269
55430 1269
55431 1270
55432 1269
55433 1269
55434 1269
55435 1270
55436 1271
55438 1271
55439 1272
55440 1273
55441 1273
55442 1273
55443 1274
55444 1275
55445 1275
55446 1275
55447 1276
55448 1277
55449 1277
55450 1277
55451 1278
55452 1277
55453 1277
55454 1277
55455 1278
55456 1279
55457 1279
55459 1280
66625 1281
66626 1282
66628 1283
66629 1284
66630 1285
66632 1283
66633 1284
66634 1285
66636 1286
66637 1287
66638 1288
66642 1289
66644 1290
66645 1291
66646 1292
66648 1290
66649 1291
66650 1292
66652 1293
66653 1294
66654 1295
66656 1293
66657 1294
66658 1295
66817 1296
66820 1297
66821 1298
66824 1297
66825 1298
66828 1299
66829 1300
66833 1301
66837 1302
66840 1303
66841 1304
66844 1305
66845 1306
66848 1307
66849 1308
66881 1309
66882 1310
66884 1311
66885 1312
66886 1313
66888 1311
66889 1312
66890 1313
66892 1314
66893 1315
66894 1316
66897 1317
66898 1318
66900 1319
66902 1320
66904 1321
66905 1322
66906 1323
66908 1324
66909 1325
66910 1326
66912 1327
66913 1328
66914 1329
67073 1330
67076 1331
67077 1332
67080 1333
67081 1334
67084 1335
67085 1336
67089 1337
67092 1338
67093 1339
67097 1340
67100 1341
67101 1342
67104 1343
67105 1344
67137 1345
67138 1346
67140 1347
67141 1348
67142 1349
67144 1350
67145 1351
67146 1352
67148 1353
67149 1354
67150 1355
67153 1356
67154 1357
67156 1358
67157 1359
67158 1360
67160 1361
67162 1362
67164 1363
67165 1364
67166 1365
67168 1366
67169 1367
67170 1368
67329 1369
67332 1370
67333 1371
67336 1370
67337 1371
67340 1372
67341 1373
67345 1374
67348 1375
67349 1376
67352 1375
67353 1376
67357 1377
67360 1378
67361 1379
67393 1380
67394 1381
67396 1382
67397 1383
67398 1384
67400 1382
67401 1383
67402 1384
67404 1385
67405 1386
67406 1387
67409 1388
67410 1389
67412 1390
67413 1391
67414 1392
67416 1390
67417 1391
67418 1392
67420 1393
67422 1394
67424 1395
67425 1396
67426 1397
67585 1398
67588 1399
67589 1400
67592 1399
67593 1400
67596 1401
67597 1402
67601 1403
67604 1404
67605 1405
67608 1404
67609 1405
67612 1406
67613 1407
67617 1408
67649 1409
67650 1410
67652 1411
67653 1412
67654 1413
67656 1411
67657 1412
67658 1413
67660 1414
67661 1415
67662 1416
67665 1417
67666 1418
67668 1419
67669 1420
67670 1421
67672 1419
67673 1420
67674 1421
67676 1422
67677 1423
67678 1424
67680 1425
67682 1426
70785 1427
70787 1428
70788 1429
70789 1429
70791 1430
70792 1429
70793 1429
70795 1430
70796 1431
70797 1431
70799 1432
70800 1433
70803 1434
70804 1435
70805 1435
70807 1436
70808 1435
70809 1435
70811 1436
70812 1437
70813 1437
70815 1438
70816 1437
70817 1437
70819 1438
70913 1309
70914 1310
70916 1311
70917 1312
70918 1313
70920 1311
70921 1312
70922 1313
70924 1314
70925 1315
70926 1316
70928 1439
70930 1318
70933 1440
70934 1320
70936 1321
70937 1322
70938 1323
70940 1324
70941 1325
70942 1326
70944 1327
70945 1328
70946 1329
70977 1441
70978 1310
70980 1312
70981 1311
70982 1313
70984 1312
70985 1311
70986 1313
70988 1315
70989 1314
70990 1316
70992 1317
70994 1318
70996 1440
70998 1320
71000 1322
71001 1321
71002 1323
71004 1325
71005 1324
71006 1326
71008 1328
71009 1327
71010 1329
71041 1442
71042 1442
71043 1443
71044 1444
71045 1444
71046 1444
71047 1445
71048 1444
71049 1444
71050 1444
71051 1445
71052 1446
71053 1446
71054 1446
71055 1447
71056 1448
71058 1448
71059 1449
71060 1450
71061 1450
71063 1451
71064 1452
71065 1452
71066 1452
71067 1453
71068 1454
71069 1454
71070 1454
71071 1455
71072 1456
71073 1456
71074 1456
71075 1457
71169 1345
71170 1346
71172 1347
71173 1348
71174 1349
71176 1350
71177 1351
71178 1352
71180 1353
71181 1354
71182 1355
71184 1458
71186 1357
71188 1358
71189 1359
71190 1360
71193 1459
71194 1362
71196 1363
71197 1364
71198 1365
71200 1366
71201 1367
71202 1368
71233 1460
71234 1346
71236 1348
71237 1347
71238 1349
71240 1351
71241 1350
71242 1352
71244 1354
71245 1353
71246 1355
71248 1356
71250 1357
71252 1359
71253 1358
71254 1360
71256 1459
71258 1362
71260 1364
71261 1363
71262 1365
71264 1367
71265 1366
71266 1368
71297 1461
71298 1461
71299 1462
71300 1463
71301 1463
71302 1463
71303 1464
71304 1465
71305 1465
71306 1465
71307 1466
71308 1467
71309 1467
71310 1467
71311 1468
71312 1469
71314 1469
71315 1470
71316 1471
71317 1471
71318 1471
71319 1472
71320 1473
71321 1473
71323 1474
71324 1475
71325 1475
71326 1475
71327 1476
71328 1477
71329 1477
71330 1477
71331 1478
71425 1380
71426 1381
71428 1382
71429 1383
71430 1384
71432 1382
71433 1383
71434 1384
71436 1385
71437 1386
71438 1387
71440 1479
71442 1389
71444 1390
71445 1391
71446 1392
71448 1390
71449 1391
71450 1392
71453 1480
71454 1394
71456 1395
71457 1396
71458 1397
71489 1481
71490 1381
71492 1383
71493 1382
71494 1384
71496 1383
71497 1382
71498 1384
71500 1386
71501 1385
71502 1387
71504 1388
71506 1389
71508 1391
71509 1390
71510 1392
71512 1391
71513 1390
71514 1392
71516 1480
71518 1394
71520 1396
71521 1395
71522 1397
71553 1482
71554 1482
71555 1483
71556 1484
71557 1484
71558 1484
71559 1485
71560 1484
71561 1484
71562 1484
71563 1485
71564 1486
71565 1486
71566 1486
71567 1487
71568 1488
71570 1488
71571 1489
71572 1490
71573 1490
71574 1490
71575 1491
71576 1490
71577 1490
71578 1490
71579 1491
71580 1492
71581 1492
71583 1493
71584 1494
71585 1494
71586 1494
71587 1495
71681 1409
71682 1410
71684 1411
71685 1412
71686 1413
71688 1411
71689 1412
71690 1413
71692 1414
71693 1415
71694 1416
71696 1496
71698 1418
71700 1419
71701 1420
71702 1421
71704 1419
71705 1420
71706 1421
71708 1422
71709 1423
71710 1424
71713 1497
71714 1426
71745 1498
71746 1410
71748 1412
71749 1411
71750 1413
71752 1412
71753 1411
71754 1413
71756 1415
71757 1414
71758 1416
71760 1417
71762 1418
71764 1420
71765 1419
71766 1421
71768 1420
71769 1419
71770 1421
71772 1423
71773 1422
71774 1424
71776 1497
71778 1426
71809 1499
71810 1499
71811 1500
71812 1501
71813 1501
71814 1501
71815 1502
71816 1501
71817 1501
71818 1501
71819 1502
71820 1503
71821 1503
71822 1503
71823 1504
71824 1505
71826 1505
71827 1506
71828 1507
71829 1507
71830 1507
71831 1508
71832 1507
71833 1507
71834 1507
71835 1508
71836 1509
71837 1509
71838 1509
71839 1510
71840 1511
71841 1511
71843 1512
83265 1513
83266 1514
83268 1515
83269 1516
83270 1517
83272 1515
83273 1516
83274 1517
83276 1518
83277 1519
83278 1520
83280 1518
83281 1519
83282 1520
83286 1521
83288 1522
83289 1523
83290 1524
83292 1522
83293 1523
83294 1524
83296 1525
83297 1526
83298 1527
83457 1528
83460 1529
83461 1530
83464 1531
83465 1532
83468 1533
83469 1534
83472 1535
83473 1536
83477 1537
83481 1538
83484 1539
83485 1540
83488 1541
83489 1542
83521 1543
83522 1544
83524 1545
83525 1546
83526 1547
83528 1548
83529 1549
83530 1550
83532 1551
83533 1552
83534 1553
83536 1554
83537 1555
83538 1556
83541 1557
83542 1558
83544 1559
83546 1560
83548 1561
83549 1562
83550 1563
83552 1564
83553 1565
83554 1566
83713 1567
83716 1568
83717 1569
83720 1568
83721 1569
83724 1570
83725 1571
83728 1572
83729 1573
83733 1574
83736 1575
83737 1576
83741 1577
83744 1578
83745 1579
83777 1580
83778 1581
83780 1582
83781 1583
83782 1584
83784 1582
83785 1583
83786 1584
83788 1585
83789 1586
83790 1587
83792 1588
83793 1589
83794 1590
83797 1591
83798 1592
83800 1593
83801 1594
83802 1595
83804 1596
83806 1597
83808 1598
83809 1599
83810 1600
83969 1601
83972 1602
83973 1603
83976 1602
83977 1603
83980 1604
83981 1605
83984 1604
83985 1605
83989 1606
83992 1607
83993 1608
83996 1607
83997 1608
84001 1609
84033 1610
84034 1611
84036 1612
84037 1613
84038 1614
84040 1612
84041 1613
84042 1614
84044 1615
84045 1616
84046 1617
84048 1615
84049 1616
84050 1617
84053 1618
84054 1619
84056 1620
84057 1621
84058 1622
84060 1620
84061 1621
84062 1622
84064 1623
84066 1624
87425 1625
87427 1626
87428 1627
87429 1627
87431 1628
87432 1627
87433 1627
87435 1628
87436 1629
87437 1629
87439 1630
87440 1629
87441 1629
87443 1630
87444 1631
87447 1632
87448 1633
87449 1633
87451 1634
87452 1633
87453 1633
87455 1634
87456 1635
87457 1635
87459 1636
87553 1543
87554 1544
87556 1545
87557 1546
87558 1547
87560 1548
87561 1549
87562 1550
87564 1551
87565 1552
87566 1553
87568 1554
87569 1555
87570 1556
87572 1637
87574 1558
87577 1638
87578 1560
87580 1561
87581 1562
87582 1563
87584 1564
87585 1565
87586 1566
87617 1639
87618 1544
87620 1546
87621 1545
87622 1547
87624 1549
87625 1548
87626 1550
87628 1552
87629 1551
87630 1553
87632 1555
87633 1554
87634 1556
87636 1557
87638 1558
87640 1638
87642 1560
87644 1562
87645 1561
87646 1563
87648 1565
87649 1564
87650 1566
87681 1640
87682 1640
87683 1641
87684 1642
87685 1642
87686 1642
87687 1643
87688 1644
87689 1644
87690 1644
87691 1645
87692 1646
87693 1646
87694 1646
87695 1647
87696 1648
87697 1648
87698 1648
87699 1649
87700 1650
87702 1650
87703 1651
87704 1652
87705 1652
87707 1653
87708 1654
87709 1654
87710 1654
87711 1655
87712 1656
87713 1656
87714 1656
87715 1657
87809 1580
87810 1581
87812 1582
87813 1583
87814 1584
87816 1582
87817 1583
87818 1584
87820 1585
87821 1586
87822 1587
87824 1588
87825 1589
87826 1590
87828 1658
87830 1592
87832 1593
87833 1594
87834 1595
87837 1659
87838 1597
87840 1598
87841 1599
87842 1600
87873 1660
87874 1581
87876 1583
87877 1582
87878 1584
87880 1583
87881 1582
87882 1584
87884 1586
87885 1585
87886 1587
87888 1589
87889 1588
87890 1590
87892 1591
87894 1592
87896 1594
87897 1593
87898 1595
87900 1659
87902 1597
87904 1599
87905 1598
87906 1600
87937 1661
87938 1661
87939 1662
87940 1663
87941 1663
87942 1663
87943 1664
87944 1663
87945 1663
87946 1663
87947 1664
87948 1665
87949 1665
87950 1665
87951 1666
87952 1667
87953 1667
87954 1667
87955 1668
87956 1669
87958 1669
87959 1670
87960 1671
87961 1671
87962 1671
87963 1672
87964 1673
87965 1673
87967 1674
87968 1675
87969 1675
87970 1675
87971 1676
88065 1610
88066 1611
88068 1612
88069 1613
88070 1614
88072 1612
88073 1613
88074 1614
88076 1615
88077 1616
88078 1617
88080 1615
88081 1616
88082 1617
88084 1677
88086 1619
88088 1620
88089 1621
88090 1622
88092 1620
88093 1621
88094 1622
88097 1678
88098 1624
88129 1679
88130 1611
88132 1613
88133 1612
88134 1614
88136 1613
88137 1612
88138 1614
88140 1616
88141 1615
88142 1617
88144 1616
88145 1615
88146 1617
88148 1618
88150 1619
88152 1621
88153 1620
88154 1622
88156 1621
88157 1620
88158 1622
88160 1678
88162 1624
88193 1680
88194 1680
88195 1681
88196 1682
88197 1682
88198 1682
88199 1683
88200 1682
88201 1682
88202 1682
88203 1683
88204 1684
88205 1684
88206 1684
88207 1685
88208 1684
88209 1684
88210 1684
88211 1685
88212 1686
88214 1686
88215 1687
88216 1688
88217 1688
88218 1688
88219 1689
88220 1688
88221 1688
88222 1688
88223 1689
88224 1690
88225 1690
88227 1691
99905 1692
99906 1693
99908 1694
99909 1695
99910 1696
99912 1694
99913 1695
99914 1696
99916 1694
99917 1695
99918 1696
99920 1697
99921 1698
99922 1699
99924 1697
99925 1698
99926 1699
99930 1700
99932 1701
99933 1702
99934 1703
99936 1701
99937 1702
99938 1703
100097 1704
100100 1705
100101 1706
100104 1705
100105 1706
100108 1707
100109 1708
100112 1709
100113 1710
100116 1709
100117 1710
100121 1711
100125 1712
100128 1713
100129 1714
100161 1715
100162 1716
100164 1717
100165 1718
100166 1719
100168 1717
100169 1718
100170 1719
100172 1720
100173 1721
100174 1722
100176 1723
100177 1724
100178 1725
100180 1723
100181 1724
100182 1725
100185 1726
100186 1727
100188 1728
100190 1729
100192 1730
100193 1731
100194 1732
100353 1733
100356 1734
100357 1735
100360 1734
100361 1735
100364 1734
100365 1735
100368 1736
100369 1737
100372 1736
100373 1737
100377 1738
100380 1739
100381 1740
100385 1741
100417 1742
100418 1743
100420 1744
100421 1745
100422 1746
100424 1744
100425 1745
100426 1746
100428 1744
100429 1745
100430 1746
100432 1747
100433 1748
100434 1749
100436 1747
100437 1748
100438 1749
100441 1750
100442 1751
100444 1752
100445 1753
100446 1754
100448 1755
100450 1756
104065 1757
104067 1758
104068 1759
104069 1759
104071 1760
104072 1759
104073 1759
104075 1760
104076 1759
104077 1759
104079 1760
104080 1761
104081 1761
104083 1762
104084 1761
104085 1761
104087 1762
104088 1763
104091 1764
104092 1765
104093 1765
104095 1766
104096 1765
104097 1765
104099 1766
104193 1715
104194 1716
104196 1717
104197 1718
104198 1719
104200 1717
104201 1718
104202 1719
104204 1720
104205 1721
104206 1722
104208 1723
104209 1724
104210 1725
104212 1723
104213 1724
104214 1725
104216 1767
104218 1727
104221 1768
104222 1729
104224 1730
104225 1731
104226 1732
104257 1769
104258 1716
104260 1718
104261 1717
104262 1719
104264 1718
104265 1717
104266 1719
104268 1721
104269 1720
104270 1722
104272 1724
104273 1723
104274 1725
104276 1724
104277 1723
104278 1725
104280 1726
104282 1727
104284 1768
104286 1729
104288 1731
104289 1730
104290 1732
104321 1770
104322 1770
104323 1771
104324 1772
104325 1772
104326 1772
104327 1773
104328 1772
104329 1772
104330 1772
104331 1773
104332 1774
104333 1774
104334 1774
104335 1775
104336 1776
104337 1776
104338 1776
104339 1777
104340 1776
104341 1776
104342 1776
104343 1777
104344 1778
104346 1778
104347 1779
104348 1780
104349 1780
104351 1781
104352 1782
104353 1782
104354 1782
104355 1783
104449 1742
104450 1743
104452 1744
104453 1745
104454 1746
104456 1744
104457 1745
104458 1746
104460 1744
104461 1745
104462 1746
104464 1747
104465 1748
104466 1749
104468 1747
104469 1748
104470 1749
104472 1784
104474 1751
104476 1752
104477 1753
104478 1754
104481 1785
104482 1756
104513 1786
104514 1743
104516 1745
104517 1744
104518 1746
104520 1745
104521 1744
104522 1746
104524 1745
104525 1744
104526 1746
104528 1748
104529 1747
104530 1749
104532 1748
104533 1747
104534 1749
104536 1750
104538 1751
104540 1753
104541 1752
104542 1754
104544 1785
104546 1756
104577 1787
104578 1787
104579 1788
104580 1789
104581 1789
104582 1789
104583 1790
104584 1789
104585 1789
104586 1789
104587 1790
104588 1789
104589 1789
104590 1789
104591 1790
104592 1791
104593 1791
104594 1791
104595 1792
104596 1791
104597 1791
104598 1791
104599 1792
104600 1793
104602 1793
104603 1794
104604 1795
104605 1795
104606 1795
104607 1796
104608 1797
104609 1797
104611 1798
116545 1799
116546 1800
116548 1801
116549 1802
116550 1803
116552 1801
116553 1802
116554 1803
116556 1801
116557 1802
116558 1803
116560 1804
116561 1805
116562 1806
116564 1804
116565 1805
116566 1806
116568 1804
116569 1805
116570 1806
116574 1807
116576 1808
116577 1809
116578 1810
116737 1811
116740 1812
116741 1813
116744 1812
116745 1813
116748 1812
116749 1813
116752 1814
116753 1815
116756 1814
116757 1815
116760 1814
116761 1815
116765 1816
116769 1817
116801 1818
116802 1819
116804 1820
116805 1821
116806 1822
116808 1820
116809 1821
116810 1822
116812 1820
116813 1821
116814 1822
116816 1823
116817 1824
116818 1825
116820 1823
116821 1824
116822 1825
116824 1823
116825 1824
116826 1825
116829 1826
116830 1827
116832 1828
116834 1829
120705 1830
120707 1831
120708 1832
120709 1832
120711 1833
120712 1832
120713 1832
120715 1833
120716 1832
120717 1832
120719 1833
120720 1834
120721 1834
120723 1835
120724 1834
120725 1834
120727 1835
120728 1834
120729 1834
120731 1835
120732 1836
120735 1837
120736 1838
120737 1838
120739 1839
120833 1818
120834 1819
120836 1820
120837 1821
120838 1822
120840 1820
120841 1821
120842 1822
120844 1820
120845 1821
120846 1822
120848 1823
120849 1824
120850 1825
120852 1823
120853 1824
120854 1825
120856 1823
120857 1824
120858 1825
120860 1840
120862 1827
120865 1841
120866 1829
120897 1842
120898 1819
120900 1821
120901 1820
120902 1822
120904 1821
120905 1820
120906 1822
120908 1821
120909 1820
120910 1822
120912 1824
120913 1823
120914 1825
120916 1824
120917 1823
120918 1825
120920 1824
120921 1823
120922 1825
120924 1826
120926 1827
120928 1841
120930 1829
120961 1843
120962 1843
120963 1844
120964 1845
120965 1845
120966 1845
120967 1846
120968 1845
120969 1845
120970 1845
120971 1846
120972 1845
120973 1845
120974 1845
120975 1846
120976 1847
120977 1847
120978 1847
120979 1848
120980 1847
120981 1847
120982 1847
120983 1848
120984 1847
120985 1847
120986 1847
120987 1848
120988 1849
120990 1849
120991 1850
120992 1851
120993 1851
120995 1852
133185 1853
133186 1854
133188 1855
133189 1856
133190 1857
133192 1855
133193 1856
133194 1857
133196 1855
133197 1856
133198 1857
133200 1858
133201 1859
133202 1860
133204 1861
133205 1862
133206 1863
133208 1861
133209 1862
133210 1863
133212 1861
133213 1862
133214 1863
133218 1864
137345 1865
137347 1866
137348 1867
137349 1867
137351 1868
137352 1867
137353 1867
137355 1868
137356 1867
137357 1867
137359 1868
137360 1869
137361 1869
137363 1870
137364 1871
137365 1871
137367 1872
137368 1871
137369 1871
137371 1872
137372 1871
137373 1871
137375 1872
137376 1873
137379 1874
1069440 1875
1069443 1876
1069447 1877
1069448 1878
1069451 1879
1069452 1878
1069455 1879
1069456 1878
1069459 1879
1069460 1878
1069463 1879
1069464 1880
1069467 1881
1069468 1880
1069471 1881
1069472 1880
1069475 1881
1069568 1882
1069569 1883
1069570 1884
1069574 1885
1069577 1886
1069578 1887
1069580 1888
1069581 1889
1069582 1890
1069584 1891
1069585 1892
1069586 1893
1069588 1894
1069589 1895
1069590 1896
1069592 1897
1069593 1898
1069594 1899
1069596 1897
1069597 1898
1069598 1899
1069600 1900
1069601 1901
1069602 1902
1069696 1903
1069698 1903
1069699 1904
1069702 1905
1069703 1906
1069704 1907
1069707 1908
1069708 1909
1069710 1909
1069711 1910
1069712 1911
1069714 1911
1069715 1912
1069716 1913
1069718 1913
1069719 1914
1069720 1915
1069722 1915
1069723 1916
1069724 1915
1069726 1915
1069727 1916
1069728 1917
1069730 1917
1069731 1918
1069824 1919
1069825 1920
1069826 1921
1069830 1922
1069832 1923
1069833 1924
1069834 1925
1069837 1926
1069838 1927
1069840 1928
1069841 1929
1069842 1930
1069844 1931
1069845 1932
1069846 1933
1069848 1934
1069849 1935
1069850 1936
1069852 1937
1069853 1938
1069854 1939
1069856 1940
1069857 1941
1069858 1942
1069952 1943
1069954 1943
1069955 1944
1069958 1945
1069959 1946
1069960 1947
1069962 1947
1069963 1948
1069964 1949
1069967 1950
1069968 1951
1069970 1951
1069971 1952
1069972 1953
1069974 1953
1069975 1954
1069976 1955
1069978 1955
1069979 1956
1069980 1957
1069982 1957
1069983 1958
1069984 1959
1069986 1959
1069987 1960
1070080 1961
1070081 1962
1070082 1963
1070086 1964
1070088 1965
1070089 1966
1070090 1967
1070092 1965
1070093 1966
1070094 1967
1070097 1968
1070098 1969
1070100 1970
1070101 1971
1070102 1972
1070104 1973
1070105 1974
1070106 1975
1070108 1976
1070109 1977
1070110 1978
1070112 1976
1070113 1977
1070114 1978
1070208 1979
1070210 1979
1070211 1980
1070214 1981
1070215 1982
1070216 1983
1070218 1983
1070219 1984
1070220 1983
1070222 1983
1070223 1984
1070224 1985
1070227 1986
1070228 1987
1070230 1987
1070231 1988
1070232 1989
1070234 1989
1070235 1990
1070236 1991
1070238 1991
1070239 1992
1070240 1991
1070242 1991
1070243 1992
1070336 1993
1070337 1994
1070338 1995
1070342 1996
1070344 1997
1070345 1998
1070346 1999
1070348 1997
1070349 1998
1070350 1999
1070352 2000
1070353 2001
1070354 2002
1070357 2003
1070358 2004
1070360 2005
1070361 2006
1070362 2007
1070364 2005
1070365 2006
1070366 2007
1070368 2008
1070369 2009
1070370 2010
1070464 2011
1070466 2011
1070467 2012
1070470 2013
1070471 2014
1070472 2015
1070474 2015
1070475 2016
1070476 2015
1070478 2015
1070479 2016
1070480 2017
1070482 2017
1070483 2018
1070484 2019
1070487 2020
1070488 2021
1070490 2021
1070491 2022
1070492 2021
1070494 2021
1070495 2022
1070496 2023
1070498 2023
1070499 2024
1070592 2025
1070593 2026
1070594 2027
1070598 2028
1070600 2029
1070601 2030
1070602 2031
1070604 2029
1070605 2030
1070606 2031
1070608 2032
1070609 2033
1070610 2034
1070612 2032
1070613 2033
1070614 2034
1070617 2035
1070618 2036
1070620 2037
1070621 2038
1070622 2039
1070624 2037
1070625 2038
1070626 2039
1070720 2040
1070722 2040
1070723 2041
1070726 2042
1070727 2043
1070728 2044
1070730 2044
1070731 2045
1070732 2044
1070734 2044
1070735 2045
1070736 2046
1070738 2046
1070739 2047
1070740 2046
1070742 2046
1070743 2047
1070744 2048
1070747 2049
1070748 2050
1070750 2050
1070751 2051
1070752 2050
1070754 2050
1070755 2051
1070848 2052
1070849 2053
1070850 2054
1070854 2055
1070856 2056
1070857 2057
1070858 2058
1070860 2056
1070861 2057
1070862 2058
1070864 2056
1070865 2057
1070866 2058
1070868 2059
1070869 2060
1070870 2061
1070872 2059
1070873 2060
1070874 2061
1070877 2062
1070878 2063
1070880 2064
1070881 2065
1070882 2066
1070976 2067
1070978 2067
1070979 2068
1070982 2069
1070983 2070
1070984 2071
1070986 2071
1070987 2072
1070988 2071
1070990 2071
1070991 2072
1070992 2071
1070994 2071
1070995 2072
1070996 2073
1070998 2073
1070999 2074
1071000 2073
1071002 2073
1071003 2074
1071004 2075
1071007 2076
1071008 2077
1071010 2077
1071011 2078
1071104 2079
1071105 2080
1071106 2081
1071110 2082
1071112 2083
1071113 2084
1071114 2085
1071116 2083
1071117 2084
1071118 2085
1071120 2086
1071121 2087
1071122 2088
1071124 2089
1071125 2090
1071126 2091
1071128 2089
1071129 2090
1071130 2091
1071132 2089
1071133 2090
1071134 2091
1071137 2092
1071138 2093
1071232 2094
1071234 2094
1071235 2095
1071238 2096
1071239 2097
1071240 2098
1071242 2098
1071243 2099
1071244 2098
1071246 2098
1071247 2099
1071248 2100
1071250 2100
1071251 2101
1071252 2102
1071254 2102
1071255 2103
1071256 2102
1071258 2102
1071259 2103
1071260 2102
1071262 2102
1071263 2103
1071264 2104
1071267 2105
1081920 2106
1081921 2107
1081922 2108
1081925 2109
1081926 2110
1081930 2111
1081932 2112
1081933 2113
1081934 2114
1081936 2115
1081937 2116
1081938 2117
1081940 2118
1081941 2119
1081942 2120
1081944 2121
1081945 2122
1081946 2123
1081948 2121
1081949 2122
1081950 2123
1081952 2124
1081953 2125
1081954 2126
1082112 2127
1082113 2128
1082117 2129
1082121 2130
1082125 2131
1082128 2132
1082129 2133
1082132 2134
1082133 2135
1082136 2136
1082137 2137
1082140 2138
1082141 2139
1082144 2140
1082145 2141
1082176 2142
1082177 2143
1082178 2144
1082181 2145
1082182 2146
1082185 2147
1082186 2148
1082188 2149
1082190 2150
1082192 2151
1082193 2152
1082194 2153
1082196 2154
1082197 2155
1082198 2156
1082200 2157
1082201 2158
1082202 2159
1082204 2160
1082205 2161
1082206 2162
1082208 2163
1082209 2164
1082210 2165
1082368 2166
1082369 2167
1082373 2168
1082377 2169
1082380 2170
1082381 2171
1082385 2172
1082388 2173
1082389 2174
1082392 2175
1082393 2176
1082396 2177
1082397 2178
1082400 2179
1082401 2180
1082432 2181
1082433 2182
1082434 2183
1082437 2184
1082438 2185
1082441 2186
1082442 2187
1082444 2188
1082445 2189
1082446 2190
1082448 2191
1082450 2192
1082452 2193
1082453 2194
1082454 2195
1082456 2196
1082457 2197
1082458 2198
1082460 2199
1082461 2200
1082462 2201
1082464 2202
1082465 2203
1082466 2204
1082624 2205
1082625 2206
1082629 2207
1082633 2208
1082636 2209
1082637 2210
1082640 2211
1082641 2212
1082645 2213
1082648 2214
1082649 2215
1082652 2216
1082653 2217
1082656 2218
1082657 2219
1082688 2220
1082689 2221
1082690 2222
1082693 2223
1082694 2224
1082697 2225
1082698 2226
1082700 2227
1082701 2228
1082702 2229
1082704 2230
1082705 2231
1082706 2232
1082708 2233
1082710 2234
1082712 2235
1082713 2236
1082714 2237
1082716 2238
1082717 2239
1082718 2240
1082720 2241
1082721 2242
1082722 2243
1082880 2244
1082881 2245
1082885 2246
1082889 2247
1082892 2248
1082893 2249
1082896 2250
1082897 2251
1082900 2252
1082901 2253
1082905 2254
1082908 2255
1082909 2256
1082912 2257
1082913 2258
1082944 2259
1082945 2260
1082946 2261
1082949 2262
1082950 2263
1082953 2264
1082954 2265
1082956 2266
1082957 2267
1082958 2268
1082960 2269
1082961 2270
1082962 2271
1082964 2272
1082965 2273
1082966 2274
1082968 2275
1082970 2276
1082972 2277
1082973 2278
1082974 2279
1082976 2280
1082977 2281
1082978 2282
1083136 2283
1083137 2284
1083141 2285
1083145 2286
1083148 2287
1083149 2288
1083152 2289
1083153 2290
1083156 2291
1083157 2292
1083160 2293
1083161 2294
1083165 2295
1083168 2296
1083169 2297
1083200 2298
1083201 2299
1083202 2300
1083205 2301
1083206 2302
1083209 2303
1083210 2304
1083212 2305
1083213 2306
1083214 2307
1083216 2308
1083217 2309
1083218 2310
1083220 2311
1083221 2312
1083222 2313
1083224 2314
1083225 2315
1083226 2316
1083228 2317
1083230 2318
1083232 2319
1083233 2320
1083234 2321
1083392 2322
1083393 2323
1083397 2324
1083401 2325
1083404 2326
1083405 2327
1083408 2328
1083409 2329
1083412 2330
1083413 2331
1083416 2332
1083417 2333
1083420 2332
1083421 2333
1083425 2334
1083456 2335
1083457 2336
1083458 2337
1083461 2338
1083462 2339
1083465 2340
1083466 2341
1083468 2342
1083469 2343
1083470 2344
1083472 2345
1083473 2346
1083474 2347
1083476 2348
1083477 2349
1083478 2350
1083480 2351
1083481 2352
1083482 2353
1083484 2351
1083485 2352
1083486 2353
1083488 2354
1083490 2355
1086080 2356
1086081 2356
1086083 2357
1086085 2358
1086087 2359
1086088 2360
1086091 2361
1086092 2362
1086093 2362
1086095 2363
1086096 2364
1086097 2364
1086099 2365
1086100 2366
1086101 2366
1086103 2367
1086104 2368
1086105 2368
1086107 2369
1086108 2368
1086109 2368
1086111 2369
1086112 2370
1086113 2370
1086115 2371
1086208 2142
1086209 2143
1086210 2144
1086213 2145
1086214 2146
1086216 2372
1086218 2148
1086221 2373
1086222 2150
1086224 2151
1086225 2152
1086226 2153
1086228 2154
1086229 2155
1086230 2156
1086232 2157
1086233 2158
1086234 2159
1086236 2160
1086237 2161
1086238 2162
1086240 2163
1086241 2164
1086242 2165
1086272 2143
1086273 2142
1086274 2144
1086277 2374
1086278 2146
1086280 2147
1086282 2148
1086284 2373
1086286 2150
1086288 2152
1086289 2151
1086290 2153
1086292 2155
1086293 2154
1086294 2156
1086296 2158
1086297 2157
1086298 2159
1086300 2161
1086301 2160
1086302 2162
1086304 2164
1086305 2163
1086306 2165
1086336 2375
1086337 2375
1086338 2375
1086339 2376
1086341 2377
1086342 2377
1086343 2378
1086344 2379
1086346 2379
1086347 2380
1086348 2381
1086349 2381
1086351 2382
1086352 2383
1086353 2383
1086354 2383
1086355 2384
1086356 2385
1086357 2385
1086358 2385
1086359 2386
1086360 2387
1086361 2387
1086362 2387
1086363 2388
1086364 2389
1086365 2389
1086366 2389
1086367 2390
1086368 2391
1086369 2391
1086370 2391
1086371 2392
1086464 2181
1086465 2182
1086466 2183
1086469 2184
1086470 2185
1086472 2393
1086474 2187
1086476 2188
1086477 2189
1086478 2190
1086481 2394
1086482 2192
1086484 2193
1086485 2194
1086486 2195
1086488 2196
1086489 2197
1086490 2198
1086492 2199
1086493 2200
1086494 2201
1086496 2202
1086497 2203
1086498 2204
1086528 2182
1086529 2181
1086530 2183
1086533 2395
1086534 2185
1086536 2186
1086538 2187
1086540 2189
1086541 2188
1086542 2190
1086544 2394
1086546 2192
1086548 2194
1086549 2193
1086550 2195
1086552 2197
1086553 2196
1086554 2198
1086556 2200
1086557 2199
1086558 2201
1086560 2203
1086561 2202
1086562 2204
1086592 2396
1086593 2396
1086594 2396
1086595 2397
1086597 2398
1086598 2398
1086599 2399
1086600 2400
1086602 2400
1086603 2401
1086604 2402
1086605 2402
1086606 2402
1086607 2403
1086608 2404
1086609 2404
1086611 2405
1086612 2406
1086613 2406
1086614 2406
1086615 2407
1086616 2408
1086617 2408
1086618 2408
1086619 2409
1086620 2410
1086621 2410
1086622 2410
1086623 2411
1086624 2412
1086625 2412
1086626 2412
1086627 2413
1086720 2220
1086721 2221
1086722 2222
1086725 2223
1086726 2224
1086728 2414
1086730 2226
1086732 2227
1086733 2228
1086734 2229
1086736 2230
1086737 2231
1086738 2232
1086741 2415
1086742 2234
1086744 2235
1086745 2236
1086746 2237
1086748 2238
1086749 2239
1086750 2240
1086752 2241
1086753 2242
1086754 2243
1086784 2221
1086785 2220
1086786 2222
1086789 2416
1086790 2224
1086792 2225
1086794 2226
1086796 2228
1086797 2227
1086798 2229
1086800 2231
1086801 2230
1086802 2232
1086804 2415
1086806 2234
1086808 2236
1086809 2235
1086810 2237
1086812 2239
1086813 2238
1086814 2240
1086816 2242
1086817 2241
1086818 2243
1086848 2417
1086849 2417
1086850 2417
1086851 2418
1086853 2419
1086854 2419
1086855 2420
1086856 2421
1086858 2421
1086859 2422
1086860 2423
1086861 2423
1086862 2423
1086863 2424
1086864 2425
1086865 2425
1086866 2425
1086867 2426
1086868 2427
1086869 2427
1086871 2428
1086872 2429
1086873 2429
1086874 2429
1086875 2430
1086876 2431
1086877 2431
1086878 2431
1086879 2432
1086880 2433
1086881 2433
1086882 2433
1086883 2434
1086976 2259
1086977 2260
1086978 2261
1086981 2262
1086982 2263
1086984 2435
1086986 2265
1086988 2266
1086989 2267
1086990 2268
1086992 2269
1086993 2270
1086994 2271
1086996 2272
1086997 2273
1086998 2274
1087001 2436
1087002 2276
1087004 2277
1087005 2278
1087006 2279
1087008 2280
1087009 2281
1087010 2282
1087040 2260
1087041 2259
1087042 2261
1087045 2437
1087046 2263
1087048 2264
1087050 2265
1087052 2267
1087053 2266
1087054 2268
1087056 2270
1087057 2269
1087058 2271
1087060 2273
1087061 2272
1087062 2274
1087064 2436
1087066 2276
1087068 2278
1087069 2277
1087070 2279
1087072 2281
1087073 2280
1087074 2282
1087104 2438
1087105 2438
1087106 2438
1087107 2439
1087109 2440
1087110 2440
1087111 2441
1087112 2442
1087114 2442
1087115 2443
1087116 2444
1087117 2444
1087118 2444
1087119 2445
1087120 2446
1087121 2446
1087122 2446
1087123 2447
1087124 2448
1087125 2448
1087126 2448
1087127 2449
1087128 2450
1087129 2450
1087131 2451
1087132 2452
1087133 2452
1087134 2452
1087135 2453
1087136 2454
1087137 2454
1087138 2454
1087139 2455
1087232 2298
1087233 2299
1087234 2300
1087237 2301
1087238 2302
1087240 2456
1087242 2304
1087244 2305
1087245 2306
1087246 2307
1087248 2308
1087249 2309
1087250 2310
1087252 2311
1087253 2312
1087254 2313
1087256 2314
1087257 2315
1087258 2316
1087261 2457
1087262 2318
1087264 2319
1087265 2320
1087266 2321
1087296 2299
1087297 2298
1087298 2300
1087301 2458
1087302 2302
1087304 2303
1087306 2304
1087308 2306
1087309 2305
1087310 2307
1087312 2309
1087313 2308
1087314 2310
1087316 2312
1087317 2311
1087318 2313
1087320 2315
1087321 2314
1087322 2316
1087324 2457
1087326 2318
1087328 2320
1087329 2319
1087330 2321
1087360 2459
1087361 2459
1087362 2459
1087363 2460
1087365 2461
1087366 2461
1087367 2462
1087368 2463
1087370 2463
1087371 2464
1087372 2465
1087373 2465
1087374 2465
1087375 2466
1087376 2467
1087377 2467
1087378 2467
1087379 2468
1087380 2469
1087381 2469
1087382 2469
1087383 2470
1087384 2471
1087385 2471
1087386 2471
1087387 2472
1087388 2473
1087389 2473
1087391 2474
1087392 2475
1087393 2475
1087394 2475
1087395 2476
1087488 2335
1087489 2336
1087490 2337
1087493 2338
1087494 2339
1087496 2477
1087498 2341
1087500 2342
1087501 2343
1087502 2344
1087504 2345
1087505 2346
1087506 2347
1087508 2348
1087509 2349
1087510 2350
1087512 2351
1087513 2352
1087514 2353
1087516 2351
1087517 2352
1087518 2353
1087521 2478
1087522 2355
1087552 2336
1087553 2335
1087554 2337
1087557 2479
1087558 2339
1087560 2340
1087562 2341
1087564 2343
1087565 2342
1087566 2344
1087568 2346
1087569 2345
1087570 2347
1087572 2349
1087573 2348
1087574 2350
1087576 2352
1087577 2351
1087578 2353
1087580 2352
1087581 2351
1087582 2353
1087584 2478
1087586 2355
1087616 2480
1087617 2480
1087618 2480
1087619 2481
1087621 2482
1087622 2482
1087623 2483
1087624 2484
1087626 2484
1087627 2485
1087628 2486
1087629 2486
1087630 2486
1087631 2487
1087632 2488
1087633 2488
1087634 2488
1087635 2489
1087636 2490
1087637 2490
1087638 2490
1087639 2491
1087640 2492
1087641 2492
1087642 2492
1087643 2493
1087644 2492
1087645 2492
1087646 2492
1087647 2493
1087648 2494
1087649 2494
1087651 2495
1098560 2496
1098561 2497
1098562 2498
1098565 2499
1098566 2500
1098568 2501
1098569 2502
1098570 2503
1098574 2504
1098576 2505
1098577 2506
1098578 2507
1098580 2508
1098581 2509
1098582 2510
1098584 2511
1098585 2512
1098586 2513
1098588 2514
1098589 2515
1098590 2516
1098592 2517
1098593 2518
1098594 2519
1098752 2520
1098753 2521
1098757 2522
1098760 2523
1098761 2524
1098765 2525
1098769 2526
1098772 2527
1098773 2528
1098776 2529
1098777 2530
1098780 2531
1098781 2532
1098784 2533
1098785 2534
1098816 2535
1098817 2536
1098818 2537
1098821 2538
1098822 2539
1098824 2540
1098825 2541
1098826 2542
1098829 2543
1098830 2544
1098832 2545
1098834 2546
1098836 2547
1098837 2548
1098838 2549
1098840 2550
1098841 2551
1098842 2552
1098844 2553
1098845 2554
1098846 2555
1098848 2556
1098849 2557
1098850 2558
1099008 2559
1099009 2560
1099013 2561
1099016 2562
1099017 2563
1099021 2564
1099024 2565
1099025 2566
1099029 2567
1099032 2568
1099033 2569
1099036 2570
1099037 2571
1099040 2572
1099041 2573
1099072 2574
1099073 2575
1099074 2576
1099077 2577
1099078 2578
1099080 2579
1099081 2580
1099082 2581
1099085 2582
1099086 2583
1099088 2584
1099089 2585
1099090 2586
1099092 2587
1099094 2588
1099096 2589
1099097 2590
1099098 2591
1099100 2592
1099101 2593
1099102 2594
1099104 2595
1099105 2596
1099106 2597
1099264 2598
1099265 2599
1099269 2600
1099272 2601
1099273 2602
1099277 2603
1099280 2604
1099281 2605
1099284 2606
1099285 2607
1099289 2608
1099292 2609
1099293 2610
1099296 2609
1099297 2610
1099328 2611
1099329 2612
1099330 2613
1099333 2614
1099334 2615
1099336 2616
1099337 2617
1099338 2618
1099341 2619
1099342 2620
1099344 2621
1099345 2622
1099346 2623
1099348 2624
1099349 2625
1099350 2626
1099352 2627
1099354 2628
1099356 2629
1099357 2630
1099358 2631
1099360 2629
1099361 2630
1099362 2631
1099520 2632
1099521 2633
1099525 2634
1099528 2635
1099529 2636
1099533 2637
1099536 2638
1099537 2639
1099540 2640
1099541 2641
1099544 2642
1099545 2643
1099549 2644
1099552 2645
1099553 2646
1099584 2647
1099585 2648
1099586 2649
1099589 2650
1099590 2651
1099592 2652
1099593 2653
1099594 2654
1099597 2655
1099598 2656
1099600 2657
1099601 2658
1099602 2659
1099604 2660
1099605 2661
1099606 2662
1099608 2663
1099609 2664
1099610 2665
1099612 2666
1099614 2667
1099616 2668
1099617 2669
1099618 2670
1099776 2671
1099777 2672
1099781 2673
1099784 2674
1099785 2675
1099789 2676
1099792 2677
1099793 2678
1099796 2679
1099797 2680
1099800 2681
1099801 2682
1099804 2681
1099805 2682
1099809 2683
1099840 2684
1099841 2685
1099842 2686
1099845 2687
1099846 2688
1099848 2689
1099849 2690
1099850 2691
1099853 2692
1099854 2693
1099856 2694
1099857 2695
1099858 2696
1099860 2697
1099861 2698
1099862 2699
1099864 2700
1099865 2701
1099866 2702
1099868 2700
1099869 2701
1099870 2702
1099872 2703
1099874 2704
1102720 2705
1102721 2705
1102723 2706
1102725 2707
1102727 2708
1102728 2709
1102729 2709
1102731 2710
1102732 2711
1102735 2712
1102736 2713
1102737 2713
1102739 2714
1102740 2715
1102741 2715
1102743 2716
1102744 2717
1102745 2717
1102747 2718
1102748 2719
1102749 2719
1102751 2720
1102752 2721
1102753 2721
1102755 2722
1102848 2535
1102849 2536
1102850 2537
1102853 2538
1102854 2539
1102856 2540
1102857 2541
1102858 2542
1102860 2723
1102862 2544
1102865 2724
1102866 2546
1102868 2547
1102869 2548
1102870 2549
1102872 2550
1102873 2551
1102874 2552
1102876 2553
1102877 2554
1102878 2555
1102880 2556
1102881 2557
1102882 2558
1102912 2536
1102913 2535
1102914 2537
1102917 2725
1102918 2539
1102920 2541
1102921 2540
1102922 2542
1102924 2543
1102926 2544
1102928 2724
1102930 2546
1102932 2548
1102933 2547
1102934 2549
1102936 2551
1102937 2550
1102938 2552
1102940 2554
1102941 2553
1102942 2555
1102944 2557
1102945 2556
1102946 2558
1102976 2726
1102977 2726
1102978 2726
1102979 2727
1102981 2728
1102982 2728
1102983 2729
1102984 2730
1102985 2730
1102986 2730
1102987 2731
1102988 2732
1102990 2732
1102991 2733
1102992 2734
1102993 2734
1102995 2735
1102996 2736
1102997 2736
1102998 2736
1102999 2737
1103000 2738
1103001 2738
1103002 2738
1103003 2739
1103004 2740
1103005 2740
1103006 2740
1103007 2741
1103008 2742
1103009 2742
1103010 2742
1103011 2743
1103104 2574
1103105 2575
1103106 2576
1103109 2577
1103110 2578
1103112 2579
1103113 2580
1103114 2581
1103116 2744
1103118 2583
1103120 2584
1103121 2585
1103122 2586
1103125 2745
1103126 2588
1103128 2589
1103129 2590
1103130 2591
1103132 2592
1103133 2593
1103134 2594
1103136 2595
1103137 2596
1103138 2597
1103168 2575
1103169 2574
1103170 2576
1103173 2746
1103174 2578
1103176 2580
1103177 2579
1103178 2581
1103180 2582
1103182 2583
1103184 2585
1103185 2584
1103186 2586
1103188 2745
1103190 2588
1103192 2590
1103193 2589
1103194 2591
1103196 2593
1103197 2592
1103198 2594
1103200 2596
1103201 2595
1103202 2597
1103232 2747
1103233 2747
1103234 2747
1103235 2748
1103237 2749
1103238 2749
1103239 2750
1103240 2751
1103241 2751
1103242 2751
1103243 2752
1103244 2753
1103246 2753
1103247 2754
1103248 2755
1103249 2755
1103250 2755
1103251 2756
1103252 2757
1103253 2757
1103255 2758
1103256 2759
1103257 2759
1103258 2759
1103259 2760
1103260 2761
1103261 2761
1103262 2761
1103263 2762
1103264 2763
1103265 2763
1103266 2763
1103267 2764
1103360 2611
1103361 2612
1103362 2613
1103365 2614
1103366 2615
1103368 2616
1103369 2617
1103370 2618
1103372 2765
1103374 2620
1103376 2621
1103377 2622
1103378 2623
1103380 2624
1103381 2625
1103382 2626
1103385 2766
1103386 2628
1103388 2629
1103389 2630
1103390 2631
1103392 2629
1103393 2630
1103394 2631
1103424 2612
1103425 2611
1103426 2613
1103429 2767
1103430 2615
1103432 2617
1103433 2616
1103434 2618
1103436 2619
1103438 2620
1103440 2622
1103441 2621
1103442 2623
1103444 2625
1103445 2624
1103446 2626
1103448 2766
1103450 2628
1103452 2630
1103453 2629
1103454 2631
1103456 2630
1103457 2629
1103458 2631
1103488 2768
1103489 2768
1103490 2768
1103491 2769
1103493 2770
1103494 2770
1103495 2771
1103496 2772
1103497 2772
1103498 2772
1103499 2773
1103500 2774
1103502 2774
1103503 2775
1103504 2776
1103505 2776
1103506 2776
1103507 2777
1103508 2778
1103509 2778
1103510 2778
1103511 2779
1103512 2780
1103513 2780
1103515 2781
1103516 2782
1103517 2782
1103518 2782
1103519 2783
1103520 2782
1103521 2782
1103522 2782
1103523 2783
1103616 2647
1103617 2648
1103618 2649
1103621 2650
1103622 2651
1103624 2652
1103625 2653
1103626 2654
1103628 2784
1103630 2656
1103632 2657
1103633 2658
1103634 2659
1103636 2660
1103637 2661
1103638 2662
1103640 2663
1103641 2664
1103642 2665
1103645 2785
1103646 2667
1103648 2668
1103649 2669
1103650 2670
1103680 2648
1103681 2647
1103682 2649
1103685 2786
1103686 2651
1103688 2653
1103689 2652
1103690 2654
1103692 2655
1103694 2656
1103696 2658
1103697 2657
1103698 2659
1103700 2661
1103701 2660
1103702 2662
1103704 2664
1103705 2663
1103706 2665
1103708 2785
1103710 2667
1103712 2669
1103713 2668
1103714 2670
1103744 2787
1103745 2787
1103746 2787
1103747 2788
1103749 2789
1103750 2789
1103751 2790
1103752 2791
1103753 2791
1103754 2791
1103755 2792
1103756 2793
1103758 2793
1103759 2794
1103760 2795
1103761 2795
1103762 2795
1103763 2796
1103764 2797
1103765 2797
1103766 2797
1103767 2798
1103768 2799
1103769 2799
1103770 2799
1103771 2800
1103772 2801
1103773 2801
1103775 2802
1103776 2803
1103777 2803
1103778 2803
1103779 2804
1103872 2684
1103873 2685
1103874 2686
1103877 2687
1103878 2688
1103880 2689
1103881 2690
1103882 2691
1103884 2805
1103886 2693
1103888 2694
1103889 2695
1103890 2696
1103892 2697
1103893 2698
1103894 2699
1103896 2700
1103897 2701
1103898 2702
1103900 2700
1103901 2701
1103902 2702
1103905 2806
1103906 2704
1103936 2685
1103937 2684
1103938 2686
1103941 2807
1103942 2688
1103944 2690
1103945 2689
1103946 2691
1103948 2692
1103950 2693
1103952 2695
1103953 2694
1103954 2696
1103956 2698
1103957 2697
1103958 2699
1103960 2701
1103961 2700
1103962 2702
1103964 2701
1103965 2700
1103966 2702
1103968 2806
1103970 2704
1104000 2808
1104001 2808
1104002 2808
1104003 2809
1104005 2810
1104006 2810
1104007 2811
1104008 2812
1104009 2812
1104010 2812
1104011 2813
1104012 2814
1104014 2814
1104015 2815
1104016 2816
1104017 2816
1104018 2816
1104019 2817
1104020 2818
1104021 2818
1104022 2818
1104023 2819
1104024 2820
1104025 2820
1104026 2820
1104027 2821
1104028 2820
1104029 2820
1104030 2820
1104031 2821
1104032 2822
1104033 2822
1104035 2823
1115200 2824
1115201 2825
1115202 2826
1115205 2827
1115206 2828
1115208 2829
1115209 2830
1115210 2831
1115212 2829
1115213 2830
1115214 2831
1115218 2832
1115220 2833
1115221 2834
1115222 2835
1115224 2836
1115225 2837
1115226 2838
1115228 2839
1115229 2840
1115230 2841
1115232 2839
1115233 2840
1115234 2841
1115392 2842
1115393 2843
1115397 2844
1115400 2845
1115401 2846
1115404 2847
1115405 2848
1115409 2849
1115413 2850
1115416 2851
1115417 2852
1115420 2851
1115421 2852
1115424 2853
1115425 2854
1115456 2855
1115457 2856
1115458 2857
1115461 2858
1115462 2859
1115464 2860
1115465 2861
1115466 2862
1115468 2863
1115469 2864
1115470 2865
1115473 2866
1115474 2867
1115476 2868
1115478 2869
1115480 2870
1115481 2871
1115482 2872
1115484 2870
1115485 2871
1115486 2872
1115488 2873
1115489 2874
1115490 2875
1115648 2876
1115649 2877
1115653 2878
1115656 2879
1115657 2880
1115660 2881
1115661 2882
1115665 2883
1115668 2884
1115669 2885
1115673 2886
1115676 2887
1115677 2888
1115680 2889
1115681 2890
1115712 2891
1115713 2892
1115714 2893
1115717 2894
1115718 2895
1115720 2896
1115721 2897
1115722 2898
1115724 2899
1115725 2900
1115726 2901
1115729 2902
1115730 2903
1115732 2904
1115733 2905
1115734 2906
1115736 2907
1115738 2908
1115740 2909
1115741 2910
1115742 2911
1115744 2912
1115745 2913
1115746 2914
1115904 2915
1115905 2916
1115909 2917
1115912 2918
1115913 2919
1115916 2920
1115917 2921
1115921 2922
1115924 2923
1115925 2924
1115928 2925
1115929 2926
1115933 2927
1115936 2928
1115937 2929
1115968 2930
1115969 2931
1115970 2932
1115973 2933
1115974 2934
1115976 2935
1115977 2936
1115978 2937
1115980 2938
1115981 2939
1115982 2940
1115985 2941
1115986 2942
1115988 2943
1115989 2944
1115990 2945
1115992 2946
1115993 2947
1115994 2948
1115996 2949
1115998 2950
1116000 2951
1116001 2952
1116002 2953
1116160 2954
1116161 2955
1116165 2956
1116168 2957
1116169 2958
1116172 2957
1116173 2958
1116177 2959
1116180 2960
1116181 2961
1116184 2962
1116185 2963
1116188 2964
1116189 2965
1116193 2966
1116224 2967
1116225 2968
1116226 2969
1116229 2970
1116230 2971
1116232 2972
1116233 2973
1116234 2974
1116236 2972
1116237 2973
1116238 2974
1116241 2975
1116242 2976
1116244 2977
1116245 2978
1116246 2979
1116248 2980
1116249 2981
1116250 2982
1116252 2983
1116253 2984
1116254 2985
1116256 2986
1116258 2987
1119360 2988
1119361 2988
1119363 2989
1119365 2990
1119367 2991
1119368 2992
1119369 2992
1119371 2993
1119372 2992
1119373 2992
1119375 2993
1119376 2994
1119379 2995
1119380 2996
1119381 2996
1119383 2997
1119384 2998
1119385 2998
1119387 2999
1119388 3000
1119389 3000
1119391 3001
1119392 3000
1119393 3000
1119395 3001
1119488 2855
1119489 2856
1119490 2857
1119493 2858
1119494 2859
1119496 2860
1119497 2861
1119498 2862
1119500 2863
1119501 2864
1119502 2865
1119504 3002
1119506 2867
1119509 3003
1119510 2869
1119512 2870
1119513 2871
1119514 2872
1119516 2870
1119517 2871
1119518 2872
1119520 2873
1119521 2874
1119522 2875
1119552 2856
1119553 2855
1119554 2857
1119557 3004
1119558 2859
1119560 2861
1119561 2860
1119562 2862
1119564 2864
1119565 2863
1119566 2865
1119568 2866
1119570 2867
1119572 3003
1119574 2869
1119576 2871
1119577 2870
1119578 2872
1119580 2871
1119581 2870
1119582 2872
1119584 2874
1119585 2873
1119586 2875
1119616 3005
1119617 3005
1119618 3005
1119619 3006
1119621 3007
1119622 3007
1119623 3008
1119624 3009
1119625 3009
1119626 3009
1119627 3010
1119628 3011
1119629 3011
1119630 3011
1119631 3012
1119632 3013
1119634 3013
1119635 3014
1119636 3015
1119637 3015
1119639 3016
1119640 3017
1119641 3017
1119642 3017
1119643 3018
1119644 3017
1119645 3017
1119646 3017
1119647 3018
1119648 3019
1119649 3019
1119650 3019
1119651 3020
1119744 2891
1119745 2892
1119746 2893
1119749 2894
1119750 2895
1119752 2896
1119753 2897
1119754 2898
1119756 2899
1119757 2900
1119758 2901
1119760 3021
1119762 2903
1119764 2904
1119765 2905
1119766 2906
1119769 3022
1119770 2908
1119772 2909
1119773 2910
1119774 2911
1119776 2912
1119777 2913
1119778 2914
1119808 2892
1119809 2891
1119810 2893
1119813 3023
1119814 2895
1119816 2897
1119817 2896
1119818 2898
1119820 2900
1119821 2899
1119822 2901
1119824 2902
1119826 2903
1119828 2905
1119829 2904
1119830 2906
1119832 3022
1119834 2908
1119836 2910
1119837 2909
1119838 2911
1119840 2913
1119841 2912
1119842 2914
1119872 3024
1119873 3024
1119874 3024
1119875 3025
1119877 3026
1119878 3026
1119879 3027
1119880 3028
1119881 3028
1119882 3028
1119883 3029
1119884 3030
1119885 3030
1119886 3030
1119887 3031
1119888 3032
1119890 3032
1119891 3033
1119892 3034
1119893 3034
1119894 3034
1119895 3035
1119896 3036
1119897 3036
1119899 3037
1119900 3038
1119901 3038
1119902 3038
1119903 3039
1119904 3040
1119905 3040
1119906 3040
1119907 3041
1120000 2930
1120001 2931
1120002 2932
1120005 2933
1120006 2934
1120008 2935
1120009 2936
1120010 2937
1120012 2938
1120013 2939
1120014 2940
1120016 3042
1120018 2942
1120020 2943
1120021 2944
1120022 2945
1120024 2946
1120025 2947
1120026 2948
1120029 3043
1120030 2950
1120032 2951
1120033 2952
1120034 2953
1120064 2931
1120065 2930
1120066 2932
1120069 3044
1120070 2934
1120072 2936
1120073 2935
1120074 2937
1120076 2939
1120077 2938
1120078 2940
1120080 2941
1120082 2942
1120084 2944
1120085 2943
1120086 2945
1120088 2947
1120089 2946
1120090 2948
1120092 3043
1120094 2950
1120096 2952
1120097 2951
1120098 2953
1120128 3045
1120129 3045
1120130 3045
1120131 3046
1120133 3047
1120134 3047
1120135 3048
1120136 3049
1120137 3049
1120138 3049
1120139 3050
1120140 3051
1120141 3051
1120142 3051
1120143 3052
1120144 3053
1120146 3053
1120147 3054
1120148 3055
1120149 3055
1120150 3055
1120151 3056
1120152 3057
1120153 3057
1120154 3057
1120155 3058
1120156 3059
1120157 3059
1120159 3060
1120160 3061
1120161 3061
1120162 3061
1120163 3062
1120256 2967
1120257 2968
1120258 2969
1120261 2970
1120262 2971
1120264 2972
1120265 2973
1120266 2974
1120268 2972
1120269 2973
1120270 2974
1120272 3063
1120274 2976
1120276 2977
1120277 2978
1120278 2979
1120280 2980
1120281 2981
1120282 2982
1120284 2983
1120285 2984
1120286 2985
1120289 3064
1120290 2987
1120320 2968
1120321 2967
1120322 2969
1120325 3065
1120326 2971
1120328 2973
1120329 2972
1120330 2974
1120332 2973
1120333 2972
1120334 2974
1120336 2975
1120338 2976
1120340 2978
1120341 2977
1120342 2979
1120344 2981
1120345 2980
1120346 2982
1120348 2984
1120349 2983
1120350 2985
1120352 3064
1120354 2987
1120384 3066
1120385 3066
1120386 3066
1120387 3067
1120389 3068
1120390 3068
1120391 3069
1120392 3070
1120393 3070
1120394 3070
1120395 3071
1120396 3070
1120397 3070
1120398 3070
1120399 3071
1120400 3072
1120402 3072
1120403 3073
1120404 3074
1120405 3074
1120406 3074
1120407 3075
1120408 3076
1120409 3076
1120410 3076
1120411 3077
1120412 3078
1120413 3078
1120414 3078
1120415 3079
1120416 3080
1120417 3080
1120419 3081
1131840 3082
1131841 3083
1131842 3084
1131845 3085
1131846 3086
1131848 3087
1131849 3088
1131850 3089
1131852 3087
1131853 3088
1131854 3089
1131856 3090
1131857 3091
1131858 3092
1131862 3093
1131864 3094
1131865 3095
1131866 3096
1131868 3094
1131869 3095
1131870 3096
1131872 3097
1131873 3098
1131874 3099
1132032 3100
1132033 3101
1132037 3102
1132040 3103
1132041 3104
1132044 3103
1132045 3104
1132048 3105
1132049 3106
1132053 3107
1132057 3108
1132060 3109
1132061 3110
1132064 3111
1132065 3112
1132096 3113
1132097 3114
1132098 3115
1132101 3116
1132102 3117
1132104 3118
1132105 3119
1132106 3120
1132108 3118
1132109 3119
1132110 3120
1132112 3121
1132113 3122
1132114 3123
1132117 3124
1132118 3125
1132120 3126
1132122 3127
1132124 3128
1132125 3129
1132126 3130
1132128 3131
1132129 3132
1132130 3133
1132288 3134
1132289 3135
1132293 3136
1132296 3137
1132297 3138
1132300 3139
1132301 3140
1132304 3141
1132305 3142
1132309 3143
1132312 3144
1132313 3145
1132317 3146
1132320 3147
1132321 3148
1132352 3149
1132353 3150
1132354 3151
1132357 3152
1132358 3153
1132360 3154
1132361 3155
1132362 3156
1132364 3157
1132365 3158
1132366 3159
1132368 3160
1132369 3161
1132370 3162
1132373 3163
1132374 3164
1132376 3165
1132377 3166
1132378 3167
1132380 3168
1132382 3169
1132384 3170
1132385 3171
1132386 3172
1132544 3173
1132545 3174
1132549 3175
1132552 3176
1132553 3177
1132556 3176
1132557 3177
1132560 3178
1132561 3179
1132565 3180
1132568 3181
1132569 3182
1132572 3181
1132573 3182
1132577 3183
1132608 3184
1132609 3185
1132610 3186
1132613 3187
1132614 3188
1132616 3189
1132617 3190
1132618 3191
1132620 3189
1132621 3190
1132622 3191
1132624 3192
1132625 3193
1132626 3194
1132629 3195
1132630 3196
1132632 3197
1132633 3198
1132634 3199
1132636 3197
1132637 3198
1132638 3199
1132640 3200
1132642 3201
1136000 3202
1136001 3202
1136003 3203
1136005 3204
1136007 3205
1136008 3206
1136009 3206
1136011 3207
1136012 3206
1136013 3206
1136015 3207
1136016 3208
1136017 3208
1136019 3209
1136020 3210
1136023 3211
1136024 3212
1136025 3212
1136027 3213
1136028 3212
1136029 3212
1136031 3213
1136032 3214
1136033 3214
1136035 3215
1136128 3113
1136129 3114
1136130 3115
1136133 3116
1136134 3117
1136136 3118
1136137 3119
1136138 3120
1136140 3118
1136141 3119
1136142 3120
1136144 3121
1136145 3122
1136146 3123
1136148 3216
1136150 3125
1136153 3217
1136154 3127
1136156 3128
1136157 3129
1136158 3130
1136160 3131
1136161 3132
1136162 3133
1136192 3114
1136193 3113
1136194 3115
1136197 3218
1136198 3117
1136200 3119
1136201 3118
1136202 3120
1136204 3119
1136205 3118
1136206 3120
1136208 3122
1136209 3121
1136210 3123
1136212 3124
1136214 3125
1136216 3217
1136218 3127
1136220 3129
1136221 3128
1136222 3130
1136224 3132
1136225 3131
1136226 3133
1136256 3219
1136257 3219
1136258 3219
1136259 3220
1136261 3221
1136262 3221
1136263 3222
1136264 3223
1136265 3223
1136266 3223
1136267 3224
1136268 3223
1136269 3223
1136270 3223
1136271 3224
1136272 3225
1136273 3225
1136274 3225
1136275 3226
1136276 3227
1136278 3227
1136279 3228
1136280 3229
1136281 3229
1136283 3230
1136284 3231
1136285 3231
1136286 3231
1136287 3232
1136288 3233
1136289 3233
1136290 3233
1136291 3234
1136384 3149
1136385 3150
1136386 3151
1136389 3152
1136390 3153
1136392 3154
1136393 3155
1136394 3156
1136396 3157
1136397 3158
1136398 3159
1136400 3160
1136401 3161
1136402 3162
1136404 3235
1136406 3164
1136408 3165
1136409 3166
1136410 3167
1136413 3236
1136414 3169
1136416 3170
1136417 3171
1136418 3172
1136448 3150
1136449 3149
1136450 3151
1136453 3237
1136454 3153
1136456 3155
1136457 3154
1136458 3156
1136460 3158
1136461 3157
1136462 3159
1136464 3161
1136465 3160
1136466 3162
1136468 3163
1136470 3164
1136472 3166
1136473 3165
1136474 3167
1136476 3236
1136478 3169
1136480 3171
1136481 3170
1136482 3172
1136512 3238
1136513 3238
1136514 3238
1136515 3239
1136517 3240
1136518 3240
1136519 3241
1136520 3242
1136521 3242
1136522 3242
1136523 3243
1136524 3244
1136525 3244
1136526 3244
1136527 3245
1136528 3246
1136529 3246
1136530 3246
1136531 3247
1136532 3248
1136534 3248
1136535 3249
1136536 3250
1136537 3250
1136538 3250
1136539 3251
1136540 3252
1136541 3252
1136543 3253
1136544 3254
1136545 3254
1136546 3254
1136547 3255
1136640 3184
1136641 3185
1136642 3186
1136645 3187
1136646 3188
1136648 3189
1136649 3190
1136650 3191
1136652 3189
1136653 3190
1136654 3191
1136656 3192
1136657 3193
1136658 3194
1136660 3256
1136662 3196
1136664 3197
1136665 3198
1136666 3199
1136668 3197
1136669 3198
1136670 3199
1136673 3257
1136674 3201
1136704 3185
1136705 3184
1136706 3186
1136709 3258
1136710 3188
1136712 3190
1136713 3189
1136714 3191
1136716 3190
1136717 3189
1136718 3191
1136720 3193
1136721 3192
1136722 3194
1136724 3195
1136726 3196
1136728 3198
1136729 3197
1136730 3199
1136732 3198
1136733 3197
1136734 3199
1136736 3257
1136738 3201
1136768 3259
1136769 3259
1136770 3259
1136771 3260
1136773 3261
1136774 3261
1136775 3262
1136776 3263
1136777 3263
1136778 3263
1136779 3264
1136780 3263
1136781 3263
1136782 3263
1136783 3264
1136784 3265
1136785 3265
1136786 3265
1136787 3266
1136788 3267
1136790 3267
1136791 3268
1136792 3269
1136793 3269
1136794 3269
1136795 3270
1136796 3269
1136797 3269
1136798 3269
1136799 3270
1136800 3271
1136801 3271
1136803 3272
1148480 3273
1148481 3274
1148482 3275
1148485 3276
1148486 3277
1148488 3278
1148489 3279
1148490 3280
1148492 3278
1148493 3279
1148494 3280
1148496 3281
1148497 3282
1148498 3283
1148500 3281
1148501 3282
1148502 3283
1148506 3284
1148508 3285
1148509 3286
1148510 3287
1148512 3285
1148513 3286
1148514 3287
1148672 3288
1148673 3289
1148677 3290
1148680 3291
1148681 3292
1148684 3293
1148685 3294
1148688 3295
1148689 3296
1148692 3295
1148693 3296
1148697 3297
1148701 3298
1148704 3299
1148705 3300
1148736 3301
1148737 3302
1148738 3303
1148741 3304
1148742 3305
1148744 3306
1148745 3307
1148746 3308
1148748 3309
1148749 3310
1148750 3311
1148752 3312
1148753 3313
1148754 3314
1148756 3312
1148757 3313
1148758 3314
1148761 3315
1148762 3316
1148764 3317
1148766 3318
1148768 3319
1148769 3320
1148770 3321
1148928 3322
1148929 3323
1148933 3324
1148936 3325
1148937 3326
1148940 3325
1148941 3326
1148944 3327
1148945 3328
1148948 3327
1148949 3328
1148953 3329
1148956 3330
1148957 3331
1148961 3332
1148992 3333
1148993 3334
1148994 3335
1148997 3336
1148998 3337
1149000 3338
1149001 3339
1149002 3340
1149004 3338
1149005 3339
1149006 3340
1149008 3341
1149009 3342
1149010 3343
1149012 3341
1149013 3342
1149014 3343
1149017 3344
1149018 3345
1149020 3346
1149021 3347
1149022 3348
1149024 3349
1149026 3350
1152640 3351
1152641 3351
1152643 3352
1152645 3353
1152647 3354
1152648 3355
1152649 3355
1152651 3356
1152652 3355
1152653 3355
1152655 3356
1152656 3357
1152657 3357
1152659 3358
1152660 3357
1152661 3357
1152663 3358
1152664 3359
1152667 3360
1152668 3361
1152669 3361
1152671 3362
1152672 3361
1152673 3361
1152675 3362
1152768 3301
1152769 3302
1152770 3303
1152773 3304
1152774 3305
1152776 3306
1152777 3307
1152778 3308
1152780 3309
1152781 3310
1152782 3311
1152784 3312
1152785 3313
1152786 3314
1152788 3312
1152789 3313
1152790 3314
1152792 3363
1152794 3316
1152797 3364
1152798 3318
1152800 3319
1152801 3320
1152802 3321
1152832 3302
1152833 3301
1152834 3303
1152837 3365
1152838 3305
1152840 3307
1152841 3306
1152842 3308
1152844 3310
1152845 3309
1152846 3311
1152848 3313
1152849 3312
1152850 3314
1152852 3313
1152853 3312
1152854 3314
1152856 3315
1152858 3316
1152860 3364
1152862 3318
1152864 3320
1152865 3319
1152866 3321
1152896 3366
1152897 3366
1152898 3366
1152899 3367
1152901 3368
1152902 3368
1152903 3369
1152904 3370
1152905 3370
1152906 3370
1152907 3371
1152908 3372
1152909 3372
1152910 3372
1152911 3373
1152912 3374
1152913 3374
1152914 3374
1152915 3375
1152916 3374
1152917 3374
1152918 3374
1152919 3375
1152920 3376
1152922 3376
1152923 3377
1152924 3378
1152925 3378
1152927 3379
1152928 3380
1152929 3380
1152930 3380
1152931 3381
1153024 3333
1153025 3334
1153026 3335
1153029 3336
1153030 3337
1153032 3338
1153033 3339
1153034 3340
1153036 3338
1153037 3339
1153038 3340
1153040 3341
1153041 3342
1153042 3343
1153044 3341
1153045 3342
1153046 3343
1153048 3382
1153050 3345
1153052 3346
1153053 3347
1153054 3348
1153057 3383
1153058 3350
1153088 3334
1153089 3333
1153090 3335
1153093 3384
1153094 3337
1153096 3339
1153097 3338
1153098 3340
1153100 3339
1153101 3338
1153102 3340
1153104 3342
1153105 3341
1153106 3343
1153108 3342
1153109 3341
1153110 3343
1153112 3344
1153114 3345
1153116 3347
1153117 3346
1153118 3348
1153120 3383
1153122 3350
1153152 3385
1153153 3385
1153154 3385
1153155 3386
1153157 3387
1153158 3387
1153159 3388
1153160 3389
1153161 3389
1153162 3389
1153163 3390
1153164 3389
1153165 3389
1153166 3389
1153167 3390
1153168 3391
1153169 3391
1153170 3391
1153171 3392
1153172 3391
1153173 3391
1153174 3391
1153175 3392
1153176 3393
1153178 3393
1153179 3394
1153180 3395
1153181 3395
1153182 3395
1153183 3396
1153184 3397
1153185 3397
1153187 3398
1165120 3399
1165121 3400
1165122 3401
1165125 3402
1165126 3403
1165128 3404
1165129 3405
1165130 3406
1165132 3404
1165133 3405
1165134 3406
1165136 3404
1165137 3405
1165138 3406
1165140 3407
1165141 3408
1165142 3409
1165144 3407
1165145 3408
1165146 3409
1165150 3410
1165152 3411
1165153 3412
1165154 3413
1165312 3414
1165313 3415
1165317 3416
1165320 3417
1165321 3418
1165324 3417
1165325 3418
1165328 3417
1165329 3418
1165332 3419
1165333 3420
1165336 3419
1165337 3420
1165341 3421
1165345 3422
1165376 3423
1165377 3424
1165378 3425
1165381 3426
1165382 3427
1165384 3428
1165385 3429
1165386 3430
1165388 3428
1165389 3429
1165390 3430
1165392 3428
1165393 3429
1165394 3430
1165396 3431
1165397 3432
1165398 3433
1165400 3431
1165401 3432
1165402 3433
1165405 3434
1165406 3435
1165408 3436
1165410 3437
1169280 3438
1169281 3438
1169283 3439
1169285 3440
1169287 3441
1169288 3442
1169289 3442
1169291 3443
1169292 3442
1169293 3442
1169295 3443
1169296 3442
1169297 3442
1169299 3443
1169300 3444
1169301 3444
1169303 3445
1169304 3444
1169305 3444
1169307 3445
1169308 3446
1169311 3447
1169312 3448
1169313 3448
1169315 3449
1169408 3423
1169409 3424
1169410 3425
1169413 3426
1169414 3427
1169416 3428
1169417 3429
1169418 3430
1169420 3428
1169421 3429
1169422 3430
1169424 3428
1169425 3429
1169426 3430
1169428 3431
1169429 3432
1169430 3433
1169432 3431
1169433 3432
1169434 3433
1169436 3450
1169438 3435
1169441 3451
1169442 3437
1169472 3424
1169473 3423
1169474 3425
1169477 3452
1169478 3427
1169480 3429
1169481 3428
1169482 3430
1169484 3429
1169485 3428
1169486 3430
1169488 3429
1169489 3428
1169490 3430
1169492 3432
1169493 3431
1169494 3433
1169496 3432
1169497 3431
1169498 3433
1169500 3434
1169502 3435
1169504 3451
1169506 3437
1169536 3453
1169537 3453
1169538 3453
1169539 3454
1169541 3455
1169542 3455
1169543 3456
1169544 3457
1169545 3457
1169546 3457
1169547 3458
1169548 3457
1169549 3457
1169550 3457
1169551 3458
1169552 3457
1169553 3457
1169554 3457
1169555 3458
1169556 3459
1169557 3459
1169558 3459
1169559 3460
1169560 3459
1169561 3459
1169562 3459
1169563 3460
1169564 3461
1169566 3461
1169567 3462
1169568 3463
1169569 3463
1169571 3464
1181760 3465
1181761 3466
1181762 3467
1181765 3468
1181766 3469
1181768 3470
1181769 3471
1181770 3472
1181772 3470
1181773 3471
1181774 3472
1181776 3473
1181777 3474
1181778 3475
1181780 3476
1181781 3477
1181782 3478
1181784 3476
1181785 3477
1181786 3478
1181788 3476
1181789 3477
1181790 3478
1181794 3479
1185920 3480
1185921 3480
1185923 3481
1185925 3482
1185927 3483
1185928 3484
1185929 3484
1185931 3485
1185932 3484
1185933 3484
1185935 3485
1185936 3486
1185937 3486
1185939 3487
1185940 3488
1185941 3488
1185943 3489
1185944 3488
1185945 3488
1185947 3489
1185948 3488
1185949 3488
1185951 3489
1185952 3490
1185955 3491
2134656 3492
2134659 3493
2134660 3492
2134663 3493
2134667 3494
2134668 3495
2134671 3496
2134672 3495
2134675 3496
2134676 3495
2134679 3496
2134680 3497
2134683 3498
2134684 3497
2134687 3498
2134688 3497
2134691 3498
2134784 3499
2134785 3500
2134786 3501
2134788 3502
2134789 3503
2134790 3504
2134794 3505
2134797 3506
2134798 3507
2134800 3508
2134801 3509
2134802 3510
2134804 3511
2134805 3512
2134806 3513
2134808 3514
2134809 3515
2134810 3516
2134812 3517
2134813 3518
2134814 3519
2134816 3520
2134817 3521
2134818 3522
2134912 3523
2134914 3523
2134915 3524
2134916 3525
2134918 3525
2134919 3526
2134922 3527
2134923 3528
2134924 3529
2134927 3530
2134928 3531
2134930 3531
2134931 3532
2134932 3533
2134934 3533
2134935 3534
2134936 3535
2134938 3535
2134939 3536
2134940 3537
2134942 3537
2134943 3538
2134944 3539
2134946 3539
2134947 3540
2135040 3541
2135041 3542
2135042 3543
2135044 3544
2135045 3545
2135046 3546
2135050 3547
2135052 3548
2135053 3549
2135054 3550
2135057 3551
2135058 3552
2135060 3553
2135061 3554
2135062 3555
2135064 3556
2135065 3557
2135066 3558
2135068 3559
2135069 3560
2135070 3561
2135072 3559
2135073 3560
2135074 3561
2135168 3562
2135170 3562
2135171 3563
2135172 3564
2135174 3564
2135175 3565
2135178 3566
2135179 3567
2135180 3568
2135182 3568
2135183 3569
2135184 3570
2135187 3571
2135188 3572
2135190 3572
2135191 3573
2135192 3574
2135194 3574
2135195 3575
2135196 3576
2135198 3576
2135199 3577
2135200 3576
2135202 3576
2135203 3577
2135296 3578
2135297 3579
2135298 3580
2135300 3581
2135301 3582
2135302 3583
2135306 3584
2135308 3585
2135309 3586
2135310 3587
2135312 3585
2135313 3586
2135314 3587
2135317 3588
2135318 3589
2135320 3590
2135321 3591
2135322 3592
2135324 3593
2135325 3594
2135326 3595
2135328 3596
2135329 3597
2135330 3598
2135424 3599
2135426 3599
2135427 3600
2135428 3601
2135430 3601
2135431 3602
2135434 3603
2135435 3604
2135436 3605
2135438 3605
2135439 3606
2135440 3605
2135442 3605
2135443 3606
2135444 3607
2135447 3608
2135448 3609
2135450 3609
2135451 3610
2135452 3611
2135454 3611
2135455 3612
2135456 3613
2135458 3613
2135459 3614
2135552 3615
2135553 3616
2135554 3617
2135556 3615
2135557 3616
2135558 3617
2135562 3618
2135564 3619
2135565 3620
2135566 3621
2135568 3619
2135569 3620
2135570 3621
2135572 3622
2135573 3623
2135574 3624
2135577 3625
2135578 3626
2135580 3627
2135581 3628
2135582 3629
2135584 3627
2135585 3628
2135586 3629
2135680 3630
2135682 3630
2135683 3631
2135684 3630
2135686 3630
2135687 3631
2135690 3632
2135691 3633
2135692 3634
2135694 3634
2135695 3635
2135696 3634
2135698 3634
2135699 3635
2135700 3636
2135702 3636
2135703 3637
2135704 3638
2135707 3639
2135708 3640
2135710 3640
2135711 3641
2135712 3640
2135714 3640
2135715 3641
2135808 3642
2135809 3643
2135810 3644
2135812 3642
2135813 3643
2135814 3644
2135818 3645
2135820 3646
2135821 3647
2135822 3648
2135824 3646
2135825 3647
2135826 3648
2135828 3649
2135829 3650
2135830 3651
2135832 3649
2135833 3650
2135834 3651
2135837 3652
2135838 3653
2135840 3654
2135841 3655
2135842 3656
2135936 3657
2135938 3657
2135939 3658
2135940 3657
2135942 3657
2135943 3658
2135946 3659
2135947 3660
2135948 3661
2135950 3661
2135951 3662
2135952 3661
2135954 3661
2135955 3662
2135956 3663
2135958 3663
2135959 3664
2135960 3663
2135962 3663
2135963 3664
2135964 3665
2135967 3666
2135968 3667
2135970 3667
2135971 3668
2136064 3669
2136065 3670
2136066 3671
2136068 3669
2136069 3670
2136070 3671
2136074 3672
2136076 3673
2136077 3674
2136078 3675
2136080 3676
2136081 3677
2136082 3678
2136084 3676
2136085 3677
2136086 3678
2136088 3679
2136089 3680
2136090 3681
2136092 3679
2136093 3680
2136094 3681
2136097 3682
2136098 3683
2136192 3684
2136194 3684
2136195 3685
2136196 3684
2136198 3684
2136199 3685
2136202 3686
2136203 3687
2136204 3688
2136206 3688
2136207 3689
2136208 3690
2136210 3690
2136211 3691
2136212 3690
2136214 3690
2136215 3691
2136216 3692
2136218 3692
2136219 3693
2136220 3692
2136222 3692
2136223 3693
2136224 3694
2136227 3695
2147136 3696
2147137 3697
2147138 3698
2147140 3699
2147141 3700
2147142 3701
2147145 3702
2147146 3703
2147150 3704
2147152 3705
2147153 3706
2147154 3707
2147156 3708
2147157 3709
2147158 3710
2147160 3711
2147161 3712
2147162 3713
2147164 3714
2147165 3715
2147166 3716
2147168 3717
2147169 3718
2147170 3719
2147328 3720
2147329 3721
2147332 3722
2147333 3723
2147337 3724
2147341 3725
2147345 3726
2147348 3727
2147349 3728
2147352 3729
2147353 3730
2147356 3731
2147357 3732
2147360 3731
2147361 3732
2147392 3733
2147393 3734
2147394 3735
2147396 3736
2147397 3737
2147398 3738
2147401 3739
2147402 3740
2147405 3741
2147406 3742
2147408 3743
2147410 3744
2147412 3745
2147413 3746
2147414 3747
2147416 3748
2147417 3749
2147418 3750
2147420 3751
2147421 3752
2147422 3753
2147424 3751
2147425 3752
2147426 3753
2147584 3754
2147585 3755
2147588 3756
2147589 3757
2147593 3758
2147597 3759
2147600 3760
2147601 3761
2147605 3762
2147608 3763
2147609 3764
2147612 3765
2147613 3766
2147616 3767
2147617 3768
2147648 3769
2147649 3770
2147650 3771
2147652 3772
2147653 3773
2147654 3774
2147657 3775
2147658 3776
2147661 3777
2147662 3778
2147664 3779
2147665 3780
2147666 3781
2147668 3782
2147670 3783
2147672 3784
2147673 3785
2147674 3786
2147676 3787
2147677 3788
2147678 3789
2147680 3790
2147681 3791
2147682 3792
2147840 3793
2147841 3794
2147844 3793
2147845 3794
2147849 3795
2147853 3796
2147856 3797
2147857 3798
2147860 3799
2147861 3800
2147865 3801
2147868 3802
2147869 3803
2147872 3802
2147873 3803
2147904 3804
2147905 3805
2147906 3806
2147908 3804
2147909 3805
2147910 3806
2147913 3807
2147914 3808
2147917 3809
2147918 3810
2147920 3811
2147921 3812
2147922 3813
2147924 3814
2147925 3815
2147926 3816
2147928 3817
2147930 3818
2147932 3819
2147933 3820
2147934 3821
2147936 3819
2147937 3820
2147938 3821
2148096 3822
2148097 3823
2148100 3824
2148101 3825
2148105 3826
2148109 3827
2148112 3828
2148113 3829
2148116 3830
2148117 3831
2148120 3832
2148121 3833
2148125 3834
2148128 3835
2148129 3836
2148160 3837
2148161 3838
2148162 3839
2148164 3840
2148165 3841
2148166 3842
2148169 3843
2148170 3844
2148173 3845
2148174 3846
2148176 3847
2148177 3848
2148178 3849
2148180 3850
2148181 3851
2148182 3852
2148184 3853
2148185 3854
2148186 3855
2148188 3856
2148190 3857
2148192 3858
2148193 3859
2148194 3860
2148352 3861
2148353 3862
2148356 3863
2148357 3864
2148361 3865
2148365 3866
2148368 3867
2148369 3868
2148372 3867
2148373 3868
2148376 3869
2148377 3870
2148380 3871
2148381 3872
2148385 3873
2148416 3874
2148417 3875
2148418 3876
2148420 3877
2148421 3878
2148422 3879
2148425 3880
2148426 3881
2148429 3882
2148430 3883
2148432 3884
2148433 3885
2148434 3886
2148436 3884
2148437 3885
2148438 3886
2148440 3887
2148441 3888
2148442 3889
2148444 3890
2148445 3891
2148446 3892
2148448 3893
2148450 3894
2151296 3895
2151297 3895
2151299 3896
2151300 3897
2151301 3897
2151303 3898
2151305 3899
2151307 3900
2151308 3901
2151311 3902
2151312 3903
2151313 3903
2151315 3904
2151316 3905
2151317 3905
2151319 3906
2151320 3907
2151321 3907
2151323 3908
2151324 3909
2151325 3909
2151327 3910
2151328 3911
2151329 3911
2151331 3912
2151424 3733
2151425 3734
2151426 3735
2151428 3736
2151429 3737
2151430 3738
2151433 3739
2151434 3740
2151436 3913
2151438 3742
2151441 3914
2151442 3744
2151444 3745
2151445 3746
2151446 3747
2151448 3748
2151449 3749
2151450 3750
2151452 3751
2151453 3752
2151454 3753
2151456 3751
2151457 3752
2151458 3753
2151488 3734
2151489 3733
2151490 3735
2151492 3737
2151493 3736
2151494 3738
2151497 3915
2151498 3740
2151500 3741
2151502 3742
2151504 3914
2151506 3744
2151508 3746
2151509 3745
2151510 3747
2151512 3749
2151513 3748
2151514 3750
2151516 3752
2151517 3751
2151518 3753
2151520 3752
2151521 3751
2151522 3753
2151552 3916
2151553 3916
2151554 3916
2151555 3917
2151556 3918
2151557 3918
2151558 3918
2151559 3919
2151561 3920
2151562 3920
2151563 3921
2151564 3922
2151566 3922
2151567 3923
2151568 3924
2151569 3924
2151571 3925
2151572 3926
2151573 3926
2151574 3926
2151575 3927
2151576 3928
2151577 3928
2151578 3928
2151579 3929
2151580 3930
2151581 3930
2151582 3930
2151583 3931
2151584 3930
2151585 3930
2151586 3930
2151587 3931
2151680 3769
2151681 3770
2151682 3771
2151684 3772
2151685 3773
2151686 3774
2151689 3775
2151690 3776
2151692 3932
2151694 3778
2151696 3779
2151697 3780
2151698 3781
2151701 3933
2151702 3783
2151704 3784
2151705 3785
2151706 3786
2151708 3787
2151709 3788
2151710 3789
2151712 3790
2151713 3791
2151714 3792
2151744 3770
2151745 3769
2151746 3771
2151748 3773
2151749 3772
2151750 3774
2151753 3934
2151754 3776
2151756 3777
2151758 3778
2151760 3780
2151761 3779
2151762 3781
2151764 3933
2151766 3783
2151768 3785
2151769 3784
2151770 3786
2151772 3788
2151773 3787
2151774 3789
2151776 3791
2151777 3790
2151778 3792
2151808 3935
2151809 3935
2151810 3935
2151811 3936
2151812 3937
2151813 3937
2151814 3937
2151815 3938
2151817 3939
2151818 3939
2151819 3940
2151820 3941
2151822 3941
2151823 3942
2151824 3943
2151825 3943
2151826 3943
2151827 3944
2151828 3945
2151829 3945
2151831 3946
2151832 3947
2151833 3947
2151834 3947
2151835 3948
2151836 3949
2151837 3949
2151838 3949
2151839 3950
2151840 3951
2151841 3951
2151842 3951
2151843 3952
2151936 3804
2151937 3805
2151938 3806
2151940 3804
2151941 3805
2151942 3806
2151945 3807
2151946 3808
2151948 3953
2151950 3810
2151952 3811
2151953 3812
2151954 3813
2151956 3814
2151957 3815
2151958 3816
2151961 3954
2151962 3818
2151964 3819
2151965 3820
2151966 3821
2151968 3819
2151969 3820
2151970 3821
2152000 3805
2152001 3804
2152002 3806
2152004 3805
2152005 3804
2152006 3806
2152009 3955
2152010 3808
2152012 3809
2152014 3810
2152016 3812
2152017 3811
2152018 3813
2152020 3815
2152021 3814
2152022 3816
2152024 3954
2152026 3818
2152028 3820
2152029 3819
2152030 3821
2152032 3820
2152033 3819
2152034 3821
2152064 3956
2152065 3956
2152066 3956
2152067 3957
2152068 3956
2152069 3956
2152070 3956
2152071 3957
2152073 3958
2152074 3958
2152075 3959
2152076 3960
2152078 3960
2152079 3961
2152080 3962
2152081 3962
2152082 3962
2152083 3963
2152084 3964
2152085 3964
2152086 3964
2152087 3965
2152088 3966
2152089 3966
2152091 3967
2152092 3968
2152093 3968
2152094 3968
2152095 3969
2152096 3968
2152097 3968
2152098 3968
2152099 3969
2152192 3837
2152193 3838
2152194 3839
2152196 3840
2152197 3841
2152198 3842
2152201 3843
2152202 3844
2152204 3970
2152206 3846
2152208 3847
2152209 3848
2152210 3849
2152212 3850
2152213 3851
2152214 3852
2152216 3853
2152217 3854
2152218 3855
2152221 3971
2152222 3857
2152224 3858
2152225 3859
2152226 3860
2152256 3838
2152257 3837
2152258 3839
2152260 3841
2152261 3840
2152262 3842
2152265 3972
2152266 3844
2152268 3845
2152270 3846
2152272 3848
2152273 3847
2152274 3849
2152276 3851
2152277 3850
2152278 3852
2152280 3854
2152281 3853
2152282 3855
2152284 3971
2152286 3857
2152288 3859
2152289 3858
2152290 3860
2152320 3973
2152321 3973
2152322 3973
2152323 3974
2152324 3975
2152325 3975
2152326 3975
2152327 3976
2152329 3977
2152330 3977
2152331 3978
2152332 3979
2152334 3979
2152335 3980
2152336 3981
2152337 3981
2152338 3981
2152339 3982
2152340 3983
2152341 3983
2152342 3983
2152343 3984
2152344 3985
2152345 3985
2152346 3985
2152347 3986
2152348 3987
2152349 3987
2152351 3988
2152352 3989
2152353 3989
2152354 3989
2152355 3990
2152448 3874
2152449 3875
2152450 3876
2152452 3877
2152453 3878
2152454 3879
2152457 3880
2152458 3881
2152460 3991
2152462 3883
2152464 3884
2152465 3885
2152466 3886
2152468 3884
2152469 3885
2152470 3886
2152472 3887
2152473 3888
2152474 3889
2152476 3890
2152477 3891
2152478 3892
2152481 3992
2152482 3894
2152512 3875
2152513 3874
2152514 3876
2152516 3878
2152517 3877
2152518 3879
2152521 3993
2152522 3881
2152524 3882
2152526 3883
2152528 3885
2152529 3884
2152530 3886
2152532 3885
2152533 3884
2152534 3886
2152536 3888
2152537 3887
2152538 3889
2152540 3891
2152541 3890
2152542 3892
2152544 3992
2152546 3894
2152576 3994
2152577 3994
2152578 3994
2152579 3995
2152580 3996
2152581 3996
2152582 3996
2152583 3997
2152585 3998
2152586 3998
2152587 3999
2152588 4000
2152590 4000
2152591 4001
2152592 4002
2152593 4002
2152594 4002
2152595 4003
2152596 4002
2152597 4002
2152598 4002
2152599 4003
2152600 4004
2152601 4004
2152602 4004
2152603 4005
2152604 4006
2152605 4006
2152606 4006
2152607 4007
2152608 4008
2152609 4008
2152611 4009
2163776 4010
2163777 4011
2163778 4012
2163780 4013
2163781 4014
2163782 4015
2163785 4016
2163786 4017
2163788 4018
2163789 4019
2163790 4020
2163794 4021
2163796 4022
2163797 4023
2163798 4024
2163800 4025
2163801 4026
2163802 4027
2163804 4028
2163805 4029
2163806 4030
2163808 4028
2163809 4029
2163810 4030
2163968 4031
2163969 4032
2163972 4033
2163973 4034
2163977 4035
2163980 4036
2163981 4037
2163985 4038
2163989 4039
2163992 4040
2163993 4041
2163996 4042
2163997 4043
2164000 4044
2164001 4045
2164032 4046
2164033 4047
2164034 4048
2164036 4049
2164037 4050
2164038 4051
2164041 4052
2164042 4053
2164044 4054
2164045 4055
2164046 4056
2164049 4057
2164050 4058
2164052 4059
2164054 4060
2164056 4061
2164057 4062
2164058 4063
2164060 4064
2164061 4065
2164062 4066
2164064 4067
2164065 4068
2164066 4069
2164224 4070
2164225 4071
2164228 4072
2164229 4073
2164233 4074
2164236 4075
2164237 4076
2164241 4077
2164244 4078
2164245 4079
2164249 4080
2164252 4081
2164253 4082
2164256 4083
2164257 4084
2164288 4085
2164289 4086
2164290 4087
2164292 4088
2164293 4089
2164294 4090
2164297 4091
2164298 4092
2164300 4093
2164301 4094
2164302 4095
2164305 4096
2164306 4097
2164308 4098
2164309 4099
2164310 4100
2164312 4101
2164314 4102
2164316 4103
2164317 4104
2164318 4105
2164320 4106
2164321 4107
2164322 4108
2164480 4109
2164481 4110
2164484 4111
2164485 4112
2164489 4113
2164492 4114
2164493 4115
2164497 4116
2164500 4117
2164501 4118
2164504 4119
2164505 4120
2164509 4121
2164512 4122
2164513 4123
2164544 4124
2164545 4125
2164546 4126
2164548 4127
2164549 4128
2164550 4129
2164553 4130
2164554 4131
2164556 4132
2164557 4133
2164558 4134
2164561 4135
2164562 4136
2164564 4137
2164565 4138
2164566 4139
2164568 4140
2164569 4141
2164570 4142
2164572 4143
2164574 4144
2164576 4145
2164577 4146
2164578 4147
2164736 4148
2164737 4149
2164740 4148
2164741 4149
2164745 4150
2164748 4151
2164749 4152
2164753 4153
2164756 4154
2164757 4155
2164760 4156
2164761 4157
2164764 4158
2164765 4159
2164769 4160
2164800 4161
2164801 4162
2164802 4163
2164804 4161
2164805 4162
2164806 4163
2164809 4164
2164810 4165
2164812 4166
2164813 4167
2164814 4168
2164817 4169
2164818 4170
2164820 4171
2164821 4172
2164822 4173
2164824 4174
2164825 4175
2164826 4176
2164828 4177
2164829 4178
2164830 4179
2164832 4180
2164834 4181
2167936 4182
2167937 4182
2167939 4183
2167940 4184
2167941 4184
2167943 4185
2167945 4186
2167947 4187
2167948 4188
2167949 4188
2167951 4189
2167952 4190
2167955 4191
2167956 4192
2167957 4192
2167959 4193
2167960 4194
2167961 4194
2167963 4195
2167964 4196
2167965 4196
2167967 4197
2167968 4196
2167969 4196
2167971 4197
2168064 4046
2168065 4047
2168066 4048
2168068 4049
2168069 4050
2168070 4051
2168073 4052
2168074 4053
2168076 4054
2168077 4055
2168078 4056
2168080 4198
2168082 4058
2168085 4199
2168086 4060
2168088 4061
2168089 4062
2168090 4063
2168092 4064
2168093 4065
2168094 4066
2168096 4067
2168097 4068
2168098 4069
2168128 4047
2168129 4046
2168130 4048
2168132 4050
2168133 4049
2168134 4051
2168137 4200
2168138 4053
2168140 4055
2168141 4054
2168142 4056
2168144 4057
2168146 4058
2168148 4199
2168150 4060
2168152 4062
2168153 4061
2168154 4063
2168156 4065
2168157 4064
2168158 4066
2168160 4068
2168161 4067
2168162 4069
2168192 4201
2168193 4201
2168194 4201
2168195 4202
2168196 4203
2168197 4203
2168198 4203
2168199 4204
2168201 4205
2168202 4205
2168203 4206
2168204 4207
2168205 4207
2168206 4207
2168207 4208
2168208 4209
2168210 4209
2168211 4210
2168212 4211
2168213 4211
2168215 4212
2168216 4213
2168217 4213
2168218 4213
2168219 4214
2168220 4215
2168221 4215
2168222 4215
2168223 4216
2168224 4217
2168225 4217
2168226 4217
2168227 4218
2168320 4085
2168321 4086
2168322 4087
2168324 4088
2168325 4089
2168326 4090
2168329 4091
2168330 4092
2168332 4093
2168333 4094
2168334 4095
2168336 4219
2168338 4097
2168340 4098
2168341 4099
2168342 4100
2168345 4220
2168346 4102
2168348 4103
2168349 4104
2168350 4105
2168352 4106
2168353 4107
2168354 4108
2168384 4086
2168385 4085
2168386 4087
2168388 4089
2168389 4088
2168390 4090
2168393 4221
2168394 4092
2168396 4094
2168397 4093
2168398 4095
2168400 4096
2168402 4097
2168404 4099
2168405 4098
2168406 4100
2168408 4220
2168410 4102
2168412 4104
2168413 4103
2168414 4105
2168416 4107
2168417 4106
2168418 4108
2168448 4222
2168449 4222
2168450 4222
2168451 4223
2168452 4224
2168453 4224
2168454 4224
2168455 4225
2168457 4226
2168458 4226
2168459 4227
2168460 4228
2168461 4228
2168462 4228
2168463 4229
2168464 4230
2168466 4230
2168467 4231
2168468 4232
2168469 4232
2168470 4232
2168471 4233
2168472 4234
2168473 4234
2168475 4235
2168476 4236
2168477 4236
2168478 4236
2168479 4237
2168480 4238
2168481 4238
2168482 4238
2168483 4239
2168576 4124
2168577 4125
2168578 4126
2168580 4127
2168581 4128
2168582 4129
2168585 4130
2168586 4131
2168588 4132
2168589 4133
2168590 4134
2168592 4240
2168594 4136
2168596 4137
2168597 4138
2168598 4139
2168600 4140
2168601 4141
2168602 4142
2168605 4241
2168606 4144
2168608 4145
2168609 4146
2168610 4147
2168640 4125
2168641 4124
2168642 4126
2168644 4128
2168645 4127
2168646 4129
2168649 4242
2168650 4131
2168652 4133
2168653 4132
2168654 4134
2168656 4135
2168658 4136
2168660 4138
2168661 4137
2168662 4139
2168664 4141
2168665 4140
2168666 4142
2168668 4241
2168670 4144
2168672 4146
2168673 4145
2168674 4147
2168704 4243
2168705 4243
2168706 4243
2168707 4244
2168708 4245
2168709 4245
2168710 4245
2168711 4246
2168713 4247
2168714 4247
2168715 4248
2168716 4249
2168717 4249
2168718 4249
2168719 4250
2168720 4251
2168722 4251
2168723 4252
2168724 4253
2168725 4253
2168726 4253
2168727 4254
2168728 4255
2168729 4255
2168730 4255
2168731 4256
2168732 4257
2168733 4257
2168735 4258
2168736 4259
2168737 4259
2168738 4259
2168739 4260
2168832 4161
2168833 4162
2168834 4163
2168836 4161
2168837 4162
2168838 4163
2168841 4164
2168842 4165
2168844 4166
2168845 4167
2168846 4168
2168848 4261
2168850 4170
2168852 4171
2168853 4172
2168854 4173
2168856 4174
2168857 4175
2168858 4176
2168860 4177
2168861 4178
2168862 4179
2168865 4262
2168866 4181
2168896 4162
2168897 4161
2168898 4163
2168900 4162
2168901 4161
2168902 4163
2168905 4263
2168906 4165
2168908 4167
2168909 4166
2168910 4168
2168912 4169
2168914 4170
2168916 4172
2168917 4171
2168918 4173
2168920 4175
2168921 4174
2168922 4176
2168924 4178
2168925 4177
2168926 4179
2168928 4262
2168930 4181
2168960 4264
2168961 4264
2168962 4264
2168963 4265
2168964 4264
2168965 4264
2168966 4264
2168967 4265
2168969 4266
2168970 4266
2168971 4267
2168972 4268
2168973 4268
2168974 4268
2168975 4269
2168976 4270
2168978 4270
2168979 4271
2168980 4272
2168981 4272
2168982 4272
2168983 4273
2168984 4274
2168985 4274
2168986 4274
2168987 4275
2168988 4276
2168989 4276
2168990 4276
2168991 4277
2168992 4278
2168993 4278
2168995 4279
2180416 4280
2180417 4281
2180418 4282
2180420 4283
2180421 4284
2180422 4285
2180425 4286
2180426 4287
2180428 4288
2180429 4289
2180430 4290
2180432 4288
2180433 4289
2180434 4290
2180438 4291
2180440 4292
2180441 4293
2180442 4294
2180444 4295
2180445 4296
2180446 4297
2180448 4298
2180449 4299
2180450 4300
2180608 4301
2180609 4302
2180612 4303
2180613 4304
2180617 4305
2180620 4306
2180621 4307
2180624 4308
2180625 4309
2180629 4310
2180633 4311
2180636 4312
2180637 4313
2180640 4314
2180641 4315
2180672 4316
2180673 4317
2180674 4318
2180676 4319
2180677 4320
2180678 4321
2180681 4322
2180682 4323
2180684 4324
2180685 4325
2180686 4326
2180688 4327
2180689 4328
2180690 4329
2180693 4330
2180694 4331
2180696 4332
2180698 4333
2180700 4334
2180701 4335
2180702 4336
2180704 4337
2180705 4338
2180706 4339
2180864 4340
2180865 4341
2180868 4342
2180869 4343
2180873 4344
2180876 4345
2180877 4346
2180880 4347
2180881 4348
2180885 4349
2180888 4350
2180889 4351
2180893 4352
2180896 4353
2180897 4354
2180928 4355
2180929 4356
2180930 4357
2180932 4358
2180933 4359
2180934 4360
2180937 4361
2180938 4362
2180940 4363
2180941 4364
2180942 4365
2180944 4366
2180945 4367
2180946 4368
2180949 4369
2180950 4370
2180952 4371
2180953 4372
2180954 4373
2180956 4374
2180958 4375
2180960 4376
2180961 4377
2180962 4378
2181120 4379
2181121 4380
2181124 4381
2181125 4382
2181129 4383
2181132 4384
2181133 4385
2181136 4384
2181137 4385
2181141 4386
2181144 4387
2181145 4388
2181148 4389
2181149 4390
2181153 4391
2181184 4392
2181185 4393
2181186 4394
2181188 4395
2181189 4396
2181190 4397
2181193 4398
2181194 4399
2181196 4400
2181197 4401
2181198 4402
2181200 4400
2181201 4401
2181202 4402
2181205 4403
2181206 4404
2181208 4405
2181209 4406
2181210 4407
2181212 4408
2181213 4409
2181214 4410
2181216 4411
2181218 4412
2184576 4413
2184577 4413
2184579 4414
2184580 4415
2184581 4415
2184583 4416
2184585 4417
2184587 4418
2184588 4419
2184589 4419
2184591 4420
2184592 4419
2184593 4419
2184595 4420
2184596 4421
2184599 4422
2184600 4423
2184601 4423
2184603 4424
2184604 4425
2184605 4425
2184607 4426
2184608 4427
2184609 4427
2184611 4428
2184704 4316
2184705 4317
2184706 4318
2184708 4319
2184709 4320
2184710 4321
2184713 4322
2184714 4323
2184716 4324
2184717 4325
2184718 4326
2184720 4327
2184721 4328
2184722 4329
2184724 4429
2184726 4331
2184729 4430
2184730 4333
2184732 4334
2184733 4335
2184734 4336
2184736 4337
2184737 4338
2184738 4339
2184768 4317
2184769 4316
2184770 4318
2184772 4320
2184773 4319
2184774 4321
2184777 4431
2184778 4323
2184780 4325
2184781 4324
2184782 4326
2184784 4328
2184785 4327
2184786 4329
2184788 4330
2184790 4331
2184792 4430
2184794 4333
2184796 4335
2184797 4334
2184798 4336
2184800 4338
2184801 4337
2184802 4339
2184832 4432
2184833 4432
2184834 4432
2184835 4433
2184836 4434
2184837 4434
2184838 4434
2184839 4435
2184841 4436
2184842 4436
2184843 4437
2184844 4438
2184845 4438
2184846 4438
2184847 4439
2184848 4440
2184849 4440
2184850 4440
2184851 4441
2184852 4442
2184854 4442
2184855 4443
2184856 4444
2184857 4444
2184859 4445
2184860 4446
2184861 4446
2184862 4446
2184863 4447
2184864 4448
2184865 4448
2184866 4448
2184867 4449
2184960 4355
2184961 4356
2184962 4357
2184964 4358
2184965 4359
2184966 4360
2184969 4361
2184970 4362
2184972 4363
2184973 4364
2184974 4365
2184976 4366
2184977 4367
2184978 4368
2184980 4450
2184982 4370
2184984 4371
2184985 4372
2184986 4373
2184989 4451
2184990 4375
2184992 4376
2184993 4377
2184994 4378
2185024 4356
2185025 4355
2185026 4357
2185028 4359
2185029 4358
2185030 4360
2185033 4452
2185034 4362
2185036 4364
2185037 4363
2185038 4365
2185040 4367
2185041 4366
2185042 4368
2185044 4369
2185046 4370
2185048 4372
2185049 4371
2185050 4373
2185052 4451
2185054 4375
2185056 4377
2185057 4376
2185058 4378
2185088 4453
2185089 4453
2185090 4453
2185091 4454
2185092 4455
2185093 4455
2185094 4455
2185095 4456
2185097 4457
2185098 4457
2185099 4458
2185100 4459
2185101 4459
2185102 4459
2185103 4460
2185104 4461
2185105 4461
2185106 4461
2185107 4462
2185108 4463
2185110 4463
2185111 4464
2185112 4465
2185113 4465
2185114 4465
2185115 4466
2185116 4467
2185117 4467
2185119 4468
2185120 4469
2185121 4469
2185122 4469
2185123 4470
2185216 4392
2185217 4393
2185218 4394
2185220 4395
2185221 4396
2185222 4397
2185225 4398
2185226 4399
2185228 4400
2185229 4401
2185230 4402
2185232 4400
2185233 4401
2185234 4402
2185236 4471
2185238 4404
2185240 4405
2185241 4406
2185242 4407
2185244 4408
2185245 4409
2185246 4410
2185249 4472
2185250 4412
2185280 4393
2185281 4392
2185282 4394
2185284 4396
2185285 4395
2185286 4397
2185289 4473
2185290 4399
2185292 4401
2185293 4400
2185294 4402
2185296 4401
2185297 4400
2185298 4402
2185300 4403
2185302 4404
2185304 4406
2185305 4405
2185306 4407
2185308 4409
2185309 4408
2185310 4410
2185312 4472
2185314 4412
2185344 4474
2185345 4474
2185346 4474
2185347 4475
2185348 4476
2185349 4476
2185350 4476
2185351 4477
2185353 4478
2185354 4478
2185355 4479
2185356 4480
2185357 4480
2185358 4480
2185359 4481
2185360 4480
2185361 4480
2185362 4480
2185363 4481
2185364 4482
2185366 4482
2185367 4483
2185368 4484
2185369 4484
2185370 4484
2185371 4485
2185372 4486
2185373 4486
2185374 4486
2185375 4487
2185376 4488
2185377 4488
2185379 4489
2197056 4490
2197057 4491
2197058 4492
2197060 4490
2197061 4491
2197062 4492
2197065 4493
2197066 4494
2197068 4495
2197069 4496
2197070 4497
2197072 4495
2197073 4496
2197074 4497
2197076 4498
2197077 4499
2197078 4500
2197082 4501
2197084 4502
2197085 4503
2197086 4504
2197088 4502
2197089 4503
2197090 4504
2197248 4505
2197249 4506
2197252 4505
2197253 4506
2197257 4507
2197260 4508
2197261 4509
2197264 4508
2197265 4509
2197268 4510
2197269 4511
2197273 4512
2197277 4513
2197280 4514
2197281 4515
2197312 4516
2197313 4517
2197314 4518
2197316 4516
2197317 4517
2197318 4518
2197321 4519
2197322 4520
2197324 4521
2197325 4522
2197326 4523
2197328 4521
2197329 4522
2197330 4523
2197332 4524
2197333 4525
2197334 4526
2197337 4527
2197338 4528
2197340 4529
2197342 4530
2197344 4531
2197345 4532
2197346 4533
2197504 4534
2197505 4535
2197508 4534
2197509 4535
2197513 4536
2197516 4537
2197517 4538
2197520 4537
2197521 4538
2197524 4539
2197525 4540
2197529 4541
2197532 4542
2197533 4543
2197537 4544
2197568 4545
2197569 4546
2197570 4547
2197572 4545
2197573 4546
2197574 4547
2197577 4548
2197578 4549
2197580 4550
2197581 4551
2197582 4552
2197584 4550
2197585 4551
2197586 4552
2197588 4553
2197589 4554
2197590 4555
2197593 4556
2197594 4557
2197596 4558
2197597 4559
2197598 4560
2197600 4561
2197602 4562
2201216 4563
2201217 4563
2201219 4564
2201220 4563
2201221 4563
2201223 4564
2201225 4565
2201227 4566
2201228 4567
2201229 4567
2201231 4568
2201232 4567
2201233 4567
2201235 4568
2201236 4569
2201237 4569
2201239 4570
2201240 4571
2201243 4572
2201244 4573
2201245 4573
2201247 4574
2201248 4573
2201249 4573
2201251 4574
2201344 4516
2201345 4517
2201346 4518
2201348 4516
2201349 4517
2201350 4518
2201353 4519
2201354 4520
2201356 4521
2201357 4522
2201358 4523
2201360 4521
2201361 4522
2201362 4523
2201364 4524
2201365 4525
2201366 4526
2201368 4575
2201370 4528
2201373 4576
2201374 4530
2201376 4531
2201377 4532
2201378 4533
2201408 4517
2201409 4516
2201410 4518
2201412 4517
2201413 4516
2201414 4518
2201417 4577
2201418 4520
2201420 4522
2201421 4521
2201422 4523
2201424 4522
2201425 4521
2201426 4523
2201428 4525
2201429 4524
2201430 4526
2201432 4527
2201434 4528
2201436 4576
2201438 4530
2201440 4532
2201441 4531
2201442 4533
2201472 4578
2201473 4578
2201474 4578
2201475 4579
2201476 4578
2201477 4578
2201478 4578
2201479 4579
2201481 4580
2201482 4580
2201483 4581
2201484 4582
2201485 4582
2201486 4582
2201487 4583
2201488 4582
2201489 4582
2201490 4582
2201491 4583
2201492 4584
2201493 4584
2201494 4584
2201495 4585
2201496 4586
2201498 4586
2201499 4587
2201500 4588
2201501 4588
2201503 4589
2201504 4590
2201505 4590
2201506 4590
2201507 4591
2201600 4545
2201601 4546
2201602 4547
2201604 4545
2201605 4546
2201606 4547
2201609 4548
2201610 4549
2201612 4550
2201613 4551
2201614 4552
2201616 4550
2201617 4551
2201618 4552
2201620 4553
2201621 4554
2201622 4555
2201624 4592
2201626 4557
2201628 4558
2201629 4559
2201630 4560
2201633 4593
2201634 4562
2201664 4546
2201665 4545
2201666 4547
2201668 4546
2201669 4545
2201670 4547
2201673 4594
2201674 4549
2201676 4551
2201677 4550
2201678 4552
2201680 4551
2201681 4550
2201682 4552
2201684 4554
2201685 4553
2201686 4555
2201688 4556
2201690 4557
2201692 4559
2201693 4558
2201694 4560
2201696 4593
2201698 4562
2201728 4595
2201729 4595
2201730 4595
2201731 4596
2201732 4595
2201733 4595
2201734 4595
2201735 4596
2201737 4597
2201738 4597
2201739 4598
2201740 4599
2201741 4599
2201742 4599
2201743 4600
2201744 4599
2201745 4599
2201746 4599
2201747 4600
2201748 4601
2201749 4601
2201750 4601
2201751 4602
2201752 4603
2201754 4603
2201755 4604
2201756 4605
2201757 4605
2201758 4605
2201759 4606
2201760 4607
2201761 4607
2201763 4608
2213696 4609
2213697 4610
2213698 4611
2213700 4609
2213701 4610
2213702 4611
2213705 4612
2213706 4613
2213708 4614
2213709 4615
2213710 4616
2213712 4614
2213713 4615
2213714 4616
2213716 4617
2213717 4618
2213718 4619
2213720 4617
2213721 4618
2213722 4619
2213726 4620
2213728 4621
2213729 4622
2213730 4623
2213888 4624
2213889 4625
2213892 4624
2213893 4625
2213897 4626
2213900 4627
2213901 4628
2213904 4627
2213905 4628
2213908 4629
2213909 4630
2213912 4629
2213913 4630
2213917 4631
2213921 4632
2213952 4633
2213953 4634
2213954 4635
2213956 4633
2213957 4634
2213958 4635
2213961 4636
2213962 4637
2213964 4638
2213965 4639
2213966 4640
2213968 4638
2213969 4639
2213970 4640
2213972 4641
2213973 4642
2213974 4643
2213976 4641
2213977 4642
2213978 4643
2213981 4644
2213982 4645
2213984 4646
2213986 4647
2217856 4648
2217857 4648
2217859 4649
2217860 4648
2217861 4648
2217863 4649
2217865 4650
2217867 4651
2217868 4652
2217869 4652
2217871 4653
2217872 4652
2217873 4652
2217875 4653
2217876 4654
2217877 4654
2217879 4655
2217880 4654
2217881 4654
2217883 4655
2217884 4656
2217887 4657
2217888 4658
2217889 4658
2217891 4659
2217984 4633
2217985 4634
2217986 4635
2217988 4633
2217989 4634
2217990 4635
2217993 4636
2217994 4637
2217996 4638
2217997 4639
2217998 4640
2218000 4638
2218001 4639
2218002 4640
2218004 4641
2218005 4642
2218006 4643
2218008 4641
2218009 4642
2218010 4643
2218012 4660
2218014 4645
2218017 4661
2218018 4647
2218048 4634
2218049 4633
2218050 4635
2218052 4634
2218053 4633
2218054 4635
2218057 4662
2218058 4637
2218060 4639
2218061 4638
2218062 4640
2218064 4639
2218065 4638
2218066 4640
2218068 4642
2218069 4641
2218070 4643
2218072 4642
2218073 4641
2218074 4643
2218076 4644
2218078 4645
2218080 4661
2218082 4647
2218112 4663
2218113 4663
2218114 4663
2218115 4664
2218116 4663
2218117 4663
2218118 4663
2218119 4664
2218121 4665
2218122 4665
2218123 4666
2218124 4667
2218125 4667
2218126 4667
2218127 4668
2218128 4667
2218129 4667
2218130 4667
2218131 4668
2218132 4669
2218133 4669
2218134 4669
2218135 4670
2218136 4669
2218137 4669
2218138 4669
2218139 4670
2218140 4671
2218142 4671
2218143 4672
2218144 4673
2218145 4673
2218147 4674
2230336 4675
2230337 4676
2230338 4677
2230340 4675
2230341 4676
2230342 4677
2230345 4678
2230346 4679
2230348 4680
2230349 4681
2230350 4682
2230352 4683
2230353 4684
2230354 4685
2230356 4683
2230357 4684
2230358 4685
2230360 4686
2230361 4687
2230362 4688
2230364 4686
2230365 4687
2230366 4688
2230370 4689
2234496 4690
2234497 4690
2234499 4691
2234500 4690
2234501 4690
2234503 4691
2234505 4692
2234507 4693
2234508 4694
2234509 4694
2234511 4695
2234512 4696
2234513 4696
2234515 4697
2234516 4696
2234517 4696
2234519 4697
2234520 4698
2234521 4698
2234523 4699
2234524 4698
2234525 4698
2234527 4699
2234528 4700
2234531 4701
3199872 4702
3199875 4703
3199876 4702
3199879 4703
3199880 4704
3199883 4705
3199887 4706
3199888 4707
3199891 4708
3199892 4707
3199895 4708
3199896 4707
3199899 4708
3199900 4709
3199903 4710
3199904 4709
3199907 4710
3200000 4711
3200001 4712
3200002 4713
3200004 4714
3200005 4715
3200006 4716
3200008 4717
3200009 4718
3200010 4719
3200014 4720
3200017 4721
3200018 4722
3200020 4723
3200021 4724
3200022 4725
3200024 4726
3200025 4727
3200026 4728
3200028 4729
3200029 4730
3200030 4731
3200032 4732
3200033 4733
3200034 4734
3200128 4735
3200130 4735
3200131 4736
3200132 4737
3200134 4737
3200135 4738
3200136 4739
3200138 4739
3200139 4740
3200142 4741
3200143 4742
3200144 4743
3200147 4744
3200148 4745
3200150 4745
3200151 4746
3200152 4747
3200154 4747
3200155 4748
3200156 4749
3200158 4749
3200159 4750
3200160 4751
3200162 4751
3200163 4752
3200256 4753
3200257 4754
3200258 4755
3200260 4756
3200261 4757
3200262 4758
3200264 4759
3200265 4760
3200266 4761
3200270 4762
3200272 4763
3200273 4764
3200274 4765
3200277 4766
3200278 4767
3200280 4768
3200281 4769
3200282 4770
3200284 4771
3200285 4772
3200286 4773
3200288 4774
3200289 4775
3200290 4776
3200384 4777
3200386 4777
3200387 4778
3200388 4779
3200390 4779
3200391 4780
3200392 4781
3200394 4781
3200395 4782
3200398 4783
3200399 4784
3200400 4785
3200402 4785
3200403 4786
3200404 4787
3200407 4788
3200408 4789
3200410 4789
3200411 4790
3200412 4791
3200414 4791
3200415 4792
3200416 4793
3200418 4793
3200419 4794
3200512 4795
3200513 4796
3200514 4797
3200516 4795
3200517 4796
3200518 4797
3200520 4798
3200521 4799
3200522 4800
3200526 4801
3200528 4802
3200529 4803
3200530 4804
3200532 4802
3200533 4803
3200534 4804
3200537 4805
3200538 4806
3200540 4807
3200541 4808
3200542 4809
3200544 4810
3200545 4811
3200546 4812
3200640 4813
3200642 4813
3200643 4814
3200644 4813
3200646 4813
3200647 4814
3200648 4815
3200650 4815
3200651 4816
3200654 4817
3200655 4818
3200656 4819
3200658 4819
3200659 4820
3200660 4819
3200662 4819
3200663 4820
3200664 4821
3200667 4822
3200668 4823
3200670 4823
3200671 4824
3200672 4825
3200674 4825
3200675 4826
3200768 4827
3200769 4828
3200770 4829
3200772 4827
3200773 4828
3200774 4829
3200776 4830
3200777 4831
3200778 4832
3200782 4833
3200784 4834
3200785 4835
3200786 4836
3200788 4834
3200789 4835
3200790 4836
3200792 4837
3200793 4838
3200794 4839
3200797 4840
3200798 4841
3200800 4842
3200801 4843
3200802 4844
3200896 4845
3200898 4845
3200899 4846
3200900 4845
3200902 4845
3200903 4846
3200904 4847
3200906 4847
3200907 4848
3200910 4849
3200911 4850
3200912 4851
3200914 4851
3200915 4852
3200916 4851
3200918 4851
3200919 4852
3200920 4853
3200922 4853
3200923 4854
3200924 4855
3200927 4856
3200928 4857
3200930 4857
3200931 4858
3201024 4859
3201025 4860
3201026 4861
3201028 4859
3201029 4860
3201030 4861
3201032 4862
3201033 4863
3201034 4864
3201038 4865
3201040 4866
3201041 4867
3201042 4868
3201044 4866
3201045 4867
3201046 4868
3201048 4869
3201049 4870
3201050 4871
3201052 4869
3201053 4870
3201054 4871
3201057 4872
3201058 4873
3201152 4874
3201154 4874
3201155 4875
3201156 4874
3201158 4874
3201159 4875
3201160 4876
3201162 4876
3201163 4877
3201166 4878
3201167 4879
3201168 4880
3201170 4880
3201171 4881
3201172 4880
3201174 4880
3201175 4881
3201176 4882
3201178 4882
3201179 4883
3201180 4882
3201182 4882
3201183 4883
3201184 4884
3201187 4885
3212352 4886
3212353 4887
3212354 4888
3212356 4889
3212357 4890
3212358 4891
3212360 4892
3212361 4893
3212362 4894
3212365 4895
3212366 4896
3212370 4897
3212372 4898
3212373 4899
3212374 4900
3212376 4901
3212377 4902
3212378 4903
3212380 4904
3212381 4905
3212382 4906
3212384 4907
3212385 4908
3212386 4909
3212544 4910
3212545 4911
3212548 4912
3212549 4913
3212552 4914
3212553 4915
3212557 4916
3212561 4917
3212565 4918
3212568 4919
3212569 4920
3212572 4921
3212573 4922
3212576 4923
3212577 4924
3212608 4925
3212609 4926
3212610 4927
3212612 4928
3212613 4929
3212614 4930
3212616 4931
3212617 4932
3212618 4933
3212621 4934
3212622 4935
3212625 4936
3212626 4937
3212628 4938
3212630 4939
3212632 4940
3212633 4941
3212634 4942
3212636 4943
3212637 4944
3212638 4945
3212640 4946
3212641 4947
3212642 4948
3212800 4949
3212801 4950
3212804 4951
3212805 4952
3212808 4953
3212809 4954
3212813 4955
3212817 4956
3212820 4957
3212821 4958
3212825 4959
3212828 4960
3212829 4961
3212832 4962
3212833 4963
3212864 4964
3212865 4965
3212866 4966
3212868 4967
3212869 4968
3212870 4969
3212872 4970
3212873 4971
3212874 4972
3212877 4973
3212878 4974
3212881 4975
3212882 4976
3212884 4977
3212885 4978
3212886 4979
3212888 4980
3212890 4981
3212892 4982
3212893 4983
3212894 4984
3212896 4985
3212897 4986
3212898 4987
3213056 4988
3213057 4989
3213060 4990
3213061 4991
3213064 4992
3213065 4993
3213069 4994
3213073 4995
3213076 4996
3213077 4997
3213080 4998
3213081 4999
3213085 5000
3213088 5001
3213089 5002
3213120 5003
3213121 5004
3213122 5005
3213124 5006
3213125 5007
3213126 5008
3213128 5009
3213129 5010
3213130 5011
3213133 5012
3213134 5013
3213137 5014
3213138 5015
3213140 5016
3213141 5017
3213142 5018
3213144 5019
3213145 5020
3213146 5021
3213148 5022
3213150 5023
3213152 5024
3213153 5025
3213154 5026
3213312 5027
3213313 5028
3213316 5027
3213317 5028
3213320 5029
3213321 5030
3213325 5031
3213329 5032
3213332 5033
3213333 5034
3213336 5035
3213337 5036
3213340 5037
3213341 5038
3213345 5039
3213376 5040
3213377 5041
3213378 5042
3213380 5040
3213381 5041
3213382 5042
3213384 5043
3213385 5044
3213386 5045
3213389 5046
3213390 5047
3213393 5048
3213394 5049
3213396 5050
3213397 5051
3213398 5052
3213400 5053
3213401 5054
3213402 5055
3213404 5056
3213405 5057
3213406 5058
3213408 5059
3213410 5060
3216512 5061
3216513 5061
3216515 5062
3216516 5063
3216517 5063
3216519 5064
3216520 5065
3216521 5065
3216523 5066
3216525 5067
3216527 5068
3216528 5069
3216531 5070
3216532 5071
3216533 5071
3216535 5072
3216536 5073
3216537 5073
3216539 5074
3216540 5075
3216541 5075
3216543 5076
3216544 5077
3216545 5077
3216547 5078
3216640 4925
3216641 4926
3216642 4927
3216644 4928
3216645 4929
3216646 4930
3216648 4931
3216649 4932
3216650 4933
3216653 4934
3216654 4935
3216656 5079
3216658 4937
3216661 5080
3216662 4939
3216664 4940
3216665 4941
3216666 4942
3216668 4943
3216669 4944
3216670 4945
3216672 4946
3216673 4947
3216674 4948
3216704 4926
3216705 4925
3216706 4927
3216708 4929
3216709 4928
3216710 4930
3216712 4932
3216713 4931
3216714 4933
3216717 5081
3216718 4935
3216720 4936
3216722 4937
3216724 5080
3216726 4939
3216728 4941
3216729 4940
3216730 4942
3216732 4944
3216733 4943
3216734 4945
3216736 4947
3216737 4946
3216738 4948
3216768 5082
3216769 5082
3216770 5082
3216771 5083
3216772 5084
3216773 5084
3216774 5084
3216775 5085
3216776 5086
3216777 5086
3216778 5086
3216779 5087
3216781 5088
3216782 5088
3216783 5089
3216784 5090
3216786 5090
3216787 5091
3216788 5092
3216789 5092
3216791 5093
3216792 5094
3216793 5094
3216794 5094
3216795 5095
3216796 5096
3216797 5096
3216798 5096
3216799 5097
3216800 5098
3216801 5098
3216802 5098
3216803 5099
3216896 4964
3216897 4965
3216898 4966
3216900 4967
3216901 4968
3216902 4969
3216904 4970
3216905 4971
3216906 4972
3216909 4973
3216910 4974
3216912 5100
3216914 4976
3216916 4977
3216917 4978
3216918 4979
3216921 5101
3216922 4981
3216924 4982
3216925 4983
3216926 4984
3216928 4985
3216929 4986
3216930 4987
3216960 4965
3216961 4964
3216962 4966
3216964 4968
3216965 4967
3216966 4969
3216968 4971
3216969 4970
3216970 4972
3216973 5102
3216974 4974
3216976 4975
3216978 4976
3216980 4978
3216981 4977
3216982 4979
3216984 5101
3216986 4981
3216988 4983
3216989 4982
3216990 4984
3216992 4986
3216993 4985
3216994 4987
3217024 5103
3217025 5103
3217026 5103
3217027 5104
3217028 5105
3217029 5105
3217030 5105
3217031 5106
3217032 5107
3217033 5107
3217034 5107
3217035 5108
3217037 5109
3217038 5109
3217039 5110
3217040 5111
3217042 5111
3217043 5112
3217044 5113
3217045 5113
3217046 5113
3217047 5114
3217048 5115
3217049 5115
3217051 5116
3217052 5117
3217053 5117
3217054 5117
3217055 5118
3217056 5119
3217057 5119
3217058 5119
3217059 5120
3217152 5003
3217153 5004
3217154 5005
3217156 5006
3217157 5007
3217158 5008
3217160 5009
3217161 5010
3217162 5011
3217165 5012
3217166 5013
3217168 5121
3217170 5015
3217172 5016
3217173 5017
3217174 5018
3217176 5019
3217177 5020
3217178 5021
3217181 5122
3217182 5023
3217184 5024
3217185 5025
3217186 5026
3217216 5004
3217217 5003
3217218 5005
3217220 5007
3217221 5006
3217222 5008
3217224 5010
3217225 5009
3217226 5011
3217229 5123
3217230 5013
3217232 5014
3217234 5015
3217236 5017
3217237 5016
3217238 5018
3217240 5020
3217241 5019
3217242 5021
3217244 5122
3217246 5023
3217248 5025
3217249 5024
3217250 5026
3217280 5124
3217281 5124
3217282 5124
3217283 5125
3217284 5126
3217285 5126
3217286 5126
3217287 5127
3217288 5128
3217289 5128
3217290 5128
3217291 5129
3217293 5130
3217294 5130
3217295 5131
3217296 5132
3217298 5132
3217299 5133
3217300 5134
3217301 5134
3217302 5134
3217303 5135
3217304 5136
3217305 5136
3217306 5136
3217307 5137
3217308 5138
3217309 5138
3217311 5139
3217312 5140
3217313 5140
3217314 5140
3217315 5141
3217408 5040
3217409 5041
3217410 5042
3217412 5040
3217413 5041
3217414 5042
3217416 5043
3217417 5044
3217418 5045
3217421 5046
3217422 5047
3217424 5142
3217426 5049
3217428 5050
3217429 5051
3217430 5052
3217432 5053
3217433 5054
3217434 5055
3217436 5056
3217437 5057
3217438 5058
3217441 5143
3217442 5060
3217472 5041
3217473 5040
3217474 5042
3217476 5041
3217477 5040
3217478 5042
3217480 5044
3217481 5043
3217482 5045
3217485 5144
3217486 5047
3217488 5048
3217490 5049
3217492 5051
3217493 5050
3217494 5052
3217496 5054
3217497 5053
3217498 5055
3217500 5057
3217501 5056
3217502 5058
3217504 5143
3217506 5060
3217536 5145
3217537 5145
3217538 5145
3217539 5146
3217540 5145
3217541 5145
3217542 5145
3217543 5146
3217544 5147
3217545 5147
3217546 5147
3217547 5148
3217549 5149
3217550 5149
3217551 5150
3217552 5151
3217554 5151
3217555 5152
3217556 5153
3217557 5153
3217558 5153
3217559 5154
3217560 5155
3217561 5155
3217562 5155
3217563 5156
3217564 5157
3217565 5157
3217566 5157
3217567 5158
3217568 5159
3217569 5159
3217571 5160
3228992 5161
3228993 5162
3228994 5163
3228996 5164
3228997 5165
3228998 5166
3229000 5167
3229001 5168
3229002 5169
3229005 5170
3229006 5171
3229008 5172
3229009 5173
3229010 5174
3229014 5175
3229016 5176
3229017 5177
3229018 5178
3229020 5179
3229021 5180
3229022 5181
3229024 5182
3229025 5183
3229026 5184
3229184 5185
3229185 5186
3229188 5187
3229189 5188
3229192 5189
3229193 5190
3229197 5191
3229200 5192
3229201 5193
3229205 5194
3229209 5195
3229212 5196
3229213 5197
3229216 5198
3229217 5199
3229248 5200
3229249 5201
3229250 5202
3229252 5203
3229253 5204
3229254 5205
3229256 5206
3229257 5207
3229258 5208
3229261 5209
3229262 5210
3229264 5211
3229265 5212
3229266 5213
3229269 5214
3229270 5215
3229272 5216
3229274 5217
3229276 5218
3229277 5219
3229278 5220
3229280 5221
3229281 5222
3229282 5223
3229440 5224
3229441 5225
3229444 5226
3229445 5227
3229448 5228
3229449 5229
3229453 5230
3229456 5231
3229457 5232
3229461 5233
3229464 5234
3229465 5235
3229469 5236
3229472 5237
3229473 5238
3229504 5239
3229505 5240
3229506 5241
3229508 5242
3229509 5243
3229510 5244
3229512 5245
3229513 5246
3229514 5247
3229517 5248
3229518 5249
3229520 5250
3229521 5251
3229522 5252
3229525 5253
3229526 5254
3229528 5255
3229529 5256
3229530 5257
3229532 5258
3229534 5259
3229536 5260
3229537 5261
3229538 5262
3229696 5263
3229697 5264
3229700 5265
3229701 5266
3229704 5267
3229705 5268
3229709 5269
3229712 5270
3229713 5271
3229717 5272
3229720 5273
3229721 5274
3229724 5273
3229725 5274
3229729 5275
3229760 5276
3229761 5277
3229762 5278
3229764 5279
3229765 5280
3229766 5281
3229768 5282
3229769 5283
3229770 5284
3229773 5285
3229774 5286
3229776 5287
3229777 5288
3229778 5289
3229781 5290
3229782 5291
3229784 5292
3229785 5293
3229786 5294
3229788 5292
3229789 5293
3229790 5294
3229792 5295
3229794 5296
3233152 5297
3233153 5297
3233155 5298
3233156 5299
3233157 5299
3233159 5300
3233160 5301
3233161 5301
3233163 5302
3233165 5303
3233167 5304
3233168 5305
3233169 5305
3233171 5306
3233172 5307
3233175 5308
3233176 5309
3233177 5309
3233179 5310
3233180 5311
3233181 5311
3233183 5312
3233184 5313
3233185 5313
3233187 5314
3233280 5200
3233281 5201
3233282 5202
3233284 5203
3233285 5204
3233286 5205
3233288 5206
3233289 5207
3233290 5208
3233293 5209
3233294 5210
3233296 5211
3233297 5212
3233298 5213
3233300 5315
3233302 5215
3233305 5316
3233306 5217
3233308 5218
3233309 5219
3233310 5220
3233312 5221
3233313 5222
3233314 5223
3233344 5201
3233345 5200
3233346 5202
3233348 5204
3233349 5203
3233350 5205
3233352 5207
3233353 5206
3233354 5208
3233357 5317
3233358 5210
3233360 5212
3233361 5211
3233362 5213
3233364 5214
3233366 5215
3233368 5316
3233370 5217
3233372 5219
3233373 5218
3233374 5220
3233376 5222
3233377 5221
3233378 5223
3233408 5318
3233409 5318
3233410 5318
3233411 5319
3233412 5320
3233413 5320
3233414 5320
3233415 5321
3233416 5322
3233417 5322
3233418 5322
3233419 5323
3233421 5324
3233422 5324
3233423 5325
3233424 5326
3233425 5326
3233426 5326
3233427 5327
3233428 5328
3233430 5328
3233431 5329
3233432 5330
3233433 5330
3233435 5331
3233436 5332
3233437 5332
3233438 5332
3233439 5333
3233440 5334
3233441 5334
3233442 5334
3233443 5335
3233536 5239
3233537 5240
3233538 5241
3233540 5242
3233541 5243
3233542 5244
3233544 5245
3233545 5246
3233546 5247
3233549 5248
3233550 5249
3233552 5250
3233553 5251
3233554 5252
3233556 5336
3233558 5254
3233560 5255
3233561 5256
3233562 5257
3233565 5337
3233566 5259
3233568 5260
3233569 5261
3233570 5262
3233600 5240
3233601 5239
3233602 5241
3233604 5243
3233605 5242
3233606 5244
3233608 5246
3233609 5245
3233610 5247
3233613 5338
3233614 5249
3233616 5251
3233617 5250
3233618 5252
3233620 5253
3233622 5254
3233624 5256
3233625 5255
3233626 5257
3233628 5337
3233630 5259
3233632 5261
3233633 5260
3233634 5262
3233664 5339
3233665 5339
3233666 5339
3233667 5340
3233668 5341
3233669 5341
3233670 5341
3233671 5342
3233672 5343
3233673 5343
3233674 5343
3233675 5344
3233677 5345
3233678 5345
3233679 5346
3233680 5347
3233681 5347
3233682 5347
3233683 5348
3233684 5349
3233686 5349
3233687 5350
3233688 5351
3233689 5351
3233690 5351
3233691 5352
3233692 5353
3233693 5353
3233695 5354
3233696 5355
3233697 5355
3233698 5355
3233699 5356
3233792 5276
3233793 5277
3233794 5278
3233796 5279
3233797 5280
3233798 5281
3233800 5282
3233801 5283
3233802 5284
3233805 5285
3233806 5286
3233808 5287
3233809 5288
3233810 5289
3233812 5357
3233814 5291
3233816 5292
3233817 5293
3233818 5294
3233820 5292
3233821 5293
3233822 5294
3233825 5358
3233826 5296
3233856 5277
3233857 5276
3233858 5278
3233860 5280
3233861 5279
3233862 5281
3233864 5283
3233865 5282
3233866 5284
3233869 5359
3233870 5286
3233872 5288
3233873 5287
3233874 5289
3233876 5290
3233878 5291
3233880 5293
3233881 5292
3233882 5294
3233884 5293
3233885 5292
3233886 5294
3233888 5358
3233890 5296
3233920 5360
3233921 5360
3233922 5360
3233923 5361
3233924 5362
3233925 5362
3233926 5362
3233927 5363
3233928 5364
3233929 5364
3233930 5364
3233931 5365
3233933 5366
3233934 5366
3233935 5367
3233936 5368
3233937 5368
3233938 5368
3233939 5369
3233940 5370
3233942 5370
3233943 5371
3233944 5372
3233945 5372
3233946 5372
3233947 5373
3233948 5372
3233949 5372
3233950 5372
3233951 5373
3233952 5374
3233953 5374
3233955 5375
3245632 5376
3245633 5377
3245634 5378
3245636 5376
3245637 5377
3245638 5378
3245640 5379
3245641 5380
3245642 5381
3245645 5382
3245646 5383
3245648 5384
3245649 5385
3245650 5386
3245652 5384
3245653 5385
3245654 5386
3245658 5387
3245660 5388
3245661 5389
3245662 5390
3245664 5391
3245665 5392
3245666 5393
3245824 5394
3245825 5395
3245828 5394
3245829 5395
3245832 5396
3245833 5397
3245837 5398
3245840 5399
3245841 5400
3245844 5399
3245845 5400
3245849 5401
3245853 5402
3245856 5403
3245857 5404
3245888 5405
3245889 5406
3245890 5407
3245892 5405
3245893 5406
3245894 5407
3245896 5408
3245897 5409
3245898 5410
3245901 5411
3245902 5412
3245904 5413
3245905 5414
3245906 5415
3245908 5413
3245909 5414
3245910 5415
3245913 5416
3245914 5417
3245916 5418
3245918 5419
3245920 5420
3245921 5421
3245922 5422
3246080 5423
3246081 5424
3246084 5423
3246085 5424
3246088 5425
3246089 5426
3246093 5427
3246096 5428
3246097 5429
3246100 5428
3246101 5429
3246105 5430
3246108 5431
3246109 5432
3246113 5433
3246144 5434
3246145 5435
3246146 5436
3246148 5434
3246149 5435
3246150 5436
3246152 5437
3246153 5438
3246154 5439
3246157 5440
3246158 5441
3246160 5442
3246161 5443
3246162 5444
3246164 5442
3246165 5443
3246166 5444
3246169 5445
3246170 5446
3246172 5447
3246173 5448
3246174 5449
3246176 5450
3246178 5451
3249792 5452
3249793 5452
3249795 5453
3249796 5452
3249797 5452
3249799 5453
3249800 5454
3249801 5454
3249803 5455
3249805 5456
3249807 5457
3249808 5458
3249809 5458
3249811 5459
3249812 5458
3249813 5458
3249815 5459
3249816 5460
3249819 5461
3249820 5462
3249821 5462
3249823 5463
3249824 5464
3249825 5464
3249827 5465
3249920 5405
3249921 5406
3249922 5407
3249924 5405
3249925 5406
3249926 5407
3249928 5408
3249929 5409
3249930 5410
3249933 5411
3249934 5412
3249936 5413
3249937 5414
3249938 5415
3249940 5413
3249941 5414
3249942 5415
3249944 5466
3249946 5417
3249949 5467
3249950 5419
3249952 5420
3249953 5421
3249954 5422
3249984 5406
3249985 5405
3249986 5407
3249988 5406
3249989 5405
3249990 5407
3249992 5409
3249993 5408
3249994 5410
3249997 5468
3249998 5412
3250000 5414
3250001 5413
3250002 5415
3250004 5414
3250005 5413
3250006 5415
3250008 5416
3250010 5417
3250012 5467
3250014 5419
3250016 5421
3250017 5420
3250018 5422
3250048 5469
3250049 5469
3250050 5469
3250051 5470
3250052 5469
3250053 5469
3250054 5469
3250055 5470
3250056 5471
3250057 5471
3250058 5471
3250059 5472
3250061 5473
3250062 5473
3250063 5474
3250064 5475
3250065 5475
3250066 5475
3250067 5476
3250068 5475
3250069 5475
3250070 5475
3250071 5476
3250072 5477
3250074 5477
3250075 5478
3250076 5479
3250077 5479
3250079 5480
3250080 5481
3250081 5481
3250082 5481
3250083 5482
3250176 5434
3250177 5435
3250178 5436
3250180 5434
3250181 5435
3250182 5436
3250184 5437
3250185 5438
3250186 5439
3250189 5440
3250190 5441
3250192 5442
3250193 5443
3250194 5444
3250196 5442
3250197 5443
3250198 5444
3250200 5483
3250202 5446
3250204 5447
3250205 5448
3250206 5449
3250209 5484
3250210 5451
3250240 5435
3250241 5434
3250242 5436
3250244 5435
3250245 5434
3250246 5436
3250248 5438
3250249 5437
3250250 5439
3250253 5485
3250254 5441
3250256 5443
3250257 5442
3250258 5444
3250260 5443
3250261 5442
3250262 5444
3250264 5445
3250266 5446
3250268 5448
3250269 5447
3250270 5449
3250272 5484
3250274 5451
3250304 5486
3250305 5486
3250306 5486
3250307 5487
3250308 5486
3250309 5486
3250310 5486
3250311 5487
3250312 5488
3250313 5488
3250314 5488
3250315 5489
3250317 5490
3250318 5490
3250319 5491
3250320 5492
3250321 5492
3250322 5492
3250323 5493
3250324 5492
3250325 5492
3250326 5492
3250327 5493
3250328 5494
3250330 5494
3250331 5495
3250332 5496
3250333 5496
3250334 5496
3250335 5497
3250336 5498
3250337 5498
3250339 5499
3262272 5500
3262273 5501
3262274 5502
3262276 5500
3262277 5501
3262278 5502
3262280 5503
3262281 5504
3262282 5505
3262285 5506
3262286 5507
3262288 5508
3262289 5509
3262290 5510
3262292 5508
3262293 5509
3262294 5510
3262296 5511
3262297 5512
3262298 5513
3262302 5514
3262304 5515
3262305 5516
3262306 5517
3262464 5518
3262465 5519
3262468 5518
3262469 5519
3262472 5520
3262473 5521
3262477 5522
3262480 5523
3262481 5524
3262484 5523
3262485 5524
3262488 5525
3262489 5526
3262493 5527
3262497 5528
3262528 5529
3262529 5530
3262530 5531
3262532 5529
3262533 5530
3262534 5531
3262536 5532
3262537 5533
3262538 5534
3262541 5535
3262542 5536
3262544 5537
3262545 5538
3262546 5539
3262548 5537
3262549 5538
3262550 5539
3262552 5540
3262553 5541
3262554 5542
3262557 5543
3262558 5544
3262560 5545
3262562 5546
3266432 5547
3266433 5547
3266435 5548
3266436 5547
3266437 5547
3266439 5548
3266440 5549
3266441 5549
3266443 5550
3266445 5551
3266447 5552
3266448 5553
3266449 5553
3266451 5554
3266452 5553
3266453 5553
3266455 5554
3266456 5555
3266457 5555
3266459 5556
3266460 5557
3266463 5558
3266464 5559
3266465 5559
3266467 5560
3266560 5529
3266561 5530
3266562 5531
3266564 5529
3266565 5530
3266566 5531
3266568 5532
3266569 5533
3266570 5534
3266573 5535
3266574 5536
3266576 5537
3266577 5538
3266578 5539
3266580 5537
3266581 5538
3266582 5539
3266584 5540
3266585 5541
3266586 5542
3266588 5561
3266590 5544
3266593 5562
3266594 5546
3266624 5530
3266625 5529
3266626 5531
3266628 5530
3266629 5529
3266630 5531
3266632 5533
3266633 5532
3266634 5534
3266637 5563
3266638 5536
3266640 5538
3266641 5537
3266642 5539
3266644 5538
3266645 5537
3266646 5539
3266648 5541
3266649 5540
3266650 5542
3266652 5543
3266654 5544
3266656 5562
3266658 5546
3266688 5564
3266689 5564
3266690 5564
3266691 5565
3266692 5564
3266693 5564
3266694 5564
3266695 5565
3266696 5566
3266697 5566
3266698 5566
3266699 5567
3266701 5568
3266702 5568
3266703 5569
3266704 5570
3266705 5570
3266706 5570
3266707 5571
3266708 5570
3266709 5570
3266710 5570
3266711 5571
3266712 5572
3266713 5572
3266714 5572
3266715 5573
3266716 5574
3266718 5574
3266719 5575
3266720 5576
3266721 5576
3266723 5577
3278912 5578
3278913 5579
3278914 5580
3278916 5578
3278917 5579
3278918 5580
3278920 5581
3278921 5582
3278922 5583
3278925 5584
3278926 5585
3278928 5586
3278929 5587
3278930 5588
3278932 5586
3278933 5587
3278934 5588
3278936 5589
3278937 5590
3278938 5591
3278940 5589
3278941 5590
3278942 5591
3278946 5592
3283072 5593
3283073 5593
3283075 5594
3283076 5593
3283077 5593
3283079 5594
3283080 5595
3283081 5595
3283083 5596
3283085 5597
3283087 5598
3283088 5599
3283089 5599
3283091 5600
3283092 5599
3283093 5599
3283095 5600
3283096 5601
3283097 5601
3283099 5602
3283100 5601
3283101 5601
3283103 5602
3283104 5603
3283107 5604
4265088 5605
4265091 5606
4265092 5605
4265095 5606
4265096 5607
4265099 5608
4265100 5607
4265103 5608
4265107 5609
4265108 5610
4265111 5611
4265112 5610
4265115 5611
4265116 5612
4265119 5613
4265120 5612
4265123 5613
4265216 5614
4265217 5615
4265218 5616
4265220 5617
4265221 5618
4265222 5619
4265224 5620
4265225 5621
4265226 5622
4265228 5623
4265229 5624
4265230 5625
4265234 5626
4265237 5627
4265238 5628
4265240 5629
4265241 5630
4265242 5631
4265244 5632
4265245 5633
4265246 5634
4265248 5635
4265249 5636
4265250 5637
4265344 5638
4265346 5638
4265347 5639
4265348 5640
4265350 5640
4265351 5641
4265352 5642
4265354 5642
4265355 5643
4265356 5644
4265358 5644
4265359 5645
4265362 5646
4265363 5647
4265364 5648
4265367 5649
4265368 5650
4265370 5650
4265371 5651
4265372 5652
4265374 5652
4265375 5653
4265376 5654
4265378 5654
4265379 5655
4265472 5656
4265473 5657
4265474 5658
4265476 5656
4265477 5657
4265478 5658
4265480 5659
4265481 5660
4265482 5661
4265484 5662
4265485 5663
4265486 5664
4265490 5665
4265492 5666
4265493 5667
4265494 5668
4265497 5669
4265498 5670
4265500 5671
4265501 5672
4265502 5673
4265504 5674
4265505 5675
4265506 5676
4265600 5677
4265602 5677
4265603 5678
4265604 5677
4265606 5677
4265607 5678
4265608 5679
4265610 5679
4265611 5680
4265612 5681
4265614 5681
4265615 5682
4265618 5683
4265619 5684
4265620 5685
4265622 5685
4265623 5686
4265624 5687
4265627 5688
4265628 5689
4265630 5689
4265631 5690
4265632 5691
4265634 5691
4265635 5692
4265728 5693
4265729 5694
4265730 5695
4265732 5693
4265733 5694
4265734 5695
4265736 5696
4265737 5697
4265738 5698
4265740 5699
4265741 5700
4265742 5701
4265746 5702
4265748 5703
4265749 5704
4265750 5705
4265752 5703
4265753 5704
4265754 5705
4265757 5706
4265758 5707
4265760 5708
4265761 5709
4265762 5710
4265856 5711
4265858 5711
4265859 5712
4265860 5711
4265862 5711
4265863 5712
4265864 5713
4265866 5713
4265867 5714
4265868 5715
4265870 5715
4265871 5716
4265874 5717
4265875 5718
4265876 5719
4265878 5719
4265879 5720
4265880 5719
4265882 5719
4265883 5720
4265884 5721
4265887 5722
4265888 5723
4265890 5723
4265891 5724
4265984 5725
4265985 5726
4265986 5727
4265988 5725
4265989 5726
4265990 5727
4265992 5728
4265993 5729
4265994 5730
4265996 5728
4265997 5729
4265998 5730
4266002 5731
4266004 5732
4266005 5733
4266006 5734
4266008 5732
4266009 5733
4266010 5734
4266012 5735
4266013 5736
4266014 5737
4266017 5738
4266018 5739
4266112 5740
4266114 5740
4266115 5741
4266116 5740
4266118 5740
4266119 5741
4266120 5742
4266122 5742
4266123 5743
4266124 5742
4266126 5742
4266127 5743
4266130 5744
4266131 5745
4266132 5746
4266134 5746
4266135 5747
4266136 5746
4266138 5746
4266139 5747
4266140 5748
4266142 5748
4266143 5749
4266144 5750
4266147 5751
4277568 5752
4277569 5753
4277570 5754
4277572 5755
4277573 5756
4277574 5757
4277576 5758
4277577 5759
4277578 5760
4277580 5761
4277581 5762
4277582 5763
4277585 5764
4277586 5765
4277590 5766
4277592 5767
4277593 5768
4277594 5769
4277596 5770
4277597 5771
4277598 5772
4277600 5773
4277601 5774
4277602 5775
4277760 5776
4277761 5777
4277764 5778
4277765 5779
4277768 5780
4277769 5781
4277772 5782
4277773 5783
4277777 5784
4277781 5785
4277785 5786
4277788 5787
4277789 5788
4277792 5789
4277793 5790
4277824 5791
4277825 5792
4277826 5793
4277828 5794
4277829 5795
4277830 5796
4277832 5797
4277833 5798
4277834 5799
4277836 5800
4277837 5801
4277838 5802
4277841 5803
4277842 5804
4277845 5805
4277846 5806
4277848 5807
4277850 5808
4277852 5809
4277853 5810
4277854 5811
4277856 5812
4277857 5813
4277858 5814
4278016 5815
4278017 5816
4278020 5817
4278021 5818
4278024 5819
4278025 5820
4278028 5821
4278029 5822
4278033 5823
4278037 5824
4278040 5825
4278041 5826
4278045 5827
4278048 5828
4278049 5829
4278080 5830
4278081 5831
4278082 5832
4278084 5833
4278085 5834
4278086 5835
4278088 5836
4278089 5837
4278090 5838
4278092 5839
4278093 5840
4278094 5841
4278097 5842
4278098 5843
4278101 5844
4278102 5845
4278104 5846
4278105 5847
4278106 5848
4278108 5849
4278110 5850
4278112 5851
4278113 5852
4278114 5853
4278272 5854
4278273 5855
4278276 5856
4278277 5857
4278280 5858
4278281 5859
4278284 5858
4278285 5859
4278289 5860
4278293 5861
4278296 5862
4278297 5863
4278300 5864
4278301 5865
4278305 5866
4278336 5867
4278337 5868
4278338 5869
4278340 5870
4278341 5871
4278342 5872
4278344 5873
4278345 5874
4278346 5875
4278348 5873
4278349 5874
4278350 5875
4278353 5876
4278354 5877
4278357 5878
4278358 5879
4278360 5880
4278361 5881
4278362 5882
4278364 5883
4278365 5884
4278366 5885
4278368 5886
4278370 5887
4281728 5888
4281729 5888
4281731 5889
4281732 5890
4281733 5890
4281735 5891
4281736 5892
4281737 5892
4281739 5893
4281740 5894
4281741 5894
4281743 5895
4281745 5896
4281747 5897
4281748 5898
4281751 5899
4281752 5900
4281753 5900
4281755 5901
4281756 5902
4281757 5902
4281759 5903
4281760 5904
4281761 5904
4281763 5905
4281856 5791
4281857 5792
4281858 5793
4281860 5794
4281861 5795
4281862 5796
4281864 5797
4281865 5798
4281866 5799
4281868 5800
4281869 5801
4281870 5802
4281873 5803
4281874 5804
4281876 5906
4281878 5806
4281881 5907
4281882 5808
4281884 5809
4281885 5810
4281886 5811
4281888 5812
4281889 5813
4281890 5814
4281920 5792
4281921 5791
4281922 5793
4281924 5795
4281925 5794
4281926 5796
4281928 5798
4281929 5797
4281930 5799
4281932 5801
4281933 5800
4281934 5802
4281937 5908
4281938 5804
4281940 5805
4281942 5806
4281944 5907
4281946 5808
4281948 5810
4281949 5809
4281950 5811
4281952 5813
4281953 5812
4281954 5814
4281984 5909
4281985 5909
4281986 5909
4281987 5910
4281988 5911
4281989 5911
4281990 5911
4281991 5912
4281992 5913
4281993 5913
4281994 5913
4281995 5914
4281996 5915
4281997 5915
4281998 5915
4281999 5916
4282001 5917
4282002 5917
4282003 5918
4282004 5919
4282006 5919
4282007 5920
4282008 5921
4282009 5921
4282011 5922
4282012 5923
4282013 5923
4282014 5923
4282015 5924
4282016 5925
4282017 5925
4282018 5925
4282019 5926
4282112 5830
4282113 5831
4282114 5832
4282116 5833
4282117 5834
4282118 5835
4282120 5836
4282121 5837
4282122 5838
4282124 5839
4282125 5840
4282126 5841
4282129 5842
4282130 5843
4282132 5927
4282134 5845
4282136 5846
4282137 5847
4282138 5848
4282141 5928
4282142 5850
4282144 5851
4282145 5852
4282146 5853
4282176 5831
4282177 5830
4282178 5832
4282180 5834
4282181 5833
4282182 5835
4282184 5837
4282185 5836
4282186 5838
4282188 5840
4282189 5839
4282190 5841
4282193 5929
4282194 5843
4282196 5844
4282198 5845
4282200 5847
4282201 5846
4282202 5848
4282204 5928
4282206 5850
4282208 5852
4282209 5851
4282210 5853
4282240 5930
4282241 5930
4282242 5930
4282243 5931
4282244 5932
4282245 5932
4282246 5932
4282247 5933
4282248 5934
4282249 5934
4282250 5934
4282251 5935
4282252 5936
4282253 5936
4282254 5936
4282255 5937
4282257 5938
4282258 5938
4282259 5939
4282260 5940
4282262 5940
4282263 5941
4282264 5942
4282265 5942
4282266 5942
4282267 5943
4282268 5944
4282269 5944
4282271 5945
4282272 5946
4282273 5946
4282274 5946
4282275 5947
4282368 5867
4282369 5868
4282370 5869
4282372 5870
4282373 5871
4282374 5872
4282376 5873
4282377 5874
4282378 5875
4282380 5873
4282381 5874
4282382 5875
4282385 5876
4282386 5877
4282388 5948
4282390 5879
4282392 5880
4282393 5881
4282394 5882
4282396 5883
4282397 5884
4282398 5885
4282401 5949
4282402 5887
4282432 5868
4282433 5867
4282434 5869
4282436 5871
4282437 5870
4282438 5872
4282440 5874
4282441 5873
4282442 5875
4282444 5874
4282445 5873
4282446 5875
4282449 5950
4282450 5877
4282452 5878
4282454 5879
4282456 5881
4282457 5880
4282458 5882
4282460 5884
4282461 5883
4282462 5885
4282464 5949
4282466 5887
4282496 5951
4282497 5951
4282498 5951
4282499 5952
4282500 5953
4282501 5953
4282502 5953
4282503 5954
4282504 5955
4282505 5955
4282506 5955
4282507 5956
4282508 5955
4282509 5955
4282510 5955
4282511 5956
4282513 5957
4282514 5957
4282515 5958
4282516 5959
4282518 5959
4282519 5960
4282520 5961
4282521 5961
4282522 5961
4282523 5962
4282524 5963
4282525 5963
4282526 5963
4282527 5964
4282528 5965
4282529 5965
4282531 5966
4294208 5967
4294209 5968
4294210 5969
4294212 5967
4294213 5968
4294214 5969
4294216 5970
4294217 5971
4294218 5972
4294220 5973
4294221 5974
4294222 5975
4294225 5976
4294226 5977
4294228 5978
4294229 5979
4294230 5980
4294234 5981
4294236 5982
4294237 5983
4294238 5984
4294240 5985
4294241 5986
4294242 5987
4294400 5988
4294401 5989
4294404 5988
4294405 5989
4294408 5990
4294409 5991
4294412 5992
4294413 5993
4294417 5994
4294420 5995
4294421 5996
4294425 5997
4294429 5998
4294432 5999
4294433 6000
4294464 6001
4294465 6002
4294466 6003
4294468 6001
4294469 6002
4294470 6003
4294472 6004
4294473 6005
4294474 6006
4294476 6007
4294477 6008
4294478 6009
4294481 6010
4294482 6011
4294484 6012
4294485 6013
4294486 6014
4294489 6015
4294490 6016
4294492 6017
4294494 6018
4294496 6019
4294497 6020
4294498 6021
4294656 6022
4294657 6023
4294660 6022
4294661 6023
4294664 6024
4294665 6025
4294668 6026
4294669 6027
4294673 6028
4294676 6029
4294677 6030
4294681 6031
4294684 6032
4294685 6033
4294689 6034
4294720 6035
4294721 6036
4294722 6037
4294724 6035
4294725 6036
4294726 6037
4294728 6038
4294729 6039
4294730 6040
4294732 6041
4294733 6042
4294734 6043
4294737 6044
4294738 6045
4294740 6046
4294741 6047
4294742 6048
4294745 6049
4294746 6050
4294748 6051
4294749 6052
4294750 6053
4294752 6054
4294754 6055
4298368 6056
4298369 6056
4298371 6057
4298372 6056
4298373 6056
4298375 6057
4298376 6058
4298377 6058
4298379 6059
4298380 6060
4298381 6060
4298383 6061
4298385 6062
4298387 6063
4298388 6064
4298389 6064
4298391 6065
4298392 6066
4298395 6067
4298396 6068
4298397 6068
4298399 6069
4298400 6070
4298401 6070
4298403 6071
4298496 6001
4298497 6002
4298498 6003
4298500 6001
4298501 6002
4298502 6003
4298504 6004
4298505 6005
4298506 6006
4298508 6007
4298509 6008
4298510 6009
4298513 6010
4298514 6011
4298516 6012
4298517 6013
4298518 6014
4298520 6072
4298522 6016
4298525 6073
4298526 6018
4298528 6019
4298529 6020
4298530 6021
4298560 6002
4298561 6001
4298562 6003
4298564 6002
4298565 6001
4298566 6003
4298568 6005
4298569 6004
4298570 6006
4298572 6008
4298573 6007
4298574 6009
4298577 6074
4298578 6011
4298580 6013
4298581 6012
4298582 6014
4298584 6015
4298586 6016
4298588 6073
4298590 6018
4298592 6020
4298593 6019
4298594 6021
4298624 6075
4298625 6075
4298626 6075
4298627 6076
4298628 6075
4298629 6075
4298630 6075
4298631 6076
4298632 6077
4298633 6077
4298634 6077
4298635 6078
4298636 6079
4298637 6079
4298638 6079
4298639 6080
4298641 6081
4298642 6081
4298643 6082
4298644 6083
4298645 6083
4298646 6083
4298647 6084
4298648 6085
4298650 6085
4298651 6086
4298652 6087
4298653 6087
4298655 6088
4298656 6089
4298657 6089
4298658 6089
4298659 6090
4298752 6035
4298753 6036
4298754 6037
4298756 6035
4298757 6036
4298758 6037
4298760 6038
4298761 6039
4298762 6040
4298764 6041
4298765 6042
4298766 6043
4298769 6044
4298770 6045
4298772 6046
4298773 6047
4298774 6048
4298776 6091
4298778 6050
4298780 6051
4298781 6052
4298782 6053
4298785 6092
4298786 6055
4298816 6036
4298817 6035
4298818 6037
4298820 6036
4298821 6035
4298822 6037
4298824 6039
4298825 6038
4298826 6040
4298828 6042
4298829 6041
4298830 6043
4298833 6093
4298834 6045
4298836 6047
4298837 6046
4298838 6048
4298840 6049
4298842 6050
4298844 6052
4298845 6051
4298846 6053
4298848 6092
4298850 6055
4298880 6094
4298881 6094
4298882 6094
4298883 6095
4298884 6094
4298885 6094
4298886 6094
4298887 6095
4298888 6096
4298889 6096
4298890 6096
4298891 6097
4298892 6098
4298893 6098
4298894 6098
4298895 6099
4298897 6100
4298898 6100
4298899 6101
4298900 6102
4298901 6102
4298902 6102
4298903 6103
4298904 6104
4298906 6104
4298907 6105
4298908 6106
4298909 6106
4298910 6106
4298911 6107
4298912 6108
4298913 6108
4298915 6109
4310848 6110
4310849 6111
4310850 6112
4310852 6110
4310853 6111
4310854 6112
4310856 6113
4310857 6114
4310858 6115
4310860 6116
4310861 6117
4310862 6118
4310865 6119
4310866 6120
4310868 6121
4310869 6122
4310870 6123
4310872 6121
4310873 6122
4310874 6123
4310878 6124
4310880 6125
4310881 6126
4310882 6127
4311040 6128
4311041 6129
4311044 6128
4311045 6129
4311048 6130
4311049 6131
4311052 6132
4311053 6133
4311057 6134
4311060 6135
4311061 6136
4311064 6135
4311065 6136
4311069 6137
4311073 6138
4311104 6139
4311105 6140
4311106 6141
4311108 6139
4311109 6140
4311110 6141
4311112 6142
4311113 6143
4311114 6144
4311116 6145
4311117 6146
4311118 6147
4311121 6148
4311122 6149
4311124 6150
4311125 6151
4311126 6152
4311128 6150
4311129 6151
4311130 6152
4311133 6153
4311134 6154
4311136 6155
4311138 6156
4315008 6157
4315009 6157
4315011 6158
4315012 6157
4315013 6157
4315015 6158
4315016 6159
4315017 6159
4315019 6160
4315020 6161
4315021 6161
4315023 6162
4315025 6163
4315027 6164
4315028 6165
4315029 6165
4315031 6166
4315032 6165
4315033 6165
4315035 6166
4315036 6167
4315039 6168
4315040 6169
4315041 6169
4315043 6170
4315136 6139
4315137 6140
4315138 6141
4315140 6139
4315141 6140
4315142 6141
4315144 6142
4315145 6143
4315146 6144
4315148 6145
4315149 6146
4315150 6147
4315153 6148
4315154 6149
4315156 6150
4315157 6151
4315158 6152
4315160 6150
4315161 6151
4315162 6152
4315164 6171
4315166 6154
4315169 6172
4315170 6156
4315200 6140
4315201 6139
4315202 6141
4315204 6140
4315205 6139
4315206 6141
4315208 6143
4315209 6142
4315210 6144
4315212 6146
4315213 6145
4315214 6147
4315217 6173
4315218 6149
4315220 6151
4315221 6150
4315222 6152
4315224 6151
4315225 6150
4315226 6152
4315228 6153
4315230 6154
4315232 6172
4315234 6156
4315264 6174
4315265 6174
4315266 6174
4315267 6175
4315268 6174
4315269 6174
4315270 6174
4315271 6175
4315272 6176
4315273 6176
4315274 6176
4315275 6177
4315276 6178
4315277 6178
4315278 6178
4315279 6179
4315281 6180
4315282 6180
4315283 6181
4315284 6182
4315285 6182
4315286 6182
4315287 6183
4315288 6182
4315289 6182
4315290 6182
4315291 6183
4315292 6184
4315294 6184
4315295 6185
4315296 6186
4315297 6186
4315299 6187
4327488 6188
4327489 6189
4327490 6190
4327492 6188
4327493 6189
4327494 6190
4327496 6191
4327497 6192
4327498 6193
4327500 6191
4327501 6192
4327502 6193
4327505 6194
4327506 6195
4327508 6196
4327509 6197
4327510 6198
4327512 6196
4327513 6197
4327514 6198
4327516 6199
4327517 6200
4327518 6201
4327522 6202
4331648 6203
4331649 6203
4331651 6204
4331652 6203
4331653 6203
4331655 6204
4331656 6205
4331657 6205
4331659 6206
4331660 6205
4331661 6205
4331663 6206
4331665 6207
4331667 6208
4331668 6209
4331669 6209
4331671 6210
4331672 6209
4331673 6209
4331675 6210
4331676 6211
4331677 6211
4331679 6212
4331680 6213
4331683 6214
5330304 6215
5330307 6216
5330308 6215
5330311 6216
5330312 6215
5330315 6216
5330316 6217
5330319 6218
5330320 6217
5330323 6218
5330327 6219
5330328 6220
5330331 6221
5330332 6220
5330335 6221
5330336 6222
5330339 6223
5330432 6224
5330433 6225
5330434 6226
5330436 6224
5330437 6225
5330438 6226
5330440 6227
5330441 6228
5330442 6229
5330444 6230
5330445 6231
5330446 6232
5330448 6233
5330449 6234
5330450 6235
5330454 6236
5330457 6237
5330458 6238
5330460 6239
5330461 6240
5330462 6241
5330464 6242
5330465 6243
5330466 6244
5330560 6245
5330562 6245
5330563 6246
5330564 6245
5330566 6245
5330567 6246
5330568 6247
5330570 6247
5330571 6248
5330572 6249
5330574 6249
5330575 6250
5330576 6251
5330578 6251
5330579 6252
5330582 6253
5330583 6254
5330584 6255
5330587 6256
5330588 6257
5330590 6257
5330591 6258
5330592 6259
5330594 6259
5330595 6260
5330688 6261
5330689 6262
5330690 6263
5330692 6261
5330693 6262
5330694 6263
5330696 6261
5330697 6262
5330698 6263
5330700 6264
5330701 6265
5330702 6266
5330704 6267
5330705 6268
5330706 6269
5330710 6270
5330712 6271
5330713 6272
5330714 6273
5330717 6274
5330718 6275
5330720 6276
5330721 6277
5330722 6278
5330816 6279
5330818 6279
5330819 6280
5330820 6279
5330822 6279
5330823 6280
5330824 6279
5330826 6279
5330827 6280
5330828 6281
5330830 6281
5330831 6282
5330832 6283
5330834 6283
5330835 6284
5330838 6285
5330839 6286
5330840 6287
5330842 6287
5330843 6288
5330844 6289
5330847 6290
5330848 6291
5330850 6291
5330851 6292
5330944 6293
5330945 6294
5330946 6295
5330948 6293
5330949 6294
5330950 6295
5330952 6293
5330953 6294
5330954 6295
5330956 6296
5330957 6297
5330958 6298
5330960 6299
5330961 6300
5330962 6301
5330966 6302
5330968 6303
5330969 6304
5330970 6305
5330972 6303
5330973 6304
5330974 6305
5330977 6306
5330978 6307
5331072 6308
5331074 6308
5331075 6309
5331076 6308
5331078 6308
5331079 6309
5331080 6308
5331082 6308
5331083 6309
5331084 6310
5331086 6310
5331087 6311
5331088 6312
5331090 6312
5331091 6313
5331094 6314
5331095 6315
5331096 6316
5331098 6316
5331099 6317
5331100 6316
5331102 6316
5331103 6317
5331104 6318
5331107 6319
5342784 6320
5342785 6321
5342786 6322
5342788 6320
5342789 6321
5342790 6322
5342792 6323
5342793 6324
5342794 6325
5342796 6326
5342797 6327
5342798 6328
5342800 6329
5342801 6330
5342802 6331
5342805 6332
5342806 6333
5342810 6334
5342812 6335
5342813 6336
5342814 6337
5342816 6338
5342817 6339
5342818 6340
5342976 6341
5342977 6342
5342980 6341
5342981 6342
5342984 6343
5342985 6344
5342988 6345
5342989 6346
5342992 6347
5342993 6348
5342997 6349
5343001 6350
5343005 6351
5343008 6352
5343009 6353
5343040 6354
5343041 6355
5343042 6356
5343044 6354
5343045 6355
5343046 6356
5343048 6357
5343049 6358
5343050 6359
5343052 6360
5343053 6361
5343054 6362
5343056 6363
5343057 6364
5343058 6365
5343061 6366
5343062 6367
5343065 6368
5343066 6369
5343068 6370
5343070 6371
5343072 6372
5343073 6373
5343074 6374
5343232 6375
5343233 6376
5343236 6375
5343237 6376
5343240 6377
5343241 6378
5343244 6379
5343245 6380
5343248 6381
5343249 6382
5343253 6383
5343257 6384
5343260 6385
5343261 6386
5343265 6387
5343296 6388
5343297 6389
5343298 6390
5343300 6388
5343301 6389
5343302 6390
5343304 6391
5343305 6392
5343306 6393
5343308 6394
5343309 6395
5343310 6396
5343312 6397
5343313 6398
5343314 6399
5343317 6400
5343318 6401
5343321 6402
5343322 6403
5343324 6404
5343325 6405
5343326 6406
5343328 6407
5343330 6408
5346944 6409
5346945 6409
5346947 6410
5346948 6409
5346949 6409
5346951 6410
5346952 6411
5346953 6411
5346955 6412
5346956 6413
5346957 6413
5346959 6414
5346960 6415
5346961 6415
5346963 6416
5346965 6417
5346967 6418
5346968 6419
5346971 6420
5346972 6421
5346973 6421
5346975 6422
5346976 6423
5346977 6423
5346979 6424
5347072 6354
5347073 6355
5347074 6356
5347076 6354
5347077 6355
5347078 6356
5347080 6357
5347081 6358
5347082 6359
5347084 6360
5347085 6361
5347086 6362
5347088 6363
5347089 6364
5347090 6365
5347093 6366
5347094 6367
5347096 6425
5347098 6369
5347101 6426
5347102 6371
5347104 6372
5347105 6373
5347106 6374
5347136 6355
5347137 6354
5347138 6356
5347140 6355
5347141 6354
5347142 6356
5347144 6358
5347145 6357
5347146 6359
5347148 6361
5347149 6360
5347150 6362
5347152 6364
5347153 6363
5347154 6365
5347157 6427
5347158 6367
5347160 6368
5347162 6369
5347164 6426
5347166 6371
5347168 6373
5347169 6372
5347170 6374
5347200 6428
5347201 6428
5347202 6428
5347203 6429
5347204 6428
5347205 6428
5347206 6428
5347207 6429
5347208 6430
5347209 6430
5347210 6430
5347211 6431
5347212 6432
5347213 6432
5347214 6432
5347215 6433
5347216 6434
5347217 6434
5347218 6434
5347219 6435
5347221 6436
5347222 6436
5347223 6437
5347224 6438
5347226 6438
5347227 6439
5347228 6440
5347229 6440
5347231 6441
5347232 6442
5347233 6442
5347234 6442
5347235 6443
5347328 6388
5347329 6389
5347330 6390
5347332 6388
5347333 6389
5347334 6390
5347336 6391
5347337 6392
5347338 6393
5347340 6394
5347341 6395
5347342 6396
5347344 6397
5347345 6398
5347346 6399
5347349 6400
5347350 6401
5347352 6444
5347354 6403
5347356 6404
5347357 6405
5347358 6406
5347361 6445
5347362 6408
5347392 6389
5347393 6388
5347394 6390
5347396 6389
5347397 6388
5347398 6390
5347400 6392
5347401 6391
5347402 6393
5347404 6395
5347405 6394
5347406 6396
5347408 6398
5347409 6397
5347410 6399
5347413 6446
5347414 6401
5347416 6402
5347418 6403
5347420 6405
5347421 6404
5347422 6406
5347424 6445
5347426 6408
5347456 6447
5347457 6447
5347458 6447
5347459 6448
5347460 6447
5347461 6447
5347462 6447
5347463 6448
5347464 6449
5347465 6449
5347466 6449
5347467 6450
5347468 6451
5347469 6451
5347470 6451
5347471 6452
5347472 6453
5347473 6453
5347474 6453
5347475 6454
5347477 6455
5347478 6455
5347479 6456
5347480 6457
5347482 6457
5347483 6458
5347484 6459
5347485 6459
5347486 6459
5347487 6460
5347488 6461
5347489 6461
5347491 6462
5359424 6463
5359425 6464
5359426 6465
5359428 6463
5359429 6464
5359430 6465
5359432 6463
5359433 6464
5359434 6465
5359436 6466
5359437 6467
5359438 6468
5359440 6469
5359441 6470
5359442 6471
5359445 6472
5359446 6473
5359448 6474
5359449 6475
5359450 6476
5359454 6477
5359456 6478
5359457 6479
5359458 6480
5359616 6481
5359617 6482
5359620 6481
5359621 6482
5359624 6481
5359625 6482
5359628 6483
5359629 6484
5359632 6485
5359633 6486
5359637 6487
5359640 6488
5359641 6489
5359645 6490
5359649 6491
5359680 6492
5359681 6493
5359682 6494
5359684 6492
5359685 6493
5359686 6494
5359688 6492
5359689 6493
5359690 6494
5359692 6495
5359693 6496
5359694 6497
5359696 6498
5359697 6499
5359698 6500
5359701 6501
5359702 6502
5359704 6503
5359705 6504
5359706 6505
5359709 6506
5359710 6507
5359712 6508
5359714 6509
5363584 6510
5363585 6510
5363587 6511
5363588 6510
5363589 6510
5363591 6511
5363592 6510
5363593 6510
5363595 6511
5363596 6512
5363597 6512
5363599 6513
5363600 6514
5363601 6514
5363603 6515
5363605 6516
5363607 6517
5363608 6518
5363609 6518
5363611 6519
5363612 6520
5363615 6521
5363616 6522
5363617 6522
5363619 6523
5363712 6492
5363713 6493
5363714 6494
5363716 6492
5363717 6493
5363718 6494
5363720 6492
5363721 6493
5363722 6494
5363724 6495
5363725 6496
5363726 6497
5363728 6498
5363729 6499
5363730 6500
5363733 6501
5363734 6502
5363736 6503
5363737 6504
5363738 6505
5363740 6524
5363742 6507
5363745 6525
5363746 6509
5363776 6493
5363777 6492
5363778 6494
5363780 6493
5363781 6492
5363782 6494
5363784 6493
5363785 6492
5363786 6494
5363788 6496
5363789 6495
5363790 6497
5363792 6499
5363793 6498
5363794 6500
5363797 6526
5363798 6502
5363800 6504
5363801 6503
5363802 6505
5363804 6506
5363806 6507
5363808 6525
5363810 6509
5363840 6527
5363841 6527
5363842 6527
5363843 6528
5363844 6527
5363845 6527
5363846 6527
5363847 6528
5363848 6527
5363849 6527
5363850 6527
5363851 6528
5363852 6529
5363853 6529
5363854 6529
5363855 6530
5363856 6531
5363857 6531
5363858 6531
5363859 6532
5363861 6533
5363862 6533
5363863 6534
5363864 6535
5363865 6535
5363866 6535
5363867 6536
5363868 6537
5363870 6537
5363871 6538
5363872 6539
5363873 6539
5363875 6540
5376064 6541
5376065 6542
5376066 6543
5376068 6541
5376069 6542
5376070 6543
5376072 6541
5376073 6542
5376074 6543
5376076 6544
5376077 6545
5376078 6546
5376080 6547
5376081 6548
5376082 6549
5376085 6550
5376086 6551
5376088 6552
5376089 6553
5376090 6554
5376092 6552
5376093 6553
5376094 6554
5376098 6555
5380224 6556
5380225 6556
5380227 6557
5380228 6556
5380229 6556
5380231 6557
5380232 6556
5380233 6556
5380235 6557
5380236 6558
5380237 6558
5380239 6559
5380240 6560
5380241 6560
5380243 6561
5380245 6562
5380247 6563
5380248 6564
5380249 6564
5380251 6565
5380252 6564
5380253 6564
5380255 6565
5380256 6566
5380259 6567
6395520 6568
6395523 6569
6395524 6568
6395527 6569
6395528 6568
6395531 6569
6395532 6570
6395535 6571
6395536 6570
6395539 6571
6395540 6570
6395543 6571
6395547 6572
6395548 6573
6395551 6574
6395552 6573
6395555 6574
6395648 6575
6395649 6576
6395650 6577
6395652 6575
6395653 6576
6395654 6577
6395656 6575
6395657 6576
6395658 6577
6395660 6578
6395661 6579
6395662 6580
6395664 6581
6395665 6582
6395666 6583
6395668 6581
6395669 6582
6395670 6583
6395674 6584
6395677 6585
6395678 6586
6395680 6587
6395681 6588
6395682 6589
6395776 6590
6395778 6590
6395779 6591
6395780 6590
6395782 6590
6395783 6591
6395784 6590
6395786 6590
6395787 6591
6395788 6592
6395790 6592
6395791 6593
6395792 6594
6395794 6594
6395795 6595
6395796 6594
6395798 6594
6395799 6595
6395802 6596
6395803 6597
6395804 6598
6395807 6599
6395808 6600
6395810 6600
6395811 6601
6395904 6602
6395905 6603
6395906 6604
6395908 6602
6395909 6603
6395910 6604
6395912 6602
6395913 6603
6395914 6604
6395916 6605
6395917 6606
6395918 6607
6395920 6608
6395921 6609
6395922 6610
6395924 6608
6395925 6609
6395926 6610
6395930 6611
6395932 6612
6395933 6613
6395934 6614
6395937 6615
6395938 6616
6396032 6617
6396034 6617
6396035 6618
6396036 6617
6396038 6617
6396039 6618
6396040 6617
6396042 6617
6396043 6618
6396044 6619
6396046 6619
6396047 6620
6396048 6621
6396050 6621
6396051 6622
6396052 6621
6396054 6621
6396055 6622
6396058 6623
6396059 6624
6396060 6625
6396062 6625
6396063 6626
6396064 6627
6396067 6628
6408000 6629
6408001 6630
6408002 6631
6408004 6629
6408005 6630
6408006 6631
6408008 6629
6408009 6630
6408010 6631
6408012 6632
6408013 6633
6408014 6634
6408016 6635
6408017 6636
6408018 6637
6408020 6635
6408021 6636
6408022 6637
6408025 6638
6408026 6639
6408030 6640
6408032 6641
6408033 6642
6408034 6643
6408192 6644
6408193 6645
6408196 6644
6408197 6645
6408200 6644
6408201 6645
6408204 6646
6408205 6647
6408208 6648
6408209 6649
6408212 6648
6408213 6649
6408217 6650
6408221 6651
6408225 6652
6408256 6653
6408257 6654
6408258 6655
6408260 6653
6408261 6654
6408262 6655
6408264 6653
6408265 6654
6408266 6655
6408268 6656
6408269 6657
6408270 6658
6408272 6659
6408273 6660
6408274 6661
6408276 6659
6408277 6660
6408278 6661
6408281 6662
6408282 6663
6408285 6664
6408286 6665
6408288 6666
6408290 6667
6412160 6668
6412161 6668
6412163 6669
6412164 6668
6412165 6668
6412167 6669
6412168 6668
6412169 6668
6412171 6669
6412172 6670
6412173 6670
6412175 6671
6412176 6672
6412177 6672
6412179 6673
6412180 6672
6412181 6672
6412183 6673
6412185 6674
6412187 6675
6412188 6676
6412191 6677
6412192 6678
6412193 6678
6412195 6679
6412288 6653
6412289 6654
6412290 6655
6412292 6653
6412293 6654
6412294 6655
6412296 6653
6412297 6654
6412298 6655
6412300 6656
6412301 6657
6412302 6658
6412304 6659
6412305 6660
6412306 6661
6412308 6659
6412309 6660
6412310 6661
6412313 6662
6412314 6663
6412316 6680
6412318 6665
6412321 6681
6412322 6667
6412352 6654
6412353 6653
6412354 6655
6412356 6654
6412357 6653
6412358 6655
6412360 6654
6412361 6653
6412362 6655
6412364 6657
6412365 6656
6412366 6658
6412368 6660
6412369 6659
6412370 6661
6412372 6660
6412373 6659
6412374 6661
6412377 6682
6412378 6663
6412380 6664
6412382 6665
6412384 6681
6412386 6667
6412416 6683
6412417 6683
6412418 6683
6412419 6684
6412420 6683
6412421 6683
6412422 6683
6412423 6684
6412424 6683
6412425 6683
6412426 6683
6412427 6684
6412428 6685
6412429 6685
6412430 6685
6412431 6686
6412432 6687
6412433 6687
6412434 6687
6412435 6688
6412436 6687
6412437 6687
6412438 6687
6412439 6688
6412441 6689
6412442 6689
6412443 6690
6412444 6691
6412446 6691
6412447 6692
6412448 6693
6412449 6693
6412451 6694
6424640 6695
6424641 6696
6424642 6697
6424644 6695
6424645 6696
6424646 6697
6424648 6695
6424649 6696
6424650 6697
6424652 6698
6424653 6699
6424654 6700
6424656 6701
6424657 6702
6424658 6703
6424660 6701
6424661 6702
6424662 6703
6424665 6704
6424666 6705
6424668 6706
6424669 6707
6424670 6708
6424674 6709
6428800 6710
6428801 6710
6428803 6711
6428804 6710
6428805 6710
6428807 6711
6428808 6710
6428809 6710
6428811 6711
6428812 6712
6428813 6712
6428815 6713
6428816 6714
6428817 6714
6428819 6715
6428820 6714
6428821 6714
6428823 6715
6428825 6716
6428827 6717
6428828 6718
6428829 6718
6428831 6719
6428832 6720
6428835 6721
7460736 6722
7460739 6723
7460740 6722
7460743 6723
7460744 6722
7460747 6723
7460748 6722
7460751 6723
7460752 6724
7460755 6725
7460756 6724
7460759 6725
7460760 6724
7460763 6725
7460767 6726
7460768 6727
7460771 6728
7460864 6729
7460865 6730
7460866 6731
7460868 6729
7460869 6730
7460870 6731
7460872 6729
7460873 6730
7460874 6731
7460876 6729
7460877 6730
7460878 6731
7460880 6732
7460881 6733
7460882 6734
7460884 6732
7460885 6733
7460886 6734
7460888 6732
7460889 6733
7460890 6734
7460894 6735
7460897 6736
7460898 6737
7460992 6738
7460994 6738
7460995 6739
7460996 6738
7460998 6738
7460999 6739
7461000 6738
7461002 6738
7461003 6739
7461004 6738
7461006 6738
7461007 6739
7461008 6740
7461010 6740
7461011 6741
7461012 6740
7461014 6740
7461015 6741
7461016 6740
7461018 6740
7461019 6741
7461022 6742
7461023 6743
7461024 6744
7461027 6745
7473216 6746
7473217 6747
7473218 6748
7473220 6746
7473221 6747
7473222 6748
7473224 6746
7473225 6747
7473226 6748
7473228 6746
7473229 6747
7473230 6748
7473232 6749
7473233 6750
7473234 6751
7473236 6749
7473237 6750
7473238 6751
7473240 6749
7473241 6750
7473242 6751
7473245 6752
7473246 6753
7473250 6754
7477376 6755
7477377 6755
7477379 6756
7477380 6755
7477381 6755
7477383 6756
7477384 6755
7477385 6755
7477387 6756
7477388 6755
7477389 6755
7477391 6756
7477392 6757
7477393 6757
7477395 6758
7477396 6757
7477397 6757
7477399 6758
7477400 6757
7477401 6757
7477403 6758
7477405 6759
7477407 6760
7477408 6761
7477411 6762
8525952 6763
8525955 6764
8525956 6763
8525959 6764
8525960 6763
8525963 6764
8525964 6763
8525967 6764
8525968 6765
8525971 6766
8525972 6765
8525975 6766
8525976 6765
8525979 6766
8525980 6765
8525983 6766
8525987 6767
river 13761
4227 0
4228 1
4231 2
4232 1
4235 2
4236 1
4239 2
4240 1
4243 2
4244 3
4247 4
4248 3
4251 4
4252 3
4255 4
4256 3
4259 4
4354 5
4357 6
4358 7
4360 8
4361 9
4362 10
4364 8
4365 9
4366 10
4368 11
4369 12
4370 13
4372 14
4373 15
4374 16
4376 17
4377 18
4378 19
4380 17
4381 18
4382 19
4384 20
4385 21
4386 22
4482 23
4483 24
4484 25
4487 26
4488 27
4490 27
4491 28
4492 27
4494 27
4495 28
4496 29
4498 29
4499 30
4500 31
4502 31
4503 32
4504 33
4506 33
4507 34
4508 33
4510 33
4511 34
4512 35
4514 35
4515 36
4610 37
4612 38
4613 39
4614 40
4617 41
4618 42
4620 43
4621 44
4622 45
4624 46
4625 47
4626 48
4628 49
4629 50
4630 51
4632 52
4633 53
4634 54
4636 52
4637 53
4638 54
4640 55
4641 56
4642 57
4738 58
4739 59
4740 60
4742 60
4743 61
4744 62
4747 63
4748 64
4750 64
4751 65
4752 66
4754 66
4755 67
4756 68
4758 68
4759 69
4760 70
4762 70
4763 71
4764 70
4766 70
4767 71
4768 72
4770 72
4771 73
4866 74
4868 75
4869 76
4870 77
4872 75
4873 76
4874 77
4877 78
4878 79
4880 80
4881 81
4882 82
4884 83
4885 84
4886 85
4888 83
4889 84
4890 85
4892 86
4893 87
4894 88
4896 89
4897 90
4898 91
4994 92
4995 93
4996 94
4998 94
4999 95
5000 94
5002 94
5003 95
5004 96
5007 97
5008 98
5010 98
5011 99
5012 100
5014 100
5015 101
5016 100
5018 100
5019 101
5020 102
5022 102
5023 103
5024 104
5026 104
5027 105
5122 106
5124 107
5125 108
5126 109
5128 107
5129 108
5130 109
5132 110
5133 111
5134 112
5137 113
5138 114
5140 115
5141 116
5142 117
5144 115
5145 116
5146 117
5148 118
5149 119
5150 120
5152 118
5153 119
5154 120
5250 121
5251 122
5252 123
5254 123
5255 124
5256 123
5258 123
5259 124
5260 125
5262 125
5263 126
5264 127
5267 128
5268 129
5270 129
5271 130
5272 129
5274 129
5275 130
5276 131
5278 131
5279 132
5280 131
5282 131
5283 132
5378 133
5380 134
5381 135
5382 136
5384 134
5385 135
5386 136
5388 137
5389 138
5390 139
5392 137
5393 138
5394 139
5397 140
5398 141
5400 142
5401 143
5402 144
5404 142
5405 143
5406 144
5408 145
5409 146
5410 147
5506 148
5507 149
5508 150
5510 150
5511 151
5512 150
5514 150
5515 151
5516 152
5518 152
5519 153
5520 152
5522 152
5523 153
5524 154
5527 155
5528 156
5530 156
5531 157
5532 156
5534 156
5535 157
5536 158
5538 158
5539 159
5634 160
5636 161
5637 162
5638 163
5640 161
5641 162
5642 163
5644 161
5645 162
5646 163
5648 164
5649 165
5650 166
5652 164
5653 165
5654 166
5657 167
5658 168
5660 169
5661 170
5662 171
5664 169
5665 170
5666 171
5762 172
5763 173
5764 174
5766 174
5767 175
5768 174
5770 174
5771 175
5772 174
5774 174
5775 175
5776 176
5778 176
5779 177
5780 176
5782 176
5783 177
5784 178
5787 179
5788 180
5790 180
5791 181
5792 180
5794 180
5795 181
5890 182
5892 183
5893 184
5894 185
5896 183
5897 184
5898 185
5900 183
5901 184
5902 185
5904 186
5905 187
5906 188
5908 186
5909 187
5910 188
5912 186
5913 187
5914 188
5917 189
5918 190
5920 191
5921 192
5922 193
6018 194
6019 195
6020 196
6022 196
6023 197
6024 196
6026 196
6027 197
6028 196
6030 196
6031 197
6032 198
6034 198
6035 199
6036 198
6038 198
6039 199
6040 198
6042 198
6043 199
6044 200
6047 201
6048 202
6050 202
6051 203
6146 204
6148 205
6149 206
6150 207
6152 205
6153 206
6154 207
6156 205
6157 206
6158 207
6160 208
6161 209
6162 210
6164 211
6165 212
6166 213
6168 211
6169 212
6170 213
6172 211
6173 212
6174 213
6177 214
6178 215
6274 216
6275 217
6276 218
6278 218
6279 219
6280 218
6282 218
6283 219
6284 218
6286 218
6287 219
6288 220
6290 220
6291 221
6292 222
6294 222
6295 223
6296 222
6298 222
6299 223
6300 222
6302 222
6303 223
6304 224
6307 225
16705 226
16706 227
16710 228
16712 229
16713 230
16714 231
16716 229
16717 230
16718 231
16720 232
16721 233
16722 234
16724 235
16725 236
16726 237
16728 238
16729 239
16730 240
16732 238
16733 239
16734 240
16736 241
16737 242
16738 243
16897 244
16901 245
16905 246
16908 247
16909 248
16912 249
16913 250
16916 251
16917 252
16920 253
16921 254
16924 253
16925 254
16928 255
16929 256
16961 257
16962 258
16965 259
16966 260
16968 261
16970 262
16972 263
16973 264
16974 265
16976 266
16977 267
16978 268
16980 269
16981 270
16982 271
16984 272
16985 273
16986 274
16988 272
16989 273
16990 274
16992 275
16993 276
16994 277
17153 278
17157 279
17160 280
17161 281
17165 282
17168 283
17169 284
17172 285
17173 286
17176 287
17177 288
17180 289
17181 290
17184 291
17185 292
17217 293
17218 294
17221 295
17222 296
17224 297
17225 298
17226 299
17228 300
17230 301
17232 302
17233 303
17234 304
17236 305
17237 306
17238 307
17240 308
17241 309
17242 310
17244 311
17245 312
17246 313
17248 314
17249 315
17250 316
17409 317
17413 318
17416 319
17417 320
17420 319
17421 320
17425 321
17428 322
17429 323
17432 324
17433 325
17436 326
17437 327
17440 328
17441 329
17473 330
17474 331
17477 332
17478 333
17480 334
17481 335
17482 336
17484 334
17485 335
17486 336
17488 337
17490 338
17492 339
17493 340
17494 341
17496 342
17497 343
17498 344
17500 345
17501 346
17502 347
17504 348
17505 349
17506 350
17665 351
17669 352
17672 353
17673 354
17676 353
17677 354
17680 355
17681 356
17685 357
17688 358
17689 359
17692 358
17693 359
17696 360
17697 361
17729 362
17730 363
17733 364
17734 365
17736 366
17737 367
17738 368
17740 366
17741 367
17742 368
17744 369
17745 370
17746 371
17748 372
17750 373
17752 374
17753 375
17754 376
17756 374
17757 375
17758 376
17760 377
17761 378
17762 379
17921 380
17925 381
17928 382
17929 383
17932 382
17933 383
17936 384
17937 385
17940 386
17941 387
17945 388
17948 389
17949 390
17952 391
17953 392
17985 393
17986 394
17989 395
17990 396
17992 397
17993 398
17994 399
17996 397
17997 398
17998 399
18000 400
18001 401
18002 402
18004 403
18005 404
18006 405
18008 406
18010 407
18012 408
18013 409
18014 410
18016 411
18017 412
18018 413
18177 414
18181 415
18184 416
18185 417
18188 416
18189 417
18192 418
18193 419
18196 420
18197 421
18200 420
18201 421
18205 422
18208 423
18209 424
18241 425
18242 426
18245 427
18246 428
18248 429
18249 430
18250 431
18252 429
18253 430
18254 431
18256 432
18257 433
18258 434
18260 435
18261 436
18262 437
18264 435
18265 436
18266 437
18268 438
18270 439
18272 440
18273 441
18274 442
18433 443
18437 444
18440 445
18441 446
18444 445
18445 446
18448 447
18449 448
18452 449
18453 450
18456 449
18457 450
18460 449
18461 450
18465 451
18497 452
18498 453
18501 454
18502 455
18504 456
18505 457
18506 458
18508 456
18509 457
18510 458
18512 459
18513 460
18514 461
18516 462
18517 463
18518 464
18520 462
18521 463
18522 464
18524 462
18525 463
18526 464
18528 465
18530 466
20865 467
20867 468
20868 469
20871 470
20872 471
20873 471
20875 472
20876 471
20877 471
20879 472
20880 473
20881 473
20883 474
20884 475
20885 475
20887 476
20888 477
20889 477
20891 478
20892 477
20893 477
20895 478
20896 479
20897 479
20899 480
20993 257
20994 258
20996 481
20998 260
21001 482
21002 262
21004 263
21005 264
21006 265
21008 266
21009 267
21010 268
21012 269
21013 270
21014 271
21016 272
21017 273
21018 274
21020 272
21021 273
21022 274
21024 275
21025 276
21026 277
21057 483
21058 258
21060 259
21062 260
21064 482
21066 262
21068 264
21069 263
21070 265
21072 267
21073 266
21074 268
21076 270
21077 269
21078 271
21080 273
21081 272
21082 274
21084 273
21085 272
21086 274
21088 276
21089 275
21090 277
21121 484
21122 484
21123 485
21124 486
21126 486
21127 487
21128 488
21129 488
21131 489
21132 490
21133 490
21134 490
21135 491
21136 492
21137 492
21138 492
21139 493
21140 494
21141 494
21142 494
21143 495
21144 496
21145 496
21146 496
21147 497
21148 496
21149 496
21150 496
21151 497
21152 498
21153 498
21154 498
21155 499
21249 293
21250 294
21252 500
21254 296
21256 297
21257 298
21258 299
21261 501
21262 301
21264 302
21265 303
21266 304
21268 305
21269 306
21270 307
21272 308
21273 309
21274 310
21276 311
21277 312
21278 313
21280 314
21281 315
21282 316
21313 502
21314 294
21316 295
21318 296
21320 298
21321 297
21322 299
21324 501
21326 301
21328 303
21329 302
21330 304
21332 306
21333 305
21334 307
21336 309
21337 308
21338 310
21340 312
21341 311
21342 313
21344 315
21345 314
21346 316
21377 503
21378 503
21379 504
21380 505
21382 505
21383 506
21384 507
21385 507
21386 507
21387 508
21388 509
21389 509
21391 510
21392 511
21393 511
21394 511
21395 512
21396 513
21397 513
21398 513
21399 514
21400 515
21401 515
21402 515
21403 516
21404 517
21405 517
21406 517
21407 518
21408 519
21409 519
21410 519
21411 520
21505 330
21506 331
21508 521
21510 333
21512 334
21513 335
21514 336
21516 334
21517 335
21518 336
21521 522
21522 338
21524 339
21525 340
21526 341
21528 342
21529 343
21530 344
21532 345
21533 346
21534 347
21536 348
21537 349
21538 350
21569 523
21570 331
21572 332
21574 333
21576 335
21577 334
21578 336
21580 335
21581 334
21582 336
21584 522
21586 338
21588 340
21589 339
21590 341
21592 343
21593 342
21594 344
21596 346
21597 345
21598 347
21600 349
21601 348
21602 350
21633 524
21634 524
21635 525
21636 526
21638 526
21639 527
21640 528
21641 528
21642 528
21643 529
21644 528
21645 528
21646 528
21647 529
21648 530
21649 530
21651 531
21652 532
21653 532
21654 532
21655 533
21656 534
21657 534
21658 534
21659 535
21660 536
21661 536
21662 536
21663 537
21664 538
21665 538
21666 538
21667 539
21761 362
21762 363
21764 540
21766 365
21768 366
21769 367
21770 368
21772 366
21773 367
21774 368
21776 369
21777 370
21778 371
21781 541
21782 373
21784 374
21785 375
21786 376
21788 374
21789 375
21790 376
21792 377
21793 378
21794 379
21825 542
21826 363
21828 364
21830 365
21832 367
21833 366
21834 368
21836 367
21837 366
21838 368
21840 370
21841 369
21842 371
21844 541
21846 373
21848 375
21849 374
21850 376
21852 375
21853 374
21854 376
21856 378
21857 377
21858 379
21889 543
21890 543
21891 544
21892 545
21894 545
21895 546
21896 547
21897 547
21898 547
21899 548
21900 547
21901 547
21902 547
21903 548
21904 549
21905 549
21906 549
21907 550
21908 551
21909 551
21911 552
21912 553
21913 553
21914 553
21915 554
21916 553
21917 553
21918 553
21919 554
21920 555
21921 555
21922 555
21923 556
22017 393
22018 394
22020 557
22022 396
22024 397
22025 398
22026 399
22028 397
22029 398
22030 399
22032 400
22033 401
22034 402
22036 403
22037 404
22038 405
22041 558
22042 407
22044 408
22045 409
22046 410
22048 411
22049 412
22050 413
22081 559
22082 394
22084 395
22086 396
22088 398
22089 397
22090 399
22092 398
22093 397
22094 399
22096 401
22097 400
22098 402
22100 404
22101 403
22102 405
22104 558
22106 407
22108 409
22109 408
22110 410
22112 412
22113 411
22114 413
22145 560
22146 560
22147 561
22148 562
22150 562
22151 563
22152 564
22153 564
22154 564
22155 565
22156 564
22157 564
22158 564
22159 565
22160 566
22161 566
22162 566
22163 567
22164 568
22165 568
22166 568
22167 569
22168 570
22169 570
22171 571
22172 572
22173 572
22174 572
22175 573
22176 574
22177 574
22178 574
22179 575
22273 425
22274 426
22276 576
22278 428
22280 429
22281 430
22282 431
22284 429
22285 430
22286 431
22288 432
22289 433
22290 434
22292 435
22293 436
22294 437
22296 435
22297 436
22298 437
22301 577
22302 439
22304 440
22305 441
22306 442
22337 578
22338 426
22340 427
22342 428
22344 430
22345 429
22346 431
22348 430
22349 429
22350 431
22352 433
22353 432
22354 434
22356 436
22357 435
22358 437
22360 436
22361 435
22362 437
22364 577
22366 439
22368 441
22369 440
22370 442
22401 579
22402 579
22403 580
22404 581
22406 581
22407 582
22408 583
22409 583
22410 583
22411 584
22412 583
22413 583
22414 583
22415 584
22416 585
22417 585
22418 585
22419 586
22420 587
22421 587
22422 587
22423 588
22424 587
22425 587
22426 587
22427 588
22428 589
22429 589
22431 590
22432 591
22433 591
22434 591
22435 592
22529 452
22530 453
22532 593
22534 455
22536 456
22537 457
22538 458
22540 456
22541 457
22542 458
22544 459
22545 460
22546 461
22548 462
22549 463
22550 464
22552 462
22553 463
22554 464
22556 462
22557 463
22558 464
22561 594
22562 466
22593 595
22594 453
22596 454
22598 455
22600 457
22601 456
22602 458
22604 457
22605 456
22606 458
22608 460
22609 459
22610 461
22612 463
22613 462
22614 464
22616 463
22617 462
22618 464
22620 463
22621 462
22622 464
22624 594
22626 466
22657 596
22658 596
22659 597
22660 598
22662 598
22663 599
22664 600
22665 600
22666 600
22667 601
22668 600
22669 600
22670 600
22671 601
22672 602
22673 602
22674 602
22675 603
22676 604
22677 604
22678 604
22679 605
22680 604
22681 604
22682 604
22683 605
22684 604
22685 604
22686 604
22687 605
22688 606
22689 606
22691 607
33345 608
33346 609
33348 610
33349 611
33350 612
33354 613
33356 614
33357 615
33358 616
33360 617
33361 618
33362 619
33364 620
33365 621
33366 622
33368 623
33369 624
33370 625
33372 623
33373 624
33374 625
33376 626
33377 627
33378 628
33537 629
33540 630
33541 631
33545 632
33549 633
33552 634
33553 635
33556 636
33557 637
33560 638
33561 639
33564 640
33565 641
33568 642
33569 643
33601 644
33602 645
33604 646
33605 647
33606 648
33609 649
33610 650
33612 651
33614 652
33616 653
33617 654
33618 655
33620 656
33621 657
33622 658
33624 659
33625 660
33626 661
33628 662
33629 663
33630 664
33632 665
33633 666
33634 667
33793 668
33796 669
33797 670
33801 671
33804 672
33805 673
33809 674
33812 675
33813 676
33816 677
33817 678
33820 679
33821 680
33824 681
33825 682
33857 683
33858 684
33860 685
33861 686
33862 687
33865 688
33866 689
33868 690
33869 691
33870 692
33872 693
33874 694
33876 695
33877 696
33878 697
33880 698
33881 699
33882 700
33884 701
33885 702
33886 703
33888 704
33889 705
33890 706
34049 707
34052 708
34053 709
34057 710
34060 711
34061 712
34064 713
34065 714
34069 715
34072 716
34073 717
34076 718
34077 719
34080 720
34081 721
34113 722
34114 723
34116 724
34117 725
34118 726
34121 727
34122 728
34124 729
34125 730
34126 731
34128 732
34129 733
34130 734
34132 735
34134 736
34136 737
34137 738
34138 739
34140 740
34141 741
34142 742
34144 743
34145 744
34146 745
34305 746
34308 747
34309 748
34313 749
34316 750
34317 751
34320 752
34321 753
34324 754
34325 755
34329 756
34332 757
34333 758
34336 759
34337 760
34369 761
34370 762
34372 763
34373 764
34374 765
34377 766
34378 767
34380 768
34381 769
34382 770
34384 771
34385 772
34386 773
34388 774
34389 775
34390 776
34392 777
34394 778
34396 779
34397 780
34398 781
34400 782
34401 783
34402 784
34561 785
34564 786
34565 787
34569 788
34572 789
34573 790
34576 791
34577 792
34580 793
34581 794
34584 793
34585 794
34589 795
34592 796
34593 797
34625 798
34626 799
34628 800
34629 801
34630 802
34633 803
34634 804
34636 805
34637 806
34638 807
34640 808
34641 809
34642 810
34644 811
34645 812
34646 813
34648 811
34649 812
34650 813
34652 814
34654 815
34656 816
34657 817
34658 818
34817 819
34820 820
34821 821
34825 822
34828 823
34829 824
34832 825
34833 826
34836 827
34837 828
34840 829
34841 830
34844 829
34845 830
34849 831
34881 832
34882 833
34884 834
34885 835
34886 836
34889 837
34890 838
34892 839
34893 840
34894 841
34896 842
34897 843
34898 844
34900 845
34901 846
34902 847
34904 848
34905 849
34906 850
34908 848
34909 849
34910 850
34912 851
34914 852
37505 853
37507 854
37508 855
37509 855
37511 856
37512 857
37515 858
37516 859
37517 859
37519 860
37520 861
37521 861
37523 862
37524 863
37525 863
37527 864
37528 865
37529 865
37531 866
37532 865
37533 865
37535 866
37536 867
37537 867
37539 868
37633 644
37634 645
37636 646
37637 647
37638 648
37640 869
37642 650
37645 870
37646 652
37648 653
37649 654
37650 655
37652 656
37653 657
37654 658
37656 659
37657 660
37658 661
37660 662
37661 663
37662 664
37664 665
37665 666
37666 667
37697 871
37698 645
37700 647
37701 646
37702 648
37704 649
37706 650
37708 870
37710 652
37712 654
37713 653
37714 655
37716 657
37717 656
37718 658
37720 660
37721 659
37722 661
37724 663
37725 662
37726 664
37728 666
37729 665
37730 667
37761 872
37762 872
37763 873
37764 874
37765 874
37766 874
37767 875
37768 876
37770 876
37771 877
37772 878
37773 878
37775 879
37776 880
37777 880
37778 880
37779 881
37780 882
37781 882
37782 882
37783 883
37784 884
37785 884
37786 884
37787 885
37788 886
37789 886
37790 886
37791 887
37792 888
37793 888
37794 888
37795 889
37889 683
37890 684
37892 685
37893 686
37894 687
37896 890
37898 689
37900 690
37901 691
37902 692
37905 891
37906 694
37908 695
37909 696
37910 697
37912 698
37913 699
37914 700
37916 701
37917 702
37918 703
37920 704
37921 705
37922 706
37953 892
37954 684
37956 686
37957 685
37958 687
37960 688
37962 689
37964 691
37965 690
37966 692
37968 891
37970 694
37972 696
37973 695
37974 697
37976 699
37977 698
37978 700
37980 702
37981 701
37982 703
37984 705
37985 704
37986 706
38017 893
38018 893
38019 894
38020 895
38021 895
38022 895
38023 896
38024 897
38026 897
38027 898
38028 899
38029 899
38030 899
38031 900
38032 901
38033 901
38035 902
38036 903
38037 903
38038 903
38039 904
38040 905
38041 905
38042 905
38043 906
38044 907
38045 907
38046 907
38047 908
38048 909
38049 909
38050 909
38051 910
38145 722
38146 723
38148 724
38149 725
38150 726
38152 911
38154 728
38156 729
38157 730
38158 731
38160 732
38161 733
38162 734
38165 912
38166 736
38168 737
38169 738
38170 739
38172 740
38173 741
38174 742
38176 743
38177 744
38178 745
38209 913
38210 723
38212 725
38213 724
38214 726
38216 727
38218 728
38220 730
38221 729
38222 731
38224 733
38225 732
38226 734
38228 912
38230 736
38232 738
38233 737
38234 739
38236 741
38237 740
38238 742
38240 744
38241 743
38242 745
38273 914
38274 914
38275 915
38276 916
38277 916
38278 916
38279 917
38280 918
38282 918
38283 919
38284 920
38285 920
38286 920
38287 921
38288 922
38289 922
38290 922
38291 923
38292 924
38293 924
38295 925
38296 926
38297 926
38298 926
38299 927
38300 928
38301 928
38302 928
38303 929
38304 930
38305 930
38306 930
38307 931
38401 761
38402 762
38404 763
38405 764
38406 765
38408 932
38410 767
38412 768
38413 769
38414 770
38416 771
38417 772
38418 773
38420 774
38421 775
38422 776
38425 933
38426 778
38428 779
38429 780
38430 781
38432 782
38433 783
38434 784
38465 934
38466 762
38468 764
38469 763
38470 765
38472 766
38474 767
38476 769
38477 768
38478 770
38480 772
38481 771
38482 773
38484 775
38485 774
38486 776
38488 933
38490 778
38492 780
38493 779
38494 781
38496 783
38497 782
38498 784
38529 935
38530 935
38531 936
38532 937
38533 937
38534 937
38535 938
38536 939
38538 939
38539 940
38540 941
38541 941
38542 941
38543 942
38544 943
38545 943
38546 943
38547 944
38548 945
38549 945
38550 945
38551 946
38552 947
38553 947
38555 948
38556 949
38557 949
38558 949
38559 950
38560 951
38561 951
38562 951
38563 952
38657 798
38658 799
38660 800
38661 801
38662 802
38664 953
38666 804
38668 805
38669 806
38670 807
38672 808
38673 809
38674 810
38676 811
38677 812
38678 813
38680 811
38681 812
38682 813
38685 954
38686 815
38688 816
38689 817
38690 818
38721 955
38722 799
38724 801
38725 800
38726 802
38728 803
38730 804
38732 806
38733 805
38734 807
38736 809
38737 808
38738 810
38740 812
38741 811
38742 813
38744 812
38745 811
38746 813
38748 954
38750 815
38752 817
38753 816
38754 818
38785 956
38786 956
38787 957
38788 958
38789 958
38790 958
38791 959
38792 960
38794 960
38795 961
38796 962
38797 962
38798 962
38799 963
38800 964
38801 964
38802 964
38803 965
38804 966
38805 966
38806 966
38807 967
38808 966
38809 966
38810 966
38811 967
38812 968
38813 968
38815 969
38816 970
38817 970
38818 970
38819 971
38913 832
38914 833
38916 834
38917 835
38918 836
38920 972
38922 838
38924 839
38925 840
38926 841
38928 842
38929 843
38930 844
38932 845
38933 846
38934 847
38936 848
38937 849
38938 850
38940 848
38941 849
38942 850
38945 973
38946 852
38977 974
38978 833
38980 835
38981 834
38982 836
38984 837
38986 838
38988 840
38989 839
38990 841
38992 843
38993 842
38994 844
38996 846
38997 845
38998 847
39000 849
39001 848
39002 850
39004 849
39005 848
39006 850
39008 973
39010 852
39041 975
39042 975
39043 976
39044 977
39045 977
39046 977
39047 978
39048 979
39050 979
39051 980
39052 981
39053 981
39054 981
39055 982
39056 983
39057 983
39058 983
39059 984
39060 985
39061 985
39062 985
39063 986
39064 987
39065 987
39066 987
39067 988
39068 987
39069 987
39070 987
39071 988
39072 989
39073 989
39075 990
49985 991
49986 992
49988 993
49989 994
49990 995
49992 993
49993 994
49994 995
49998 996
50000 997
50001 998
50002 999
50004 1000
50005 1001
50006 1002
50008 1000
50009 1001
50010 1002
50012 1003
50013 1004
50014 1005
50016 1006
50017 1007
50018 1008
50177 1009
50180 1010
50181 1011
50184 1012
50185 1013
50189 1014
50193 1015
50196 1016
50197 1017
50200 1016
50201 1017
50204 1018
50205 1019
50208 1018
50209 1019
50241 1020
50242 1021
50244 1022
50245 1023
50246 1024
50248 1025
50249 1026
50250 1027
50253 1028
50254 1029
50256 1030
50258 1031
50260 1032
50261 1033
50262 1034
50264 1032
50265 1033
50266 1034
50268 1035
50269 1036
50270 1037
50272 1035
50273 1036
50274 1037
50433 1038
50436 1039
50437 1040
50440 1041
50441 1042
50445 1043
50448 1044
50449 1045
50453 1046
50456 1047
50457 1048
50460 1049
50461 1050
50464 1051
50465 1052
50497 1053
50498 1054
50500 1055
50501 1056
50502 1057
50504 1058
50505 1059
50506 1060
50509 1061
50510 1062
50512 1063
50513 1064
50514 1065
50516 1066
50518 1067
50520 1068
50521 1069
50522 1070
50524 1071
50525 1072
50526 1073
50528 1074
50529 1075
50530 1076
50689 1077
50692 1078
50693 1079
50696 1080
50697 1081
50701 1082
50704 1083
50705 1084
50708 1085
50709 1086
50713 1087
50716 1088
50717 1089
50720 1088
50721 1089
50753 1090
50754 1091
50756 1092
50757 1093
50758 1094
50760 1095
50761 1096
50762 1097
50765 1098
50766 1099
50768 1100
50769 1101
50770 1102
50772 1103
50773 1104
50774 1105
50776 1106
50778 1107
50780 1108
50781 1109
50782 1110
50784 1108
50785 1109
50786 1110
50945 1111
50948 1112
50949 1113
50952 1112
50953 1113
50957 1114
50960 1115
50961 1116
50964 1117
50965 1118
50968 1119
50969 1120
50973 1121
50976 1122
50977 1123
51009 1124
51010 1125
51012 1126
51013 1127
51014 1128
51016 1126
51017 1127
51018 1128
51021 1129
51022 1130
51024 1131
51025 1132
51026 1133
51028 1134
51029 1135
51030 1136
51032 1137
51033 1138
51034 1139
51036 1140
51038 1141
51040 1142
51041 1143
51042 1144
51201 1145
51204 1146
51205 1147
51208 1146
51209 1147
51213 1148
51216 1149
51217 1150
51220 1151
51221 1152
51224 1153
51225 1154
51228 1153
51229 1154
51233 1155
51265 1156
51266 1157
51268 1158
51269 1159
51270 1160
51272 1158
51273 1159
51274 1160
51277 1161
51278 1162
51280 1163
51281 1164
51282 1165
51284 1166
51285 1167
51286 1168
51288 1169
51289 1170
51290 1171
51292 1169
51293 1170
51294 1171
51296 1172
51298 1173
54145 1174
54147 1175
54148 1176
54149 1176
54151 1177
54152 1176
54153 1176
54155 1177
54156 1178
54159 1179
54160 1180
54161 1180
54163 1181
54164 1182
54165 1182
54167 1183
54168 1182
54169 1182
54171 1183
54172 1184
54173 1184
54175 1185
54176 1186
54177 1186
54179 1187
54273 1020
54274 1021
54276 1022
54277 1023
54278 1024
54280 1025
54281 1026
54282 1027
54284 1188
54286 1029
54289 1189
54290 1031
54292 1032
54293 1033
54294 1034
54296 1032
54297 1033
54298 1034
54300 1035
54301 1036
54302 1037
54304 1035
54305 1036
54306 1037
54337 1190
54338 1021
54340 1023
54341 1022
54342 1024
54344 1026
54345 1025
54346 1027
54348 1028
54350 1029
54352 1189
54354 1031
54356 1033
54357 1032
54358 1034
54360 1033
54361 1032
54362 1034
54364 1036
54365 1035
54366 1037
54368 1036
54369 1035
54370 1037
54401 1191
54402 1191
54403 1192
54404 1193
54405 1193
54406 1193
54407 1194
54408 1195
54409 1195
54410 1195
54411 1196
54412 1197
54414 1197
54415 1198
54416 1199
54417 1199
54419 1200
54420 1201
54421 1201
54422 1201
54423 1202
54424 1201
54425 1201
54426 1201
54427 1202
54428 1203
54429 1203
54430 1203
54431 1204
54432 1203
54433 1203
54434 1203
54435 1204
54529 1053
54530 1054
54532 1055
54533 1056
54534 1057
54536 1058
54537 1059
54538 1060
54540 1205
54542 1062
54544 1063
54545 1064
54546 1065
54549 1206
54550 1067
54552 1068
54553 1069
54554 1070
54556 1071
54557 1072
54558 1073
54560 1074
54561 1075
54562 1076
54593 1207
54594 1054
54596 1056
54597 1055
54598 1057
54600 1059
54601 1058
54602 1060
54604 1061
54606 1062
54608 1064
54609 1063
54610 1065
54612 1206
54614 1067
54616 1069
54617 1068
54618 1070
54620 1072
54621 1071
54622 1073
54624 1075
54625 1074
54626 1076
54657 1208
54658 1208
54659 1209
54660 1210
54661 1210
54662 1210
54663 1211
54664 1212
54665 1212
54666 1212
54667 1213
54668 1214
54670 1214
54671 1215
54672 1216
54673 1216
54674 1216
54675 1217
54676 1218
54677 1218
54679 1219
54680 1220
54681 1220
54682 1220
54683 1221
54684 1222
54685 1222
54686 1222
54687 1223
54688 1224
54689 1224
54690 1224
54691 1225
54785 1090
54786 1091
54788 1092
54789 1093
54790 1094
54792 1095
54793 1096
54794 1097
54796 1226
54798 1099
54800 1100
54801 1101
54802 1102
54804 1103
54805 1104
54806 1105
54809 1227
54810 1107
54812 1108
54813 1109
54814 1110
54816 1108
54817 1109
54818 1110
54849 1228
54850 1091
54852 1093
54853 1092
54854 1094
54856 1096
54857 1095
54858 1097
54860 1098
54862 1099
54864 1101
54865 1100
54866 1102
54868 1104
54869 1103
54870 1105
54872 1227
54874 1107
54876 1109
54877 1108
54878 1110
54880 1109
54881 1108
54882 1110
54913 1229
54914 1229
54915 1230
54916 1231
54917 1231
54918 1231
54919 1232
54920 1233
54921 1233
54922 1233
54923 1234
54924 1235
54926 1235
54927 1236
54928 1237
54929 1237
54930 1237
54931 1238
54932 1239
54933 1239
54934 1239
54935 1240
54936 1241
54937 1241
54939 1242
54940 1243
54941 1243
54942 1243
54943 1244
54944 1243
54945 1243
54946 1243
54947 1244
55041 1124
55042 1125
55044 1126
55045 1127
55046 1128
55048 1126
55049 1127
55050 1128
55052 1245
55054 1130
55056 1131
55057 1132
55058 1133
55060 1134
55061 1135
55062 1136
55064 1137
55065 1138
55066 1139
55069 1246
55070 1141
55072 1142
55073 1143
55074 1144
55105 1247
55106 1125
55108 1127
55109 1126
55110 1128
55112 1127
55113 1126
55114 1128
55116 1129
55118 1130
55120 1132
55121 1131
55122 1133
55124 1135
55125 1134
55126 1136
55128 1138
55129 1137
55130 1139
55132 1246
55134 1141
55136 1143
55137 1142
55138 1144
55169 1248
55170 1248
55171 1249
55172 1250
55173 1250
55174 1250
55175 1251
55176 1250
55177 1250
55178 1250
55179 1251
55180 1252
55182 1252
55183 1253
55184 1254
55185 1254
55186 1254
55187 1255
55188 1256
55189 1256
55190 1256
55191 1257
55192 1258
55193 1258
55194 1258
55195 1259
55196 1260
55197 1260
55199 1261
55200 1262
55201 1262
55202 1262
55203 1263
55297 1156
55298 1157
55300 1158
55301 1159
55302 1160
55304 1158
55305 1159
55306 1160
55308 1264
55310 1162
55312 1163
55313 1164
55314 1165
55316 1166
55317 1167
55318 1168
55320 1169
55321 1170
55322 1171
55324 1169
55325 1170
55326 1171
55329 1265
55330 1173
55361 1266
55362 1157
55364 1159
55365 1158
55366 1160
55368 1159
55369 1158
55370 1160
55372 1161
55374 1162
55376 1164
55377 1163
55378 1165
55380 1167
55381 1166
55382 1168
55384 1170
55385 1169
55386 1171
55388 1170
55389 1169
55390 1171
55392 1265
55394 1173
55425 1267
55426 1267
55427 1268
55428 1269
55429 1269
55430 1269
55431 1270
55432 1269
55433 1269
55434 1269
55435 1270
55436 1271
55438 1271
55439 1272
55440 1273
55441 1273
55442 1273
55443 1274
55444 1275
55445 1275
55446 1275
55447 1276
55448 1277
55449 1277
55450 1277
55451 1278
55452 1277
55453 1277
55454 1277
55455 1278
55456 1279
55457 1279
55459 1280
66625 1281
66626 1282
66628 1283
66629 1284
66630 1285
66632 1283
66633 1284
66634 1285
66636 1286
66637 1287
66638 1288
66642 1289
66644 1290
66645 1291
66646 1292
66648 1290
66649 1291
66650 1292
66652 1293
66653 1294
66654 1295
66656 1293
66657 1294
66658 1295
66817 1296
66820 1297
66821 1298
66824 1297
66825 1298
66828 1299
66829 1300
66833 1301
66837 1302
66840 1303
66841 1304
66844 1305
66845 1306
66848 1307
66849 1308
66881 1309
66882 1310
66884 1311
66885 1312
66886 1313
66888 1311
66889 1312
66890 1313
66892 1314
66893 1315
66894 1316
66897 1317
66898 1318
66900 1319
66902 1320
66904 1321
66905 1322
66906 1323
66908 1324
66909 1325
66910 1326
66912 1327
66913 1328
66914 1329
67073 1330
67076 1331
67077 1332
67080 1333
67081 1334
67084 1335
67085 1336
67089 1337
67092 1338
67093 1339
67097 1340
67100 1341
67101 1342
67104 1343
67105 1344
67137 1345
67138 1346
67140 1347
67141 1348
67142 1349
67144 1350
67145 1351
67146 1352
67148 1353
67149 1354
67150 1355
67153 1356
67154 1357
67156 1358
67157 1359
67158 1360
67160 1361
67162 1362
67164 1363
67165 1364
67166 1365
67168 1366
67169 1367
67170 1368
67329 1369
67332 1370
67333 1371
67336 1370
67337 1371
67340 1372
67341 1373
67345 1374
67348 1375
67349 1376
67352 1375
67353 1376
67357 1377
67360 1378
67361 1379
67393 1380
67394 1381
67396 1382
67397 1383
67398 1384
67400 1382
67401 1383
67402 1384
67404 1385
67405 1386
67406 1387
67409 1388
67410 1389
67412 1390
67413 1391
67414 1392
67416 1390
67417 1391
67418 1392
67420 1393
67422 1394
67424 1395
67425 1396
67426 1397
67585 1398
67588 1399
67589 1400
67592 1399
67593 1400
67596 1401
67597 1402
67601 1403
67604 1404
67605 1405
67608 1404
67609 1405
67612 1406
67613 1407
67617 1408
67649 1409
67650 1410
67652 1411
67653 1412
67654 1413
67656 1411
67657 1412
67658 1413
67660 1414
67661 1415
67662 1416
67665 1417
67666 1418
67668 1419
67669 1420
67670 1421
67672 1419
67673 1420
67674 1421
67676 1422
67677 1423
67678 1424
67680 1425
67682 1426
70785 1427
70787 1428
70788 1429
70789 1429
70791 1430
70792 1429
70793 1429
70795 1430
70796 1431
70797 1431
70799 1432
70800 1433
70803 1434
70804 1435
70805 1435
70807 1436
70808 1435
70809 1435
70811 1436
70812 1437
70813 1437
70815 1438
70816 1437
70817 1437
70819 1438
70913 1309
70914 1310
70916 1311
70917 1312
70918 1313
70920 1311
70921 1312
70922 1313
70924 1314
70925 1315
70926 1316
70928 1439
70930 1318
70933 1440
70934 1320
70936 1321
70937 1322
70938 1323
70940 1324
70941 1325
70942 1326
70944 1327
70945 1328
70946 1329
70977 1441
70978 1310
70980 1312
70981 1311
70982 1313
70984 1312
70985 1311
70986 1313
70988 1315
70989 1314
70990 1316
70992 1317
70994 1318
70996 1440
70998 1320
71000 1322
71001 1321
71002 1323
71004 1325
71005 1324
71006 1326
71008 1328
71009 1327
71010 1329
71041 1442
71042 1442
71043 1443
71044 1444
71045 1444
71046 1444
71047 1445
71048 1444
71049 1444
71050 1444
71051 1445
71052 1446
71053 1446
71054 1446
71055 1447
71056 1448
71058 1448
71059 1449
71060 1450
71061 1450
71063 1451
71064 1452
71065 1452
71066 1452
71067 1453
71068 1454
71069 1454
71070 1454
71071 1455
71072 1456
71073 1456
71074 1456
71075 1457
71169 1345
71170 1346
71172 1347
71173 1348
71174 1349
71176 1350
71177 1351
71178 1352
71180 1353
71181 1354
71182 1355
71184 1458
71186 1357
71188 1358
71189 1359
71190 1360
71193 1459
71194 1362
71196 1363
71197 1364
71198 1365
71200 1366
71201 1367
71202 1368
71233 1460
71234 1346
71236 1348
71237 1347
71238 1349
71240 1351
71241 1350
71242 1352
71244 1354
71245 1353
71246 1355
71248 1356
71250 1357
71252 1359
71253 1358
71254 1360
71256 1459
71258 1362
71260 1364
71261 1363
71262 1365
71264 1367
71265 1366
71266 1368
71297 1461
71298 1461
71299 1462
71300 1463
71301 1463
71302 1463
71303 1464
71304 1465
71305 1465
71306 1465
71307 1466
71308 1467
71309 1467
71310 1467
71311 1468
71312 1469
71314 1469
71315 1470
71316 1471
71317 1471
71318 1471
71319 1472
71320 1473
71321 1473
71323 1474
71324 1475
71325 1475
71326 1475
71327 1476
71328 1477
71329 1477
71330 1477
71331 1478
71425 1380
71426 1381
71428 1382
71429 1383
71430 1384
71432 1382
71433 1383
71434 1384
71436 1385
71437 1386
71438 1387
71440 1479
71442 1389
71444 1390
71445 1391
71446 1392
71448 1390
71449 1391
71450 1392
71453 1480
71454 1394
71456 1395
71457 1396
71458 1397
71489 1481
71490 1381
71492 1383
71493 1382
71494 1384
71496 1383
71497 1382
71498 1384
71500 1386
71501 1385
71502 1387
71504 1388
71506 1389
71508 1391
71509 1390
71510 1392
71512 1391
71513 1390
71514 1392
71516 1480
71518 1394
71520 1396
71521 1395
71522 1397
71553 1482
71554 1482
71555 1483
71556 1484
71557 1484
71558 1484
71559 1485
71560 1484
71561 1484
71562 1484
71563 1485
71564 1486
71565 1486
71566 1486
71567 1487
71568 1488
71570 1488
71571 1489
71572 1490
71573 1490
71574 1490
71575 1491
71576 1490
71577 1490
71578 1490
71579 1491
71580 1492
71581 1492
71583 1493
71584 1494
71585 1494
71586 1494
71587 1495
71681 1409
71682 1410
71684 1411
71685 1412
71686 1413
71688 1411
71689 1412
71690 1413
71692 1414
71693 1415
71694 1416
71696 1496
71698 1418
71700 1419
71701 1420
71702 1421
71704 1419
71705 1420
71706 1421
71708 1422
71709 1423
71710 1424
71713 1497
71714 1426
71745 1498
71746 1410
71748 1412
71749 1411
71750 1413
71752 1412
71753 1411
71754 1413
71756 1415
71757 1414
71758 1416
71760 1417
71762 1418
71764 1420
71765 1419
71766 1421
71768 1420
71769 1419
71770 1421
71772 1423
71773 1422
71774 1424
71776 1497
71778 1426
71809 1499
71810 1499
71811 1500
71812 1501
71813 1501
71814 1501
71815 1502
71816 1501
71817 1501
71818 1501
71819 1502
71820 1503
71821 1503
71822 1503
71823 1504
71824 1505
71826 1505
71827 1506
71828 1507
71829 1507
71830 1507
71831 1508
71832 1507
71833 1507
71834 1507
71835 1508
71836 1509
71837 1509
71838 1509
71839 1510
71840 1511
71841 1511
71843 1512
83265 1513
83266 1514
83268 1515
83269 1516
83270 1517
83272 1515
83273 1516
83274 1517
83276 1518
83277 1519
83278 1520
83280 1518
83281 1519
83282 1520
83286 1521
83288 1522
83289 1523
83290 1524
83292 1522
83293 1523
83294 1524
83296 1525
83297 1526
83298 1527
83457 1528
83460 1529
83461 1530
83464 1531
83465 1532
83468 1533
83469 1534
83472 1535
83473 1536
83477 1537
83481 1538
83484 1539
83485 1540
83488 1541
83489 1542
83521 1543
83522 1544
83524 1545
83525 1546
83526 1547
83528 1548
83529 1549
83530 1550
83532 1551
83533 1552
83534 1553
83536 1554
83537 1555
83538 1556
83541 1557
83542 1558
83544 1559
83546 1560
83548 1561
83549 1562
83550 1563
83552 1564
83553 1565
83554 1566
83713 1567
83716 1568
83717 1569
83720 1568
83721 1569
83724 1570
83725 1571
83728 1572
83729 1573
83733 1574
83736 1575
83737 1576
83741 1577
83744 1578
83745 1579
83777 1580
83778 1581
83780 1582
83781 1583
83782 1584
83784 1582
83785 1583
83786 1584
83788 1585
83789 1586
83790 1587
83792 1588
83793 1589
83794 1590
83797 1591
83798 1592
83800 1593
83801 1594
83802 1595
83804 1596
83806 1597
83808 1598
83809 1599
83810 1600
83969 1601
83972 1602
83973 1603
83976 1602
83977 1603
83980 1604
83981 1605
83984 1604
83985 1605
83989 1606
83992 1607
83993 1608
83996 1607
83997 1608
84001 1609
84033 1610
84034 1611
84036 1612
84037 1613
84038 1614
84040 1612
84041 1613
84042 1614
84044 1615
84045 1616
84046 1617
84048 1615
84049 1616
84050 1617
84053 1618
84054 1619
84056 1620
84057 1621
84058 1622
84060 1620
84061 1621
84062 1622
84064 1623
84066 1624
87425 1625
87427 1626
87428 1627
87429 1627
87431 1628
87432 1627
87433 1627
87435 1628
87436 1629
87437 1629
87439 1630
87440 1629
87441 1629
87443 1630
87444 1631
87447 1632
87448 1633
87449 1633
87451 1634
87452 1633
87453 1633
87455 1634
87456 1635
87457 1635
87459 1636
87553 1543
87554 1544
87556 1545
87557 1546
87558 1547
87560 1548
87561 1549
87562 1550
87564 1551
87565 1552
87566 1553
87568 1554
87569 1555
87570 1556
87572 1637
87574 1558
87577 1638
87578 1560
87580 1561
87581 1562
87582 1563
87584 1564
87585 1565
87586 1566
87617 1639
87618 1544
87620 1546
87621 1545
87622 1547
87624 1549
87625 1548
87626 1550
87628 1552
87629 1551
87630 1553
87632 1555
87633 1554
87634 1556
87636 1557
87638 1558
87640 1638
87642 1560
87644 1562
87645 1561
87646 1563
87648 1565
87649 1564
87650 1566
87681 1640
87682 1640
87683 1641
87684 1642
87685 1642
87686 1642
87687 1643
87688 1644
87689 1644
87690 1644
87691 1645
87692 1646
87693 1646
87694 1646
87695 1647
87696 1648
87697 1648
87698 1648
87699 1649
87700 1650
87702 1650
87703 1651
87704 1652
87705 1652
87707 1653
87708 1654
87709 1654
87710 1654
87711 1655
87712 1656
87713 1656
87714 1656
87715 1657
87809 1580
87810 1581
87812 1582
87813 1583
87814 1584
87816 1582
87817 1583
87818 1584
87820 1585
87821 1586
87822 1587
87824 1588
87825 1589
87826 1590
87828 1658
87830 1592
87832 1593
87833 1594
87834 1595
87837 1659
87838 1597
87840 1598
87841 1599
87842 1600
87873 1660
87874 1581
87876 1583
87877 1582
87878 1584
87880 1583
87881 1582
87882 1584
87884 1586
87885 1585
87886 1587
87888 1589
87889 1588
87890 1590
87892 1591
87894 1592
87896 1594
87897 1593
87898 1595
87900 1659
87902 1597
87904 1599
87905 1598
87906 1600
87937 1661
87938 1661
87939 1662
87940 1663
87941 1663
87942 1663
87943 1664
87944 1663
87945 1663
87946 1663
87947 1664
87948 1665
87949 1665
87950 1665
87951 1666
87952 1667
87953 1667
87954 1667
87955 1668
87956 1669
87958 1669
87959 1670
87960 1671
87961 1671
87962 1671
87963 1672
87964 1673
87965 1673
87967 1674
87968 1675
87969 1675
87970 1675
87971 1676
88065 1610
88066 1611
88068 1612
88069 1613
88070 1614
88072 1612
88073 1613
88074 1614
88076 1615
88077 1616
88078 1617
88080 1615
88081 1616
88082 1617
88084 1677
88086 1619
88088 1620
88089 1621
88090 1622
88092 1620
88093 1621
88094 1622
88097 1678
88098 1624
88129 1679
88130 1611
88132 1613
88133 1612
88134 1614
88136 1613
88137 1612
88138 1614
88140 1616
88141 1615
88142 1617
88144 1616
88145 1615
88146 1617
88148 1618
88150 1619
88152 1621
88153 1620
88154 1622
88156 1621
88157 1620
88158 1622
88160 1678
88162 1624
88193 1680
88194 1680
88195 1681
88196 1682
88197 1682
88198 1682
88199 1683
88200 1682
88201 1682
88202 1682
88203 1683
88204 1684
88205 1684
88206 1684
88207 1685
88208 1684
88209 1684
88210 1684
88211 1685
88212 1686
88214 1686
88215 1687
88216 1688
88217 1688
88218 1688
88219 1689
88220 1688
88221 1688
88222 1688
88223 1689
88224 1690
88225 1690
88227 1691
99905 1692
99906 1693
99908 1694
99909 1695
99910 1696
99912 1694
99913 1695
99914 1696
99916 1694
99917 1695
99918 1696
99920 1697
99921 1698
99922 1699
99924 1697
99925 1698
99926 1699
99930 1700
99932 1701
99933 1702
99934 1703
99936 1701
99937 1702
99938 1703
100097 1704
100100 1705
100101 1706
100104 1705
100105 1706
100108 1707
100109 1708
100112 1709
100113 1710
100116 1709
100117 1710
100121 1711
100125 1712
100128 1713
100129 1714
100161 1715
100162 1716
100164 1717
100165 1718
100166 1719
100168 1717
100169 1718
100170 1719
100172 1720
100173 1721
100174 1722
100176 1723
100177 1724
100178 1725
100180 1723
100181 1724
100182 1725
100185 1726
100186 1727
100188 1728
100190 1729
100192 1730
100193 1731
100194 1732
100353 1733
100356 1734
100357 1735
100360 1734
100361 1735
100364 1734
100365 1735
100368 1736
100369 1737
100372 1736
100373 1737
100377 1738
100380 1739
100381 1740
100385 1741
100417 1742
100418 1743
100420 1744
100421 1745
100422 1746
100424 1744
100425 1745
100426 1746
100428 1744
100429 1745
100430 1746
100432 1747
100433 1748
100434 1749
100436 1747
100437 1748
100438 1749
100441 1750
100442 1751
100444 1752
100445 1753
100446 1754
100448 1755
100450 1756
104065 1757
104067 1758
104068 1759
104069 1759
104071 1760
104072 1759
104073 1759
104075 1760
104076 1759
104077 1759
104079 1760
104080 1761
104081 1761
104083 1762
104084 1761
104085 1761
104087 1762
104088 1763
104091 1764
104092 1765
104093 1765
104095 1766
104096 1765
104097 1765
104099 1766
104193 1715
104194 1716
104196 1717
104197 1718
104198 1719
104200 1717
104201 1718
104202 1719
104204 1720
104205 1721
104206 1722
104208 1723
104209 1724
104210 1725
104212 1723
104213 1724
104214 1725
104216 1767
104218 1727
104221 1768
104222 1729
104224 1730
104225 1731
104226 1732
104257 1769
104258 1716
104260 1718
104261 1717
104262 1719
104264 1718
104265 1717
104266 1719
104268 1721
104269 1720
104270 1722
104272 1724
104273 1723
104274 1725
104276 1724
104277 1723
104278 1725
104280 1726
104282 1727
104284 1768
104286 1729
104288 1731
104289 1730
104290 1732
104321 1770
104322 1770
104323 1771
104324 1772
104325 1772
104326 1772
104327 1773
104328 1772
104329 1772
104330 1772
104331 1773
104332 1774
104333 1774
104334 1774
104335 1775
104336 1776
104337 1776
104338 1776
104339 1777
104340 1776
104341 1776
104342 1776
104343 1777
104344 1778
104346 1778
104347 1779
104348 1780
104349 1780
104351 1781
104352 1782
104353 1782
104354 1782
104355 1783
104449 1742
104450 1743
104452 1744
104453 1745
104454 1746
104456 1744
104457 1745
104458 1746
104460 1744
104461 1745
104462 1746
104464 1747
104465 1748
104466 1749
104468 1747
104469 1748
104470 1749
104472 1784
104474 1751
104476 1752
104477 1753
104478 1754
104481 1785
104482 1756
104513 1786
104514 1743
104516 1745
104517 1744
104518 1746
104520 1745
104521 1744
104522 1746
104524 1745
104525 1744
104526 1746
104528 1748
104529 1747
104530 1749
104532 1748
104533 1747
104534 1749
104536 1750
104538 1751
104540 1753
104541 1752
104542 1754
104544 1785
104546 1756
104577 1787
104578 1787
104579 1788
104580 1789
104581 1789
104582 1789
104583 1790
104584 1789
104585 1789
104586 1789
104587 1790
104588 1789
104589 1789
104590 1789
104591 1790
104592 1791
104593 1791
104594 1791
104595 1792
104596 1791
104597 1791
104598 1791
104599 1792
104600 1793
104602 1793
104603 1794
104604 1795
104605 1795
104606 1795
104607 1796
104608 1797
104609 1797
104611 1798
116545 1799
116546 1800
116548 1801
116549 1802
116550 1803
116552 1801
116553 1802
116554 1803
116556 1801
116557 1802
116558 1803
116560 1804
116561 1805
116562 1806
116564 1804
116565 1805
116566 1806
116568 1804
116569 1805
116570 1806
116574 1807
116576 1808
116577 1809
116578 1810
116737 1811
116740 1812
116741 1813
116744 1812
116745 1813
116748 1812
116749 1813
116752 1814
116753 1815
116756 1814
116757 1815
116760 1814
116761 1815
116765 1816
116769 1817
116801 1818
116802 1819
116804 1820
116805 1821
116806 1822
116808 1820
116809 1821
116810 1822
116812 1820
116813 1821
116814 1822
116816 1823
116817 1824
116818 1825
116820 1823
116821 1824
116822 1825
116824 1823
116825 1824
116826 1825
116829 1826
116830 1827
116832 1828
116834 1829
120705 1830
120707 1831
120708 1832
120709 1832
120711 1833
120712 1832
120713 1832
120715 1833
120716 1832
120717 1832
120719 1833
120720 1834
120721 1834
120723 1835
120724 1834
120725 1834
120727 1835
120728 1834
120729 1834
120731 1835
120732 1836
120735 1837
120736 1838
120737 1838
120739 1839
120833 1818
120834 1819
120836 1820
120837 1821
120838 1822
120840 1820
120841 1821
120842 1822
120844 1820
120845 1821
120846 1822
120848 1823
120849 1824
120850 1825
120852 1823
120853 1824
120854 1825
120856 1823
120857 1824
120858 1825
120860 1840
120862 1827
120865 1841
120866 1829
120897 1842
120898 1819
120900 1821
120901 1820
120902 1822
120904 1821
120905 1820
120906 1822
120908 1821
120909 1820
120910 1822
120912 1824
120913 1823
120914 1825
120916 1824
120917 1823
120918 1825
120920 1824
120921 1823
120922 1825
120924 1826
120926 1827
120928 1841
120930 1829
120961 1843
120962 1843
120963 1844
120964 1845
120965 1845
120966 1845
120967 1846
120968 1845
120969 1845
120970 1845
120971 1846
120972 1845
120973 1845
120974 1845
120975 1846
120976 1847
120977 1847
120978 1847
120979 1848
120980 1847
120981 1847
120982 1847
120983 1848
120984 1847
120985 1847
120986 1847
120987 1848
120988 1849
120990 1849
120991 1850
120992 1851
120993 1851
120995 1852
133185 1853
133186 1854
133188 1855
133189 1856
133190 1857
133192 1855
133193 1856
133194 1857
133196 1855
133197 1856
133198 1857
133200 1858
133201 1859
133202 1860
133204 1861
133205 1862
133206 1863
133208 1861
133209 1862
133210 1863
133212 1861
133213 1862
133214 1863
133218 1864
137345 1865
137347 1866
137348 1867
137349 1867
137351 1868
137352 1867
137353 1867
137355 1868
137356 1867
137357 1867
137359 1868
137360 1869
137361 1869
137363 1870
137364 1871
137365 1871
137367 1872
137368 1871
137369 1871
137371 1872
137372 1871
137373 1871
137375 1872
137376 1873
137379 1874
1069440 1875
1069443 1876
1069447 1877
1069448 1878
1069451 1879
1069452 1878
1069455 1879
1069456 1878
1069459 1879
1069460 1878
1069463 1879
1069464 1880
1069467 1881
1069468 1880
1069471 1881
1069472 1880
1069475 1881
1069568 1882
1069569 1883
1069570 1884
1069574 1885
1069577 1886
1069578 1887
1069580 1888
1069581 1889
1069582 1890
1069584 1891
1069585 1892
1069586 1893
1069588 1894
1069589 1895
1069590 1896
1069592 1897
1069593 1898
1069594 1899
1069596 1897
1069597 1898
1069598 1899
1069600 1900
1069601 1901
1069602 1902
1069696 1903
1069698 1903
1069699 1904
1069702 1905
1069703 1906
1069704 1907
1069707 1908
1069708 1909
1069710 1909
1069711 1910
1069712 1911
1069714 1911
1069715 1912
1069716 1913
1069718 1913
1069719 1914
1069720 1915
1069722 1915
1069723 1916
1069724 1915
1069726 1915
1069727 1916
1069728 1917
1069730 1917
1069731 1918
1069824 1919
1069825 1920
1069826 1921
1069830 1922
1069832 1923
1069833 1924
1069834 1925
1069837 1926
1069838 1927
1069840 1928
1069841 1929
1069842 1930
1069844 1931
1069845 1932
1069846 1933
1069848 1934
1069849 1935
1069850 1936
1069852 1937
1069853 1938
1069854 1939
1069856 1940
1069857 1941
1069858 1942
1069952 1943
1069954 1943
1069955 1944
1069958 1945
1069959 1946
1069960 1947
1069962 1947
1069963 1948
1069964 1949
1069967 1950
1069968 1951
1069970 1951
1069971 1952
1069972 1953
1069974 1953
1069975 1954
1069976 1955
1069978 1955
1069979 1956
1069980 1957
1069982 1957
1069983 1958
1069984 1959
1069986 1959
1069987 1960
1070080 1961
1070081 1962
1070082 1963
1070086 1964
1070088 1965
1070089 1966
1070090 1967
1070092 1965
1070093 1966
1070094 1967
1070097 1968
1070098 1969
1070100 1970
1070101 1971
1070102 1972
1070104 1973
1070105 1974
1070106 1975
1070108 1976
1070109 1977
1070110 1978
1070112 1976
1070113 1977
1070114 1978
1070208 1979
1070210 1979
1070211 1980
1070214 1981
1070215 1982
1070216 1983
1070218 1983
1070219 1984
1070220 1983
1070222 1983
1070223 1984
1070224 1985
1070227 1986
1070228 1987
1070230 1987
1070231 1988
1070232 1989
1070234 1989
1070235 1990
1070236 1991
1070238 1991
1070239 1992
1070240 1991
1070242 1991
1070243 1992
1070336 1993
1070337 1994
1070338 1995
1070342 1996
1070344 1997
1070345 1998
1070346 1999
1070348 1997
1070349 1998
1070350 1999
1070352 2000
1070353 2001
1070354 2002
1070357 2003
1070358 2004
1070360 2005
1070361 2006
1070362 2007
1070364 2005
1070365 2006
1070366 2007
1070368 2008
1070369 2009
1070370 2010
1070464 2011
1070466 2011
1070467 2012
1070470 2013
1070471 2014
1070472 2015
1070474 2015
1070475 2016
1070476 2015
1070478 2015
1070479 2016
1070480 2017
1070482 2017
1070483 2018
1070484 2019
1070487 2020
1070488 2021
1070490 2021
1070491 2022
1070492 2021
1070494 2021
1070495 2022
1070496 2023
1070498 2023
1070499 2024
1070592 2025
1070593 2026
1070594 2027
1070598 2028
1070600 2029
1070601 2030
1070602 2031
1070604 2029
1070605 2030
1070606 2031
1070608 2032
1070609 2033
1070610 2034
1070612 2032
1070613 2033
1070614 2034
1070617 2035
1070618 2036
1070620 2037
1070621 2038
1070622 2039
1070624 2037
1070625 2038
1070626 2039
1070720 2040
1070722 2040
1070723 2041
1070726 2042
1070727 2043
1070728 2044
1070730 2044
1070731 2045
1070732 2044
1070734 2044
1070735 2045
1070736 2046
1070738 2046
1070739 2047
1070740 2046
1070742 2046
1070743 2047
1070744 2048
1070747 2049
1070748 2050
1070750 2050
1070751 2051
1070752 2050
1070754 2050
1070755 2051
1070848 2052
1070849 2053
1070850 2054
1070854 2055
1070856 2056
1070857 2057
1070858 2058
1070860 2056
1070861 2057
1070862 2058
1070864 2056
1070865 2057
1070866 2058
1070868 2059
1070869 2060
1070870 2061
1070872 2059
1070873 2060
1070874 2061
1070877 2062
1070878 2063
1070880 2064
1070881 2065
1070882 2066
1070976 2067
1070978 2067
1070979 2068
1070982 2069
1070983 2070
1070984 2071
1070986 2071
1070987 2072
1070988 2071
1070990 2071
1070991 2072
1070992 2071
1070994 2071
1070995 2072
1070996 2073
1070998 2073
1070999 2074
1071000 2073
1071002 2073
1071003 2074
1071004 2075
1071007 2076
1071008 2077
1071010 2077
1071011 2078
1071104 2079
1071105 2080
1071106 2081
1071110 2082
1071112 2083
1071113 2084
1071114 2085
1071116 2083
1071117 2084
1071118 2085
1071120 2086
1071121 2087
1071122 2088
1071124 2089
1071125 2090
1071126 2091
1071128 2089
1071129 2090
1071130 2091
1071132 2089
1071133 2090
1071134 2091
1071137 2092
1071138 2093
1071232 2094
1071234 2094
1071235 2095
1071238 2096
1071239 2097
1071240 2098
1071242 2098
1071243 2099
1071244 2098
1071246 2098
1071247 2099
1071248 2100
1071250 2100
1071251 2101
1071252 2102
1071254 2102
1071255 2103
1071256 2102
1071258 2102
1071259 2103
1071260 2102
1071262 2102
1071263 2103
1071264 2104
1071267 2105
1081920 2106
1081921 2107
1081922 2108
1081925 2109
1081926 2110
1081930 2111
1081932 2112
1081933 2113
1081934 2114
1081936 2115
1081937 2116
1081938 2117
1081940 2118
1081941 2119
1081942 2120
1081944 2121
1081945 2122
1081946 2123
1081948 2121
1081949 2122
1081950 2123
1081952 2124
1081953 2125
1081954 2126
1082112 2127
1082113 2128
1082117 2129
1082121 2130
1082125 2131
1082128 2132
1082129 2133
1082132 2134
1082133 2135
1082136 2136
1082137 2137
1082140 2138
1082141 2139
1082144 2140
1082145 2141
1082176 2142
1082177 2143
1082178 2144
1082181 2145
1082182 2146
1082185 2147
1082186 2148
1082188 2149
1082190 2150
1082192 2151
1082193 2152
1082194 2153
1082196 2154
1082197 2155
1082198 2156
1082200 2157
1082201 2158
1082202 2159
1082204 2160
1082205 2161
1082206 2162
1082208 2163
1082209 2164
1082210 2165
1082368 2166
1082369 2167
1082373 2168
1082377 2169
1082380 2170
1082381 2171
1082385 2172
1082388 2173
1082389 2174
1082392 2175
1082393 2176
1082396 2177
1082397 2178
1082400 2179
1082401 2180
1082432 2181
1082433 2182
1082434 2183
1082437 2184
1082438 2185
1082441 2186
1082442 2187
1082444 2188
1082445 2189
1082446 2190
1082448 2191
1082450 2192
1082452 2193
1082453 2194
1082454 2195
1082456 2196
1082457 2197
1082458 2198
1082460 2199
1082461 2200
1082462 2201
1082464 2202
1082465 2203
1082466 2204
1082624 2205
1082625 2206
1082629 2207
1082633 2208
1082636 2209
1082637 2210
1082640 2211
1082641 2212
1082645 2213
1082648 2214
1082649 2215
1082652 2216
1082653 2217
1082656 2218
1082657 2219
1082688 2220
1082689 2221
1082690 2222
1082693 2223
1082694 2224
1082697 2225
1082698 2226
1082700 2227
1082701 2228
1082702 2229
1082704 2230
1082705 2231
1082706 2232
1082708 2233
1082710 2234
1082712 2235
1082713 2236
1082714 2237
1082716 2238
1082717 2239
1082718 2240
1082720 2241
1082721 2242
1082722 2243
1082880 2244
1082881 2245
1082885 2246
1082889 2247
1082892 2248
1082893 2249
1082896 2250
1082897 2251
1082900 2252
1082901 2253
1082905 2254
1082908 2255
1082909 2256
1082912 2257
1082913 2258
1082944 2259
1082945 2260
1082946 2261
1082949 2262
1082950 2263
1082953 2264
1082954 2265
1082956 2266
1082957 2267
1082958 2268
1082960 2269
1082961 2270
1082962 2271
1082964 2272
1082965 2273
1082966 2274
1082968 2275
1082970 2276
1082972 2277
1082973 2278
1082974 2279
1082976 2280
1082977 2281
1082978 2282
1083136 2283
1083137 2284
1083141 2285
1083145 2286
1083148 2287
1083149 2288
1083152 2289
1083153 2290
1083156 2291
1083157 2292
1083160 2293
1083161 2294
1083165 2295
1083168 2296
1083169 2297
1083200 2298
1083201 2299
1083202 2300
1083205 2301
1083206 2302
1083209 2303
1083210 2304
1083212 2305
1083213 2306
1083214 2307
1083216 2308
1083217 2309
1083218 2310
1083220 2311
1083221 2312
1083222 2313
1083224 2314
1083225 2315
1083226 2316
1083228 2317
1083230 2318
1083232 2319
1083233 2320
1083234 2321
1083392 2322
1083393 2323
1083397 2324
1083401 2325
1083404 2326
1083405 2327
1083408 2328
1083409 2329
1083412 2330
1083413 2331
1083416 2332
1083417 2333
1083420 2332
1083421 2333
1083425 2334
1083456 2335
1083457 2336
1083458 2337
1083461 2338
1083462 2339
1083465 2340
1083466 2341
1083468 2342
1083469 2343
1083470 2344
1083472 2345
1083473 2346
1083474 2347
1083476 2348
1083477 2349
1083478 2350
1083480 2351
1083481 2352
1083482 2353
1083484 2351
1083485 2352
1083486 2353
1083488 2354
1083490 2355
1086080 2356
1086081 2356
1086083 2357
1086085 2358
1086087 2359
1086088 2360
1086091 2361
1086092 2362
1086093 2362
1086095 2363
1086096 2364
1086097 2364
1086099 2365
1086100 2366
1086101 2366
1086103 2367
1086104 2368
1086105 2368
1086107 2369
1086108 2368
1086109 2368
1086111 2369
1086112 2370
1086113 2370
1086115 2371
1086208 2142
1086209 2143
1086210 2144
1086213 2145
1086214 2146
1086216 2372
1086218 2148
1086221 2373
1086222 2150
1086224 2151
1086225 2152
1086226 2153
1086228 2154
1086229 2155
1086230 2156
1086232 2157
1086233 2158
1086234 2159
1086236 2160
1086237 2161
1086238 2162
1086240 2163
1086241 2164
1086242 2165
1086272 2143
1086273 2142
1086274 2144
1086277 2374
1086278 2146
1086280 2147
1086282 2148
1086284 2373
1086286 2150
1086288 2152
1086289 2151
1086290 2153
1086292 2155
1086293 2154
1086294 2156
1086296 2158
1086297 2157
1086298 2159
1086300 2161
1086301 2160
1086302 2162
1086304 2164
1086305 2163
1086306 2165
1086336 2375
1086337 2375
1086338 2375
1086339 2376
1086341 2377
1086342 2377
1086343 2378
1086344 2379
1086346 2379
1086347 2380
1086348 2381
1086349 2381
1086351 2382
1086352 2383
1086353 2383
1086354 2383
1086355 2384
1086356 2385
1086357 2385
1086358 2385
1086359 2386
1086360 2387
1086361 2387
1086362 2387
1086363 2388
1086364 2389
1086365 2389
1086366 2389
1086367 2390
1086368 2391
1086369 2391
1086370 2391
1086371 2392
1086464 2181
1086465 2182
1086466 2183
1086469 2184
1086470 2185
1086472 2393
1086474 2187
1086476 2188
1086477 2189
1086478 2190
1086481 2394
1086482 2192
1086484 2193
1086485 2194
1086486 2195
1086488 2196
1086489 2197
1086490 2198
1086492 2199
1086493 2200
1086494 2201
1086496 2202
1086497 2203
1086498 2204
1086528 2182
1086529 2181
1086530 2183
1086533 2395
1086534 2185
1086536 2186
1086538 2187
1086540 2189
1086541 2188
1086542 2190
1086544 2394
1086546 2192
1086548 2194
1086549 2193
1086550 2195
1086552 2197
1086553 2196
1086554 2198
1086556 2200
1086557 2199
1086558 2201
1086560 2203
1086561 2202
1086562 2204
1086592 2396
1086593 2396
1086594 2396
1086595 2397
1086597 2398
1086598 2398
1086599 2399
1086600 2400
1086602 2400
1086603 2401
1086604 2402
1086605 2402
1086606 2402
1086607 2403
1086608 2404
1086609 2404
1086611 2405
1086612 2406
1086613 2406
1086614 2406
1086615 2407
1086616 2408
1086617 2408
1086618 2408
1086619 2409
1086620 2410
1086621 2410
1086622 2410
1086623 2411
1086624 2412
1086625 2412
1086626 2412
1086627 2413
1086720 2220
1086721 2221
1086722 2222
1086725 2223
1086726 2224
1086728 2414
1086730 2226
1086732 2227
1086733 2228
1086734 2229
1086736 2230
1086737 2231
1086738 2232
1086741 2415
1086742 2234
1086744 2235
1086745 2236
1086746 2237
1086748 2238
1086749 2239
1086750 2240
1086752 2241
1086753 2242
1086754 2243
1086784 2221
1086785 2220
1086786 2222
1086789 2416
1086790 2224
1086792 2225
1086794 2226
1086796 2228
1086797 2227
1086798 2229
1086800 2231
1086801 2230
1086802 2232
1086804 2415
1086806 2234
1086808 2236
1086809 2235
1086810 2237
1086812 2239
1086813 2238
1086814 2240
1086816 2242
1086817 2241
1086818 2243
1086848 2417
1086849 2417
1086850 2417
1086851 2418
1086853 2419
1086854 2419
1086855 2420
1086856 2421
1086858 2421
1086859 2422
1086860 2423
1086861 2423
1086862 2423
1086863 2424
1086864 2425
1086865 2425
1086866 2425
1086867 2426
1086868 2427
1086869 2427
1086871 2428
1086872 2429
1086873 2429
1086874 2429
1086875 2430
1086876 2431
1086877 2431
1086878 2431
1086879 2432
1086880 2433
1086881 2433
1086882 2433
1086883 2434
1086976 2259
1086977 2260
1086978 2261
1086981 2262
1086982 2263
1086984 2435
1086986 2265
1086988 2266
1086989 2267
1086990 2268
1086992 2269
1086993 2270
1086994 2271
1086996 2272
1086997 2273
1086998 2274
1087001 2436
1087002 2276
1087004 2277
1087005 2278
1087006 2279
1087008 2280
1087009 2281
1087010 2282
1087040 2260
1087041 2259
1087042 2261
1087045 2437
1087046 2263
1087048 2264
1087050 2265
1087052 2267
1087053 2266
1087054 2268
1087056 2270
1087057 2269
1087058 2271
1087060 2273
1087061 2272
1087062 2274
1087064 2436
1087066 2276
1087068 2278
1087069 2277
1087070 2279
1087072 2281
1087073 2280
1087074 2282
1087104 2438
1087105 2438
1087106 2438
1087107 2439
1087109 2440
1087110 2440
1087111 2441
1087112 2442
1087114 2442
1087115 2443
1087116 2444
1087117 2444
1087118 2444
1087119 2445
1087120 2446
1087121 2446
1087122 2446
1087123 2447
1087124 2448
1087125 2448
1087126 2448
1087127 2449
1087128 2450
1087129 2450
1087131 2451
1087132 2452
1087133 2452
1087134 2452
1087135 2453
1087136 2454
1087137 2454
1087138 2454
1087139 2455
1087232 2298
1087233 2299
1087234 2300
1087237 2301
1087238 2302
1087240 2456
1087242 2304
1087244 2305
1087245 2306
1087246 2307
1087248 2308
1087249 2309
1087250 2310
1087252 2311
1087253 2312
1087254 2313
1087256 2314
1087257 2315
1087258 2316
1087261 2457
1087262 2318
1087264 2319
1087265 2320
1087266 2321
1087296 2299
1087297 2298
1087298 2300
1087301 2458
1087302 2302
1087304 2303
1087306 2304
1087308 2306
1087309 2305
1087310 2307
1087312 2309
1087313 2308
1087314 2310
1087316 2312
1087317 2311
1087318 2313
1087320 2315
1087321 2314
1087322 2316
1087324 2457
1087326 2318
1087328 2320
1087329 2319
1087330 2321
1087360 2459
1087361 2459
1087362 2459
1087363 2460
1087365 2461
1087366 2461
1087367 2462
1087368 2463
1087370 2463
1087371 2464
1087372 2465
1087373 2465
1087374 2465
1087375 2466
1087376 2467
1087377 2467
1087378 2467
1087379 2468
1087380 2469
1087381 2469
1087382 2469
1087383 2470
1087384 2471
1087385 2471
1087386 2471
1087387 2472
1087388 2473
1087389 2473
1087391 2474
1087392 2475
1087393 2475
1087394 2475
1087395 2476
1087488 2335
1087489 2336
1087490 2337
1087493 2338
1087494 2339
1087496 2477
1087498 2341
1087500 2342
1087501 2343
1087502 2344
1087504 2345
1087505 2346
1087506 2347
1087508 2348
1087509 2349
1087510 2350
1087512 2351
1087513 2352
1087514 2353
1087516 2351
1087517 2352
1087518 2353
1087521 2478
1087522 2355
1087552 2336
1087553 2335
1087554 2337
1087557 2479
1087558 2339
1087560 2340
1087562 2341
1087564 2343
1087565 2342
1087566 2344
1087568 2346
1087569 2345
1087570 2347
1087572 2349
1087573 2348
1087574 2350
1087576 2352
1087577 2351
1087578 2353
1087580 2352
1087581 2351
1087582 2353
1087584 2478
1087586 2355
1087616 2480
1087617 2480
1087618 2480
1087619 2481
1087621 2482
1087622 2482
1087623 2483
1087624 2484
1087626 2484
1087627 2485
1087628 2486
1087629 2486
1087630 2486
1087631 2487
1087632 2488
1087633 2488
1087634 2488
1087635 2489
1087636 2490
1087637 2490
1087638 2490
1087639 2491
1087640 2492
1087641 2492
1087642 2492
1087643 2493
1087644 2492
1087645 2492
1087646 2492
1087647 2493
1087648 2494
1087649 2494
1087651 2495
1098560 2496
1098561 2497
1098562 2498
1098565 2499
1098566 2500
1098568 2501
1098569 2502
1098570 2503
1098574 2504
1098576 2505
1098577 2506
1098578 2507
1098580 2508
1098581 2509
1098582 2510
1098584 2511
1098585 2512
1098586 2513
1098588 2514
1098589 2515
1098590 2516
1098592 2517
1098593 2518
1098594 2519
1098752 2520
1098753 2521
1098757 2522
1098760 2523
1098761 2524
1098765 2525
1098769 2526
1098772 2527
1098773 2528
1098776 2529
1098777 2530
1098780 2531
1098781 2532
1098784 2533
1098785 2534
1098816 2535
1098817 2536
1098818 2537
1098821 2538
1098822 2539
1098824 2540
1098825 2541
1098826 2542
1098829 2543
1098830 2544
1098832 2545
1098834 2546
1098836 2547
1098837 2548
1098838 2549
1098840 2550
1098841 2551
1098842 2552
1098844 2553
1098845 2554
1098846 2555
1098848 2556
1098849 2557
1098850 2558
1099008 2559
1099009 2560
1099013 2561
1099016 2562
1099017 2563
1099021 2564
1099024 2565
1099025 2566
1099029 2567
1099032 2568
1099033 2569
1099036 2570
1099037 2571
1099040 2572
1099041 2573
1099072 2574
1099073 2575
1099074 2576
1099077 2577
1099078 2578
1099080 2579
1099081 2580
1099082 2581
1099085 2582
1099086 2583
1099088 2584
1099089 2585
1099090 2586
1099092 2587
1099094 2588
1099096 2589
1099097 2590
1099098 2591
1099100 2592
1099101 2593
1099102 2594
1099104 2595
1099105 2596
1099106 2597
1099264 2598
1099265 2599
1099269 2600
1099272 2601
1099273 2602
1099277 2603
1099280 2604
1099281 2605
1099284 2606
1099285 2607
1099289 2608
1099292 2609
1099293 2610
1099296 2609
1099297 2610
1099328 2611
1099329 2612
1099330 2613
1099333 2614
1099334 2615
1099336 2616
1099337 2617
1099338 2618
1099341 2619
1099342 2620
1099344 2621
1099345 2622
1099346 2623
1099348 2624
1099349 2625
1099350 2626
1099352 2627
1099354 2628
1099356 2629
1099357 2630
1099358 2631
1099360 2629
1099361 2630
1099362 2631
1099520 2632
1099521 2633
1099525 2634
1099528 2635
1099529 2636
1099533 2637
1099536 2638
1099537 2639
1099540 2640
1099541 2641
1099544 2642
1099545 2643
1099549 2644
1099552 2645
1099553 2646
1099584 2647
1099585 2648
1099586 2649
1099589 2650
1099590 2651
1099592 2652
1099593 2653
1099594 2654
1099597 2655
1099598 2656
1099600 2657
1099601 2658
1099602 2659
1099604 2660
1099605 2661
1099606 2662
1099608 2663
1099609 2664
1099610 2665
1099612 2666
1099614 2667
1099616 2668
1099617 2669
1099618 2670
1099776 2671
1099777 2672
1099781 2673
1099784 2674
1099785 2675
1099789 2676
1099792 2677
1099793 2678
1099796 2679
1099797 2680
1099800 2681
1099801 2682
1099804 2681
1099805 2682
1099809 2683
1099840 2684
1099841 2685
1099842 2686
1099845 2687
1099846 2688
1099848 2689
1099849 2690
1099850 2691
1099853 2692
1099854 2693
1099856 2694
1099857 2695
1099858 2696
1099860 2697
1099861 2698
1099862 2699
1099864 2700
1099865 2701
1099866 2702
1099868 2700
1099869 2701
1099870 2702
1099872 2703
1099874 2704
1102720 2705
1102721 2705
1102723 2706
1102725 2707
1102727 2708
1102728 2709
1102729 2709
1102731 2710
1102732 2711
1102735 2712
1102736 2713
1102737 2713
1102739 2714
1102740 2715
1102741 2715
1102743 2716
1102744 2717
1102745 2717
1102747 2718
1102748 2719
1102749 2719
1102751 2720
1102752 2721
1102753 2721
1102755 2722
1102848 2535
1102849 2536
1102850 2537
1102853 2538
1102854 2539
1102856 2540
1102857 2541
1102858 2542
1102860 2723
1102862 2544
1102865 2724
1102866 2546
1102868 2547
1102869 2548
1102870 2549
1102872 2550
1102873 2551
1102874 2552
1102876 2553
1102877 2554
1102878 2555
1102880 2556
1102881 2557
1102882 2558
1102912 2536
1102913 2535
1102914 2537
1102917 2725
1102918 2539
1102920 2541
1102921 2540
1102922 2542
1102924 2543
1102926 2544
1102928 2724
1102930 2546
1102932 2548
1102933 2547
1102934 2549
1102936 2551
1102937 2550
1102938 2552
1102940 2554
1102941 2553
1102942 2555
1102944 2557
1102945 2556
1102946 2558
1102976 2726
1102977 2726
1102978 2726
1102979 2727
1102981 2728
1102982 2728
1102983 2729
1102984 2730
1102985 2730
1102986 2730
1102987 2731
1102988 2732
1102990 2732
1102991 2733
1102992 2734
1102993 2734
1102995 2735
1102996 2736
1102997 2736
1102998 2736
1102999 2737
1103000 2738
1103001 2738
1103002 2738
1103003 2739
1103004 2740
1103005 2740
1103006 2740
1103007 2741
1103008 2742
1103009 2742
1103010 2742
1103011 2743
1103104 2574
1103105 2575
1103106 2576
1103109 2577
1103110 2578
1103112 2579
1103113 2580
1103114 2581
1103116 2744
1103118 2583
1103120 2584
1103121 2585
1103122 2586
1103125 2745
1103126 2588
1103128 2589
1103129 2590
1103130 2591
1103132 2592
1103133 2593
1103134 2594
1103136 2595
1103137 2596
1103138 2597
1103168 2575
1103169 2574
1103170 2576
1103173 2746
1103174 2578
1103176 2580
1103177 2579
1103178 2581
1103180 2582
1103182 2583
1103184 2585
1103185 2584
1103186 2586
1103188 2745
1103190 2588
1103192 2590
1103193 2589
1103194 2591
1103196 2593
1103197 2592
1103198 2594
1103200 2596
1103201 2595
1103202 2597
1103232 2747
1103233 2747
1103234 2747
1103235 2748
1103237 2749
1103238 2749
1103239 2750
1103240 2751
1103241 2751
1103242 2751
1103243 2752
1103244 2753
1103246 2753
1103247 2754
1103248 2755
1103249 2755
1103250 2755
1103251 2756
1103252 2757
1103253 2757
1103255 2758
1103256 2759
1103257 2759
1103258 2759
1103259 2760
1103260 2761
1103261 2761
1103262 2761
1103263 2762
1103264 2763
1103265 2763
1103266 2763
1103267 2764
1103360 2611
1103361 2612
1103362 2613
1103365 2614
1103366 2615
1103368 2616
1103369 2617
1103370 2618
1103372 2765
1103374 2620
1103376 2621
1103377 2622
1103378 2623
1103380 2624
1103381 2625
1103382 2626
1103385 2766
1103386 2628
1103388 2629
1103389 2630
1103390 2631
1103392 2629
1103393 2630
1103394 2631
1103424 2612
1103425 2611
1103426 2613
1103429 2767
1103430 2615
1103432 2617
1103433 2616
1103434 2618
1103436 2619
1103438 2620
1103440 2622
1103441 2621
1103442 2623
1103444 2625
1103445 2624
1103446 2626
1103448 2766
1103450 2628
1103452 2630
1103453 2629
1103454 2631
1103456 2630
1103457 2629
1103458 2631
1103488 2768
1103489 2768
1103490 2768
1103491 2769
1103493 2770
1103494 2770
1103495 2771
1103496 2772
1103497 2772
1103498 2772
1103499 2773
1103500 2774
1103502 2774
1103503 2775
1103504 2776
1103505 2776
1103506 2776
1103507 2777
1103508 2778
1103509 2778
1103510 2778
1103511 2779
1103512 2780
1103513 2780
1103515 2781
1103516 2782
1103517 2782
1103518 2782
1103519 2783
1103520 2782
1103521 2782
1103522 2782
1103523 2783
1103616 2647
1103617 2648
1103618 2649
1103621 2650
1103622 2651
1103624 2652
1103625 2653
1103626 2654
1103628 2784
1103630 2656
1103632 2657
1103633 2658
1103634 2659
1103636 2660
1103637 2661
1103638 2662
1103640 2663
1103641 2664
1103642 2665
1103645 2785
1103646 2667
1103648 2668
1103649 2669
1103650 2670
1103680 2648
1103681 2647
1103682 2649
1103685 2786
1103686 2651
1103688 2653
1103689 2652
1103690 2654
1103692 2655
1103694 2656
1103696 2658
1103697 2657
1103698 2659
1103700 2661
1103701 2660
1103702 2662
1103704 2664
1103705 2663
1103706 2665
1103708 2785
1103710 2667
1103712 2669
1103713 2668
1103714 2670
1103744 2787
1103745 2787
1103746 2787
1103747 2788
1103749 2789
1103750 2789
1103751 2790
1103752 2791
1103753 2791
1103754 2791
1103755 2792
1103756 2793
1103758 2793
1103759 2794
1103760 2795
1103761 2795
1103762 2795
1103763 2796
1103764 2797
1103765 2797
1103766 2797
1103767 2798
1103768 2799
1103769 2799
1103770 2799
1103771 2800
1103772 2801
1103773 2801
1103775 2802
1103776 2803
1103777 2803
1103778 2803
1103779 2804
1103872 2684
1103873 2685
1103874 2686
1103877 2687
1103878 2688
1103880 2689
1103881 2690
1103882 2691
1103884 2805
1103886 2693
1103888 2694
1103889 2695
1103890 2696
1103892 2697
1103893 2698
1103894 2699
1103896 2700
1103897 2701
1103898 2702
1103900 2700
1103901 2701
1103902 2702
1103905 2806
1103906 2704
1103936 2685
1103937 2684
1103938 2686
1103941 2807
1103942 2688
1103944 2690
1103945 2689
1103946 2691
1103948 2692
1103950 2693
1103952 2695
1103953 2694
1103954 2696
1103956 2698
1103957 2697
1103958 2699
1103960 2701
1103961 2700
1103962 2702
1103964 2701
1103965 2700
1103966 2702
1103968 2806
1103970 2704
1104000 2808
1104001 2808
1104002 2808
1104003 2809
1104005 2810
1104006 2810
1104007 2811
1104008 2812
1104009 2812
1104010 2812
1104011 2813
1104012 2814
1104014 2814
1104015 2815
1104016 2816
1104017 2816
1104018 2816
1104019 2817
1104020 2818
1104021 2818
1104022 2818
1104023 2819
1104024 2820
1104025 2820
1104026 2820
1104027 2821
1104028 2820
1104029 2820
1104030 2820
1104031 2821
1104032 2822
1104033 2822
1104035 2823
1115200 2824
1115201 2825
1115202 2826
1115205 2827
1115206 2828
1115208 2829
1115209 2830
1115210 2831
1115212 2829
1115213 2830
1115214 2831
1115218 2832
1115220 2833
1115221 2834
1115222 2835
1115224 2836
1115225 2837
1115226 2838
1115228 2839
1115229 2840
1115230 2841
1115232 2839
1115233 2840
1115234 2841
1115392 2842
1115393 2843
1115397 2844
1115400 2845
1115401 2846
1115404 2847
1115405 2848
1115409 2849
1115413 2850
1115416 2851
1115417 2852
1115420 2851
1115421 2852
1115424 2853
1115425 2854
1115456 2855
1115457 2856
1115458 2857
1115461 2858
1115462 2859
1115464 2860
1115465 2861
1115466 2862
1115468 2863
1115469 2864
1115470 2865
1115473 2866
1115474 2867
1115476 2868
1115478 2869
1115480 2870
1115481 2871
1115482 2872
1115484 2870
1115485 2871
1115486 2872
1115488 2873
1115489 2874
1115490 2875
1115648 2876
1115649 2877
1115653 2878
1115656 2879
1115657 2880
1115660 2881
1115661 2882
1115665 2883
1115668 2884
1115669 2885
1115673 2886
1115676 2887
1115677 2888
1115680 2889
1115681 2890
1115712 2891
1115713 2892
1115714 2893
1115717 2894
1115718 2895
1115720 2896
1115721 2897
1115722 2898
1115724 2899
1115725 2900
1115726 2901
1115729 2902
1115730 2903
1115732 2904
1115733 2905
1115734 2906
1115736 2907
1115738 2908
1115740 2909
1115741 2910
1115742 2911
1115744 2912
1115745 2913
1115746 2914
1115904 2915
1115905 2916
1115909 2917
1115912 2918
1115913 2919
1115916 2920
1115917 2921
1115921 2922
1115924 2923
1115925 2924
1115928 2925
1115929 2926
1115933 2927
1115936 2928
1115937 2929
1115968 2930
1115969 2931
1115970 2932
1115973 2933
1115974 2934
1115976 2935
1115977 2936
1115978 2937
1115980 2938
1115981 2939
1115982 2940
1115985 2941
1115986 2942
1115988 2943
1115989 2944
1115990 2945
1115992 2946
1115993 2947
1115994 2948
1115996 2949
1115998 2950
1116000 2951
1116001 2952
1116002 2953
1116160 2954
1116161 2955
1116165 2956
1116168 2957
1116169 2958
1116172 2957
1116173 2958
1116177 2959
1116180 2960
1116181 2961
1116184 2962
1116185 2963
1116188 2964
1116189 2965
1116193 2966
1116224 2967
1116225 2968
1116226 2969
1116229 2970
1116230 2971
1116232 2972
1116233 2973
1116234 2974
1116236 2972
1116237 2973
1116238 2974
1116241 2975
1116242 2976
1116244 2977
1116245 2978
1116246 2979
1116248 2980
1116249 2981
1116250 2982
1116252 2983
1116253 2984
1116254 2985
1116256 2986
1116258 2987
1119360 2988
1119361 2988
1119363 2989
1119365 2990
1119367 2991
1119368 2992
1119369 2992
1119371 2993
1119372 2992
1119373 2992
1119375 2993
1119376 2994
1119379 2995
1119380 2996
1119381 2996
1119383 2997
1119384 2998
1119385 2998
1119387 2999
1119388 3000
1119389 3000
1119391 3001
1119392 3000
1119393 3000
1119395 3001
1119488 2855
1119489 2856
1119490 2857
1119493 2858
1119494 2859
1119496 2860
1119497 2861
1119498 2862
1119500 2863
1119501 2864
1119502 2865
1119504 3002
1119506 2867
1119509 3003
1119510 2869
1119512 2870
1119513 2871
1119514 2872
1119516 2870
1119517 2871
1119518 2872
1119520 2873
1119521 2874
1119522 2875
1119552 2856
1119553 2855
1119554 2857
1119557 3004
1119558 2859
1119560 2861
1119561 2860
1119562 2862
1119564 2864
1119565 2863
1119566 2865
1119568 2866
1119570 2867
1119572 3003
1119574 2869
1119576 2871
1119577 2870
1119578 2872
1119580 2871
1119581 2870
1119582 2872
1119584 2874
1119585 2873
1119586 2875
1119616 3005
1119617 3005
1119618 3005
1119619 3006
1119621 3007
1119622 3007
1119623 3008
1119624 3009
1119625 3009
1119626 3009
1119627 3010
1119628 3011
1119629 3011
1119630 3011
1119631 3012
1119632 3013
1119634 3013
1119635 3014
1119636 3015
1119637 3015
1119639 3016
1119640 3017
1119641 3017
1119642 3017
1119643 3018
1119644 3017
1119645 3017
1119646 3017
1119647 3018
1119648 3019
1119649 3019
1119650 3019
1119651 3020
1119744 2891
1119745 2892
1119746 2893
1119749 2894
1119750 2895
1119752 2896
1119753 2897
1119754 2898
1119756 2899
1119757 2900
1119758 2901
1119760 3021
1119762 2903
1119764 2904
1119765 2905
1119766 2906
1119769 3022
1119770 2908
1119772 2909
1119773 2910
1119774 2911
1119776 2912
1119777 2913
1119778 2914
1119808 2892
1119809 2891
1119810 2893
1119813 3023
1119814 2895
1119816 2897
1119817 2896
1119818 2898
1119820 2900
1119821 2899
1119822 2901
1119824 2902
1119826 2903
1119828 2905
1119829 2904
1119830 2906
1119832 3022
1119834 2908
1119836 2910
1119837 2909
1119838 2911
1119840 2913
1119841 2912
1119842 2914
1119872 3024
1119873 3024
1119874 3024
1119875 3025
1119877 3026
1119878 3026
1119879 3027
1119880 3028
1119881 3028
1119882 3028
1119883 3029
1119884 3030
1119885 3030
1119886 3030
1119887 3031
1119888 3032
1119890 3032
1119891 3033
1119892 3034
1119893 3034
1119894 3034
1119895 3035
1119896 3036
1119897 3036
1119899 3037
1119900 3038
1119901 3038
1119902 3038
1119903 3039
1119904 3040
1119905 3040
1119906 3040
1119907 3041
1120000 2930
1120001 2931
1120002 2932
1120005 2933
1120006 2934
1120008 2935
1120009 2936
1120010 2937
1120012 2938
1120013 2939
1120014 2940
1120016 3042
1120018 2942
1120020 2943
1120021 2944
1120022 2945
1120024 2946
1120025 2947
1120026 2948
1120029 3043
1120030 2950
1120032 2951
1120033 2952
1120034 2953
1120064 2931
1120065 2930
1120066 2932
1120069 3044
1120070 2934
1120072 2936
1120073 2935
1120074 2937
1120076 2939
1120077 2938
1120078 2940
1120080 2941
1120082 2942
1120084 2944
1120085 2943
1120086 2945
1120088 2947
1120089 2946
1120090 2948
1120092 3043
1120094 2950
1120096 2952
1120097 2951
1120098 2953
1120128 3045
1120129 3045
1120130 3045
1120131 3046
1120133 3047
1120134 3047
1120135 3048
1120136 3049
1120137 3049
1120138 3049
1120139 3050
1120140 3051
1120141 3051
1120142 3051
1120143 3052
1120144 3053
1120146 3053
1120147 3054
1120148 3055
1120149 3055
1120150 3055
1120151 3056
1120152 3057
1120153 3057
1120154 3057
1120155 3058
1120156 3059
1120157 3059
1120159 3060
1120160 3061
1120161 3061
1120162 3061
1120163 3062
1120256 2967
1120257 2968
1120258 2969
1120261 2970
1120262 2971
1120264 2972
1120265 2973
1120266 2974
1120268 2972
1120269 2973
1120270 2974
1120272 3063
1120274 2976
1120276 2977
1120277 2978
1120278 2979
1120280 2980
1120281 2981
1120282 2982
1120284 2983
1120285 2984
1120286 2985
1120289 3064
1120290 2987
1120320 2968
1120321 2967
1120322 2969
1120325 3065
1120326 2971
1120328 2973
1120329 2972
1120330 2974
1120332 2973
1120333 2972
1120334 2974
1120336 2975
1120338 2976
1120340 2978
1120341 2977
1120342 2979
1120344 2981
1120345 2980
1120346 2982
1120348 2984
1120349 2983
1120350 2985
1120352 3064
1120354 2987
1120384 3066
1120385 3066
1120386 3066
1120387 3067
1120389 3068
1120390 3068
1120391 3069
1120392 3070
1120393 3070
1120394 3070
1120395 3071
1120396 3070
1120397 3070
1120398 3070
1120399 3071
1120400 3072
1120402 3072
1120403 3073
1120404 3074
1120405 3074
1120406 3074
1120407 3075
1120408 3076
1120409 3076
1120410 3076
1120411 3077
1120412 3078
1120413 3078
1120414 3078
1120415 3079
1120416 3080
1120417 3080
1120419 3081
1131840 3082
1131841 3083
1131842 3084
1131845 3085
1131846 3086
1131848 3087
1131849 3088
1131850 3089
1131852 3087
1131853 3088
1131854 3089
1131856 3090
1131857 3091
1131858 3092
1131862 3093
1131864 3094
1131865 3095
1131866 3096
1131868 3094
1131869 3095
1131870 3096
1131872 3097
1131873 3098
1131874 3099
1132032 3100
1132033 3101
1132037 3102
1132040 3103
1132041 3104
1132044 3103
1132045 3104
1132048 3105
1132049 3106
1132053 3107
1132057 3108
1132060 3109
1132061 3110
1132064 3111
1132065 3112
1132096 3113
1132097 3114
1132098 3115
1132101 3116
1132102 3117
1132104 3118
1132105 3119
1132106 3120
1132108 3118
1132109 3119
1132110 3120
1132112 3121
1132113 3122
1132114 3123
1132117 3124
1132118 3125
1132120 3126
1132122 3127
1132124 3128
1132125 3129
1132126 3130
1132128 3131
1132129 3132
1132130 3133
1132288 3134
1132289 3135
1132293 3136
1132296 3137
1132297 3138
1132300 3139
1132301 3140
1132304 3141
1132305 3142
1132309 3143
1132312 3144
1132313 3145
1132317 3146
1132320 3147
1132321 3148
1132352 3149
1132353 3150
1132354 3151
1132357 3152
1132358 3153
1132360 3154
1132361 3155
1132362 3156
1132364 3157
1132365 3158
1132366 3159
1132368 3160
1132369 3161
1132370 3162
1132373 3163
1132374 3164
1132376 3165
1132377 3166
1132378 3167
1132380 3168
1132382 3169
1132384 3170
1132385 3171
1132386 3172
1132544 3173
1132545 3174
1132549 3175
1132552 3176
1132553 3177
1132556 3176
1132557 3177
1132560 3178
1132561 3179
1132565 3180
1132568 3181
1132569 3182
1132572 3181
1132573 3182
1132577 3183
1132608 3184
1132609 3185
1132610 3186
1132613 3187
1132614 3188
1132616 3189
1132617 3190
1132618 3191
1132620 3189
1132621 3190
1132622 3191
1132624 3192
1132625 3193
1132626 3194
1132629 3195
1132630 3196
1132632 3197
1132633 3198
1132634 3199
1132636 3197
1132637 3198
1132638 3199
1132640 3200
1132642 3201
1136000 3202
1136001 3202
1136003 3203
1136005 3204
1136007 3205
1136008 3206
1136009 3206
1136011 3207
1136012 3206
1136013 3206
1136015 3207
1136016 3208
1136017 3208
1136019 3209
1136020 3210
1136023 3211
1136024 3212
1136025 3212
1136027 3213
1136028 3212
1136029 3212
1136031 3213
1136032 3214
1136033 3214
1136035 3215
1136128 3113
1136129 3114
1136130 3115
1136133 3116
1136134 3117
1136136 3118
1136137 3119
1136138 3120
1136140 3118
1136141 3119
1136142 3120
1136144 3121
1136145 3122
1136146 3123
1136148 3216
1136150 3125
1136153 3217
1136154 3127
1136156 3128
1136157 3129
1136158 3130
1136160 3131
1136161 3132
1136162 3133
1136192 3114
1136193 3113
1136194 3115
1136197 3218
1136198 3117
1136200 3119
1136201 3118
1136202 3120
1136204 3119
1136205 3118
1136206 3120
1136208 3122
1136209 3121
1136210 3123
1136212 3124
1136214 3125
1136216 3217
1136218 3127
1136220 3129
1136221 3128
1136222 3130
1136224 3132
1136225 3131
1136226 3133
1136256 3219
1136257 3219
1136258 3219
1136259 3220
1136261 3221
1136262 3221
1136263 3222
1136264 3223
1136265 3223
1136266 3223
1136267 3224
1136268 3223
1136269 3223
1136270 3223
1136271 3224
1136272 3225
1136273 3225
1136274 3225
1136275 3226
1136276 3227
1136278 3227
1136279 3228
1136280 3229
1136281 3229
1136283 3230
1136284 3231
1136285 3231
1136286 3231
1136287 3232
1136288 3233
1136289 3233
1136290 3233
1136291 3234
1136384 3149
1136385 3150
1136386 3151
1136389 3152
1136390 3153
1136392 3154
1136393 3155
1136394 3156
1136396 3157
1136397 3158
1136398 3159
1136400 3160
1136401 3161
1136402 3162
1136404 3235
1136406 3164
1136408 3165
1136409 3166
1136410 3167
1136413 3236
1136414 3169
1136416 3170
1136417 3171
1136418 3172
1136448 3150
1136449 3149
1136450 3151
1136453 3237
1136454 3153
1136456 3155
1136457 3154
1136458 3156
1136460 3158
1136461 3157
1136462 3159
1136464 3161
1136465 3160
1136466 3162
1136468 3163
1136470 3164
1136472 3166
1136473 3165
1136474 3167
1136476 3236
1136478 3169
1136480 3171
1136481 3170
1136482 3172
1136512 3238
1136513 3238
1136514 3238
1136515 3239
1136517 3240
1136518 3240
1136519 3241
1136520 3242
1136521 3242
1136522 3242
1136523 3243
1136524 3244
1136525 3244
1136526 3244
1136527 3245
1136528 3246
1136529 3246
1136530 3246
1136531 3247
1136532 3248
1136534 3248
1136535 3249
1136536 3250
1136537 3250
1136538 3250
1136539 3251
1136540 3252
1136541 3252
1136543 3253
1136544 3254
1136545 3254
1136546 3254
1136547 3255
1136640 3184
1136641 3185
1136642 3186
1136645 3187
1136646 3188
1136648 3189
1136649 3190
1136650 3191
1136652 3189
1136653 3190
1136654 3191
1136656 3192
1136657 3193
1136658 3194
1136660 3256
1136662 3196
1136664 3197
1136665 3198
1136666 3199
1136668 3197
1136669 3198
1136670 3199
1136673 3257
1136674 3201
1136704 3185
1136705 3184
1136706 3186
1136709 3258
1136710 3188
1136712 3190
1136713 3189
1136714 3191
1136716 3190
1136717 3189
1136718 3191
1136720 3193
1136721 3192
1136722 3194
1136724 3195
1136726 3196
1136728 3198
1136729 3197
1136730 3199
1136732 3198
1136733 3197
1136734 3199
1136736 3257
1136738 3201
1136768 3259
1136769 3259
1136770 3259
1136771 3260
1136773 3261
1136774 3261
1136775 3262
1136776 3263
1136777 3263
1136778 3263
1136779 3264
1136780 3263
1136781 3263
1136782 3263
1136783 3264
1136784 3265
1136785 3265
1136786 3265
1136787 3266
1136788 3267
1136790 3267
1136791 3268
1136792 3269
1136793 3269
1136794 3269
1136795 3270
1136796 3269
1136797 3269
1136798 3269
1136799 3270
1136800 3271
1136801 3271
1136803 3272
1148480 3273
1148481 3274
1148482 3275
1148485 3276
1148486 3277
1148488 3278
1148489 3279
1148490 3280
1148492 3278
1148493 3279
1148494 3280
1148496 3281
1148497 3282
1148498 3283
1148500 3281
1148501 3282
1148502 3283
1148506 3284
1148508 3285
1148509 3286
1148510 3287
1148512 3285
1148513 3286
1148514 3287
1148672 3288
1148673 3289
1148677 3290
1148680 3291
1148681 3292
1148684 3293
1148685 3294
1148688 3295
1148689 3296
1148692 3295
1148693 3296
1148697 3297
1148701 3298
1148704 3299
1148705 3300
1148736 3301
1148737 3302
1148738 3303
1148741 3304
1148742 3305
1148744 3306
1148745 3307
1148746 3308
1148748 3309
1148749 3310
1148750 3311
1148752 3312
1148753 3313
1148754 3314
1148756 3312
1148757 3313
1148758 3314
1148761 3315
1148762 3316
1148764 3317
1148766 3318
1148768 3319
1148769 3320
1148770 3321
1148928 3322
1148929 3323
1148933 3324
1148936 3325
1148937 3326
1148940 3325
1148941 3326
1148944 3327
1148945 3328
1148948 3327
1148949 3328
1148953 3329
1148956 3330
1148957 3331
1148961 3332
1148992 3333
1148993 3334
1148994 3335
1148997 3336
1148998 3337
1149000 3338
1149001 3339
1149002 3340
1149004 3338
1149005 3339
1149006 3340
1149008 3341
1149009 3342
1149010 3343
1149012 3341
1149013 3342
1149014 3343
1149017 3344
1149018 3345
1149020 3346
1149021 3347
1149022 3348
1149024 3349
1149026 3350
1152640 3351
1152641 3351
1152643 3352
1152645 3353
1152647 3354
1152648 3355
1152649 3355
1152651 3356
1152652 3355
1152653 3355
1152655 3356
1152656 3357
1152657 3357
1152659 3358
1152660 3357
1152661 3357
1152663 3358
1152664 3359
1152667 3360
1152668 3361
1152669 3361
1152671 3362
1152672 3361
1152673 3361
1152675 3362
1152768 3301
1152769 3302
1152770 3303
1152773 3304
1152774 3305
1152776 3306
1152777 3307
1152778 3308
1152780 3309
1152781 3310
1152782 3311
1152784 3312
1152785 3313
1152786 3314
1152788 3312
1152789 3313
1152790 3314
1152792 3363
1152794 3316
1152797 3364
1152798 3318
1152800 3319
1152801 3320
1152802 3321
1152832 3302
1152833 3301
1152834 3303
1152837 3365
1152838 3305
1152840 3307
1152841 3306
1152842 3308
1152844 3310
1152845 3309
1152846 3311
1152848 3313
1152849 3312
1152850 3314
1152852 3313
1152853 3312
1152854 3314
1152856 3315
1152858 3316
1152860 3364
1152862 3318
1152864 3320
1152865 3319
1152866 3321
1152896 3366
1152897 3366
1152898 3366
1152899 3367
1152901 3368
1152902 3368
1152903 3369
1152904 3370
1152905 3370
1152906 3370
1152907 3371
1152908 3372
1152909 3372
1152910 3372
1152911 3373
1152912 3374
1152913 3374
1152914 3374
1152915 3375
1152916 3374
1152917 3374
1152918 3374
1152919 3375
1152920 3376
1152922 3376
1152923 3377
1152924 3378
1152925 3378
1152927 3379
1152928 3380
1152929 3380
1152930 3380
1152931 3381
1153024 3333
1153025 3334
1153026 3335
1153029 3336
1153030 3337
1153032 3338
1153033 3339
1153034 3340
1153036 3338
1153037 3339
1153038 3340
1153040 3341
1153041 3342
1153042 3343
1153044 3341
1153045 3342
1153046 3343
1153048 3382
1153050 3345
1153052 3346
1153053 3347
1153054 3348
1153057 3383
1153058 3350
1153088 3334
1153089 3333
1153090 3335
1153093 3384
1153094 3337
1153096 3339
1153097 3338
1153098 3340
1153100 3339
1153101 3338
1153102 3340
1153104 3342
1153105 3341
1153106 3343
1153108 3342
1153109 3341
1153110 3343
1153112 3344
1153114 3345
1153116 3347
1153117 3346
1153118 3348
1153120 3383
1153122 3350
1153152 3385
1153153 3385
1153154 3385
1153155 3386
1153157 3387
1153158 3387
1153159 3388
1153160 3389
1153161 3389
1153162 3389
1153163 3390
1153164 3389
1153165 3389
1153166 3389
1153167 3390
1153168 3391
1153169 3391
1153170 3391
1153171 3392
1153172 3391
1153173 3391
1153174 3391
1153175 3392
1153176 3393
1153178 3393
1153179 3394
1153180 3395
1153181 3395
1153182 3395
1153183 3396
1153184 3397
1153185 3397
1153187 3398
1165120 3399
1165121 3400
1165122 3401
1165125 3402
1165126 3403
1165128 3404
1165129 3405
1165130 3406
1165132 3404
1165133 3405
1165134 3406
1165136 3404
1165137 3405
1165138 3406
1165140 3407
1165141 3408
1165142 3409
1165144 3407
1165145 3408
1165146 3409
1165150 3410
1165152 3411
1165153 3412
1165154 3413
1165312 3414
1165313 3415
1165317 3416
1165320 3417
1165321 3418
1165324 3417
1165325 3418
1165328 3417
1165329 3418
1165332 3419
1165333 3420
1165336 3419
1165337 3420
1165341 3421
1165345 3422
1165376 3423
1165377 3424
1165378 3425
1165381 3426
1165382 3427
1165384 3428
1165385 3429
1165386 3430
1165388 3428
1165389 3429
1165390 3430
1165392 3428
1165393 3429
1165394 3430
1165396 3431
1165397 3432
1165398 3433
1165400 3431
1165401 3432
1165402 3433
1165405 3434
1165406 3435
1165408 3436
1165410 3437
1169280 3438
1169281 3438
1169283 3439
1169285 3440
1169287 3441
1169288 3442
1169289 3442
1169291 3443
1169292 3442
1169293 3442
1169295 3443
1169296 3442
1169297 3442
1169299 3443
1169300 3444
1169301 3444
1169303 3445
1169304 3444
1169305 3444
1169307 3445
1169308 3446
1169311 3447
1169312 3448
1169313 3448
1169315 3449
1169408 3423
1169409 3424
1169410 3425
1169413 3426
1169414 3427
1169416 3428
1169417 3429
1169418 3430
1169420 3428
1169421 3429
1169422 3430
1169424 3428
1169425 3429
1169426 3430
1169428 3431
1169429 3432
1169430 3433
1169432 3431
1169433 3432
1169434 3433
1169436 3450
1169438 3435
1169441 3451
1169442 3437
1169472 3424
1169473 3423
1169474 3425
1169477 3452
1169478 3427
1169480 3429
1169481 3428
1169482 3430
1169484 3429
1169485 3428
1169486 3430
1169488 3429
1169489 3428
1169490 3430
1169492 3432
1169493 3431
1169494 3433
1169496 3432
1169497 3431
1169498 3433
1169500 3434
1169502 3435
1169504 3451
1169506 3437
1169536 3453
1169537 3453
1169538 3453
1169539 3454
1169541 3455
1169542 3455
1169543 3456
1169544 3457
1169545 3457
1169546 3457
1169547 3458
1169548 3457
1169549 3457
1169550 3457
1169551 3458
1169552 3457
1169553 3457
1169554 3457
1169555 3458
1169556 3459
1169557 3459
1169558 3459
1169559 3460
1169560 3459
1169561 3459
1169562 3459
1169563 3460
1169564 3461
1169566 3461
1169567 3462
1169568 3463
1169569 3463
1169571 3464
1181760 3465
1181761 3466
1181762 3467
1181765 3468
1181766 3469
1181768 3470
1181769 3471
1181770 3472
1181772 3470
1181773 3471
1181774 3472
1181776 3473
1181777 3474
1181778 3475
1181780 3476
1181781 3477
1181782 3478
1181784 3476
1181785 3477
1181786 3478
1181788 3476
1181789 3477
1181790 3478
1181794 3479
1185920 3480
1185921 3480
1185923 3481
1185925 3482
1185927 3483
1185928 3484
1185929 3484
1185931 3485
1185932 3484
1185933 3484
1185935 3485
1185936 3486
1185937 3486
1185939 3487
1185940 3488
1185941 3488
1185943 3489
1185944 3488
1185945 3488
1185947 3489
1185948 3488
1185949 3488
1185951 3489
1185952 3490
1185955 3491
2134656 3492
2134659 3493
2134660 3492
2134663 3493
2134667 3494
2134668 3495
2134671 3496
2134672 3495
2134675 3496
2134676 3495
2134679 3496
2134680 3497
2134683 3498
2134684 3497
2134687 3498
2134688 3497
2134691 3498
2134784 3499
2134785 3500
2134786 3501
2134788 3502
2134789 3503
2134790 3504
2134794 3505
2134797 3506
2134798 3507
2134800 3508
2134801 3509
2134802 3510
2134804 3511
2134805 3512
2134806 3513
2134808 3514
2134809 3515
2134810 3516
2134812 3517
2134813 3518
2134814 3519
2134816 3520
2134817 3521
2134818 3522
2134912 3523
2134914 3523
2134915 3524
2134916 3525
2134918 3525
2134919 3526
2134922 3527
2134923 3528
2134924 3529
2134927 3530
2134928 3531
2134930 3531
2134931 3532
2134932 3533
2134934 3533
2134935 3534
2134936 3535
2134938 3535
2134939 3536
2134940 3537
2134942 3537
2134943 3538
2134944 3539
2134946 3539
2134947 3540
2135040 3541
2135041 3542
2135042 3543
2135044 3544
2135045 3545
2135046 3546
2135050 3547
2135052 3548
2135053 3549
2135054 3550
2135057 3551
2135058 3552
2135060 3553
2135061 3554
2135062 3555
2135064 3556
2135065 3557
2135066 3558
2135068 3559
2135069 3560
2135070 3561
2135072 3559
2135073 3560
2135074 3561
2135168 3562
2135170 3562
2135171 3563
2135172 3564
2135174 3564
2135175 3565
2135178 3566
2135179 3567
2135180 3568
2135182 3568
2135183 3569
2135184 3570
2135187 3571
2135188 3572
2135190 3572
2135191 3573
2135192 3574
2135194 3574
2135195 3575
2135196 3576
2135198 3576
2135199 3577
2135200 3576
2135202 3576
2135203 3577
2135296 3578
2135297 3579
2135298 3580
2135300 3581
2135301 3582
2135302 3583
2135306 3584
2135308 3585
2135309 3586
2135310 3587
2135312 3585
2135313 3586
2135314 3587
2135317 3588
2135318 3589
2135320 3590
2135321 3591
2135322 3592
2135324 3593
2135325 3594
2135326 3595
2135328 3596
2135329 3597
2135330 3598
2135424 3599
2135426 3599
2135427 3600
2135428 3601
2135430 3601
2135431 3602
2135434 3603
2135435 3604
2135436 3605
2135438 3605
2135439 3606
2135440 3605
2135442 3605
2135443 3606
2135444 3607
2135447 3608
2135448 3609
2135450 3609
2135451 3610
2135452 3611
2135454 3611
2135455 3612
2135456 3613
2135458 3613
2135459 3614
2135552 3615
2135553 3616
2135554 3617
2135556 3615
2135557 3616
2135558 3617
2135562 3618
2135564 3619
2135565 3620
2135566 3621
2135568 3619
2135569 3620
2135570 3621
2135572 3622
2135573 3623
2135574 3624
2135577 3625
2135578 3626
2135580 3627
2135581 3628
2135582 3629
2135584 3627
2135585 3628
2135586 3629
2135680 3630
2135682 3630
2135683 3631
2135684 3630
2135686 3630
2135687 3631
2135690 3632
2135691 3633
2135692 3634
2135694 3634
2135695 3635
2135696 3634
2135698 3634
2135699 3635
2135700 3636
2135702 3636
2135703 3637
2135704 3638
2135707 3639
2135708 3640
2135710 3640
2135711 3641
2135712 3640
2135714 3640
2135715 3641
2135808 3642
2135809 3643
2135810 3644
2135812 3642
2135813 3643
2135814 3644
2135818 3645
2135820 3646
2135821 3647
2135822 3648
2135824 3646
2135825 3647
2135826 3648
2135828 3649
2135829 3650
2135830 3651
2135832 3649
2135833 3650
2135834 3651
2135837 3652
2135838 3653
2135840 3654
2135841 3655
2135842 3656
2135936 3657
2135938 3657
2135939 3658
2135940 3657
2135942 3657
2135943 3658
2135946 3659
2135947 3660
2135948 3661
2135950 3661
2135951 3662
2135952 3661
2135954 3661
2135955 3662
2135956 3663
2135958 3663
2135959 3664
2135960 3663
2135962 3663
2135963 3664
2135964 3665
2135967 3666
2135968 3667
2135970 3667
2135971 3668
2136064 3669
2136065 3670
2136066 3671
2136068 3669
2136069 3670
2136070 3671
2136074 3672
2136076 3673
2136077 3674
2136078 3675
2136080 3676
2136081 3677
2136082 3678
2136084 3676
2136085 3677
2136086 3678
2136088 3679
2136089 3680
2136090 3681
2136092 3679
2136093 3680
2136094 3681
2136097 3682
2136098 3683
2136192 3684
2136194 3684
2136195 3685
2136196 3684
2136198 3684
2136199 3685
2136202 3686
2136203 3687
2136204 3688
2136206 3688
2136207 3689
2136208 3690
2136210 3690
2136211 3691
2136212 3690
2136214 3690
2136215 3691
2136216 3692
2136218 3692
2136219 3693
2136220 3692
2136222 3692
2136223 3693
2136224 3694
2136227 3695
2147136 3696
2147137 3697
2147138 3698
2147140 3699
2147141 3700
2147142 3701
2147145 3702
2147146 3703
2147150 3704
2147152 3705
2147153 3706
2147154 3707
2147156 3708
2147157 3709
2147158 3710
2147160 3711
2147161 3712
2147162 3713
2147164 3714
2147165 3715
2147166 3716
2147168 3717
2147169 3718
2147170 3719
2147328 3720
2147329 3721
2147332 3722
2147333 3723
2147337 3724
2147341 3725
2147345 3726
2147348 3727
2147349 3728
2147352 3729
2147353 3730
2147356 3731
2147357 3732
2147360 3731
2147361 3732
2147392 3733
2147393 3734
2147394 3735
2147396 3736
2147397 3737
2147398 3738
2147401 3739
2147402 3740
2147405 3741
2147406 3742
2147408 3743
2147410 3744
2147412 3745
2147413 3746
2147414 3747
2147416 3748
2147417 3749
2147418 3750
2147420 3751
2147421 3752
2147422 3753
2147424 3751
2147425 3752
2147426 3753
2147584 3754
2147585 3755
2147588 3756
2147589 3757
2147593 3758
2147597 3759
2147600 3760
2147601 3761
2147605 3762
2147608 3763
2147609 3764
2147612 3765
2147613 3766
2147616 3767
2147617 3768
2147648 3769
2147649 3770
2147650 3771
2147652 3772
2147653 3773
2147654 3774
2147657 3775
2147658 3776
2147661 3777
2147662 3778
2147664 3779
2147665 3780
2147666 3781
2147668 3782
2147670 3783
2147672 3784
2147673 3785
2147674 3786
2147676 3787
2147677 3788
2147678 3789
2147680 3790
2147681 3791
2147682 3792
2147840 3793
2147841 3794
2147844 3793
2147845 3794
2147849 3795
2147853 3796
2147856 3797
2147857 3798
2147860 3799
2147861 3800
2147865 3801
2147868 3802
2147869 3803
2147872 3802
2147873 3803
2147904 3804
2147905 3805
2147906 3806
2147908 3804
2147909 3805
2147910 3806
2147913 3807
2147914 3808
2147917 3809
2147918 3810
2147920 3811
2147921 3812
2147922 3813
2147924 3814
2147925 3815
2147926 3816
2147928 3817
2147930 3818
2147932 3819
2147933 3820
2147934 3821
2147936 3819
2147937 3820
2147938 3821
2148096 3822
2148097 3823
2148100 3824
2148101 3825
2148105 3826
2148109 3827
2148112 3828
2148113 3829
2148116 3830
2148117 3831
2148120 3832
2148121 3833
2148125 3834
2148128 3835
2148129 3836
2148160 3837
2148161 3838
2148162 3839
2148164 3840
2148165 3841
2148166 3842
2148169 3843
2148170 3844
2148173 3845
2148174 3846
2148176 3847
2148177 3848
2148178 3849
2148180 3850
2148181 3851
2148182 3852
2148184 3853
2148185 3854
2148186 3855
2148188 3856
2148190 3857
2148192 3858
2148193 3859
2148194 3860
2148352 3861
2148353 3862
2148356 3863
2148357 3864
2148361 3865
2148365 3866
2148368 3867
2148369 3868
2148372 3867
2148373 3868
2148376 3869
2148377 3870
2148380 3871
2148381 3872
2148385 3873
2148416 3874
2148417 3875
2148418 3876
2148420 3877
2148421 3878
2148422 3879
2148425 3880
2148426 3881
2148429 3882
2148430 3883
2148432 3884
2148433 3885
2148434 3886
2148436 3884
2148437 3885
2148438 3886
2148440 3887
2148441 3888
2148442 3889
2148444 3890
2148445 3891
2148446 3892
2148448 3893
2148450 3894
2151296 3895
2151297 3895
2151299 3896
2151300 3897
2151301 3897
2151303 3898
2151305 3899
2151307 3900
2151308 3901
2151311 3902
2151312 3903
2151313 3903
2151315 3904
2151316 3905
2151317 3905
2151319 3906
2151320 3907
2151321 3907
2151323 3908
2151324 3909
2151325 3909
2151327 3910
2151328 3911
2151329 3911
2151331 3912
2151424 3733
2151425 3734
2151426 3735
2151428 3736
2151429 3737
2151430 3738
2151433 3739
2151434 3740
2151436 3913
2151438 3742
2151441 3914
2151442 3744
2151444 3745
2151445 3746
2151446 3747
2151448 3748
2151449 3749
2151450 3750
2151452 3751
2151453 3752
2151454 3753
2151456 3751
2151457 3752
2151458 3753
2151488 3734
2151489 3733
2151490 3735
2151492 3737
2151493 3736
2151494 3738
2151497 3915
2151498 3740
2151500 3741
2151502 3742
2151504 3914
2151506 3744
2151508 3746
2151509 3745
2151510 3747
2151512 3749
2151513 3748
2151514 3750
2151516 3752
2151517 3751
2151518 3753
2151520 3752
2151521 3751
2151522 3753
2151552 3916
2151553 3916
2151554 3916
2151555 3917
2151556 3918
2151557 3918
2151558 3918
2151559 3919
2151561 3920
2151562 3920
2151563 3921
2151564 3922
2151566 3922
2151567 3923
2151568 3924
2151569 3924
2151571 3925
2151572 3926
2151573 3926
2151574 3926
2151575 3927
2151576 3928
2151577 3928
2151578 3928
2151579 3929
2151580 3930
2151581 3930
2151582 3930
2151583 3931
2151584 3930
2151585 3930
2151586 3930
2151587 3931
2151680 3769
2151681 3770
2151682 3771
2151684 3772
2151685 3773
2151686 3774
2151689 3775
2151690 3776
2151692 3932
2151694 3778
2151696 3779
2151697 3780
2151698 3781
2151701 3933
2151702 3783
2151704 3784
2151705 3785
2151706 3786
2151708 3787
2151709 3788
2151710 3789
2151712 3790
2151713 3791
2151714 3792
2151744 3770
2151745 3769
2151746 3771
2151748 3773
2151749 3772
2151750 3774
2151753 3934
2151754 3776
2151756 3777
2151758 3778
2151760 3780
2151761 3779
2151762 3781
2151764 3933
2151766 3783
2151768 3785
2151769 3784
2151770 3786
2151772 3788
2151773 3787
2151774 3789
2151776 3791
2151777 3790
2151778 3792
2151808 3935
2151809 3935
2151810 3935
2151811 3936
2151812 3937
2151813 3937
2151814 3937
2151815 3938
2151817 3939
2151818 3939
2151819 3940
2151820 3941
2151822 3941
2151823 3942
2151824 3943
2151825 3943
2151826 3943
2151827 3944
2151828 3945
2151829 3945
2151831 3946
2151832 3947
2151833 3947
2151834 3947
2151835 3948
2151836 3949
2151837 3949
2151838 3949
2151839 3950
2151840 3951
2151841 3951
2151842 3951
2151843 3952
2151936 3804
2151937 3805
2151938 3806
2151940 3804
2151941 3805
2151942 3806
2151945 3807
2151946 3808
2151948 3953
2151950 3810
2151952 3811
2151953 3812
2151954 3813
2151956 3814
2151957 3815
2151958 3816
2151961 3954
2151962 3818
2151964 3819
2151965 3820
2151966 3821
2151968 3819
2151969 3820
2151970 3821
2152000 3805
2152001 3804
2152002 3806
2152004 3805
2152005 3804
2152006 3806
2152009 3955
2152010 3808
2152012 3809
2152014 3810
2152016 3812
2152017 3811
2152018 3813
2152020 3815
2152021 3814
2152022 3816
2152024 3954
2152026 3818
2152028 3820
2152029 3819
2152030 3821
2152032 3820
2152033 3819
2152034 3821
2152064 3956
2152065 3956
2152066 3956
2152067 3957
2152068 3956
2152069 3956
2152070 3956
2152071 3957
2152073 3958
2152074 3958
2152075 3959
2152076 3960
2152078 3960
2152079 3961
2152080 3962
2152081 3962
2152082 3962
2152083 3963
2152084 3964
2152085 3964
2152086 3964
2152087 3965
2152088 3966
2152089 3966
2152091 3967
2152092 3968
2152093 3968
2152094 3968
2152095 3969
2152096 3968
2152097 3968
2152098 3968
2152099 3969
2152192 3837
2152193 3838
2152194 3839
2152196 3840
2152197 3841
2152198 3842
2152201 3843
2152202 3844
2152204 3970
2152206 3846
2152208 3847
2152209 3848
2152210 3849
2152212 3850
2152213 3851
2152214 3852
2152216 3853
2152217 3854
2152218 3855
2152221 3971
2152222 3857
2152224 3858
2152225 3859
2152226 3860
2152256 3838
2152257 3837
2152258 3839
2152260 3841
2152261 3840
2152262 3842
2152265 3972
2152266 3844
2152268 3845
2152270 3846
2152272 3848
2152273 3847
2152274 3849
2152276 3851
2152277 3850
2152278 3852
2152280 3854
2152281 3853
2152282 3855
2152284 3971
2152286 3857
2152288 3859
2152289 3858
2152290 3860
2152320 3973
2152321 3973
2152322 3973
2152323 3974
2152324 3975
2152325 3975
2152326 3975
2152327 3976
2152329 3977
2152330 3977
2152331 3978
2152332 3979
2152334 3979
2152335 3980
2152336 3981
2152337 3981
2152338 3981
2152339 3982
2152340 3983
2152341 3983
2152342 3983
2152343 3984
2152344 3985
2152345 3985
2152346 3985
2152347 3986
2152348 3987
2152349 3987
2152351 3988
2152352 3989
2152353 3989
2152354 3989
2152355 3990
2152448 3874
2152449 3875
2152450 3876
2152452 3877
2152453 3878
2152454 3879
2152457 3880
2152458 3881
2152460 3991
2152462 3883
2152464 3884
2152465 3885
2152466 3886
2152468 3884
2152469 3885
2152470 3886
2152472 3887
2152473 3888
2152474 3889
2152476 3890
2152477 3891
2152478 3892
2152481 3992
2152482 3894
2152512 3875
2152513 3874
2152514 3876
2152516 3878
2152517 3877
2152518 3879
2152521 3993
2152522 3881
2152524 3882
2152526 3883
2152528 3885
2152529 3884
2152530 3886
2152532 3885
2152533 3884
2152534 3886
2152536 3888
2152537 3887
2152538 3889
2152540 3891
2152541 3890
2152542 3892
2152544 3992
2152546 3894
2152576 3994
2152577 3994
2152578 3994
2152579 3995
2152580 3996
2152581 3996
2152582 3996
2152583 3997
2152585 3998
2152586 3998
2152587 3999
2152588 4000
2152590 4000
2152591 4001
2152592 4002
2152593 4002
2152594 4002
2152595 4003
2152596 4002
2152597 4002
2152598 4002
2152599 4003
2152600 4004
2152601 4004
2152602 4004
2152603 4005
2152604 4006
2152605 4006
2152606 4006
2152607 4007
2152608 4008
2152609 4008
2152611 4009
2163776 4010
2163777 4011
2163778 4012
2163780 4013
2163781 4014
2163782 4015
2163785 4016
2163786 4017
2163788 4018
2163789 4019
2163790 4020
2163794 4021
2163796 4022
2163797 4023
2163798 4024
2163800 4025
2163801 4026
2163802 4027
2163804 4028
2163805 4029
2163806 4030
2163808 4028
2163809 4029
2163810 4030
2163968 4031
2163969 4032
2163972 4033
2163973 4034
2163977 4035
2163980 4036
2163981 4037
2163985 4038
2163989 4039
2163992 4040
2163993 4041
2163996 4042
2163997 4043
2164000 4044
2164001 4045
2164032 4046
2164033 4047
2164034 4048
2164036 4049
2164037 4050
2164038 4051
2164041 4052
2164042 4053
2164044 4054
2164045 4055
2164046 4056
2164049 4057
2164050 4058
2164052 4059
2164054 4060
2164056 4061
2164057 4062
2164058 4063
2164060 4064
2164061 4065
2164062 4066
2164064 4067
2164065 4068
2164066 4069
2164224 4070
2164225 4071
2164228 4072
2164229 4073
2164233 4074
2164236 4075
2164237 4076
2164241 4077
2164244 4078
2164245 4079
2164249 4080
2164252 4081
2164253 4082
2164256 4083
2164257 4084
2164288 4085
2164289 4086
2164290 4087
2164292 4088
2164293 4089
2164294 4090
2164297 4091
2164298 4092
2164300 4093
2164301 4094
2164302 4095
2164305 4096
2164306 4097
2164308 4098
2164309 4099
2164310 4100
2164312 4101
2164314 4102
2164316 4103
2164317 4104
2164318 4105
2164320 4106
2164321 4107
2164322 4108
2164480 4109
2164481 4110
2164484 4111
2164485 4112
2164489 4113
2164492 4114
2164493 4115
2164497 4116
2164500 4117
2164501 4118
2164504 4119
2164505 4120
2164509 4121
2164512 4122
2164513 4123
2164544 4124
2164545 4125
2164546 4126
2164548 4127
2164549 4128
2164550 4129
2164553 4130
2164554 4131
2164556 4132
2164557 4133
2164558 4134
2164561 4135
2164562 4136
2164564 4137
2164565 4138
2164566 4139
2164568 4140
2164569 4141
2164570 4142
2164572 4143
2164574 4144
2164576 4145
2164577 4146
2164578 4147
2164736 4148
2164737 4149
2164740 4148
2164741 4149
2164745 4150
2164748 4151
2164749 4152
2164753 4153
2164756 4154
2164757 4155
2164760 4156
2164761 4157
2164764 4158
2164765 4159
2164769 4160
2164800 4161
2164801 4162
2164802 4163
2164804 4161
2164805 4162
2164806 4163
2164809 4164
2164810 4165
2164812 4166
2164813 4167
2164814 4168
2164817 4169
2164818 4170
2164820 4171
2164821 4172
2164822 4173
2164824 4174
2164825 4175
2164826 4176
2164828 4177
2164829 4178
2164830 4179
2164832 4180
2164834 4181
2167936 4182
2167937 4182
2167939 4183
2167940 4184
2167941 4184
2167943 4185
2167945 4186
2167947 4187
2167948 4188
2167949 4188
2167951 4189
2167952 4190
2167955 4191
2167956 4192
2167957 4192
2167959 4193
2167960 4194
2167961 4194
2167963 4195
2167964 4196
2167965 4196
2167967 4197
2167968 4196
2167969 4196
2167971 4197
2168064 4046
2168065 4047
2168066 4048
2168068 4049
2168069 4050
2168070 4051
2168073 4052
2168074 4053
2168076 4054
2168077 4055
2168078 4056
2168080 4198
2168082 4058
2168085 4199
2168086 4060
2168088 4061
2168089 4062
2168090 4063
2168092 4064
2168093 4065
2168094 4066
2168096 4067
2168097 4068
2168098 4069
2168128 4047
2168129 4046
2168130 4048
2168132 4050
2168133 4049
2168134 4051
2168137 4200
2168138 4053
2168140 4055
2168141 4054
2168142 4056
2168144 4057
2168146 4058
2168148 4199
2168150 4060
2168152 4062
2168153 4061
2168154 4063
2168156 4065
2168157 4064
2168158 4066
2168160 4068
2168161 4067
2168162 4069
2168192 4201
2168193 4201
2168194 4201
2168195 4202
2168196 4203
2168197 4203
2168198 4203
2168199 4204
2168201 4205
2168202 4205
2168203 4206
2168204 4207
2168205 4207
2168206 4207
2168207 4208
2168208 4209
2168210 4209
2168211 4210
2168212 4211
2168213 4211
2168215 4212
2168216 4213
2168217 4213
2168218 4213
2168219 4214
2168220 4215
2168221 4215
2168222 4215
2168223 4216
2168224 4217
2168225 4217
2168226 4217
2168227 4218
2168320 4085
2168321 4086
2168322 4087
2168324 4088
2168325 4089
2168326 4090
2168329 4091
2168330 4092
2168332 4093
2168333 4094
2168334 4095
2168336 4219
2168338 4097
2168340 4098
2168341 4099
2168342 4100
2168345 4220
2168346 4102
2168348 4103
2168349 4104
2168350 4105
2168352 4106
2168353 4107
2168354 4108
2168384 4086
2168385 4085
2168386 4087
2168388 4089
2168389 4088
2168390 4090
2168393 4221
2168394 4092
2168396 4094
2168397 4093
2168398 4095
2168400 4096
2168402 4097
2168404 4099
2168405 4098
2168406 4100
2168408 4220
2168410 4102
2168412 4104
2168413 4103
2168414 4105
2168416 4107
2168417 4106
2168418 4108
2168448 4222
2168449 4222
2168450 4222
2168451 4223
2168452 4224
2168453 4224
2168454 4224
2168455 4225
2168457 4226
2168458 4226
2168459 4227
2168460 4228
2168461 4228
2168462 4228
2168463 4229
2168464 4230
2168466 4230
2168467 4231
2168468 4232
2168469 4232
2168470 4232
2168471 4233
2168472 4234
2168473 4234
2168475 4235
2168476 4236
2168477 4236
2168478 4236
2168479 4237
2168480 4238
2168481 4238
2168482 4238
2168483 4239
2168576 4124
2168577 4125
2168578 4126
2168580 4127
2168581 4128
2168582 4129
2168585 4130
2168586 4131
2168588 4132
2168589 4133
2168590 4134
2168592 4240
2168594 4136
2168596 4137
2168597 4138
2168598 4139
2168600 4140
2168601 4141
2168602 4142
2168605 4241
2168606 4144
2168608 4145
2168609 4146
2168610 4147
2168640 4125
2168641 4124
2168642 4126
2168644 4128
2168645 4127
2168646 4129
2168649 4242
2168650 4131
2168652 4133
2168653 4132
2168654 4134
2168656 4135
2168658 4136
2168660 4138
2168661 4137
2168662 4139
2168664 4141
2168665 4140
2168666 4142
2168668 4241
2168670 4144
2168672 4146
2168673 4145
2168674 4147
2168704 4243
2168705 4243
2168706 4243
2168707 4244
2168708 4245
2168709 4245
2168710 4245
2168711 4246
2168713 4247
2168714 4247
2168715 4248
2168716 4249
2168717 4249
2168718 4249
2168719 4250
2168720 4251
2168722 4251
2168723 4252
2168724 4253
2168725 4253
2168726 4253
2168727 4254
2168728 4255
2168729 4255
2168730 4255
2168731 4256
2168732 4257
2168733 4257
2168735 4258
2168736 4259
2168737 4259
2168738 4259
2168739 4260
2168832 4161
2168833 4162
2168834 4163
2168836 4161
2168837 4162
2168838 4163
2168841 4164
2168842 4165
2168844 4166
2168845 4167
2168846 4168
2168848 4261
2168850 4170
2168852 4171
2168853 4172
2168854 4173
2168856 4174
2168857 4175
2168858 4176
2168860 4177
2168861 4178
2168862 4179
2168865 4262
2168866 4181
2168896 4162
2168897 4161
2168898 4163
2168900 4162
2168901 4161
2168902 4163
2168905 4263
2168906 4165
2168908 4167
2168909 4166
2168910 4168
2168912 4169
2168914 4170
2168916 4172
2168917 4171
2168918 4173
2168920 4175
2168921 4174
2168922 4176
2168924 4178
2168925 4177
2168926 4179
2168928 4262
2168930 4181
2168960 4264
2168961 4264
2168962 4264
2168963 4265
2168964 4264
2168965 4264
2168966 4264
2168967 4265
2168969 4266
2168970 4266
2168971 4267
2168972 4268
2168973 4268
2168974 4268
2168975 4269
2168976 4270
2168978 4270
2168979 4271
2168980 4272
2168981 4272
2168982 4272
2168983 4273
2168984 4274
2168985 4274
2168986 4274
2168987 4275
2168988 4276
2168989 4276
2168990 4276
2168991 4277
2168992 4278
2168993 4278
2168995 4279
2180416 4280
2180417 4281
2180418 4282
2180420 4283
2180421 4284
2180422 4285
2180425 4286
2180426 4287
2180428 4288
2180429 4289
2180430 4290
2180432 4288
2180433 4289
2180434 4290
2180438 4291
2180440 4292
2180441 4293
2180442 4294
2180444 4295
2180445 4296
2180446 4297
2180448 4298
2180449 4299
2180450 4300
2180608 4301
2180609 4302
2180612 4303
2180613 4304
2180617 4305
2180620 4306
2180621 4307
2180624 4308
2180625 4309
2180629 4310
2180633 4311
2180636 4312
2180637 4313
2180640 4314
2180641 4315
2180672 4316
2180673 4317
2180674 4318
2180676 4319
2180677 4320
2180678 4321
2180681 4322
2180682 4323
2180684 4324
2180685 4325
2180686 4326
2180688 4327
2180689 4328
2180690 4329
2180693 4330
2180694 4331
2180696 4332
2180698 4333
2180700 4334
2180701 4335
2180702 4336
2180704 4337
2180705 4338
2180706 4339
2180864 4340
2180865 4341
2180868 4342
2180869 4343
2180873 4344
2180876 4345
2180877 4346
2180880 4347
2180881 4348
2180885 4349
2180888 4350
2180889 4351
2180893 4352
2180896 4353
2180897 4354
2180928 4355
2180929 4356
2180930 4357
2180932 4358
2180933 4359
2180934 4360
2180937 4361
2180938 4362
2180940 4363
2180941 4364
2180942 4365
2180944 4366
2180945 4367
2180946 4368
2180949 4369
2180950 4370
2180952 4371
2180953 4372
2180954 4373
2180956 4374
2180958 4375
2180960 4376
2180961 4377
2180962 4378
2181120 4379
2181121 4380
2181124 4381
2181125 4382
2181129 4383
2181132 4384
2181133 4385
2181136 4384
2181137 4385
2181141 4386
2181144 4387
2181145 4388
2181148 4389
2181149 4390
2181153 4391
2181184 4392
2181185 4393
2181186 4394
2181188 4395
2181189 4396
2181190 4397
2181193 4398
2181194 4399
2181196 4400
2181197 4401
2181198 4402
2181200 4400
2181201 4401
2181202 4402
2181205 4403
2181206 4404
2181208 4405
2181209 4406
2181210 4407
2181212 4408
2181213 4409
2181214 4410
2181216 4411
2181218 4412
2184576 4413
2184577 4413
2184579 4414
2184580 4415
2184581 4415
2184583 4416
2184585 4417
2184587 4418
2184588 4419
2184589 4419
2184591 4420
2184592 4419
2184593 4419
2184595 4420
2184596 4421
2184599 4422
2184600 4423
2184601 4423
2184603 4424
2184604 4425
2184605 4425
2184607 4426
2184608 4427
2184609 4427
2184611 4428
2184704 4316
2184705 4317
2184706 4318
2184708 4319
2184709 4320
2184710 4321
2184713 4322
2184714 4323
2184716 4324
2184717 4325
2184718 4326
2184720 4327
2184721 4328
2184722 4329
2184724 4429
2184726 4331
2184729 4430
2184730 4333
2184732 4334
2184733 4335
2184734 4336
2184736 4337
2184737 4338
2184738 4339
2184768 4317
2184769 4316
2184770 4318
2184772 4320
2184773 4319
2184774 4321
2184777 4431
2184778 4323
2184780 4325
2184781 4324
2184782 4326
2184784 4328
2184785 4327
2184786 4329
2184788 4330
2184790 4331
2184792 4430
2184794 4333
2184796 4335
2184797 4334
2184798 4336
2184800 4338
2184801 4337
2184802 4339
2184832 4432
2184833 4432
2184834 4432
2184835 4433
2184836 4434
2184837 4434
2184838 4434
2184839 4435
2184841 4436
2184842 4436
2184843 4437
2184844 4438
2184845 4438
2184846 4438
2184847 4439
2184848 4440
2184849 4440
2184850 4440
2184851 4441
2184852 4442
2184854 4442
2184855 4443
2184856 4444
2184857 4444
2184859 4445
2184860 4446
2184861 4446
2184862 4446
2184863 4447
2184864 4448
2184865 4448
2184866 4448
2184867 4449
2184960 4355
2184961 4356
2184962 4357
2184964 4358
2184965 4359
2184966 4360
2184969 4361
2184970 4362
2184972 4363
2184973 4364
2184974 4365
2184976 4366
2184977 4367
2184978 4368
2184980 4450
2184982 4370
2184984 4371
2184985 4372
2184986 4373
2184989 4451
2184990 4375
2184992 4376
2184993 4377
2184994 4378
2185024 4356
2185025 4355
2185026 4357
2185028 4359
2185029 4358
2185030 4360
2185033 4452
2185034 4362
2185036 4364
2185037 4363
2185038 4365
2185040 4367
2185041 4366
2185042 4368
2185044 4369
2185046 4370
2185048 4372
2185049 4371
2185050 4373
2185052 4451
2185054 4375
2185056 4377
2185057 4376
2185058 4378
2185088 4453
2185089 4453
2185090 4453
2185091 4454
2185092 4455
2185093 4455
2185094 4455
2185095 4456
2185097 4457
2185098 4457
2185099 4458
2185100 4459
2185101 4459
2185102 4459
2185103 4460
2185104 4461
2185105 4461
2185106 4461
2185107 4462
2185108 4463
2185110 4463
2185111 4464
2185112 4465
2185113 4465
2185114 4465
2185115 4466
2185116 4467
2185117 4467
2185119 4468
2185120 4469
2185121 4469
2185122 4469
2185123 4470
2185216 4392
2185217 4393
2185218 4394
2185220 4395
2185221 4396
2185222 4397
2185225 4398
2185226 4399
2185228 4400
2185229 4401
2185230 4402
2185232 4400
2185233 4401
2185234 4402
2185236 4471
2185238 4404
2185240 4405
2185241 4406
2185242 4407
2185244 4408
2185245 4409
2185246 4410
2185249 4472
2185250 4412
2185280 4393
2185281 4392
2185282 4394
2185284 4396
2185285 4395
2185286 4397
2185289 4473
2185290 4399
2185292 4401
2185293 4400
2185294 4402
2185296 4401
2185297 4400
2185298 4402
2185300 4403
2185302 4404
2185304 4406
2185305 4405
2185306 4407
2185308 4409
2185309 4408
2185310 4410
2185312 4472
2185314 4412
2185344 4474
2185345 4474
2185346 4474
2185347 4475
2185348 4476
2185349 4476
2185350 4476
2185351 4477
2185353 4478
2185354 4478
2185355 4479
2185356 4480
2185357 4480
2185358 4480
2185359 4481
2185360 4480
2185361 4480
2185362 4480
2185363 4481
2185364 4482
2185366 4482
2185367 4483
2185368 4484
2185369 4484
2185370 4484
2185371 4485
2185372 4486
2185373 4486
2185374 4486
2185375 4487
2185376 4488
2185377 4488
2185379 4489
2197056 4490
2197057 4491
2197058 4492
2197060 4490
2197061 4491
2197062 4492
2197065 4493
2197066 4494
2197068 4495
2197069 4496
2197070 4497
2197072 4495
2197073 4496
2197074 4497
2197076 4498
2197077 4499
2197078 4500
2197082 4501
2197084 4502
2197085 4503
2197086 4504
2197088 4502
2197089 4503
2197090 4504
2197248 4505
2197249 4506
2197252 4505
2197253 4506
2197257 4507
2197260 4508
2197261 4509
2197264 4508
2197265 4509
2197268 4510
2197269 4511
2197273 4512
2197277 4513
2197280 4514
2197281 4515
2197312 4516
2197313 4517
2197314 4518
2197316 4516
2197317 4517
2197318 4518
2197321 4519
2197322 4520
2197324 4521
2197325 4522
2197326 4523
2197328 4521
2197329 4522
2197330 4523
2197332 4524
2197333 4525
2197334 4526
2197337 4527
2197338 4528
2197340 4529
2197342 4530
2197344 4531
2197345 4532
2197346 4533
2197504 4534
2197505 4535
2197508 4534
2197509 4535
2197513 4536
2197516 4537
2197517 4538
2197520 4537
2197521 4538
2197524 4539
2197525 4540
2197529 4541
2197532 4542
2197533 4543
2197537 4544
2197568 4545
2197569 4546
2197570 4547
2197572 4545
2197573 4546
2197574 4547
2197577 4548
2197578 4549
2197580 4550
2197581 4551
2197582 4552
2197584 4550
2197585 4551
2197586 4552
2197588 4553
2197589 4554
2197590 4555
2197593 4556
2197594 4557
2197596 4558
2197597 4559
2197598 4560
2197600 4561
2197602 4562
2201216 4563
2201217 4563
2201219 4564
2201220 4563
2201221 4563
2201223 4564
2201225 4565
2201227 4566
2201228 4567
2201229 4567
2201231 4568
2201232 4567
2201233 4567
2201235 4568
2201236 4569
2201237 4569
2201239 4570
2201240 4571
2201243 4572
2201244 4573
2201245 4573
2201247 4574
2201248 4573
2201249 4573
2201251 4574
2201344 4516
2201345 4517
2201346 4518
2201348 4516
2201349 4517
2201350 4518
2201353 4519
2201354 4520
2201356 4521
2201357 4522
2201358 4523
2201360 4521
2201361 4522
2201362 4523
2201364 4524
2201365 4525
2201366 4526
2201368 4575
2201370 4528
2201373 4576
2201374 4530
2201376 4531
2201377 4532
2201378 4533
2201408 4517
2201409 4516
2201410 4518
2201412 4517
2201413 4516
2201414 4518
2201417 4577
2201418 4520
2201420 4522
2201421 4521
2201422 4523
2201424 4522
2201425 4521
2201426 4523
2201428 4525
2201429 4524
2201430 4526
2201432 4527
2201434 4528
2201436 4576
2201438 4530
2201440 4532
2201441 4531
2201442 4533
2201472 4578
2201473 4578
2201474 4578
2201475 4579
2201476 4578
2201477 4578
2201478 4578
2201479 4579
2201481 4580
2201482 4580
2201483 4581
2201484 4582
2201485 4582
2201486 4582
2201487 4583
2201488 4582
2201489 4582
2201490 4582
2201491 4583
2201492 4584
2201493 4584
2201494 4584
2201495 4585
2201496 4586
2201498 4586
2201499 4587
2201500 4588
2201501 4588
2201503 4589
2201504 4590
2201505 4590
2201506 4590
2201507 4591
2201600 4545
2201601 4546
2201602 4547
2201604 4545
2201605 4546
2201606 4547
2201609 4548
2201610 4549
2201612 4550
2201613 4551
2201614 4552
2201616 4550
2201617 4551
2201618 4552
2201620 4553
2201621 4554
2201622 4555
2201624 4592
2201626 4557
2201628 4558
2201629 4559
2201630 4560
2201633 4593
2201634 4562
2201664 4546
2201665 4545
2201666 4547
2201668 4546
2201669 4545
2201670 4547
2201673 4594
2201674 4549
2201676 4551
2201677 4550
2201678 4552
2201680 4551
2201681 4550
2201682 4552
2201684 4554
2201685 4553
2201686 4555
2201688 4556
2201690 4557
2201692 4559
2201693 4558
2201694 4560
2201696 4593
2201698 4562
2201728 4595
2201729 4595
2201730 4595
2201731 4596
2201732 4595
2201733 4595
2201734 4595
2201735 4596
2201737 4597
2201738 4597
2201739 4598
2201740 4599
2201741 4599
2201742 4599
2201743 4600
2201744 4599
2201745 4599
2201746 4599
2201747 4600
2201748 4601
2201749 4601
2201750 4601
2201751 4602
2201752 4603
2201754 4603
2201755 4604
2201756 4605
2201757 4605
2201758 4605
2201759 4606
2201760 4607
2201761 4607
2201763 4608
2213696 4609
2213697 4610
2213698 4611
2213700 4609
2213701 4610
2213702 4611
2213705 4612
2213706 4613
2213708 4614
2213709 4615
2213710 4616
2213712 4614
2213713 4615
2213714 4616
2213716 4617
2213717 4618
2213718 4619
2213720 4617
2213721 4618
2213722 4619
2213726 4620
2213728 4621
2213729 4622
2213730 4623
2213888 4624
2213889 4625
2213892 4624
2213893 4625
2213897 4626
2213900 4627
2213901 4628
2213904 4627
2213905 4628
2213908 4629
2213909 4630
2213912 4629
2213913 4630
2213917 4631
2213921 4632
2213952 4633
2213953 4634
2213954 4635
2213956 4633
2213957 4634
2213958 4635
2213961 4636
2213962 4637
2213964 4638
2213965 4639
2213966 4640
2213968 4638
2213969 4639
2213970 4640
2213972 4641
2213973 4642
2213974 4643
2213976 4641
2213977 4642
2213978 4643
2213981 4644
2213982 4645
2213984 4646
2213986 4647
2217856 4648
2217857 4648
2217859 4649
2217860 4648
2217861 4648
2217863 4649
2217865 4650
2217867 4651
2217868 4652
2217869 4652
2217871 4653
2217872 4652
2217873 4652
2217875 4653
2217876 4654
2217877 4654
2217879 4655
2217880 4654
2217881 4654
2217883 4655
2217884 4656
2217887 4657
2217888 4658
2217889 4658
2217891 4659
2217984 4633
2217985 4634
2217986 4635
2217988 4633
2217989 4634
2217990 4635
2217993 4636
2217994 4637
2217996 4638
2217997 4639
2217998 4640
2218000 4638
2218001 4639
2218002 4640
2218004 4641
2218005 4642
2218006 4643
2218008 4641
2218009 4642
2218010 4643
2218012 4660
2218014 4645
2218017 4661
2218018 4647
2218048 4634
2218049 4633
2218050 4635
2218052 4634
2218053 4633
2218054 4635
2218057 4662
2218058 4637
2218060 4639
2218061 4638
2218062 4640
2218064 4639
2218065 4638
2218066 4640
2218068 4642
2218069 4641
2218070 4643
2218072 4642
2218073 4641
2218074 4643
2218076 4644
2218078 4645
2218080 4661
2218082 4647
2218112 4663
2218113 4663
2218114 4663
2218115 4664
2218116 4663
2218117 4663
2218118 4663
2218119 4664
2218121 4665
2218122 4665
2218123 4666
2218124 4667
2218125 4667
2218126 4667
2218127 4668
2218128 4667
2218129 4667
2218130 4667
2218131 4668
2218132 4669
2218133 4669
2218134 4669
2218135 4670
2218136 4669
2218137 4669
2218138 4669
2218139 4670
2218140 4671
2218142 4671
2218143 4672
2218144 4673
2218145 4673
2218147 4674
2230336 4675
2230337 4676
2230338 4677
2230340 4675
2230341 4676
2230342 4677
2230345 4678
2230346 4679
2230348 4680
2230349 4681
2230350 4682
2230352 4683
2230353 4684
2230354 4685
2230356 4683
2230357 4684
2230358 4685
2230360 4686
2230361 4687
2230362 4688
2230364 4686
2230365 4687
2230366 4688
2230370 4689
2234496 4690
2234497 4690
2234499 4691
2234500 4690
2234501 4690
2234503 4691
2234505 4692
2234507 4693
2234508 4694
2234509 4694
2234511 4695
2234512 4696
2234513 4696
2234515 4697
2234516 4696
2234517 4696
2234519 4697
2234520 4698
2234521 4698
2234523 4699
2234524 4698
2234525 4698
2234527 4699
2234528 4700
2234531 4701
3199872 4702
3199875 4703
3199876 4702
3199879 4703
3199880 4704
3199883 4705
3199887 4706
3199888 4707
3199891 4708
3199892 4707
3199895 4708
3199896 4707
3199899 4708
3199900 4709
3199903 4710
3199904 4709
3199907 4710
3200000 4711
3200001 4712
3200002 4713
3200004 4714
3200005 4715
3200006 4716
3200008 4717
3200009 4718
3200010 4719
3200014 4720
3200017 4721
3200018 4722
3200020 4723
3200021 4724
3200022 4725
3200024 4726
3200025 4727
3200026 4728
3200028 4729
3200029 4730
3200030 4731
3200032 4732
3200033 4733
3200034 4734
3200128 4735
3200130 4735
3200131 4736
3200132 4737
3200134 4737
3200135 4738
3200136 4739
3200138 4739
3200139 4740
3200142 4741
3200143 4742
3200144 4743
3200147 4744
3200148 4745
3200150 4745
3200151 4746
3200152 4747
3200154 4747
3200155 4748
3200156 4749
3200158 4749
3200159 4750
3200160 4751
3200162 4751
3200163 4752
3200256 4753
3200257 4754
3200258 4755
3200260 4756
3200261 4757
3200262 4758
3200264 4759
3200265 4760
3200266 4761
3200270 4762
3200272 4763
3200273 4764
3200274 4765
3200277 4766
3200278 4767
3200280 4768
3200281 4769
3200282 4770
3200284 4771
3200285 4772
3200286 4773
3200288 4774
3200289 4775
3200290 4776
3200384 4777
3200386 4777
3200387 4778
3200388 4779
3200390 4779
3200391 4780
3200392 4781
3200394 4781
3200395 4782
3200398 4783
3200399 4784
3200400 4785
3200402 4785
3200403 4786
3200404 4787
3200407 4788
3200408 4789
3200410 4789
3200411 4790
3200412 4791
3200414 4791
3200415 4792
3200416 4793
3200418 4793
3200419 4794
3200512 4795
3200513 4796
3200514 4797
3200516 4795
3200517 4796
3200518 4797
3200520 4798
3200521 4799
3200522 4800
3200526 4801
3200528 4802
3200529 4803
3200530 4804
3200532 4802
3200533 4803
3200534 4804
3200537 4805
3200538 4806
3200540 4807
3200541 4808
3200542 4809
3200544 4810
3200545 4811
3200546 4812
3200640 4813
3200642 4813
3200643 4814
3200644 4813
3200646 4813
3200647 4814
3200648 4815
3200650 4815
3200651 4816
3200654 4817
3200655 4818
3200656 4819
3200658 4819
3200659 4820
3200660 4819
3200662 4819
3200663 4820
3200664 4821
3200667 4822
3200668 4823
3200670 4823
3200671 4824
3200672 4825
3200674 4825
3200675 4826
3200768 4827
3200769 4828
3200770 4829
3200772 4827
3200773 4828
3200774 4829
3200776 4830
3200777 4831
3200778 4832
3200782 4833
3200784 4834
3200785 4835
3200786 4836
3200788 4834
3200789 4835
3200790 4836
3200792 4837
3200793 4838
3200794 4839
3200797 4840
3200798 4841
3200800 4842
3200801 4843
3200802 4844
3200896 4845
3200898 4845
3200899 4846
3200900 4845
3200902 4845
3200903 4846
3200904 4847
3200906 4847
3200907 4848
3200910 4849
3200911 4850
3200912 4851
3200914 4851
3200915 4852
3200916 4851
3200918 4851
3200919 4852
3200920 4853
3200922 4853
3200923 4854
3200924 4855
3200927 4856
3200928 4857
3200930 4857
3200931 4858
3201024 4859
3201025 4860
3201026 4861
3201028 4859
3201029 4860
3201030 4861
3201032 4862
3201033 4863
3201034 4864
3201038 4865
3201040 4866
3201041 4867
3201042 4868
3201044 4866
3201045 4867
3201046 4868
3201048 4869
3201049 4870
3201050 4871
3201052 4869
3201053 4870
3201054 4871
3201057 4872
3201058 4873
3201152 4874
3201154 4874
3201155 4875
3201156 4874
3201158 4874
3201159 4875
3201160 4876
3201162 4876
3201163 4877
3201166 4878
3201167 4879
3201168 4880
3201170 4880
3201171 4881
3201172 4880
3201174 4880
3201175 4881
3201176 4882
3201178 4882
3201179 4883
3201180 4882
3201182 4882
3201183 4883
3201184 4884
3201187 4885
3212352 4886
3212353 4887
3212354 4888
3212356 4889
3212357 4890
3212358 4891
3212360 4892
3212361 4893
3212362 4894
3212365 4895
3212366 4896
3212370 4897
3212372 4898
3212373 4899
3212374 4900
3212376 4901
3212377 4902
3212378 4903
3212380 4904
3212381 4905
3212382 4906
3212384 4907
3212385 4908
3212386 4909
3212544 4910
3212545 4911
3212548 4912
3212549 4913
3212552 4914
3212553 4915
3212557 4916
3212561 4917
3212565 4918
3212568 4919
3212569 4920
3212572 4921
3212573 4922
3212576 4923
3212577 4924
3212608 4925
3212609 4926
3212610 4927
3212612 4928
3212613 4929
3212614 4930
3212616 4931
3212617 4932
3212618 4933
3212621 4934
3212622 4935
3212625 4936
3212626 4937
3212628 4938
3212630 4939
3212632 4940
3212633 4941
3212634 4942
3212636 4943
3212637 4944
3212638 4945
3212640 4946
3212641 4947
3212642 4948
3212800 4949
3212801 4950
3212804 4951
3212805 4952
3212808 4953
3212809 4954
3212813 4955
3212817 4956
3212820 4957
3212821 4958
3212825 4959
3212828 4960
3212829 4961
3212832 4962
3212833 4963
3212864 4964
3212865 4965
3212866 4966
3212868 4967
3212869 4968
3212870 4969
3212872 4970
3212873 4971
3212874 4972
3212877 4973
3212878 4974
3212881 4975
3212882 4976
3212884 4977
3212885 4978
3212886 4979
3212888 4980
3212890 4981
3212892 4982
3212893 4983
3212894 4984
3212896 4985
3212897 4986
3212898 4987
3213056 4988
3213057 4989
3213060 4990
3213061 4991
3213064 4992
3213065 4993
3213069 4994
3213073 4995
3213076 4996
3213077 4997
3213080 4998
3213081 4999
3213085 5000
3213088 5001
3213089 5002
3213120 5003
3213121 5004
3213122 5005
3213124 5006
3213125 5007
3213126 5008
3213128 5009
3213129 5010
3213130 5011
3213133 5012
3213134 5013
3213137 5014
3213138 5015
3213140 5016
3213141 5017
3213142 5018
3213144 5019
3213145 5020
3213146 5021
3213148 5022
3213150 5023
3213152 5024
3213153 5025
3213154 5026
3213312 5027
3213313 5028
3213316 5027
3213317 5028
3213320 5029
3213321 5030
3213325 5031
3213329 5032
3213332 5033
3213333 5034
3213336 5035
3213337 5036
3213340 5037
3213341 5038
3213345 5039
3213376 5040
3213377 5041
3213378 5042
3213380 5040
3213381 5041
3213382 5042
3213384 5043
3213385 5044
3213386 5045
3213389 5046
3213390 5047
3213393 5048
3213394 5049
3213396 5050
3213397 5051
3213398 5052
3213400 5053
3213401 5054
3213402 5055
3213404 5056
3213405 5057
3213406 5058
3213408 5059
3213410 5060
3216512 5061
3216513 5061
3216515 5062
3216516 5063
3216517 5063
3216519 5064
3216520 5065
3216521 5065
3216523 5066
3216525 5067
3216527 5068
3216528 5069
3216531 5070
3216532 5071
3216533 5071
3216535 5072
3216536 5073
3216537 5073
3216539 5074
3216540 5075
3216541 5075
3216543 5076
3216544 5077
3216545 5077
3216547 5078
3216640 4925
3216641 4926
3216642 4927
3216644 4928
3216645 4929
3216646 4930
3216648 4931
3216649 4932
3216650 4933
3216653 4934
3216654 4935
3216656 5079
3216658 4937
3216661 5080
3216662 4939
3216664 4940
3216665 4941
3216666 4942
3216668 4943
3216669 4944
3216670 4945
3216672 4946
3216673 4947
3216674 4948
3216704 4926
3216705 4925
3216706 4927
3216708 4929
3216709 4928
3216710 4930
3216712 4932
3216713 4931
3216714 4933
3216717 5081
3216718 4935
3216720 4936
3216722 4937
3216724 5080
3216726 4939
3216728 4941
3216729 4940
3216730 4942
3216732 4944
3216733 4943
3216734 4945
3216736 4947
3216737 4946
3216738 4948
3216768 5082
3216769 5082
3216770 5082
3216771 5083
3216772 5084
3216773 5084
3216774 5084
3216775 5085
3216776 5086
3216777 5086
3216778 5086
3216779 5087
3216781 5088
3216782 5088
3216783 5089
3216784 5090
3216786 5090
3216787 5091
3216788 5092
3216789 5092
3216791 5093
3216792 5094
3216793 5094
3216794 5094
3216795 5095
3216796 5096
3216797 5096
3216798 5096
3216799 5097
3216800 5098
3216801 5098
3216802 5098
3216803 5099
3216896 4964
3216897 4965
3216898 4966
3216900 4967
3216901 4968
3216902 4969
3216904 4970
3216905 4971
3216906 4972
3216909 4973
3216910 4974
3216912 5100
3216914 4976
3216916 4977
3216917 4978
3216918 4979
3216921 5101
3216922 4981
3216924 4982
3216925 4983
3216926 4984
3216928 4985
3216929 4986
3216930 4987
3216960 4965
3216961 4964
3216962 4966
3216964 4968
3216965 4967
3216966 4969
3216968 4971
3216969 4970
3216970 4972
3216973 5102
3216974 4974
3216976 4975
3216978 4976
3216980 4978
3216981 4977
3216982 4979
3216984 5101
3216986 4981
3216988 4983
3216989 4982
3216990 4984
3216992 4986
3216993 4985
3216994 4987
3217024 5103
3217025 5103
3217026 5103
3217027 5104
3217028 5105
3217029 5105
3217030 5105
3217031 5106
3217032 5107
3217033 5107
3217034 5107
3217035 5108
3217037 5109
3217038 5109
3217039 5110
3217040 5111
3217042 5111
3217043 5112
3217044 5113
3217045 5113
3217046 5113
3217047 5114
3217048 5115
3217049 5115
3217051 5116
3217052 5117
3217053 5117
3217054 5117
3217055 5118
3217056 5119
3217057 5119
3217058 5119
3217059 5120
3217152 5003
3217153 5004
3217154 5005
3217156 5006
3217157 5007
3217158 5008
3217160 5009
3217161 5010
3217162 5011
3217165 5012
3217166 5013
3217168 5121
3217170 5015
3217172 5016
3217173 5017
3217174 5018
3217176 5019
3217177 5020
3217178 5021
3217181 5122
3217182 5023
3217184 5024
3217185 5025
3217186 5026
3217216 5004
3217217 5003
3217218 5005
3217220 5007
3217221 5006
3217222 5008
3217224 5010
3217225 5009
3217226 5011
3217229 5123
3217230 5013
3217232 5014
3217234 5015
3217236 5017
3217237 5016
3217238 5018
3217240 5020
3217241 5019
3217242 5021
3217244 5122
3217246 5023
3217248 5025
3217249 5024
3217250 5026
3217280 5124
3217281 5124
3217282 5124
3217283 5125
3217284 5126
3217285 5126
3217286 5126
3217287 5127
3217288 5128
3217289 5128
3217290 5128
3217291 5129
3217293 5130
3217294 5130
3217295 5131
3217296 5132
3217298 5132
3217299 5133
3217300 5134
3217301 5134
3217302 5134
3217303 5135
3217304 5136
3217305 5136
3217306 5136
3217307 5137
3217308 5138
3217309 5138
3217311 5139
3217312 5140
3217313 5140
3217314 5140
3217315 5141
3217408 5040
3217409 5041
3217410 5042
3217412 5040
3217413 5041
3217414 5042
3217416 5043
3217417 5044
3217418 5045
3217421 5046
3217422 5047
3217424 5142
3217426 5049
3217428 5050
3217429 5051
3217430 5052
3217432 5053
3217433 5054
3217434 5055
3217436 5056
3217437 5057
3217438 5058
3217441 5143
3217442 5060
3217472 5041
3217473 5040
3217474 5042
3217476 5041
3217477 5040
3217478 5042
3217480 5044
3217481 5043
3217482 5045
3217485 5144
3217486 5047
3217488 5048
3217490 5049
3217492 5051
3217493 5050
3217494 5052
3217496 5054
3217497 5053
3217498 5055
3217500 5057
3217501 5056
3217502 5058
3217504 5143
3217506 5060
3217536 5145
3217537 5145
3217538 5145
3217539 5146
3217540 5145
3217541 5145
3217542 5145
3217543 5146
3217544 5147
3217545 5147
3217546 5147
3217547 5148
3217549 5149
3217550 5149
3217551 5150
3217552 5151
3217554 5151
3217555 5152
3217556 5153
3217557 5153
3217558 5153
3217559 5154
3217560 5155
3217561 5155
3217562 5155
3217563 5156
3217564 5157
3217565 5157
3217566 5157
3217567 5158
3217568 5159
3217569 5159
3217571 5160
3228992 5161
3228993 5162
3228994 5163
3228996 5164
3228997 5165
3228998 5166
3229000 5167
3229001 5168
3229002 5169
3229005 5170
3229006 5171
3229008 5172
3229009 5173
3229010 5174
3229014 5175
3229016 5176
3229017 5177
3229018 5178
3229020 5179
3229021 5180
3229022 5181
3229024 5182
3229025 5183
3229026 5184
3229184 5185
3229185 5186
3229188 5187
3229189 5188
3229192 5189
3229193 5190
3229197 5191
3229200 5192
3229201 5193
3229205 5194
3229209 5195
3229212 5196
3229213 5197
3229216 5198
3229217 5199
3229248 5200
3229249 5201
3229250 5202
3229252 5203
3229253 5204
3229254 5205
3229256 5206
3229257 5207
3229258 5208
3229261 5209
3229262 5210
3229264 5211
3229265 5212
3229266 5213
3229269 5214
3229270 5215
3229272 5216
3229274 5217
3229276 5218
3229277 5219
3229278 5220
3229280 5221
3229281 5222
3229282 5223
3229440 5224
3229441 5225
3229444 5226
3229445 5227
3229448 5228
3229449 5229
3229453 5230
3229456 5231
3229457 5232
3229461 5233
3229464 5234
3229465 5235
3229469 5236
3229472 5237
3229473 5238
3229504 5239
3229505 5240
3229506 5241
3229508 5242
3229509 5243
3229510 5244
3229512 5245
3229513 5246
3229514 5247
3229517 5248
3229518 5249
3229520 5250
3229521 5251
3229522 5252
3229525 5253
3229526 5254
3229528 5255
3229529 5256
3229530 5257
3229532 5258
3229534 5259
3229536 5260
3229537 5261
3229538 5262
3229696 5263
3229697 5264
3229700 5265
3229701 5266
3229704 5267
3229705 5268
3229709 5269
3229712 5270
3229713 5271
3229717 5272
3229720 5273
3229721 5274
3229724 5273
3229725 5274
3229729 5275
3229760 5276
3229761 5277
3229762 5278
3229764 5279
3229765 5280
3229766 5281
3229768 5282
3229769 5283
3229770 5284
3229773 5285
3229774 5286
3229776 5287
3229777 5288
3229778 5289
3229781 5290
3229782 5291
3229784 5292
3229785 5293
3229786 5294
3229788 5292
3229789 5293
3229790 5294
3229792 5295
3229794 5296
3233152 5297
3233153 5297
3233155 5298
3233156 5299
3233157 5299
3233159 5300
3233160 5301
3233161 5301
3233163 5302
3233165 5303
3233167 5304
3233168 5305
3233169 5305
3233171 5306
3233172 5307
3233175 5308
3233176 5309
3233177 5309
3233179 5310
3233180 5311
3233181 5311
3233183 5312
3233184 5313
3233185 5313
3233187 5314
3233280 5200
3233281 5201
3233282 5202
3233284 5203
3233285 5204
3233286 5205
3233288 5206
3233289 5207
3233290 5208
3233293 5209
3233294 5210
3233296 5211
3233297 5212
3233298 5213
3233300 5315
3233302 5215
3233305 5316
3233306 5217
3233308 5218
3233309 5219
3233310 5220
3233312 5221
3233313 5222
3233314 5223
3233344 5201
3233345 5200
3233346 5202
3233348 5204
3233349 5203
3233350 5205
3233352 5207
3233353 5206
3233354 5208
3233357 5317
3233358 5210
3233360 5212
3233361 5211
3233362 5213
3233364 5214
3233366 5215
3233368 5316
3233370 5217
3233372 5219
3233373 5218
3233374 5220
3233376 5222
3233377 5221
3233378 5223
3233408 5318
3233409 5318
3233410 5318
3233411 5319
3233412 5320
3233413 5320
3233414 5320
3233415 5321
3233416 5322
3233417 5322
3233418 5322
3233419 5323
3233421 5324
3233422 5324
3233423 5325
3233424 5326
3233425 5326
3233426 5326
3233427 5327
3233428 5328
3233430 5328
3233431 5329
3233432 5330
3233433 5330
3233435 5331
3233436 5332
3233437 5332
3233438 5332
3233439 5333
3233440 5334
3233441 5334
3233442 5334
3233443 5335
3233536 5239
3233537 5240
3233538 5241
3233540 5242
3233541 5243
3233542 5244
3233544 5245
3233545 5246
3233546 5247
3233549 5248
3233550 5249
3233552 5250
3233553 5251
3233554 5252
3233556 5336
3233558 5254
3233560 5255
3233561 5256
3233562 5257
3233565 5337
3233566 5259
3233568 5260
3233569 5261
3233570 5262
3233600 5240
3233601 5239
3233602 5241
3233604 5243
3233605 5242
3233606 5244
3233608 5246
3233609 5245
3233610 5247
3233613 5338
3233614 5249
3233616 5251
3233617 5250
3233618 5252
3233620 5253
3233622 5254
3233624 5256
3233625 5255
3233626 5257
3233628 5337
3233630 5259
3233632 5261
3233633 5260
3233634 5262
3233664 5339
3233665 5339
3233666 5339
3233667 5340
3233668 5341
3233669 5341
3233670 5341
3233671 5342
3233672 5343
3233673 5343
3233674 5343
3233675 5344
3233677 5345
3233678 5345
3233679 5346
3233680 5347
3233681 5347
3233682 5347
3233683 5348
3233684 5349
3233686 5349
3233687 5350
3233688 5351
3233689 5351
3233690 5351
3233691 5352
3233692 5353
3233693 5353
3233695 5354
3233696 5355
3233697 5355
3233698 5355
3233699 5356
3233792 5276
3233793 5277
3233794 5278
3233796 5279
3233797 5280
3233798 5281
3233800 5282
3233801 5283
3233802 5284
3233805 5285
3233806 5286
3233808 5287
3233809 5288
3233810 5289
3233812 5357
3233814 5291
3233816 5292
3233817 5293
3233818 5294
3233820 5292
3233821 5293
3233822 5294
3233825 5358
3233826 5296
3233856 5277
3233857 5276
3233858 5278
3233860 5280
3233861 5279
3233862 5281
3233864 5283
3233865 5282
3233866 5284
3233869 5359
3233870 5286
3233872 5288
3233873 5287
3233874 5289
3233876 5290
3233878 5291
3233880 5293
3233881 5292
3233882 5294
3233884 5293
3233885 5292
3233886 5294
3233888 5358
3233890 5296
3233920 5360
3233921 5360
3233922 5360
3233923 5361
3233924 5362
3233925 5362
3233926 5362
3233927 5363
3233928 5364
3233929 5364
3233930 5364
3233931 5365
3233933 5366
3233934 5366
3233935 5367
3233936 5368
3233937 5368
3233938 5368
3233939 5369
3233940 5370
3233942 5370
3233943 5371
3233944 5372
3233945 5372
3233946 5372
3233947 5373
3233948 5372
3233949 5372
3233950 5372
3233951 5373
3233952 5374
3233953 5374
3233955 5375
3245632 5376
3245633 5377
3245634 5378
3245636 5376
3245637 5377
3245638 5378
3245640 5379
3245641 5380
3245642 5381
3245645 5382
3245646 5383
3245648 5384
3245649 5385
3245650 5386
3245652 5384
3245653 5385
3245654 5386
3245658 5387
3245660 5388
3245661 5389
3245662 5390
3245664 5391
3245665 5392
3245666 5393
3245824 5394
3245825 5395
3245828 5394
3245829 5395
3245832 5396
3245833 5397
3245837 5398
3245840 5399
3245841 5400
3245844 5399
3245845 5400
3245849 5401
3245853 5402
3245856 5403
3245857 5404
3245888 5405
3245889 5406
3245890 5407
3245892 5405
3245893 5406
3245894 5407
3245896 5408
3245897 5409
3245898 5410
3245901 5411
3245902 5412
3245904 5413
3245905 5414
3245906 5415
3245908 5413
3245909 5414
3245910 5415
3245913 5416
3245914 5417
3245916 5418
3245918 5419
3245920 5420
3245921 5421
3245922 5422
3246080 5423
3246081 5424
3246084 5423
3246085 5424
3246088 5425
3246089 5426
3246093 5427
3246096 5428
3246097 5429
3246100 5428
3246101 5429
3246105 5430
3246108 5431
3246109 5432
3246113 5433
3246144 5434
3246145 5435
3246146 5436
3246148 5434
3246149 5435
3246150 5436
3246152 5437
3246153 5438
3246154 5439
3246157 5440
3246158 5441
3246160 5442
3246161 5443
3246162 5444
3246164 5442
3246165 5443
3246166 5444
3246169 5445
3246170 5446
3246172 5447
3246173 5448
3246174 5449
3246176 5450
3246178 5451
3249792 5452
3249793 5452
3249795 5453
3249796 5452
3249797 5452
3249799 5453
3249800 5454
3249801 5454
3249803 5455
3249805 5456
3249807 5457
3249808 5458
3249809 5458
3249811 5459
3249812 5458
3249813 5458
3249815 5459
3249816 5460
3249819 5461
3249820 5462
3249821 5462
3249823 5463
3249824 5464
3249825 5464
3249827 5465
3249920 5405
3249921 5406
3249922 5407
3249924 5405
3249925 5406
3249926 5407
3249928 5408
3249929 5409
3249930 5410
3249933 5411
3249934 5412
3249936 5413
3249937 5414
3249938 5415
3249940 5413
3249941 5414
3249942 5415
3249944 5466
3249946 5417
3249949 5467
3249950 5419
3249952 5420
3249953 5421
3249954 5422
3249984 5406
3249985 5405
3249986 5407
3249988 5406
3249989 5405
3249990 5407
3249992 5409
3249993 5408
3249994 5410
3249997 5468
3249998 5412
3250000 5414
3250001 5413
3250002 5415
3250004 5414
3250005 5413
3250006 5415
3250008 5416
3250010 5417
3250012 5467
3250014 5419
3250016 5421
3250017 5420
3250018 5422
3250048 5469
3250049 5469
3250050 5469
3250051 5470
3250052 5469
3250053 5469
3250054 5469
3250055 5470
3250056 5471
3250057 5471
3250058 5471
3250059 5472
3250061 5473
3250062 5473
3250063 5474
3250064 5475
3250065 5475
3250066 5475
3250067 5476
3250068 5475
3250069 5475
3250070 5475
3250071 5476
3250072 5477
3250074 5477
3250075 5478
3250076 5479
3250077 5479
3250079 5480
3250080 5481
3250081 5481
3250082 5481
3250083 5482
3250176 5434
3250177 5435
3250178 5436
3250180 5434
3250181 5435
3250182 5436
3250184 5437
3250185 5438
3250186 5439
3250189 5440
3250190 5441
3250192 5442
3250193 5443
3250194 5444
3250196 5442
3250197 5443
3250198 5444
3250200 5483
3250202 5446
3250204 5447
3250205 5448
3250206 5449
3250209 5484
3250210 5451
3250240 5435
3250241 5434
3250242 5436
3250244 5435
3250245 5434
3250246 5436
3250248 5438
3250249 5437
3250250 5439
3250253 5485
3250254 5441
3250256 5443
3250257 5442
3250258 5444
3250260 5443
3250261 5442
3250262 5444
3250264 5445
3250266 5446
3250268 5448
3250269 5447
3250270 5449
3250272 5484
3250274 5451
3250304 5486
3250305 5486
3250306 5486
3250307 5487
3250308 5486
3250309 5486
3250310 5486
3250311 5487
3250312 5488
3250313 5488
3250314 5488
3250315 5489
3250317 5490
3250318 5490
3250319 5491
3250320 5492
3250321 5492
3250322 5492
3250323 5493
3250324 5492
3250325 5492
3250326 5492
3250327 5493
3250328 5494
3250330 5494
3250331 5495
3250332 5496
3250333 5496
3250334 5496
3250335 5497
3250336 5498
3250337 5498
3250339 5499
3262272 5500
3262273 5501
3262274 5502
3262276 5500
3262277 5501
3262278 5502
3262280 5503
3262281 5504
3262282 5505
3262285 5506
3262286 5507
3262288 5508
3262289 5509
3262290 5510
3262292 5508
3262293 5509
3262294 5510
3262296 5511
3262297 5512
3262298 5513
3262302 5514
3262304 5515
3262305 5516
3262306 5517
3262464 5518
3262465 5519
3262468 5518
3262469 5519
3262472 5520
3262473 5521
3262477 5522
3262480 5523
3262481 5524
3262484 5523
3262485 5524
3262488 5525
3262489 5526
3262493 5527
3262497 5528
3262528 5529
3262529 5530
3262530 5531
3262532 5529
3262533 5530
3262534 5531
3262536 5532
3262537 5533
3262538 5534
3262541 5535
3262542 5536
3262544 5537
3262545 5538
3262546 5539
3262548 5537
3262549 5538
3262550 5539
3262552 5540
3262553 5541
3262554 5542
3262557 5543
3262558 5544
3262560 5545
3262562 5546
3266432 5547
3266433 5547
3266435 5548
3266436 5547
3266437 5547
3266439 5548
3266440 5549
3266441 5549
3266443 5550
3266445 5551
3266447 5552
3266448 5553
3266449 5553
3266451 5554
3266452 5553
3266453 5553
3266455 5554
3266456 5555
3266457 5555
3266459 5556
3266460 5557
3266463 5558
3266464 5559
3266465 5559
3266467 5560
3266560 5529
3266561 5530
3266562 5531
3266564 5529
3266565 5530
3266566 5531
3266568 5532
3266569 5533
3266570 5534
3266573 5535
3266574 5536
3266576 5537
3266577 5538
3266578 5539
3266580 5537
3266581 5538
3266582 5539
3266584 5540
3266585 5541
3266586 5542
3266588 5561
3266590 5544
3266593 5562
3266594 5546
3266624 5530
3266625 5529
3266626 5531
3266628 5530
3266629 5529
3266630 5531
3266632 5533
3266633 5532
3266634 5534
3266637 5563
3266638 5536
3266640 5538
3266641 5537
3266642 5539
3266644 5538
3266645 5537
3266646 5539
3266648 5541
3266649 5540
3266650 5542
3266652 5543
3266654 5544
3266656 5562
3266658 5546
3266688 5564
3266689 5564
3266690 5564
3266691 5565
3266692 5564
3266693 5564
3266694 5564
3266695 5565
3266696 5566
3266697 5566
3266698 5566
3266699 5567
3266701 5568
3266702 5568
3266703 5569
3266704 5570
3266705 5570
3266706 5570
3266707 5571
3266708 5570
3266709 5570
3266710 5570
3266711 5571
3266712 5572
3266713 5572
3266714 5572
3266715 5573
3266716 5574
3266718 5574
3266719 5575
3266720 5576
3266721 5576
3266723 5577
3278912 5578
3278913 5579
3278914 5580
3278916 5578
3278917 5579
3278918 5580
3278920 5581
3278921 5582
3278922 5583
3278925 5584
3278926 5585
3278928 5586
3278929 5587
3278930 5588
3278932 5586
3278933 5587
3278934 5588
3278936 5589
3278937 5590
3278938 5591
3278940 5589
3278941 5590
3278942 5591
3278946 5592
3283072 5593
3283073 5593
3283075 5594
3283076 5593
3283077 5593
3283079 5594
3283080 5595
3283081 5595
3283083 5596
3283085 5597
3283087 5598
3283088 5599
3283089 5599
3283091 5600
3283092 5599
3283093 5599
3283095 5600
3283096 5601
3283097 5601
3283099 5602
3283100 5601
3283101 5601
3283103 5602
3283104 5603
3283107 5604
4265088 5605
4265091 5606
4265092 5605
4265095 5606
4265096 5607
4265099 5608
4265100 5607
4265103 5608
4265107 5609
4265108 5610
4265111 5611
4265112 5610
4265115 5611
4265116 5612
4265119 5613
4265120 5612
4265123 5613
4265216 5614
4265217 5615
4265218 5616
4265220 5617
4265221 5618
4265222 5619
4265224 5620
4265225 5621
4265226 5622
4265228 5623
4265229 5624
4265230 5625
4265234 5626
4265237 5627
4265238 5628
4265240 5629
4265241 5630
4265242 5631
4265244 5632
4265245 5633
4265246 5634
4265248 5635
4265249 5636
4265250 5637
4265344 5638
4265346 5638
4265347 5639
4265348 5640
4265350 5640
4265351 5641
4265352 5642
4265354 5642
4265355 5643
4265356 5644
4265358 5644
4265359 5645
4265362 5646
4265363 5647
4265364 5648
4265367 5649
4265368 5650
4265370 5650
4265371 5651
4265372 5652
4265374 5652
4265375 5653
4265376 5654
4265378 5654
4265379 5655
4265472 5656
4265473 5657
4265474 5658
4265476 5656
4265477 5657
4265478 5658
4265480 5659
4265481 5660
4265482 5661
4265484 5662
4265485 5663
4265486 5664
4265490 5665
4265492 5666
4265493 5667
4265494 5668
4265497 5669
4265498 5670
4265500 5671
4265501 5672
4265502 5673
4265504 5674
4265505 5675
4265506 5676
4265600 5677
4265602 5677
4265603 5678
4265604 5677
4265606 5677
4265607 5678
4265608 5679
4265610 5679
4265611 5680
4265612 5681
4265614 5681
4265615 5682
4265618 5683
4265619 5684
4265620 5685
4265622 5685
4265623 5686
4265624 5687
4265627 5688
4265628 5689
4265630 5689
4265631 5690
4265632 5691
4265634 5691
4265635 5692
4265728 5693
4265729 5694
4265730 5695
4265732 5693
4265733 5694
4265734 5695
4265736 5696
4265737 5697
4265738 5698
4265740 5699
4265741 5700
4265742 5701
4265746 5702
4265748 5703
4265749 5704
4265750 5705
4265752 5703
4265753 5704
4265754 5705
4265757 5706
4265758 5707
4265760 5708
4265761 5709
4265762 5710
4265856 5711
4265858 5711
4265859 5712
4265860 5711
4265862 5711
4265863 5712
4265864 5713
4265866 5713
4265867 5714
4265868 5715
4265870 5715
4265871 5716
4265874 5717
4265875 5718
4265876 5719
4265878 5719
4265879 5720
4265880 5719
4265882 5719
4265883 5720
4265884 5721
4265887 5722
4265888 5723
4265890 5723
4265891 5724
4265984 5725
4265985 5726
4265986 5727
4265988 5725
4265989 5726
4265990 5727
4265992 5728
4265993 5729
4265994 5730
4265996 5728
4265997 5729
4265998 5730
4266002 5731
4266004 5732
4266005 5733
4266006 5734
4266008 5732
4266009 5733
4266010 5734
4266012 5735
4266013 5736
4266014 5737
4266017 5738
4266018 5739
4266112 5740
4266114 5740
4266115 5741
4266116 5740
4266118 5740
4266119 5741
4266120 5742
4266122 5742
4266123 5743
4266124 5742
4266126 5742
4266127 5743
4266130 5744
4266131 5745
4266132 5746
4266134 5746
4266135 5747
4266136 5746
4266138 5746
4266139 5747
4266140 5748
4266142 5748
4266143 5749
4266144 5750
4266147 5751
4277568 5752
4277569 5753
4277570 5754
4277572 5755
4277573 5756
4277574 5757
4277576 5758
4277577 5759
4277578 5760
4277580 5761
4277581 5762
4277582 5763
4277585 5764
4277586 5765
4277590 5766
4277592 5767
4277593 5768
4277594 5769
4277596 5770
4277597 5771
4277598 5772
4277600 5773
4277601 5774
4277602 5775
4277760 5776
4277761 5777
4277764 5778
4277765 5779
4277768 5780
4277769 5781
4277772 5782
4277773 5783
4277777 5784
4277781 5785
4277785 5786
4277788 5787
4277789 5788
4277792 5789
4277793 5790
4277824 5791
4277825 5792
4277826 5793
4277828 5794
4277829 5795
4277830 5796
4277832 5797
4277833 5798
4277834 5799
4277836 5800
4277837 5801
4277838 5802
4277841 5803
4277842 5804
4277845 5805
4277846 5806
4277848 5807
4277850 5808
4277852 5809
4277853 5810
4277854 5811
4277856 5812
4277857 5813
4277858 5814
4278016 5815
4278017 5816
4278020 5817
4278021 5818
4278024 5819
4278025 5820
4278028 5821
4278029 5822
4278033 5823
4278037 5824
4278040 5825
4278041 5826
4278045 5827
4278048 5828
4278049 5829
4278080 5830
4278081 5831
4278082 5832
4278084 5833
4278085 5834
4278086 5835
4278088 5836
4278089 5837
4278090 5838
4278092 5839
4278093 5840
4278094 5841
4278097 5842
4278098 5843
4278101 5844
4278102 5845
4278104 5846
4278105 5847
4278106 5848
4278108 5849
4278110 5850
4278112 5851
4278113 5852
4278114 5853
4278272 5854
4278273 5855
4278276 5856
4278277 5857
4278280 5858
4278281 5859
4278284 5858
4278285 5859
4278289 5860
4278293 5861
4278296 5862
4278297 5863
4278300 5864
4278301 5865
4278305 5866
4278336 5867
4278337 5868
4278338 5869
4278340 5870
4278341 5871
4278342 5872
4278344 5873
4278345 5874
4278346 5875
4278348 5873
4278349 5874
4278350 5875
4278353 5876
4278354 5877
4278357 5878
4278358 5879
4278360 5880
4278361 5881
4278362 5882
4278364 5883
4278365 5884
4278366 5885
4278368 5886
4278370 5887
4281728 5888
4281729 5888
4281731 5889
4281732 5890
4281733 5890
4281735 5891
4281736 5892
4281737 5892
4281739 5893
4281740 5894
4281741 5894
4281743 5895
4281745 5896
4281747 5897
4281748 5898
4281751 5899
4281752 5900
4281753 5900
4281755 5901
4281756 5902
4281757 5902
4281759 5903
4281760 5904
4281761 5904
4281763 5905
4281856 5791
4281857 5792
4281858 5793
4281860 5794
4281861 5795
4281862 5796
4281864 5797
4281865 5798
4281866 5799
4281868 5800
4281869 5801
4281870 5802
4281873 5803
4281874 5804
4281876 5906
4281878 5806
4281881 5907
4281882 5808
4281884 5809
4281885 5810
4281886 5811
4281888 5812
4281889 5813
4281890 5814
4281920 5792
4281921 5791
4281922 5793
4281924 5795
4281925 5794
4281926 5796
4281928 5798
4281929 5797
4281930 5799
4281932 5801
4281933 5800
4281934 5802
4281937 5908
4281938 5804
4281940 5805
4281942 5806
4281944 5907
4281946 5808
4281948 5810
4281949 5809
4281950 5811
4281952 5813
4281953 5812
4281954 5814
4281984 5909
4281985 5909
4281986 5909
4281987 5910
4281988 5911
4281989 5911
4281990 5911
4281991 5912
4281992 5913
4281993 5913
4281994 5913
4281995 5914
4281996 5915
4281997 5915
4281998 5915
4281999 5916
4282001 5917
4282002 5917
4282003 5918
4282004 5919
4282006 5919
4282007 5920
4282008 5921
4282009 5921
4282011 5922
4282012 5923
4282013 5923
4282014 5923
4282015 5924
4282016 5925
4282017 5925
4282018 5925
4282019 5926
4282112 5830
4282113 5831
4282114 5832
4282116 5833
4282117 5834
4282118 5835
4282120 5836
4282121 5837
4282122 5838
4282124 5839
4282125 5840
4282126 5841
4282129 5842
4282130 5843
4282132 5927
4282134 5845
4282136 5846
4282137 5847
4282138 5848
4282141 5928
4282142 5850
4282144 5851
4282145 5852
4282146 5853
4282176 5831
4282177 5830
4282178 5832
4282180 5834
4282181 5833
4282182 5835
4282184 5837
4282185 5836
4282186 5838
4282188 5840
4282189 5839
4282190 5841
4282193 5929
4282194 5843
4282196 5844
4282198 5845
4282200 5847
4282201 5846
4282202 5848
4282204 5928
4282206 5850
4282208 5852
4282209 5851
4282210 5853
4282240 5930
4282241 5930
4282242 5930
4282243 5931
4282244 5932
4282245 5932
4282246 5932
4282247 5933
4282248 5934
4282249 5934
4282250 5934
4282251 5935
4282252 5936
4282253 5936
4282254 5936
4282255 5937
4282257 5938
4282258 5938
4282259 5939
4282260 5940
4282262 5940
4282263 5941
4282264 5942
4282265 5942
4282266 5942
4282267 5943
4282268 5944
4282269 5944
4282271 5945
4282272 5946
4282273 5946
4282274 5946
4282275 5947
4282368 5867
4282369 5868
4282370 5869
4282372 5870
4282373 5871
4282374 5872
4282376 5873
4282377 5874
4282378 5875
4282380 5873
4282381 5874
4282382 5875
4282385 5876
4282386 5877
4282388 5948
4282390 5879
4282392 5880
4282393 5881
4282394 5882
4282396 5883
4282397 5884
4282398 5885
4282401 5949
4282402 5887
4282432 5868
4282433 5867
4282434 5869
4282436 5871
4282437 5870
4282438 5872
4282440 5874
4282441 5873
4282442 5875
4282444 5874
4282445 5873
4282446 5875
4282449 5950
4282450 5877
4282452 5878
4282454 5879
4282456 5881
4282457 5880
4282458 5882
4282460 5884
4282461 5883
4282462 5885
4282464 5949
4282466 5887
4282496 5951
4282497 5951
4282498 5951
4282499 5952
4282500 5953
4282501 5953
4282502 5953
4282503 5954
4282504 5955
4282505 5955
4282506 5955
4282507 5956
4282508 5955
4282509 5955
4282510 5955
4282511 5956
4282513 5957
4282514 5957
4282515 5958
4282516 5959
4282518 5959
4282519 5960
4282520 5961
4282521 5961
4282522 5961
4282523 5962
4282524 5963
4282525 5963
4282526 5963
4282527 5964
4282528 5965
4282529 5965
4282531 5966
4294208 5967
4294209 5968
4294210 5969
4294212 5967
4294213 5968
4294214 5969
4294216 5970
4294217 5971
4294218 5972
4294220 5973
4294221 5974
4294222 5975
4294225 5976
4294226 5977
4294228 5978
4294229 5979
4294230 5980
4294234 5981
4294236 5982
4294237 5983
4294238 5984
4294240 5985
4294241 5986
4294242 5987
4294400 5988
4294401 5989
4294404 5988
4294405 5989
4294408 5990
4294409 5991
4294412 5992
4294413 5993
4294417 5994
4294420 5995
4294421 5996
4294425 5997
4294429 5998
4294432 5999
4294433 6000
4294464 6001
4294465 6002
4294466 6003
4294468 6001
4294469 6002
4294470 6003
4294472 6004
4294473 6005
4294474 6006
4294476 6007
4294477 6008
4294478 6009
4294481 6010
4294482 6011
4294484 6012
4294485 6013
4294486 6014
4294489 6015
4294490 6016
4294492 6017
4294494 6018
4294496 6019
4294497 6020
4294498 6021
4294656 6022
4294657 6023
4294660 6022
4294661 6023
4294664 6024
4294665 6025
4294668 6026
4294669 6027
4294673 6028
4294676 6029
4294677 6030
4294681 6031
4294684 6032
4294685 6033
4294689 6034
4294720 6035
4294721 6036
4294722 6037
4294724 6035
4294725 6036
4294726 6037
4294728 6038
4294729 6039
4294730 6040
4294732 6041
4294733 6042
4294734 6043
4294737 6044
4294738 6045
4294740 6046
4294741 6047
4294742 6048
4294745 6049
4294746 6050
4294748 6051
4294749 6052
4294750 6053
4294752 6054
4294754 6055
4298368 6056
4298369 6056
4298371 6057
4298372 6056
4298373 6056
4298375 6057
4298376 6058
4298377 6058
4298379 6059
4298380 6060
4298381 6060
4298383 6061
4298385 6062
4298387 6063
4298388 6064
4298389 6064
4298391 6065
4298392 6066
4298395 6067
4298396 6068
4298397 6068
4298399 6069
4298400 6070
4298401 6070
4298403 6071
4298496 6001
4298497 6002
4298498 6003
4298500 6001
4298501 6002
4298502 6003
4298504 6004
4298505 6005
4298506 6006
4298508 6007
4298509 6008
4298510 6009
4298513 6010
4298514 6011
4298516 6012
4298517 6013
4298518 6014
4298520 6072
4298522 6016
4298525 6073
4298526 6018
4298528 6019
4298529 6020
4298530 6021
4298560 6002
4298561 6001
4298562 6003
4298564 6002
4298565 6001
4298566 6003
4298568 6005
4298569 6004
4298570 6006
4298572 6008
4298573 6007
4298574 6009
4298577 6074
4298578 6011
4298580 6013
4298581 6012
4298582 6014
4298584 6015
4298586 6016
4298588 6073
4298590 6018
4298592 6020
4298593 6019
4298594 6021
4298624 6075
4298625 6075
4298626 6075
4298627 6076
4298628 6075
4298629 6075
4298630 6075
4298631 6076
4298632 6077
4298633 6077
4298634 6077
4298635 6078
4298636 6079
4298637 6079
4298638 6079
4298639 6080
4298641 6081
4298642 6081
4298643 6082
4298644 6083
4298645 6083
4298646 6083
4298647 6084
4298648 6085
4298650 6085
4298651 6086
4298652 6087
4298653 6087
4298655 6088
4298656 6089
4298657 6089
4298658 6089
4298659 6090
4298752 6035
4298753 6036
4298754 6037
4298756 6035
4298757 6036
4298758 6037
4298760 6038
4298761 6039
4298762 6040
4298764 6041
4298765 6042
4298766 6043
4298769 6044
4298770 6045
4298772 6046
4298773 6047
4298774 6048
4298776 6091
4298778 6050
4298780 6051
4298781 6052
4298782 6053
4298785 6092
4298786 6055
4298816 6036
4298817 6035
4298818 6037
4298820 6036
4298821 6035
4298822 6037
4298824 6039
4298825 6038
4298826 6040
4298828 6042
4298829 6041
4298830 6043
4298833 6093
4298834 6045
4298836 6047
4298837 6046
4298838 6048
4298840 6049
4298842 6050
4298844 6052
4298845 6051
4298846 6053
4298848 6092
4298850 6055
4298880 6094
4298881 6094
4298882 6094
4298883 6095
4298884 6094
4298885 6094
4298886 6094
4298887 6095
4298888 6096
4298889 6096
4298890 6096
4298891 6097
4298892 6098
4298893 6098
4298894 6098
4298895 6099
4298897 6100
4298898 6100
4298899 6101
4298900 6102
4298901 6102
4298902 6102
4298903 6103
4298904 6104
4298906 6104
4298907 6105
4298908 6106
4298909 6106
4298910 6106
4298911 6107
4298912 6108
4298913 6108
4298915 6109
4310848 6110
4310849 6111
4310850 6112
4310852 6110
4310853 6111
4310854 6112
4310856 6113
4310857 6114
4310858 6115
4310860 6116
4310861 6117
4310862 6118
4310865 6119
4310866 6120
4310868 6121
4310869 6122
4310870 6123
4310872 6121
4310873 6122
4310874 6123
4310878 6124
4310880 6125
4310881 6126
4310882 6127
4311040 6128
4311041 6129
4311044 6128
4311045 6129
4311048 6130
4311049 6131
4311052 6132
4311053 6133
4311057 6134
4311060 6135
4311061 6136
4311064 6135
4311065 6136
4311069 6137
4311073 6138
4311104 6139
4311105 6140
4311106 6141
4311108 6139
4311109 6140
4311110 6141
4311112 6142
4311113 6143
4311114 6144
4311116 6145
4311117 6146
4311118 6147
4311121 6148
4311122 6149
4311124 6150
4311125 6151
4311126 6152
4311128 6150
4311129 6151
4311130 6152
4311133 6153
4311134 6154
4311136 6155
4311138 6156
4315008 6157
4315009 6157
4315011 6158
4315012 6157
4315013 6157
4315015 6158
4315016 6159
4315017 6159
4315019 6160
4315020 6161
4315021 6161
4315023 6162
4315025 6163
4315027 6164
4315028 6165
4315029 6165
4315031 6166
4315032 6165
4315033 6165
4315035 6166
4315036 6167
4315039 6168
4315040 6169
4315041 6169
4315043 6170
4315136 6139
4315137 6140
4315138 6141
4315140 6139
4315141 6140
4315142 6141
4315144 6142
4315145 6143
4315146 6144
4315148 6145
4315149 6146
4315150 6147
4315153 6148
4315154 6149
4315156 6150
4315157 6151
4315158 6152
4315160 6150
4315161 6151
4315162 6152
4315164 6171
4315166 6154
4315169 6172
4315170 6156
4315200 6140
4315201 6139
4315202 6141
4315204 6140
4315205 6139
4315206 6141
4315208 6143
4315209 6142
4315210 6144
4315212 6146
4315213 6145
4315214 6147
4315217 6173
4315218 6149
4315220 6151
4315221 6150
4315222 6152
4315224 6151
4315225 6150
4315226 6152
4315228 6153
4315230 6154
4315232 6172
4315234 6156
4315264 6174
4315265 6174
4315266 6174
4315267 6175
4315268 6174
4315269 6174
4315270 6174
4315271 6175
4315272 6176
4315273 6176
4315274 6176
4315275 6177
4315276 6178
4315277 6178
4315278 6178
4315279 6179
4315281 6180
4315282 6180
4315283 6181
4315284 6182
4315285 6182
4315286 6182
4315287 6183
4315288 6182
4315289 6182
4315290 6182
4315291 6183
4315292 6184
4315294 6184
4315295 6185
4315296 6186
4315297 6186
4315299 6187
4327488 6188
4327489 6189
4327490 6190
4327492 6188
4327493 6189
4327494 6190
4327496 6191
4327497 6192
4327498 6193
4327500 6191
4327501 6192
4327502 6193
4327505 6194
4327506 6195
4327508 6196
4327509 6197
4327510 6198
4327512 6196
4327513 6197
4327514 6198
4327516 6199
4327517 6200
4327518 6201
4327522 6202
4331648 6203
4331649 6203
4331651 6204
4331652 6203
4331653 6203
4331655 6204
4331656 6205
4331657 6205
4331659 6206
4331660 6205
4331661 6205
4331663 6206
4331665 6207
4331667 6208
4331668 6209
4331669 6209
4331671 6210
4331672 6209
4331673 6209
4331675 6210
4331676 6211
4331677 6211
4331679 6212
4331680 6213
4331683 6214
5330304 6215
5330307 6216
5330308 6215
5330311 6216
5330312 6215
5330315 6216
5330316 6217
5330319 6218
5330320 6217
5330323 6218
5330327 6219
5330328 6220
5330331 6221
5330332 6220
5330335 6221
5330336 6222
5330339 6223
5330432 6224
5330433 6225
5330434 6226
5330436 6224
5330437 6225
5330438 6226
5330440 6227
5330441 6228
5330442 6229
5330444 6230
5330445 6231
5330446 6232
5330448 6233
5330449 6234
5330450 6235
5330454 6236
5330457 6237
5330458 6238
5330460 6239
5330461 6240
5330462 6241
5330464 6242
5330465 6243
5330466 6244
5330560 6245
5330562 6245
5330563 6246
5330564 6245
5330566 6245
5330567 6246
5330568 6247
5330570 6247
5330571 6248
5330572 6249
5330574 6249
5330575 6250
5330576 6251
5330578 6251
5330579 6252
5330582 6253
5330583 6254
5330584 6255
5330587 6256
5330588 6257
5330590 6257
5330591 6258
5330592 6259
5330594 6259
5330595 6260
5330688 6261
5330689 6262
5330690 6263
5330692 6261
5330693 6262
5330694 6263
5330696 6261
5330697 6262
5330698 6263
5330700 6264
5330701 6265
5330702 6266
5330704 6267
5330705 6268
5330706 6269
5330710 6270
5330712 6271
5330713 6272
5330714 6273
5330717 6274
5330718 6275
5330720 6276
5330721 6277
5330722 6278
5330816 6279
5330818 6279
5330819 6280
5330820 6279
5330822 6279
5330823 6280
5330824 6279
5330826 6279
5330827 6280
5330828 6281
5330830 6281
5330831 6282
5330832 6283
5330834 6283
5330835 6284
5330838 6285
5330839 6286
5330840 6287
5330842 6287
5330843 6288
5330844 6289
5330847 6290
5330848 6291
5330850 6291
5330851 6292
5330944 6293
5330945 6294
5330946 6295
5330948 6293
5330949 6294
5330950 6295
5330952 6293
5330953 6294
5330954 6295
5330956 6296
5330957 6297
5330958 6298
5330960 6299
5330961 6300
5330962 6301
5330966 6302
5330968 6303
5330969 6304
5330970 6305
5330972 6303
5330973 6304
5330974 6305
5330977 6306
5330978 6307
5331072 6308
5331074 6308
5331075 6309
5331076 6308
5331078 6308
5331079 6309
5331080 6308
5331082 6308
5331083 6309
5331084 6310
5331086 6310
5331087 6311
5331088 6312
5331090 6312
5331091 6313
5331094 6314
5331095 6315
5331096 6316
5331098 6316
5331099 6317
5331100 6316
5331102 6316
5331103 6317
5331104 6318
5331107 6319
5342784 6320
5342785 6321
5342786 6322
5342788 6320
5342789 6321
5342790 6322
5342792 6323
5342793 6324
5342794 6325
5342796 6326
5342797 6327
5342798 6328
5342800 6329
5342801 6330
5342802 6331
5342805 6332
5342806 6333
5342810 6334
5342812 6335
5342813 6336
5342814 6337
5342816 6338
5342817 6339
5342818 6340
5342976 6341
5342977 6342
5342980 6341
5342981 6342
5342984 6343
5342985 6344
5342988 6345
5342989 6346
5342992 6347
5342993 6348
5342997 6349
5343001 6350
5343005 6351
5343008 6352
5343009 6353
5343040 6354
5343041 6355
5343042 6356
5343044 6354
5343045 6355
5343046 6356
5343048 6357
5343049 6358
5343050 6359
5343052 6360
5343053 6361
5343054 6362
5343056 6363
5343057 6364
5343058 6365
5343061 6366
5343062 6367
5343065 6368
5343066 6369
5343068 6370
5343070 6371
5343072 6372
5343073 6373
5343074 6374
5343232 6375
5343233 6376
5343236 6375
5343237 6376
5343240 6377
5343241 6378
5343244 6379
5343245 6380
5343248 6381
5343249 6382
5343253 6383
5343257 6384
5343260 6385
5343261 6386
5343265 6387
5343296 6388
5343297 6389
5343298 6390
5343300 6388
5343301 6389
5343302 6390
5343304 6391
5343305 6392
5343306 6393
5343308 6394
5343309 6395
5343310 6396
5343312 6397
5343313 6398
5343314 6399
5343317 6400
5343318 6401
5343321 6402
5343322 6403
5343324 6404
5343325 6405
5343326 6406
5343328 6407
5343330 6408
5346944 6409
5346945 6409
5346947 6410
5346948 6409
5346949 6409
5346951 6410
5346952 6411
5346953 6411
5346955 6412
5346956 6413
5346957 6413
5346959 6414
5346960 6415
5346961 6415
5346963 6416
5346965 6417
5346967 6418
5346968 6419
5346971 6420
5346972 6421
5346973 6421
5346975 6422
5346976 6423
5346977 6423
5346979 6424
5347072 6354
5347073 6355
5347074 6356
5347076 6354
5347077 6355
5347078 6356
5347080 6357
5347081 6358
5347082 6359
5347084 6360
5347085 6361
5347086 6362
5347088 6363
5347089 6364
5347090 6365
5347093 6366
5347094 6367
5347096 6425
5347098 6369
5347101 6426
5347102 6371
5347104 6372
5347105 6373
5347106 6374
5347136 6355
5347137 6354
5347138 6356
5347140 6355
5347141 6354
5347142 6356
5347144 6358
5347145 6357
5347146 6359
5347148 6361
5347149 6360
5347150 6362
5347152 6364
5347153 6363
5347154 6365
5347157 6427
5347158 6367
5347160 6368
5347162 6369
5347164 6426
5347166 6371
5347168 6373
5347169 6372
5347170 6374
5347200 6428
5347201 6428
5347202 6428
5347203 6429
5347204 6428
5347205 6428
5347206 6428
5347207 6429
5347208 6430
5347209 6430
5347210 6430
5347211 6431
5347212 6432
5347213 6432
5347214 6432
5347215 6433
5347216 6434
5347217 6434
5347218 6434
5347219 6435
5347221 6436
5347222 6436
5347223 6437
5347224 6438
5347226 6438
5347227 6439
5347228 6440
5347229 6440
5347231 6441
5347232 6442
5347233 6442
5347234 6442
5347235 6443
5347328 6388
5347329 6389
5347330 6390
5347332 6388
5347333 6389
5347334 6390
5347336 6391
5347337 6392
5347338 6393
5347340 6394
5347341 6395
5347342 6396
5347344 6397
5347345 6398
5347346 6399
5347349 6400
5347350 6401
5347352 6444
5347354 6403
5347356 6404
5347357 6405
5347358 6406
5347361 6445
5347362 6408
5347392 6389
5347393 6388
5347394 6390
5347396 6389
5347397 6388
5347398 6390
5347400 6392
5347401 6391
5347402 6393
5347404 6395
5347405 6394
5347406 6396
5347408 6398
5347409 6397
5347410 6399
5347413 6446
5347414 6401
5347416 6402
5347418 6403
5347420 6405
5347421 6404
5347422 6406
5347424 6445
5347426 6408
5347456 6447
5347457 6447
5347458 6447
5347459 6448
5347460 6447
5347461 6447
5347462 6447
5347463 6448
5347464 6449
5347465 6449
5347466 6449
5347467 6450
5347468 6451
5347469 6451
5347470 6451
5347471 6452
5347472 6453
5347473 6453
5347474 6453
5347475 6454
5347477 6455
5347478 6455
5347479 6456
5347480 6457
5347482 6457
5347483 6458
5347484 6459
5347485 6459
5347486 6459
5347487 6460
5347488 6461
5347489 6461
5347491 6462
5359424 6463
5359425 6464
5359426 6465
5359428 6463
5359429 6464
5359430 6465
5359432 6463
5359433 6464
5359434 6465
5359436 6466
5359437 6467
5359438 6468
5359440 6469
5359441 6470
5359442 6471
5359445 6472
5359446 6473
5359448 6474
5359449 6475
5359450 6476
5359454 6477
5359456 6478
5359457 6479
5359458 6480
5359616 6481
5359617 6482
5359620 6481
5359621 6482
5359624 6481
5359625 6482
5359628 6483
5359629 6484
5359632 6485
5359633 6486
5359637 6487
5359640 6488
5359641 6489
5359645 6490
5359649 6491
5359680 6492
5359681 6493
5359682 6494
5359684 6492
5359685 6493
5359686 6494
5359688 6492
5359689 6493
5359690 6494
5359692 6495
5359693 6496
5359694 6497
5359696 6498
5359697 6499
5359698 6500
5359701 6501
5359702 6502
5359704 6503
5359705 6504
5359706 6505
5359709 6506
5359710 6507
5359712 6508
5359714 6509
5363584 6510
5363585 6510
5363587 6511
5363588 6510
5363589 6510
5363591 6511
5363592 6510
5363593 6510
5363595 6511
5363596 6512
5363597 6512
5363599 6513
5363600 6514
5363601 6514
5363603 6515
5363605 6516
5363607 6517
5363608 6518
5363609 6518
5363611 6519
5363612 6520
5363615 6521
5363616 6522
5363617 6522
5363619 6523
5363712 6492
5363713 6493
5363714 6494
5363716 6492
5363717 6493
5363718 6494
5363720 6492
5363721 6493
5363722 6494
5363724 6495
5363725 6496
5363726 6497
5363728 6498
5363729 6499
5363730 6500
5363733 6501
5363734 6502
5363736 6503
5363737 6504
5363738 6505
5363740 6524
5363742 6507
5363745 6525
5363746 6509
5363776 6493
5363777 6492
5363778 6494
5363780 6493
5363781 6492
5363782 6494
5363784 6493
5363785 6492
5363786 6494
5363788 6496
5363789 6495
5363790 6497
5363792 6499
5363793 6498
5363794 6500
5363797 6526
5363798 6502
5363800 6504
5363801 6503
5363802 6505
5363804 6506
5363806 6507
5363808 6525
5363810 6509
5363840 6527
5363841 6527
5363842 6527
5363843 6528
5363844 6527
5363845 6527
5363846 6527
5363847 6528
5363848 6527
5363849 6527
5363850 6527
5363851 6528
5363852 6529
5363853 6529
5363854 6529
5363855 6530
5363856 6531
5363857 6531
5363858 6531
5363859 6532
5363861 6533
5363862 6533
5363863 6534
5363864 6535
5363865 6535
5363866 6535
5363867 6536
5363868 6537
5363870 6537
5363871 6538
5363872 6539
5363873 6539
5363875 6540
5376064 6541
5376065 6542
5376066 6543
5376068 6541
5376069 6542
5376070 6543
5376072 6541
5376073 6542
5376074 6543
5376076 6544
5376077 6545
5376078 6546
5376080 6547
5376081 6548
5376082 6549
5376085 6550
5376086 6551
5376088 6552
5376089 6553
5376090 6554
5376092 6552
5376093 6553
5376094 6554
5376098 6555
5380224 6556
5380225 6556
5380227 6557
5380228 6556
5380229 6556
5380231 6557
5380232 6556
5380233 6556
5380235 6557
5380236 6558
5380237 6558
5380239 6559
5380240 6560
5380241 6560
5380243 6561
5380245 6562
5380247 6563
5380248 6564
5380249 6564
5380251 6565
5380252 6564
5380253 6564
5380255 6565
5380256 6566
5380259 6567
6395520 6568
6395523 6569
6395524 6568
6395527 6569
6395528 6568
6395531 6569
6395532 6570
6395535 6571
6395536 6570
6395539 6571
6395540 6570
6395543 6571
6395547 6572
6395548 6573
6395551 6574
6395552 6573
6395555 6574
6395648 6575
6395649 6576
6395650 6577
6395652 6575
6395653 6576
6395654 6577
6395656 6575
6395657 6576
6395658 6577
6395660 6578
6395661 6579
6395662 6580
6395664 6581
6395665 6582
6395666 6583
6395668 6581
6395669 6582
6395670 6583
6395674 6584
6395677 6585
6395678 6586
6395680 6587
6395681 6588
6395682 6589
6395776 6590
6395778 6590
6395779 6591
6395780 6590
6395782 6590
6395783 6591
6395784 6590
6395786 6590
6395787 6591
6395788 6592
6395790 6592
6395791 6593
6395792 6594
6395794 6594
6395795 6595
6395796 6594
6395798 6594
6395799 6595
6395802 6596
6395803 6597
6395804 6598
6395807 6599
6395808 6600
6395810 6600
6395811 6601
6395904 6602
6395905 6603
6395906 6604
6395908 6602
6395909 6603
6395910 6604
6395912 6602
6395913 6603
6395914 6604
6395916 6605
6395917 6606
6395918 6607
6395920 6608
6395921 6609
6395922 6610
6395924 6608
6395925 6609
6395926 6610
6395930 6611
6395932 6612
6395933 6613
6395934 6614
6395937 6615
6395938 6616
6396032 6617
6396034 6617
6396035 6618
6396036 6617
6396038 6617
6396039 6618
6396040 6617
6396042 6617
6396043 6618
6396044 6619
6396046 6619
6396047 6620
6396048 6621
6396050 6621
6396051 6622
6396052 6621
6396054 6621
6396055 6622
6396058 6623
6396059 6624
6396060 6625
6396062 6625
6396063 6626
6396064 6627
6396067 6628
6408000 6629
6408001 6630
6408002 6631
6408004 6629
6408005 6630
6408006 6631
6408008 6629
6408009 6630
6408010 6631
6408012 6632
6408013 6633
6408014 6634
6408016 6635
6408017 6636
6408018 6637
6408020 6635
6408021 6636
6408022 6637
6408025 6638
6408026 6639
6408030 6640
6408032 6641
6408033 6642
6408034 6643
6408192 6644
6408193 6645
6408196 6644
6408197 6645
6408200 6644
6408201 6645
6408204 6646
6408205 6647
6408208 6648
6408209 6649
6408212 6648
6408213 6649
6408217 6650
6408221 6651
6408225 6652
6408256 6653
6408257 6654
6408258 6655
6408260 6653
6408261 6654
6408262 6655
6408264 6653
6408265 6654
6408266 6655
6408268 6656
6408269 6657
6408270 6658
6408272 6659
6408273 6660
6408274 6661
6408276 6659
6408277 6660
6408278 6661
6408281 6662
6408282 6663
6408285 6664
6408286 6665
6408288 6666
6408290 6667
6412160 6668
6412161 6668
6412163 6669
6412164 6668
6412165 6668
6412167 6669
6412168 6668
6412169 6668
6412171 6669
6412172 6670
6412173 6670
6412175 6671
6412176 6672
6412177 6672
6412179 6673
6412180 6672
6412181 6672
6412183 6673
6412185 6674
6412187 6675
6412188 6676
6412191 6677
6412192 6678
6412193 6678
6412195 6679
6412288 6653
6412289 6654
6412290 6655
6412292 6653
6412293 6654
6412294 6655
6412296 6653
6412297 6654
6412298 6655
6412300 6656
6412301 6657
6412302 6658
6412304 6659
6412305 6660
6412306 6661
6412308 6659
6412309 6660
6412310 6661
6412313 6662
6412314 6663
6412316 6680
6412318 6665
6412321 6681
6412322 6667
6412352 6654
6412353 6653
6412354 6655
6412356 6654
6412357 6653
6412358 6655
6412360 6654
6412361 6653
6412362 6655
6412364 6657
6412365 6656
6412366 6658
6412368 6660
6412369 6659
6412370 6661
6412372 6660
6412373 6659
6412374 6661
6412377 6682
6412378 6663
6412380 6664
6412382 6665
6412384 6681
6412386 6667
6412416 6683
6412417 6683
6412418 6683
6412419 6684
6412420 6683
6412421 6683
6412422 6683
6412423 6684
6412424 6683
6412425 6683
6412426 6683
6412427 6684
6412428 6685
6412429 6685
6412430 6685
6412431 6686
6412432 6687
6412433 6687
6412434 6687
6412435 6688
6412436 6687
6412437 6687
6412438 6687
6412439 6688
6412441 6689
6412442 6689
6412443 6690
6412444 6691
6412446 6691
6412447 6692
6412448 6693
6412449 6693
6412451 6694
6424640 6695
6424641 6696
6424642 6697
6424644 6695
6424645 6696
6424646 6697
6424648 6695
6424649 6696
6424650 6697
6424652 6698
6424653 6699
6424654 6700
6424656 6701
6424657 6702
6424658 6703
6424660 6701
6424661 6702
6424662 6703
6424665 6704
6424666 6705
6424668 6706
6424669 6707
6424670 6708
6424674 6709
6428800 6710
6428801 6710
6428803 6711
6428804 6710
6428805 6710
6428807 6711
6428808 6710
6428809 6710
6428811 6711
6428812 6712
6428813 6712
6428815 6713
6428816 6714
6428817 6714
6428819 6715
6428820 6714
6428821 6714
6428823 6715
6428825 6716
6428827 6717
6428828 6718
6428829 6718
6428831 6719
6428832 6720
6428835 6721
7460736 6722
7460739 6723
7460740 6722
7460743 6723
7460744 6722
7460747 6723
7460748 6722
7460751 6723
7460752 6724
7460755 6725
7460756 6724
7460759 6725
7460760 6724
7460763 6725
7460767 6726
7460768 6727
7460771 6728
7460864 6729
7460865 6730
7460866 6731
7460868 6729
7460869 6730
7460870 6731
7460872 6729
7460873 6730
7460874 6731
7460876 6729
7460877 6730
7460878 6731
7460880 6732
7460881 6733
7460882 6734
7460884 6732
7460885 6733
7460886 6734
7460888 6732
7460889 6733
7460890 6734
7460894 6735
7460897 6736
7460898 6737
7460992 6738
7460994 6738
7460995 6739
7460996 6738
7460998 6738
7460999 6739
7461000 6738
7461002 6738
7461003 6739
7461004 6738
7461006 6738
7461007 6739
7461008 6740
7461010 6740
7461011 6741
7461012 6740
7461014 6740
7461015 6741
7461016 6740
7461018 6740
7461019 6741
7461022 6742
7461023 6743
7461024 6744
7461027 6745
7473216 6746
7473217 6747
7473218 6748
7473220 6746
7473221 6747
7473222 6748
7473224 6746
7473225 6747
7473226 6748
7473228 6746
7473229 6747
7473230 6748
7473232 6749
7473233 6750
7473234 6751
7473236 6749
7473237 6750
7473238 6751
7473240 6749
7473241 6750
7473242 6751
7473245 6752
7473246 6753
7473250 6754
7477376 6755
7477377 6755
7477379 6756
7477380 6755
7477381 6755
7477383 6756
7477384 6755
7477385 6755
7477387 6756
7477388 6755
7477389 6755
7477391 6756
7477392 6757
7477393 6757
7477395 6758
7477396 6757
7477397 6757
7477399 6758
7477400 6757
7477401 6757
7477403 6758
7477405 6759
7477407 6760
7477408 6761
7477411 6762
8525952 6763
8525955 6764
8525956 6763
8525959 6764
8525960 6763
8525963 6764
8525964 6763
8525967 6764
8525968 6765
8525971 6766
8525972 6765
8525975 6766
8525976 6765
8525979 6766
8525980 6765
8525983 6766
8525987 6767
