gtosd-board-texture-v1
name TX0_suit_only
river-key turn
flop 573
66 0
68 1
70 2
72 3
74 4
76 5
78 6
80 7
82 8
84 9
86 10
88 11
90 12
92 13
94 14
96 15
98 16
261 17
264 18
265 19
268 20
269 21
272 22
273 23
276 24
277 25
280 26
281 27
284 28
285 29
288 30
289 31
326 32
328 33
329 34
330 35
332 36
333 37
334 38
336 39
337 40
338 41
340 42
341 43
342 44
344 45
345 46
346 47
348 48
349 49
350 50
352 51
353 52
354 53
521 54
524 55
525 56
528 57
529 58
532 59
533 60
536 61
537 62
540 63
541 64
544 65
545 66
586 67
588 68
589 69
590 70
592 71
593 72
594 73
596 74
597 75
598 76
600 77
601 78
602 79
604 80
605 81
606 82
608 83
609 84
610 85
781 86
784 87
785 88
788 89
789 90
792 91
793 92
796 93
797 94
800 95
801 96
846 97
848 98
849 99
850 100
852 101
853 102
854 103
856 104
857 105
858 106
860 107
861 108
862 109
864 110
865 111
866 112
1041 113
1044 114
1045 115
1048 116
1049 117
1052 118
1053 119
1056 120
1057 121
1106 122
1108 123
1109 124
1110 125
1112 126
1113 127
1114 128
1116 129
1117 130
1118 131
1120 132
1121 133
1122 134
1301 135
1304 136
1305 137
1308 138
1309 139
1312 140
1313 141
1366 142
1368 143
1369 144
1370 145
1372 146
1373 147
1374 148
1376 149
1377 150
1378 151
1561 152
1564 153
1565 154
1568 155
1569 156
1626 157
1628 158
1629 159
1630 160
1632 161
1633 162
1634 163
1821 164
1824 165
1825 166
1886 167
1888 168
1889 169
1890 170
2081 171
2146 172
16710 173
16712 174
16714 175
16716 176
16718 177
16720 178
16722 179
16724 180
16726 181
16728 182
16730 183
16732 184
16734 185
16736 186
16738 187
16905 188
16908 189
16909 190
16912 191
16913 192
16916 193
16917 194
16920 195
16921 196
16924 197
16925 198
16928 199
16929 200
16970 201
16972 202
16973 203
16974 204
16976 205
16977 206
16978 207
16980 208
16981 209
16982 210
16984 211
16985 212
16986 213
16988 214
16989 215
16990 216
16992 217
16993 218
16994 219
17165 220
17168 221
17169 222
17172 223
17173 224
17176 225
17177 226
17180 227
17181 228
17184 229
17185 230
17230 231
17232 232
17233 233
17234 234
17236 235
17237 236
17238 237
17240 238
17241 239
17242 240
17244 241
17245 242
17246 243
17248 244
17249 245
17250 246
17425 247
17428 248
17429 249
17432 250
17433 251
17436 252
17437 253
17440 254
17441 255
17490 256
17492 257
17493 258
17494 259
17496 260
17497 261
17498 262
17500 263
17501 264
17502 265
17504 266
17505 267
17506 268
17685 269
17688 270
17689 271
17692 272
17693 273
17696 274
17697 275
17750 276
17752 277
17753 278
17754 279
17756 280
17757 281
17758 282
17760 283
17761 284
17762 285
17945 286
17948 287
17949 288
17952 289
17953 290
18010 291
18012 292
18013 293
18014 294
18016 295
18017 296
18018 297
18205 298
18208 299
18209 300
18270 301
18272 302
18273 303
18274 304
18465 305
18530 306
33354 307
33356 308
33358 309
33360 310
33362 311
33364 312
33366 313
33368 314
33370 315
33372 316
33374 317
33376 318
33378 319
33549 320
33552 321
33553 322
33556 323
33557 324
33560 325
33561 326
33564 327
33565 328
33568 329
33569 330
33614 331
33616 332
33617 333
33618 334
33620 335
33621 336
33622 337
33624 338
33625 339
33626 340
33628 341
33629 342
33630 343
33632 344
33633 345
33634 346
33809 347
33812 348
33813 349
33816 350
33817 351
33820 352
33821 353
33824 354
33825 355
33874 356
33876 357
33877 358
33878 359
33880 360
33881 361
33882 362
33884 363
33885 364
33886 365
33888 366
33889 367
33890 368
34069 369
34072 370
34073 371
34076 372
34077 373
34080 374
34081 375
34134 376
34136 377
34137 378
34138 379
34140 380
34141 381
34142 382
34144 383
34145 384
34146 385
34329 386
34332 387
34333 388
34336 389
34337 390
34394 391
34396 392
34397 393
34398 394
34400 395
34401 396
34402 397
34589 398
34592 399
34593 400
34654 401
34656 402
34657 403
34658 404
34849 405
34914 406
49998 407
50000 408
50002 409
50004 410
50006 411
50008 412
50010 413
50012 414
50014 415
50016 416
50018 417
50193 418
50196 419
50197 420
50200 421
50201 422
50204 423
50205 424
50208 425
50209 426
50258 427
50260 428
50261 429
50262 430
50264 431
50265 432
50266 433
50268 434
50269 435
50270 436
50272 437
50273 438
50274 439
50453 440
50456 441
50457 442
50460 443
50461 444
50464 445
50465 446
50518 447
50520 448
50521 449
50522 450
50524 451
50525 452
50526 453
50528 454
50529 455
50530 456
50713 457
50716 458
50717 459
50720 460
50721 461
50778 462
50780 463
50781 464
50782 465
50784 466
50785 467
50786 468
50973 469
50976 470
50977 471
51038 472
51040 473
51041 474
51042 475
51233 476
51298 477
66642 478
66644 479
66646 480
66648 481
66650 482
66652 483
66654 484
66656 485
66658 486
66837 487
66840 488
66841 489
66844 490
66845 491
66848 492
66849 493
66902 494
66904 495
66905 496
66906 497
66908 498
66909 499
66910 500
66912 501
66913 502
66914 503
67097 504
67100 505
67101 506
67104 507
67105 508
67162 509
67164 510
67165 511
67166 512
67168 513
67169 514
67170 515
67357 516
67360 517
67361 518
67422 519
67424 520
67425 521
67426 522
67617 523
67682 524
83286 525
83288 526
83290 527
83292 528
83294 529
83296 530
83298 531
83481 532
83484 533
83485 534
83488 535
83489 536
83546 537
83548 538
83549 539
83550 540
83552 541
83553 542
83554 543
83741 544
83744 545
83745 546
83806 547
83808 548
83809 549
83810 550
84001 551
84066 552
99930 553
99932 554
99934 555
99936 556
99938 557
100125 558
100128 559
100129 560
100190 561
100192 562
100193 563
100194 564
100385 565
100450 566
116574 567
116576 568
116578 569
116769 570
116834 571
133218 572
turn 13761
4227 0
4228 1
4231 2
4232 3
4235 4
4236 5
4239 6
4240 7
4243 8
4244 9
4247 10
4248 11
4251 12
4252 13
4255 14
4256 15
4259 16
4354 17
4357 18
4358 19
4360 20
4361 21
4362 22
4364 23
4365 24
4366 25
4368 26
4369 27
4370 28
4372 29
4373 30
4374 31
4376 32
4377 33
4378 34
4380 35
4381 36
4382 37
4384 38
4385 39
4386 40
4482 41
4483 42
4484 43
4487 44
4488 45
4490 45
4491 46
4492 47
4494 47
4495 48
4496 49
4498 49
4499 50
4500 51
4502 51
4503 52
4504 53
4506 53
4507 54
4508 55
4510 55
4511 56
4512 57
4514 57
4515 58
4610 59
4612 60
4613 61
4614 62
4617 63
4618 64
4620 65
4621 66
4622 67
4624 68
4625 69
4626 70
4628 71
4629 72
4630 73
4632 74
4633 75
4634 76
4636 77
4637 78
4638 79
4640 80
4641 81
4642 82
4738 83
4739 84
4740 85
4742 85
4743 86
4744 87
4747 88
4748 89
4750 89
4751 90
4752 91
4754 91
4755 92
4756 93
4758 93
4759 94
4760 95
4762 95
4763 96
4764 97
4766 97
4767 98
4768 99
4770 99
4771 100
4866 101
4868 102
4869 103
4870 104
4872 105
4873 106
4874 107
4877 108
4878 109
4880 110
4881 111
4882 112
4884 113
4885 114
4886 115
4888 116
4889 117
4890 118
4892 119
4893 120
4894 121
4896 122
4897 123
4898 124
4994 125
4995 126
4996 127
4998 127
4999 128
5000 129
5002 129
5003 130
5004 131
5007 132
5008 133
5010 133
5011 134
5012 135
5014 135
5015 136
5016 137
5018 137
5019 138
5020 139
5022 139
5023 140
5024 141
5026 141
5027 142
5122 143
5124 144
5125 145
5126 146
5128 147
5129 148
5130 149
5132 150
5133 151
5134 152
5137 153
5138 154
5140 155
5141 156
5142 157
5144 158
5145 159
5146 160
5148 161
5149 162
5150 163
5152 164
5153 165
5154 166
5250 167
5251 168
5252 169
5254 169
5255 170
5256 171
5258 171
5259 172
5260 173
5262 173
5263 174
5264 175
5267 176
5268 177
5270 177
5271 178
5272 179
5274 179
5275 180
5276 181
5278 181
5279 182
5280 183
5282 183
5283 184
5378 185
5380 186
5381 187
5382 188
5384 189
5385 190
5386 191
5388 192
5389 193
5390 194
5392 195
5393 196
5394 197
5397 198
5398 199
5400 200
5401 201
5402 202
5404 203
5405 204
5406 205
5408 206
5409 207
5410 208
5506 209
5507 210
5508 211
5510 211
5511 212
5512 213
5514 213
5515 214
5516 215
5518 215
5519 216
5520 217
5522 217
5523 218
5524 219
5527 220
5528 221
5530 221
5531 222
5532 223
5534 223
5535 224
5536 225
5538 225
5539 226
5634 227
5636 228
5637 229
5638 230
5640 231
5641 232
5642 233
5644 234
5645 235
5646 236
5648 237
5649 238
5650 239
5652 240
5653 241
5654 242
5657 243
5658 244
5660 245
5661 246
5662 247
5664 248
5665 249
5666 250
5762 251
5763 252
5764 253
5766 253
5767 254
5768 255
5770 255
5771 256
5772 257
5774 257
5775 258
5776 259
5778 259
5779 260
5780 261
5782 261
5783 262
5784 263
5787 264
5788 265
5790 265
5791 266
5792 267
5794 267
5795 268
5890 269
5892 270
5893 271
5894 272
5896 273
5897 274
5898 275
5900 276
5901 277
5902 278
5904 279
5905 280
5906 281
5908 282
5909 283
5910 284
5912 285
5913 286
5914 287
5917 288
5918 289
5920 290
5921 291
5922 292
6018 293
6019 294
6020 295
6022 295
6023 296
6024 297
6026 297
6027 298
6028 299
6030 299
6031 300
6032 301
6034 301
6035 302
6036 303
6038 303
6039 304
6040 305
6042 305
6043 306
6044 307
6047 308
6048 309
6050 309
6051 310
6146 311
6148 312
6149 313
6150 314
6152 315
6153 316
6154 317
6156 318
6157 319
6158 320
6160 321
6161 322
6162 323
6164 324
6165 325
6166 326
6168 327
6169 328
6170 329
6172 330
6173 331
6174 332
6177 333
6178 334
6274 335
6275 336
6276 337
6278 337
6279 338
6280 339
6282 339
6283 340
6284 341
6286 341
6287 342
6288 343
6290 343
6291 344
6292 345
6294 345
6295 346
6296 347
6298 347
6299 348
6300 349
6302 349
6303 350
6304 351
6307 352
16705 353
16706 354
16710 355
16712 356
16713 357
16714 358
16716 359
16717 360
16718 361
16720 362
16721 363
16722 364
16724 365
16725 366
16726 367
16728 368
16729 369
16730 370
16732 371
16733 372
16734 373
16736 374
16737 375
16738 376
16897 377
16901 378
16905 379
16908 380
16909 381
16912 382
16913 383
16916 384
16917 385
16920 386
16921 387
16924 388
16925 389
16928 390
16929 391
16961 392
16962 393
16965 394
16966 395
16968 396
16970 397
16972 398
16973 399
16974 400
16976 401
16977 402
16978 403
16980 404
16981 405
16982 406
16984 407
16985 408
16986 409
16988 410
16989 411
16990 412
16992 413
16993 414
16994 415
17153 416
17157 417
17160 418
17161 419
17165 420
17168 421
17169 422
17172 423
17173 424
17176 425
17177 426
17180 427
17181 428
17184 429
17185 430
17217 431
17218 432
17221 433
17222 434
17224 435
17225 436
17226 437
17228 438
17230 439
17232 440
17233 441
17234 442
17236 443
17237 444
17238 445
17240 446
17241 447
17242 448
17244 449
17245 450
17246 451
17248 452
17249 453
17250 454
17409 455
17413 456
17416 457
17417 458
17420 459
17421 460
17425 461
17428 462
17429 463
17432 464
17433 465
17436 466
17437 467
17440 468
17441 469
17473 470
17474 471
17477 472
17478 473
17480 474
17481 475
17482 476
17484 477
17485 478
17486 479
17488 480
17490 481
17492 482
17493 483
17494 484
17496 485
17497 486
17498 487
17500 488
17501 489
17502 490
17504 491
17505 492
17506 493
17665 494
17669 495
17672 496
17673 497
17676 498
17677 499
17680 500
17681 501
17685 502
17688 503
17689 504
17692 505
17693 506
17696 507
17697 508
17729 509
17730 510
17733 511
17734 512
17736 513
17737 514
17738 515
17740 516
17741 517
17742 518
17744 519
17745 520
17746 521
17748 522
17750 523
17752 524
17753 525
17754 526
17756 527
17757 528
17758 529
17760 530
17761 531
17762 532
17921 533
17925 534
17928 535
17929 536
17932 537
17933 538
17936 539
17937 540
17940 541
17941 542
17945 543
17948 544
17949 545
17952 546
17953 547
17985 548
17986 549
17989 550
17990 551
17992 552
17993 553
17994 554
17996 555
17997 556
17998 557
18000 558
18001 559
18002 560
18004 561
18005 562
18006 563
18008 564
18010 565
18012 566
18013 567
18014 568
18016 569
18017 570
18018 571
18177 572
18181 573
18184 574
18185 575
18188 576
18189 577
18192 578
18193 579
18196 580
18197 581
18200 582
18201 583
18205 584
18208 585
18209 586
18241 587
18242 588
18245 589
18246 590
18248 591
18249 592
18250 593
18252 594
18253 595
18254 596
18256 597
18257 598
18258 599
18260 600
18261 601
18262 602
18264 603
18265 604
18266 605
18268 606
18270 607
18272 608
18273 609
18274 610
18433 611
18437 612
18440 613
18441 614
18444 615
18445 616
18448 617
18449 618
18452 619
18453 620
18456 621
18457 622
18460 623
18461 624
18465 625
18497 626
18498 627
18501 628
18502 629
18504 630
18505 631
18506 632
18508 633
18509 634
18510 635
18512 636
18513 637
18514 638
18516 639
18517 640
18518 641
18520 642
18521 643
18522 644
18524 645
18525 646
18526 647
18528 648
18530 649
20865 650
20867 651
20868 652
20871 653
20872 654
20873 654
20875 655
20876 656
20877 656
20879 657
20880 658
20881 658
20883 659
20884 660
20885 660
20887 661
20888 662
20889 662
20891 663
20892 664
20893 664
20895 665
20896 666
20897 666
20899 667
20993 392
20994 393
20996 668
20998 395
21001 669
21002 397
21004 398
21005 399
21006 400
21008 401
21009 402
21010 403
21012 404
21013 405
21014 406
21016 407
21017 408
21018 409
21020 410
21021 411
21022 412
21024 413
21025 414
21026 415
21057 670
21058 393
21060 394
21062 395
21064 669
21066 397
21068 399
21069 398
21070 400
21072 402
21073 401
21074 403
21076 405
21077 404
21078 406
21080 408
21081 407
21082 409
21084 411
21085 410
21086 412
21088 414
21089 413
21090 415
21121 671
21122 671
21123 672
21124 673
21126 673
21127 674
21128 675
21129 675
21131 676
21132 677
21133 677
21134 677
21135 678
21136 679
21137 679
21138 679
21139 680
21140 681
21141 681
21142 681
21143 682
21144 683
21145 683
21146 683
21147 684
21148 685
21149 685
21150 685
21151 686
21152 687
21153 687
21154 687
21155 688
21249 431
21250 432
21252 689
21254 434
21256 435
21257 436
21258 437
21261 690
21262 439
21264 440
21265 441
21266 442
21268 443
21269 444
21270 445
21272 446
21273 447
21274 448
21276 449
21277 450
21278 451
21280 452
21281 453
21282 454
21313 691
21314 432
21316 433
21318 434
21320 436
21321 435
21322 437
21324 690
21326 439
21328 441
21329 440
21330 442
21332 444
21333 443
21334 445
21336 447
21337 446
21338 448
21340 450
21341 449
21342 451
21344 453
21345 452
21346 454
21377 692
21378 692
21379 693
21380 694
21382 694
21383 695
21384 696
21385 696
21386 696
21387 697
21388 698
21389 698
21391 699
21392 700
21393 700
21394 700
21395 701
21396 702
21397 702
21398 702
21399 703
21400 704
21401 704
21402 704
21403 705
21404 706
21405 706
21406 706
21407 707
21408 708
21409 708
21410 708
21411 709
21505 470
21506 471
21508 710
21510 473
21512 474
21513 475
21514 476
21516 477
21517 478
21518 479
21521 711
21522 481
21524 482
21525 483
21526 484
21528 485
21529 486
21530 487
21532 488
21533 489
21534 490
21536 491
21537 492
21538 493
21569 712
21570 471
21572 472
21574 473
21576 475
21577 474
21578 476
21580 478
21581 477
21582 479
21584 711
21586 481
21588 483
21589 482
21590 484
21592 486
21593 485
21594 487
21596 489
21597 488
21598 490
21600 492
21601 491
21602 493
21633 713
21634 713
21635 714
21636 715
21638 715
21639 716
21640 717
21641 717
21642 717
21643 718
21644 719
21645 719
21646 719
21647 720
21648 721
21649 721
21651 722
21652 723
21653 723
21654 723
21655 724
21656 725
21657 725
21658 725
21659 726
21660 727
21661 727
21662 727
21663 728
21664 729
21665 729
21666 729
21667 730
21761 509
21762 510
21764 731
21766 512
21768 513
21769 514
21770 515
21772 516
21773 517
21774 518
21776 519
21777 520
21778 521
21781 732
21782 523
21784 524
21785 525
21786 526
21788 527
21789 528
21790 529
21792 530
21793 531
21794 532
21825 733
21826 510
21828 511
21830 512
21832 514
21833 513
21834 515
21836 517
21837 516
21838 518
21840 520
21841 519
21842 521
21844 732
21846 523
21848 525
21849 524
21850 526
21852 528
21853 527
21854 529
21856 531
21857 530
21858 532
21889 734
21890 734
21891 735
21892 736
21894 736
21895 737
21896 738
21897 738
21898 738
21899 739
21900 740
21901 740
21902 740
21903 741
21904 742
21905 742
21906 742
21907 743
21908 744
21909 744
21911 745
21912 746
21913 746
21914 746
21915 747
21916 748
21917 748
21918 748
21919 749
21920 750
21921 750
21922 750
21923 751
22017 548
22018 549
22020 752
22022 551
22024 552
22025 553
22026 554
22028 555
22029 556
22030 557
22032 558
22033 559
22034 560
22036 561
22037 562
22038 563
22041 753
22042 565
22044 566
22045 567
22046 568
22048 569
22049 570
22050 571
22081 754
22082 549
22084 550
22086 551
22088 553
22089 552
22090 554
22092 556
22093 555
22094 557
22096 559
22097 558
22098 560
22100 562
22101 561
22102 563
22104 753
22106 565
22108 567
22109 566
22110 568
22112 570
22113 569
22114 571
22145 755
22146 755
22147 756
22148 757
22150 757
22151 758
22152 759
22153 759
22154 759
22155 760
22156 761
22157 761
22158 761
22159 762
22160 763
22161 763
22162 763
22163 764
22164 765
22165 765
22166 765
22167 766
22168 767
22169 767
22171 768
22172 769
22173 769
22174 769
22175 770
22176 771
22177 771
22178 771
22179 772
22273 587
22274 588
22276 773
22278 590
22280 591
22281 592
22282 593
22284 594
22285 595
22286 596
22288 597
22289 598
22290 599
22292 600
22293 601
22294 602
22296 603
22297 604
22298 605
22301 774
22302 607
22304 608
22305 609
22306 610
22337 775
22338 588
22340 589
22342 590
22344 592
22345 591
22346 593
22348 595
22349 594
22350 596
22352 598
22353 597
22354 599
22356 601
22357 600
22358 602
22360 604
22361 603
22362 605
22364 774
22366 607
22368 609
22369 608
22370 610
22401 776
22402 776
22403 777
22404 778
22406 778
22407 779
22408 780
22409 780
22410 780
22411 781
22412 782
22413 782
22414 782
22415 783
22416 784
22417 784
22418 784
22419 785
22420 786
22421 786
22422 786
22423 787
22424 788
22425 788
22426 788
22427 789
22428 790
22429 790
22431 791
22432 792
22433 792
22434 792
22435 793
22529 626
22530 627
22532 794
22534 629
22536 630
22537 631
22538 632
22540 633
22541 634
22542 635
22544 636
22545 637
22546 638
22548 639
22549 640
22550 641
22552 642
22553 643
22554 644
22556 645
22557 646
22558 647
22561 795
22562 649
22593 796
22594 627
22596 628
22598 629
22600 631
22601 630
22602 632
22604 634
22605 633
22606 635
22608 637
22609 636
22610 638
22612 640
22613 639
22614 641
22616 643
22617 642
22618 644
22620 646
22621 645
22622 647
22624 795
22626 649
22657 797
22658 797
22659 798
22660 799
22662 799
22663 800
22664 801
22665 801
22666 801
22667 802
22668 803
22669 803
22670 803
22671 804
22672 805
22673 805
22674 805
22675 806
22676 807
22677 807
22678 807
22679 808
22680 809
22681 809
22682 809
22683 810
22684 811
22685 811
22686 811
22687 812
22688 813
22689 813
22691 814
33345 815
33346 816
33348 817
33349 818
33350 819
33354 820
33356 821
33357 822
33358 823
33360 824
33361 825
33362 826
33364 827
33365 828
33366 829
33368 830
33369 831
33370 832
33372 833
33373 834
33374 835
33376 836
33377 837
33378 838
33537 839
33540 840
33541 841
33545 842
33549 843
33552 844
33553 845
33556 846
33557 847
33560 848
33561 849
33564 850
33565 851
33568 852
33569 853
33601 854
33602 855
33604 856
33605 857
33606 858
33609 859
33610 860
33612 861
33614 862
33616 863
33617 864
33618 865
33620 866
33621 867
33622 868
33624 869
33625 870
33626 871
33628 872
33629 873
33630 874
33632 875
33633 876
33634 877
33793 878
33796 879
33797 880
33801 881
33804 882
33805 883
33809 884
33812 885
33813 886
33816 887
33817 888
33820 889
33821 890
33824 891
33825 892
33857 893
33858 894
33860 895
33861 896
33862 897
33865 898
33866 899
33868 900
33869 901
33870 902
33872 903
33874 904
33876 905
33877 906
33878 907
33880 908
33881 909
33882 910
33884 911
33885 912
33886 913
33888 914
33889 915
33890 916
34049 917
34052 918
34053 919
34057 920
34060 921
34061 922
34064 923
34065 924
34069 925
34072 926
34073 927
34076 928
34077 929
34080 930
34081 931
34113 932
34114 933
34116 934
34117 935
34118 936
34121 937
34122 938
34124 939
34125 940
34126 941
34128 942
34129 943
34130 944
34132 945
34134 946
34136 947
34137 948
34138 949
34140 950
34141 951
34142 952
34144 953
34145 954
34146 955
34305 956
34308 957
34309 958
34313 959
34316 960
34317 961
34320 962
34321 963
34324 964
34325 965
34329 966
34332 967
34333 968
34336 969
34337 970
34369 971
34370 972
34372 973
34373 974
34374 975
34377 976
34378 977
34380 978
34381 979
34382 980
34384 981
34385 982
34386 983
34388 984
34389 985
34390 986
34392 987
34394 988
34396 989
34397 990
34398 991
34400 992
34401 993
34402 994
34561 995
34564 996
34565 997
34569 998
34572 999
34573 1000
34576 1001
34577 1002
34580 1003
34581 1004
34584 1005
34585 1006
34589 1007
34592 1008
34593 1009
34625 1010
34626 1011
34628 1012
34629 1013
34630 1014
34633 1015
34634 1016
34636 1017
34637 1018
34638 1019
34640 1020
34641 1021
34642 1022
34644 1023
34645 1024
34646 1025
34648 1026
34649 1027
34650 1028
34652 1029
34654 1030
34656 1031
34657 1032
34658 1033
34817 1034
34820 1035
34821 1036
34825 1037
34828 1038
34829 1039
34832 1040
34833 1041
34836 1042
34837 1043
34840 1044
34841 1045
34844 1046
34845 1047
34849 1048
34881 1049
34882 1050
34884 1051
34885 1052
34886 1053
34889 1054
34890 1055
34892 1056
34893 1057
34894 1058
34896 1059
34897 1060
34898 1061
34900 1062
34901 1063
34902 1064
34904 1065
34905 1066
34906 1067
34908 1068
34909 1069
34910 1070
34912 1071
34914 1072
37505 1073
37507 1074
37508 1075
37509 1075
37511 1076
37512 1077
37515 1078
37516 1079
37517 1079
37519 1080
37520 1081
37521 1081
37523 1082
37524 1083
37525 1083
37527 1084
37528 1085
37529 1085
37531 1086
37532 1087
37533 1087
37535 1088
37536 1089
37537 1089
37539 1090
37633 854
37634 855
37636 856
37637 857
37638 858
37640 1091
37642 860
37645 1092
37646 862
37648 863
37649 864
37650 865
37652 866
37653 867
37654 868
37656 869
37657 870
37658 871
37660 872
37661 873
37662 874
37664 875
37665 876
37666 877
37697 1093
37698 855
37700 857
37701 856
37702 858
37704 859
37706 860
37708 1092
37710 862
37712 864
37713 863
37714 865
37716 867
37717 866
37718 868
37720 870
37721 869
37722 871
37724 873
37725 872
37726 874
37728 876
37729 875
37730 877
37761 1094
37762 1094
37763 1095
37764 1096
37765 1096
37766 1096
37767 1097
37768 1098
37770 1098
37771 1099
37772 1100
37773 1100
37775 1101
37776 1102
37777 1102
37778 1102
37779 1103
37780 1104
37781 1104
37782 1104
37783 1105
37784 1106
37785 1106
37786 1106
37787 1107
37788 1108
37789 1108
37790 1108
37791 1109
37792 1110
37793 1110
37794 1110
37795 1111
37889 893
37890 894
37892 895
37893 896
37894 897
37896 1112
37898 899
37900 900
37901 901
37902 902
37905 1113
37906 904
37908 905
37909 906
37910 907
37912 908
37913 909
37914 910
37916 911
37917 912
37918 913
37920 914
37921 915
37922 916
37953 1114
37954 894
37956 896
37957 895
37958 897
37960 898
37962 899
37964 901
37965 900
37966 902
37968 1113
37970 904
37972 906
37973 905
37974 907
37976 909
37977 908
37978 910
37980 912
37981 911
37982 913
37984 915
37985 914
37986 916
38017 1115
38018 1115
38019 1116
38020 1117
38021 1117
38022 1117
38023 1118
38024 1119
38026 1119
38027 1120
38028 1121
38029 1121
38030 1121
38031 1122
38032 1123
38033 1123
38035 1124
38036 1125
38037 1125
38038 1125
38039 1126
38040 1127
38041 1127
38042 1127
38043 1128
38044 1129
38045 1129
38046 1129
38047 1130
38048 1131
38049 1131
38050 1131
38051 1132
38145 932
38146 933
38148 934
38149 935
38150 936
38152 1133
38154 938
38156 939
38157 940
38158 941
38160 942
38161 943
38162 944
38165 1134
38166 946
38168 947
38169 948
38170 949
38172 950
38173 951
38174 952
38176 953
38177 954
38178 955
38209 1135
38210 933
38212 935
38213 934
38214 936
38216 937
38218 938
38220 940
38221 939
38222 941
38224 943
38225 942
38226 944
38228 1134
38230 946
38232 948
38233 947
38234 949
38236 951
38237 950
38238 952
38240 954
38241 953
38242 955
38273 1136
38274 1136
38275 1137
38276 1138
38277 1138
38278 1138
38279 1139
38280 1140
38282 1140
38283 1141
38284 1142
38285 1142
38286 1142
38287 1143
38288 1144
38289 1144
38290 1144
38291 1145
38292 1146
38293 1146
38295 1147
38296 1148
38297 1148
38298 1148
38299 1149
38300 1150
38301 1150
38302 1150
38303 1151
38304 1152
38305 1152
38306 1152
38307 1153
38401 971
38402 972
38404 973
38405 974
38406 975
38408 1154
38410 977
38412 978
38413 979
38414 980
38416 981
38417 982
38418 983
38420 984
38421 985
38422 986
38425 1155
38426 988
38428 989
38429 990
38430 991
38432 992
38433 993
38434 994
38465 1156
38466 972
38468 974
38469 973
38470 975
38472 976
38474 977
38476 979
38477 978
38478 980
38480 982
38481 981
38482 983
38484 985
38485 984
38486 986
38488 1155
38490 988
38492 990
38493 989
38494 991
38496 993
38497 992
38498 994
38529 1157
38530 1157
38531 1158
38532 1159
38533 1159
38534 1159
38535 1160
38536 1161
38538 1161
38539 1162
38540 1163
38541 1163
38542 1163
38543 1164
38544 1165
38545 1165
38546 1165
38547 1166
38548 1167
38549 1167
38550 1167
38551 1168
38552 1169
38553 1169
38555 1170
38556 1171
38557 1171
38558 1171
38559 1172
38560 1173
38561 1173
38562 1173
38563 1174
38657 1010
38658 1011
38660 1012
38661 1013
38662 1014
38664 1175
38666 1016
38668 1017
38669 1018
38670 1019
38672 1020
38673 1021
38674 1022
38676 1023
38677 1024
38678 1025
38680 1026
38681 1027
38682 1028
38685 1176
38686 1030
38688 1031
38689 1032
38690 1033
38721 1177
38722 1011
38724 1013
38725 1012
38726 1014
38728 1015
38730 1016
38732 1018
38733 1017
38734 1019
38736 1021
38737 1020
38738 1022
38740 1024
38741 1023
38742 1025
38744 1027
38745 1026
38746 1028
38748 1176
38750 1030
38752 1032
38753 1031
38754 1033
38785 1178
38786 1178
38787 1179
38788 1180
38789 1180
38790 1180
38791 1181
38792 1182
38794 1182
38795 1183
38796 1184
38797 1184
38798 1184
38799 1185
38800 1186
38801 1186
38802 1186
38803 1187
38804 1188
38805 1188
38806 1188
38807 1189
38808 1190
38809 1190
38810 1190
38811 1191
38812 1192
38813 1192
38815 1193
38816 1194
38817 1194
38818 1194
38819 1195
38913 1049
38914 1050
38916 1051
38917 1052
38918 1053
38920 1196
38922 1055
38924 1056
38925 1057
38926 1058
38928 1059
38929 1060
38930 1061
38932 1062
38933 1063
38934 1064
38936 1065
38937 1066
38938 1067
38940 1068
38941 1069
38942 1070
38945 1197
38946 1072
38977 1198
38978 1050
38980 1052
38981 1051
38982 1053
38984 1054
38986 1055
38988 1057
38989 1056
38990 1058
38992 1060
38993 1059
38994 1061
38996 1063
38997 1062
38998 1064
39000 1066
39001 1065
39002 1067
39004 1069
39005 1068
39006 1070
39008 1197
39010 1072
39041 1199
39042 1199
39043 1200
39044 1201
39045 1201
39046 1201
39047 1202
39048 1203
39050 1203
39051 1204
39052 1205
39053 1205
39054 1205
39055 1206
39056 1207
39057 1207
39058 1207
39059 1208
39060 1209
39061 1209
39062 1209
39063 1210
39064 1211
39065 1211
39066 1211
39067 1212
39068 1213
39069 1213
39070 1213
39071 1214
39072 1215
39073 1215
39075 1216
49985 1217
49986 1218
49988 1219
49989 1220
49990 1221
49992 1222
49993 1223
49994 1224
49998 1225
50000 1226
50001 1227
50002 1228
50004 1229
50005 1230
50006 1231
50008 1232
50009 1233
50010 1234
50012 1235
50013 1236
50014 1237
50016 1238
50017 1239
50018 1240
50177 1241
50180 1242
50181 1243
50184 1244
50185 1245
50189 1246
50193 1247
50196 1248
50197 1249
50200 1250
50201 1251
50204 1252
50205 1253
50208 1254
50209 1255
50241 1256
50242 1257
50244 1258
50245 1259
50246 1260
50248 1261
50249 1262
50250 1263
50253 1264
50254 1265
50256 1266
50258 1267
50260 1268
50261 1269
50262 1270
50264 1271
50265 1272
50266 1273
50268 1274
50269 1275
50270 1276
50272 1277
50273 1278
50274 1279
50433 1280
50436 1281
50437 1282
50440 1283
50441 1284
50445 1285
50448 1286
50449 1287
50453 1288
50456 1289
50457 1290
50460 1291
50461 1292
50464 1293
50465 1294
50497 1295
50498 1296
50500 1297
50501 1298
50502 1299
50504 1300
50505 1301
50506 1302
50509 1303
50510 1304
50512 1305
50513 1306
50514 1307
50516 1308
50518 1309
50520 1310
50521 1311
50522 1312
50524 1313
50525 1314
50526 1315
50528 1316
50529 1317
50530 1318
50689 1319
50692 1320
50693 1321
50696 1322
50697 1323
50701 1324
50704 1325
50705 1326
50708 1327
50709 1328
50713 1329
50716 1330
50717 1331
50720 1332
50721 1333
50753 1334
50754 1335
50756 1336
50757 1337
50758 1338
50760 1339
50761 1340
50762 1341
50765 1342
50766 1343
50768 1344
50769 1345
50770 1346
50772 1347
50773 1348
50774 1349
50776 1350
50778 1351
50780 1352
50781 1353
50782 1354
50784 1355
50785 1356
50786 1357
50945 1358
50948 1359
50949 1360
50952 1361
50953 1362
50957 1363
50960 1364
50961 1365
50964 1366
50965 1367
50968 1368
50969 1369
50973 1370
50976 1371
50977 1372
51009 1373
51010 1374
51012 1375
51013 1376
51014 1377
51016 1378
51017 1379
51018 1380
51021 1381
51022 1382
51024 1383
51025 1384
51026 1385
51028 1386
51029 1387
51030 1388
51032 1389
51033 1390
51034 1391
51036 1392
51038 1393
51040 1394
51041 1395
51042 1396
51201 1397
51204 1398
51205 1399
51208 1400
51209 1401
51213 1402
51216 1403
51217 1404
51220 1405
51221 1406
51224 1407
51225 1408
51228 1409
51229 1410
51233 1411
51265 1412
51266 1413
51268 1414
51269 1415
51270 1416
51272 1417
51273 1418
51274 1419
51277 1420
51278 1421
51280 1422
51281 1423
51282 1424
51284 1425
51285 1426
51286 1427
51288 1428
51289 1429
51290 1430
51292 1431
51293 1432
51294 1433
51296 1434
51298 1435
54145 1436
54147 1437
54148 1438
54149 1438
54151 1439
54152 1440
54153 1440
54155 1441
54156 1442
54159 1443
54160 1444
54161 1444
54163 1445
54164 1446
54165 1446
54167 1447
54168 1448
54169 1448
54171 1449
54172 1450
54173 1450
54175 1451
54176 1452
54177 1452
54179 1453
54273 1256
54274 1257
54276 1258
54277 1259
54278 1260
54280 1261
54281 1262
54282 1263
54284 1454
54286 1265
54289 1455
54290 1267
54292 1268
54293 1269
54294 1270
54296 1271
54297 1272
54298 1273
54300 1274
54301 1275
54302 1276
54304 1277
54305 1278
54306 1279
54337 1456
54338 1257
54340 1259
54341 1258
54342 1260
54344 1262
54345 1261
54346 1263
54348 1264
54350 1265
54352 1455
54354 1267
54356 1269
54357 1268
54358 1270
54360 1272
54361 1271
54362 1273
54364 1275
54365 1274
54366 1276
54368 1278
54369 1277
54370 1279
54401 1457
54402 1457
54403 1458
54404 1459
54405 1459
54406 1459
54407 1460
54408 1461
54409 1461
54410 1461
54411 1462
54412 1463
54414 1463
54415 1464
54416 1465
54417 1465
54419 1466
54420 1467
54421 1467
54422 1467
54423 1468
54424 1469
54425 1469
54426 1469
54427 1470
54428 1471
54429 1471
54430 1471
54431 1472
54432 1473
54433 1473
54434 1473
54435 1474
54529 1295
54530 1296
54532 1297
54533 1298
54534 1299
54536 1300
54537 1301
54538 1302
54540 1475
54542 1304
54544 1305
54545 1306
54546 1307
54549 1476
54550 1309
54552 1310
54553 1311
54554 1312
54556 1313
54557 1314
54558 1315
54560 1316
54561 1317
54562 1318
54593 1477
54594 1296
54596 1298
54597 1297
54598 1299
54600 1301
54601 1300
54602 1302
54604 1303
54606 1304
54608 1306
54609 1305
54610 1307
54612 1476
54614 1309
54616 1311
54617 1310
54618 1312
54620 1314
54621 1313
54622 1315
54624 1317
54625 1316
54626 1318
54657 1478
54658 1478
54659 1479
54660 1480
54661 1480
54662 1480
54663 1481
54664 1482
54665 1482
54666 1482
54667 1483
54668 1484
54670 1484
54671 1485
54672 1486
54673 1486
54674 1486
54675 1487
54676 1488
54677 1488
54679 1489
54680 1490
54681 1490
54682 1490
54683 1491
54684 1492
54685 1492
54686 1492
54687 1493
54688 1494
54689 1494
54690 1494
54691 1495
54785 1334
54786 1335
54788 1336
54789 1337
54790 1338
54792 1339
54793 1340
54794 1341
54796 1496
54798 1343
54800 1344
54801 1345
54802 1346
54804 1347
54805 1348
54806 1349
54809 1497
54810 1351
54812 1352
54813 1353
54814 1354
54816 1355
54817 1356
54818 1357
54849 1498
54850 1335
54852 1337
54853 1336
54854 1338
54856 1340
54857 1339
54858 1341
54860 1342
54862 1343
54864 1345
54865 1344
54866 1346
54868 1348
54869 1347
54870 1349
54872 1497
54874 1351
54876 1353
54877 1352
54878 1354
54880 1356
54881 1355
54882 1357
54913 1499
54914 1499
54915 1500
54916 1501
54917 1501
54918 1501
54919 1502
54920 1503
54921 1503
54922 1503
54923 1504
54924 1505
54926 1505
54927 1506
54928 1507
54929 1507
54930 1507
54931 1508
54932 1509
54933 1509
54934 1509
54935 1510
54936 1511
54937 1511
54939 1512
54940 1513
54941 1513
54942 1513
54943 1514
54944 1515
54945 1515
54946 1515
54947 1516
55041 1373
55042 1374
55044 1375
55045 1376
55046 1377
55048 1378
55049 1379
55050 1380
55052 1517
55054 1382
55056 1383
55057 1384
55058 1385
55060 1386
55061 1387
55062 1388
55064 1389
55065 1390
55066 1391
55069 1518
55070 1393
55072 1394
55073 1395
55074 1396
55105 1519
55106 1374
55108 1376
55109 1375
55110 1377
55112 1379
55113 1378
55114 1380
55116 1381
55118 1382
55120 1384
55121 1383
55122 1385
55124 1387
55125 1386
55126 1388
55128 1390
55129 1389
55130 1391
55132 1518
55134 1393
55136 1395
55137 1394
55138 1396
55169 1520
55170 1520
55171 1521
55172 1522
55173 1522
55174 1522
55175 1523
55176 1524
55177 1524
55178 1524
55179 1525
55180 1526
55182 1526
55183 1527
55184 1528
55185 1528
55186 1528
55187 1529
55188 1530
55189 1530
55190 1530
55191 1531
55192 1532
55193 1532
55194 1532
55195 1533
55196 1534
55197 1534
55199 1535
55200 1536
55201 1536
55202 1536
55203 1537
55297 1412
55298 1413
55300 1414
55301 1415
55302 1416
55304 1417
55305 1418
55306 1419
55308 1538
55310 1421
55312 1422
55313 1423
55314 1424
55316 1425
55317 1426
55318 1427
55320 1428
55321 1429
55322 1430
55324 1431
55325 1432
55326 1433
55329 1539
55330 1435
55361 1540
55362 1413
55364 1415
55365 1414
55366 1416
55368 1418
55369 1417
55370 1419
55372 1420
55374 1421
55376 1423
55377 1422
55378 1424
55380 1426
55381 1425
55382 1427
55384 1429
55385 1428
55386 1430
55388 1432
55389 1431
55390 1433
55392 1539
55394 1435
55425 1541
55426 1541
55427 1542
55428 1543
55429 1543
55430 1543
55431 1544
55432 1545
55433 1545
55434 1545
55435 1546
55436 1547
55438 1547
55439 1548
55440 1549
55441 1549
55442 1549
55443 1550
55444 1551
55445 1551
55446 1551
55447 1552
55448 1553
55449 1553
55450 1553
55451 1554
55452 1555
55453 1555
55454 1555
55455 1556
55456 1557
55457 1557
55459 1558
66625 1559
66626 1560
66628 1561
66629 1562
66630 1563
66632 1564
66633 1565
66634 1566
66636 1567
66637 1568
66638 1569
66642 1570
66644 1571
66645 1572
66646 1573
66648 1574
66649 1575
66650 1576
66652 1577
66653 1578
66654 1579
66656 1580
66657 1581
66658 1582
66817 1583
66820 1584
66821 1585
66824 1586
66825 1587
66828 1588
66829 1589
66833 1590
66837 1591
66840 1592
66841 1593
66844 1594
66845 1595
66848 1596
66849 1597
66881 1598
66882 1599
66884 1600
66885 1601
66886 1602
66888 1603
66889 1604
66890 1605
66892 1606
66893 1607
66894 1608
66897 1609
66898 1610
66900 1611
66902 1612
66904 1613
66905 1614
66906 1615
66908 1616
66909 1617
66910 1618
66912 1619
66913 1620
66914 1621
67073 1622
67076 1623
67077 1624
67080 1625
67081 1626
67084 1627
67085 1628
67089 1629
67092 1630
67093 1631
67097 1632
67100 1633
67101 1634
67104 1635
67105 1636
67137 1637
67138 1638
67140 1639
67141 1640
67142 1641
67144 1642
67145 1643
67146 1644
67148 1645
67149 1646
67150 1647
67153 1648
67154 1649
67156 1650
67157 1651
67158 1652
67160 1653
67162 1654
67164 1655
67165 1656
67166 1657
67168 1658
67169 1659
67170 1660
67329 1661
67332 1662
67333 1663
67336 1664
67337 1665
67340 1666
67341 1667
67345 1668
67348 1669
67349 1670
67352 1671
67353 1672
67357 1673
67360 1674
67361 1675
67393 1676
67394 1677
67396 1678
67397 1679
67398 1680
67400 1681
67401 1682
67402 1683
67404 1684
67405 1685
67406 1686
67409 1687
67410 1688
67412 1689
67413 1690
67414 1691
67416 1692
67417 1693
67418 1694
67420 1695
67422 1696
67424 1697
67425 1698
67426 1699
67585 1700
67588 1701
67589 1702
67592 1703
67593 1704
67596 1705
67597 1706
67601 1707
67604 1708
67605 1709
67608 1710
67609 1711
67612 1712
67613 1713
67617 1714
67649 1715
67650 1716
67652 1717
67653 1718
67654 1719
67656 1720
67657 1721
67658 1722
67660 1723
67661 1724
67662 1725
67665 1726
67666 1727
67668 1728
67669 1729
67670 1730
67672 1731
67673 1732
67674 1733
67676 1734
67677 1735
67678 1736
67680 1737
67682 1738
70785 1739
70787 1740
70788 1741
70789 1741
70791 1742
70792 1743
70793 1743
70795 1744
70796 1745
70797 1745
70799 1746
70800 1747
70803 1748
70804 1749
70805 1749
70807 1750
70808 1751
70809 1751
70811 1752
70812 1753
70813 1753
70815 1754
70816 1755
70817 1755
70819 1756
70913 1598
70914 1599
70916 1600
70917 1601
70918 1602
70920 1603
70921 1604
70922 1605
70924 1606
70925 1607
70926 1608
70928 1757
70930 1610
70933 1758
70934 1612
70936 1613
70937 1614
70938 1615
70940 1616
70941 1617
70942 1618
70944 1619
70945 1620
70946 1621
70977 1759
70978 1599
70980 1601
70981 1600
70982 1602
70984 1604
70985 1603
70986 1605
70988 1607
70989 1606
70990 1608
70992 1609
70994 1610
70996 1758
70998 1612
71000 1614
71001 1613
71002 1615
71004 1617
71005 1616
71006 1618
71008 1620
71009 1619
71010 1621
71041 1760
71042 1760
71043 1761
71044 1762
71045 1762
71046 1762
71047 1763
71048 1764
71049 1764
71050 1764
71051 1765
71052 1766
71053 1766
71054 1766
71055 1767
71056 1768
71058 1768
71059 1769
71060 1770
71061 1770
71063 1771
71064 1772
71065 1772
71066 1772
71067 1773
71068 1774
71069 1774
71070 1774
71071 1775
71072 1776
71073 1776
71074 1776
71075 1777
71169 1637
71170 1638
71172 1639
71173 1640
71174 1641
71176 1642
71177 1643
71178 1644
71180 1645
71181 1646
71182 1647
71184 1778
71186 1649
71188 1650
71189 1651
71190 1652
71193 1779
71194 1654
71196 1655
71197 1656
71198 1657
71200 1658
71201 1659
71202 1660
71233 1780
71234 1638
71236 1640
71237 1639
71238 1641
71240 1643
71241 1642
71242 1644
71244 1646
71245 1645
71246 1647
71248 1648
71250 1649
71252 1651
71253 1650
71254 1652
71256 1779
71258 1654
71260 1656
71261 1655
71262 1657
71264 1659
71265 1658
71266 1660
71297 1781
71298 1781
71299 1782
71300 1783
71301 1783
71302 1783
71303 1784
71304 1785
71305 1785
71306 1785
71307 1786
71308 1787
71309 1787
71310 1787
71311 1788
71312 1789
71314 1789
71315 1790
71316 1791
71317 1791
71318 1791
71319 1792
71320 1793
71321 1793
71323 1794
71324 1795
71325 1795
71326 1795
71327 1796
71328 1797
71329 1797
71330 1797
71331 1798
71425 1676
71426 1677
71428 1678
71429 1679
71430 1680
71432 1681
71433 1682
71434 1683
71436 1684
71437 1685
71438 1686
71440 1799
71442 1688
71444 1689
71445 1690
71446 1691
71448 1692
71449 1693
71450 1694
71453 1800
71454 1696
71456 1697
71457 1698
71458 1699
71489 1801
71490 1677
71492 1679
71493 1678
71494 1680
71496 1682
71497 1681
71498 1683
71500 1685
71501 1684
71502 1686
71504 1687
71506 1688
71508 1690
71509 1689
71510 1691
71512 1693
71513 1692
71514 1694
71516 1800
71518 1696
71520 1698
71521 1697
71522 1699
71553 1802
71554 1802
71555 1803
71556 1804
71557 1804
71558 1804
71559 1805
71560 1806
71561 1806
71562 1806
71563 1807
71564 1808
71565 1808
71566 1808
71567 1809
71568 1810
71570 1810
71571 1811
71572 1812
71573 1812
71574 1812
71575 1813
71576 1814
71577 1814
71578 1814
71579 1815
71580 1816
71581 1816
71583 1817
71584 1818
71585 1818
71586 1818
71587 1819
71681 1715
71682 1716
71684 1717
71685 1718
71686 1719
71688 1720
71689 1721
71690 1722
71692 1723
71693 1724
71694 1725
71696 1820
71698 1727
71700 1728
71701 1729
71702 1730
71704 1731
71705 1732
71706 1733
71708 1734
71709 1735
71710 1736
71713 1821
71714 1738
71745 1822
71746 1716
71748 1718
71749 1717
71750 1719
71752 1721
71753 1720
71754 1722
71756 1724
71757 1723
71758 1725
71760 1726
71762 1727
71764 1729
71765 1728
71766 1730
71768 1732
71769 1731
71770 1733
71772 1735
71773 1734
71774 1736
71776 1821
71778 1738
71809 1823
71810 1823
71811 1824
71812 1825
71813 1825
71814 1825
71815 1826
71816 1827
71817 1827
71818 1827
71819 1828
71820 1829
71821 1829
71822 1829
71823 1830
71824 1831
71826 1831
71827 1832
71828 1833
71829 1833
71830 1833
71831 1834
71832 1835
71833 1835
71834 1835
71835 1836
71836 1837
71837 1837
71838 1837
71839 1838
71840 1839
71841 1839
71843 1840
83265 1841
83266 1842
83268 1843
83269 1844
83270 1845
83272 1846
83273 1847
83274 1848
83276 1849
83277 1850
83278 1851
83280 1852
83281 1853
83282 1854
83286 1855
83288 1856
83289 1857
83290 1858
83292 1859
83293 1860
83294 1861
83296 1862
83297 1863
83298 1864
83457 1865
83460 1866
83461 1867
83464 1868
83465 1869
83468 1870
83469 1871
83472 1872
83473 1873
83477 1874
83481 1875
83484 1876
83485 1877
83488 1878
83489 1879
83521 1880
83522 1881
83524 1882
83525 1883
83526 1884
83528 1885
83529 1886
83530 1887
83532 1888
83533 1889
83534 1890
83536 1891
83537 1892
83538 1893
83541 1894
83542 1895
83544 1896
83546 1897
83548 1898
83549 1899
83550 1900
83552 1901
83553 1902
83554 1903
83713 1904
83716 1905
83717 1906
83720 1907
83721 1908
83724 1909
83725 1910
83728 1911
83729 1912
83733 1913
83736 1914
83737 1915
83741 1916
83744 1917
83745 1918
83777 1919
83778 1920
83780 1921
83781 1922
83782 1923
83784 1924
83785 1925
83786 1926
83788 1927
83789 1928
83790 1929
83792 1930
83793 1931
83794 1932
83797 1933
83798 1934
83800 1935
83801 1936
83802 1937
83804 1938
83806 1939
83808 1940
83809 1941
83810 1942
83969 1943
83972 1944
83973 1945
83976 1946
83977 1947
83980 1948
83981 1949
83984 1950
83985 1951
83989 1952
83992 1953
83993 1954
83996 1955
83997 1956
84001 1957
84033 1958
84034 1959
84036 1960
84037 1961
84038 1962
84040 1963
84041 1964
84042 1965
84044 1966
84045 1967
84046 1968
84048 1969
84049 1970
84050 1971
84053 1972
84054 1973
84056 1974
84057 1975
84058 1976
84060 1977
84061 1978
84062 1979
84064 1980
84066 1981
87425 1982
87427 1983
87428 1984
87429 1984
87431 1985
87432 1986
87433 1986
87435 1987
87436 1988
87437 1988
87439 1989
87440 1990
87441 1990
87443 1991
87444 1992
87447 1993
87448 1994
87449 1994
87451 1995
87452 1996
87453 1996
87455 1997
87456 1998
87457 1998
87459 1999
87553 1880
87554 1881
87556 1882
87557 1883
87558 1884
87560 1885
87561 1886
87562 1887
87564 1888
87565 1889
87566 1890
87568 1891
87569 1892
87570 1893
87572 2000
87574 1895
87577 2001
87578 1897
87580 1898
87581 1899
87582 1900
87584 1901
87585 1902
87586 1903
87617 2002
87618 1881
87620 1883
87621 1882
87622 1884
87624 1886
87625 1885
87626 1887
87628 1889
87629 1888
87630 1890
87632 1892
87633 1891
87634 1893
87636 1894
87638 1895
87640 2001
87642 1897
87644 1899
87645 1898
87646 1900
87648 1902
87649 1901
87650 1903
87681 2003
87682 2003
87683 2004
87684 2005
87685 2005
87686 2005
87687 2006
87688 2007
87689 2007
87690 2007
87691 2008
87692 2009
87693 2009
87694 2009
87695 2010
87696 2011
87697 2011
87698 2011
87699 2012
87700 2013
87702 2013
87703 2014
87704 2015
87705 2015
87707 2016
87708 2017
87709 2017
87710 2017
87711 2018
87712 2019
87713 2019
87714 2019
87715 2020
87809 1919
87810 1920
87812 1921
87813 1922
87814 1923
87816 1924
87817 1925
87818 1926
87820 1927
87821 1928
87822 1929
87824 1930
87825 1931
87826 1932
87828 2021
87830 1934
87832 1935
87833 1936
87834 1937
87837 2022
87838 1939
87840 1940
87841 1941
87842 1942
87873 2023
87874 1920
87876 1922
87877 1921
87878 1923
87880 1925
87881 1924
87882 1926
87884 1928
87885 1927
87886 1929
87888 1931
87889 1930
87890 1932
87892 1933
87894 1934
87896 1936
87897 1935
87898 1937
87900 2022
87902 1939
87904 1941
87905 1940
87906 1942
87937 2024
87938 2024
87939 2025
87940 2026
87941 2026
87942 2026
87943 2027
87944 2028
87945 2028
87946 2028
87947 2029
87948 2030
87949 2030
87950 2030
87951 2031
87952 2032
87953 2032
87954 2032
87955 2033
87956 2034
87958 2034
87959 2035
87960 2036
87961 2036
87962 2036
87963 2037
87964 2038
87965 2038
87967 2039
87968 2040
87969 2040
87970 2040
87971 2041
88065 1958
88066 1959
88068 1960
88069 1961
88070 1962
88072 1963
88073 1964
88074 1965
88076 1966
88077 1967
88078 1968
88080 1969
88081 1970
88082 1971
88084 2042
88086 1973
88088 1974
88089 1975
88090 1976
88092 1977
88093 1978
88094 1979
88097 2043
88098 1981
88129 2044
88130 1959
88132 1961
88133 1960
88134 1962
88136 1964
88137 1963
88138 1965
88140 1967
88141 1966
88142 1968
88144 1970
88145 1969
88146 1971
88148 1972
88150 1973
88152 1975
88153 1974
88154 1976
88156 1978
88157 1977
88158 1979
88160 2043
88162 1981
88193 2045
88194 2045
88195 2046
88196 2047
88197 2047
88198 2047
88199 2048
88200 2049
88201 2049
88202 2049
88203 2050
88204 2051
88205 2051
88206 2051
88207 2052
88208 2053
88209 2053
88210 2053
88211 2054
88212 2055
88214 2055
88215 2056
88216 2057
88217 2057
88218 2057
88219 2058
88220 2059
88221 2059
88222 2059
88223 2060
88224 2061
88225 2061
88227 2062
99905 2063
99906 2064
99908 2065
99909 2066
99910 2067
99912 2068
99913 2069
99914 2070
99916 2071
99917 2072
99918 2073
99920 2074
99921 2075
99922 2076
99924 2077
99925 2078
99926 2079
99930 2080
99932 2081
99933 2082
99934 2083
99936 2084
99937 2085
99938 2086
100097 2087
100100 2088
100101 2089
100104 2090
100105 2091
100108 2092
100109 2093
100112 2094
100113 2095
100116 2096
100117 2097
100121 2098
100125 2099
100128 2100
100129 2101
100161 2102
100162 2103
100164 2104
100165 2105
100166 2106
100168 2107
100169 2108
100170 2109
100172 2110
100173 2111
100174 2112
100176 2113
100177 2114
100178 2115
100180 2116
100181 2117
100182 2118
100185 2119
100186 2120
100188 2121
100190 2122
100192 2123
100193 2124
100194 2125
100353 2126
100356 2127
100357 2128
100360 2129
100361 2130
100364 2131
100365 2132
100368 2133
100369 2134
100372 2135
100373 2136
100377 2137
100380 2138
100381 2139
100385 2140
100417 2141
100418 2142
100420 2143
100421 2144
100422 2145
100424 2146
100425 2147
100426 2148
100428 2149
100429 2150
100430 2151
100432 2152
100433 2153
100434 2154
100436 2155
100437 2156
100438 2157
100441 2158
100442 2159
100444 2160
100445 2161
100446 2162
100448 2163
100450 2164
104065 2165
104067 2166
104068 2167
104069 2167
104071 2168
104072 2169
104073 2169
104075 2170
104076 2171
104077 2171
104079 2172
104080 2173
104081 2173
104083 2174
104084 2175
104085 2175
104087 2176
104088 2177
104091 2178
104092 2179
104093 2179
104095 2180
104096 2181
104097 2181
104099 2182
104193 2102
104194 2103
104196 2104
104197 2105
104198 2106
104200 2107
104201 2108
104202 2109
104204 2110
104205 2111
104206 2112
104208 2113
104209 2114
104210 2115
104212 2116
104213 2117
104214 2118
104216 2183
104218 2120
104221 2184
104222 2122
104224 2123
104225 2124
104226 2125
104257 2185
104258 2103
104260 2105
104261 2104
104262 2106
104264 2108
104265 2107
104266 2109
104268 2111
104269 2110
104270 2112
104272 2114
104273 2113
104274 2115
104276 2117
104277 2116
104278 2118
104280 2119
104282 2120
104284 2184
104286 2122
104288 2124
104289 2123
104290 2125
104321 2186
104322 2186
104323 2187
104324 2188
104325 2188
104326 2188
104327 2189
104328 2190
104329 2190
104330 2190
104331 2191
104332 2192
104333 2192
104334 2192
104335 2193
104336 2194
104337 2194
104338 2194
104339 2195
104340 2196
104341 2196
104342 2196
104343 2197
104344 2198
104346 2198
104347 2199
104348 2200
104349 2200
104351 2201
104352 2202
104353 2202
104354 2202
104355 2203
104449 2141
104450 2142
104452 2143
104453 2144
104454 2145
104456 2146
104457 2147
104458 2148
104460 2149
104461 2150
104462 2151
104464 2152
104465 2153
104466 2154
104468 2155
104469 2156
104470 2157
104472 2204
104474 2159
104476 2160
104477 2161
104478 2162
104481 2205
104482 2164
104513 2206
104514 2142
104516 2144
104517 2143
104518 2145
104520 2147
104521 2146
104522 2148
104524 2150
104525 2149
104526 2151
104528 2153
104529 2152
104530 2154
104532 2156
104533 2155
104534 2157
104536 2158
104538 2159
104540 2161
104541 2160
104542 2162
104544 2205
104546 2164
104577 2207
104578 2207
104579 2208
104580 2209
104581 2209
104582 2209
104583 2210
104584 2211
104585 2211
104586 2211
104587 2212
104588 2213
104589 2213
104590 2213
104591 2214
104592 2215
104593 2215
104594 2215
104595 2216
104596 2217
104597 2217
104598 2217
104599 2218
104600 2219
104602 2219
104603 2220
104604 2221
104605 2221
104606 2221
104607 2222
104608 2223
104609 2223
104611 2224
116545 2225
116546 2226
116548 2227
116549 2228
116550 2229
116552 2230
116553 2231
116554 2232
116556 2233
116557 2234
116558 2235
116560 2236
116561 2237
116562 2238
116564 2239
116565 2240
116566 2241
116568 2242
116569 2243
116570 2244
116574 2245
116576 2246
116577 2247
116578 2248
116737 2249
116740 2250
116741 2251
116744 2252
116745 2253
116748 2254
116749 2255
116752 2256
116753 2257
116756 2258
116757 2259
116760 2260
116761 2261
116765 2262
116769 2263
116801 2264
116802 2265
116804 2266
116805 2267
116806 2268
116808 2269
116809 2270
116810 2271
116812 2272
116813 2273
116814 2274
116816 2275
116817 2276
116818 2277
116820 2278
116821 2279
116822 2280
116824 2281
116825 2282
116826 2283
116829 2284
116830 2285
116832 2286
116834 2287
120705 2288
120707 2289
120708 2290
120709 2290
120711 2291
120712 2292
120713 2292
120715 2293
120716 2294
120717 2294
120719 2295
120720 2296
120721 2296
120723 2297
120724 2298
120725 2298
120727 2299
120728 2300
120729 2300
120731 2301
120732 2302
120735 2303
120736 2304
120737 2304
120739 2305
120833 2264
120834 2265
120836 2266
120837 2267
120838 2268
120840 2269
120841 2270
120842 2271
120844 2272
120845 2273
120846 2274
120848 2275
120849 2276
120850 2277
120852 2278
120853 2279
120854 2280
120856 2281
120857 2282
120858 2283
120860 2306
120862 2285
120865 2307
120866 2287
120897 2308
120898 2265
120900 2267
120901 2266
120902 2268
120904 2270
120905 2269
120906 2271
120908 2273
120909 2272
120910 2274
120912 2276
120913 2275
120914 2277
120916 2279
120917 2278
120918 2280
120920 2282
120921 2281
120922 2283
120924 2284
120926 2285
120928 2307
120930 2287
120961 2309
120962 2309
120963 2310
120964 2311
120965 2311
120966 2311
120967 2312
120968 2313
120969 2313
120970 2313
120971 2314
120972 2315
120973 2315
120974 2315
120975 2316
120976 2317
120977 2317
120978 2317
120979 2318
120980 2319
120981 2319
120982 2319
120983 2320
120984 2321
120985 2321
120986 2321
120987 2322
120988 2323
120990 2323
120991 2324
120992 2325
120993 2325
120995 2326
133185 2327
133186 2328
133188 2329
133189 2330
133190 2331
133192 2332
133193 2333
133194 2334
133196 2335
133197 2336
133198 2337
133200 2338
133201 2339
133202 2340
133204 2341
133205 2342
133206 2343
133208 2344
133209 2345
133210 2346
133212 2347
133213 2348
133214 2349
133218 2350
137345 2351
137347 2352
137348 2353
137349 2353
137351 2354
137352 2355
137353 2355
137355 2356
137356 2357
137357 2357
137359 2358
137360 2359
137361 2359
137363 2360
137364 2361
137365 2361
137367 2362
137368 2363
137369 2363
137371 2364
137372 2365
137373 2365
137375 2366
137376 2367
137379 2368
1069440 2369
1069443 2370
1069447 2371
1069448 2372
1069451 2373
1069452 2374
1069455 2375
1069456 2376
1069459 2377
1069460 2378
1069463 2379
1069464 2380
1069467 2381
1069468 2382
1069471 2383
1069472 2384
1069475 2385
1069568 2386
1069569 2387
1069570 2388
1069574 2389
1069577 2390
1069578 2391
1069580 2392
1069581 2393
1069582 2394
1069584 2395
1069585 2396
1069586 2397
1069588 2398
1069589 2399
1069590 2400
1069592 2401
1069593 2402
1069594 2403
1069596 2404
1069597 2405
1069598 2406
1069600 2407
1069601 2408
1069602 2409
1069696 2410
1069698 2410
1069699 2411
1069702 2412
1069703 2413
1069704 2414
1069707 2415
1069708 2416
1069710 2416
1069711 2417
1069712 2418
1069714 2418
1069715 2419
1069716 2420
1069718 2420
1069719 2421
1069720 2422
1069722 2422
1069723 2423
1069724 2424
1069726 2424
1069727 2425
1069728 2426
1069730 2426
1069731 2427
1069824 2428
1069825 2429
1069826 2430
1069830 2431
1069832 2432
1069833 2433
1069834 2434
1069837 2435
1069838 2436
1069840 2437
1069841 2438
1069842 2439
1069844 2440
1069845 2441
1069846 2442
1069848 2443
1069849 2444
1069850 2445
1069852 2446
1069853 2447
1069854 2448
1069856 2449
1069857 2450
1069858 2451
1069952 2452
1069954 2452
1069955 2453
1069958 2454
1069959 2455
1069960 2456
1069962 2456
1069963 2457
1069964 2458
1069967 2459
1069968 2460
1069970 2460
1069971 2461
1069972 2462
1069974 2462
1069975 2463
1069976 2464
1069978 2464
1069979 2465
1069980 2466
1069982 2466
1069983 2467
1069984 2468
1069986 2468
1069987 2469
1070080 2470
1070081 2471
1070082 2472
1070086 2473
1070088 2474
1070089 2475
1070090 2476
1070092 2477
1070093 2478
1070094 2479
1070097 2480
1070098 2481
1070100 2482
1070101 2483
1070102 2484
1070104 2485
1070105 2486
1070106 2487
1070108 2488
1070109 2489
1070110 2490
1070112 2491
1070113 2492
1070114 2493
1070208 2494
1070210 2494
1070211 2495
1070214 2496
1070215 2497
1070216 2498
1070218 2498
1070219 2499
1070220 2500
1070222 2500
1070223 2501
1070224 2502
1070227 2503
1070228 2504
1070230 2504
1070231 2505
1070232 2506
1070234 2506
1070235 2507
1070236 2508
1070238 2508
1070239 2509
1070240 2510
1070242 2510
1070243 2511
1070336 2512
1070337 2513
1070338 2514
1070342 2515
1070344 2516
1070345 2517
1070346 2518
1070348 2519
1070349 2520
1070350 2521
1070352 2522
1070353 2523
1070354 2524
1070357 2525
1070358 2526
1070360 2527
1070361 2528
1070362 2529
1070364 2530
1070365 2531
1070366 2532
1070368 2533
1070369 2534
1070370 2535
1070464 2536
1070466 2536
1070467 2537
1070470 2538
1070471 2539
1070472 2540
1070474 2540
1070475 2541
1070476 2542
1070478 2542
1070479 2543
1070480 2544
1070482 2544
1070483 2545
1070484 2546
1070487 2547
1070488 2548
1070490 2548
1070491 2549
1070492 2550
1070494 2550
1070495 2551
1070496 2552
1070498 2552
1070499 2553
1070592 2554
1070593 2555
1070594 2556
1070598 2557
1070600 2558
1070601 2559
1070602 2560
1070604 2561
1070605 2562
1070606 2563
1070608 2564
1070609 2565
1070610 2566
1070612 2567
1070613 2568
1070614 2569
1070617 2570
1070618 2571
1070620 2572
1070621 2573
1070622 2574
1070624 2575
1070625 2576
1070626 2577
1070720 2578
1070722 2578
1070723 2579
1070726 2580
1070727 2581
1070728 2582
1070730 2582
1070731 2583
1070732 2584
1070734 2584
1070735 2585
1070736 2586
1070738 2586
1070739 2587
1070740 2588
1070742 2588
1070743 2589
1070744 2590
1070747 2591
1070748 2592
1070750 2592
1070751 2593
1070752 2594
1070754 2594
1070755 2595
1070848 2596
1070849 2597
1070850 2598
1070854 2599
1070856 2600
1070857 2601
1070858 2602
1070860 2603
1070861 2604
1070862 2605
1070864 2606
1070865 2607
1070866 2608
1070868 2609
1070869 2610
1070870 2611
1070872 2612
1070873 2613
1070874 2614
1070877 2615
1070878 2616
1070880 2617
1070881 2618
1070882 2619
1070976 2620
1070978 2620
1070979 2621
1070982 2622
1070983 2623
1070984 2624
1070986 2624
1070987 2625
1070988 2626
1070990 2626
1070991 2627
1070992 2628
1070994 2628
1070995 2629
1070996 2630
1070998 2630
1070999 2631
1071000 2632
1071002 2632
1071003 2633
1071004 2634
1071007 2635
1071008 2636
1071010 2636
1071011 2637
1071104 2638
1071105 2639
1071106 2640
1071110 2641
1071112 2642
1071113 2643
1071114 2644
1071116 2645
1071117 2646
1071118 2647
1071120 2648
1071121 2649
1071122 2650
1071124 2651
1071125 2652
1071126 2653
1071128 2654
1071129 2655
1071130 2656
1071132 2657
1071133 2658
1071134 2659
1071137 2660
1071138 2661
1071232 2662
1071234 2662
1071235 2663
1071238 2664
1071239 2665
1071240 2666
1071242 2666
1071243 2667
1071244 2668
1071246 2668
1071247 2669
1071248 2670
1071250 2670
1071251 2671
1071252 2672
1071254 2672
1071255 2673
1071256 2674
1071258 2674
1071259 2675
1071260 2676
1071262 2676
1071263 2677
1071264 2678
1071267 2679
1081920 2680
1081921 2681
1081922 2682
1081925 2683
1081926 2684
1081930 2685
1081932 2686
1081933 2687
1081934 2688
1081936 2689
1081937 2690
1081938 2691
1081940 2692
1081941 2693
1081942 2694
1081944 2695
1081945 2696
1081946 2697
1081948 2698
1081949 2699
1081950 2700
1081952 2701
1081953 2702
1081954 2703
1082112 2704
1082113 2705
1082117 2706
1082121 2707
1082125 2708
1082128 2709
1082129 2710
1082132 2711
1082133 2712
1082136 2713
1082137 2714
1082140 2715
1082141 2716
1082144 2717
1082145 2718
1082176 2719
1082177 2720
1082178 2721
1082181 2722
1082182 2723
1082185 2724
1082186 2725
1082188 2726
1082190 2727
1082192 2728
1082193 2729
1082194 2730
1082196 2731
1082197 2732
1082198 2733
1082200 2734
1082201 2735
1082202 2736
1082204 2737
1082205 2738
1082206 2739
1082208 2740
1082209 2741
1082210 2742
1082368 2743
1082369 2744
1082373 2745
1082377 2746
1082380 2747
1082381 2748
1082385 2749
1082388 2750
1082389 2751
1082392 2752
1082393 2753
1082396 2754
1082397 2755
1082400 2756
1082401 2757
1082432 2758
1082433 2759
1082434 2760
1082437 2761
1082438 2762
1082441 2763
1082442 2764
1082444 2765
1082445 2766
1082446 2767
1082448 2768
1082450 2769
1082452 2770
1082453 2771
1082454 2772
1082456 2773
1082457 2774
1082458 2775
1082460 2776
1082461 2777
1082462 2778
1082464 2779
1082465 2780
1082466 2781
1082624 2782
1082625 2783
1082629 2784
1082633 2785
1082636 2786
1082637 2787
1082640 2788
1082641 2789
1082645 2790
1082648 2791
1082649 2792
1082652 2793
1082653 2794
1082656 2795
1082657 2796
1082688 2797
1082689 2798
1082690 2799
1082693 2800
1082694 2801
1082697 2802
1082698 2803
1082700 2804
1082701 2805
1082702 2806
1082704 2807
1082705 2808
1082706 2809
1082708 2810
1082710 2811
1082712 2812
1082713 2813
1082714 2814
1082716 2815
1082717 2816
1082718 2817
1082720 2818
1082721 2819
1082722 2820
1082880 2821
1082881 2822
1082885 2823
1082889 2824
1082892 2825
1082893 2826
1082896 2827
1082897 2828
1082900 2829
1082901 2830
1082905 2831
1082908 2832
1082909 2833
1082912 2834
1082913 2835
1082944 2836
1082945 2837
1082946 2838
1082949 2839
1082950 2840
1082953 2841
1082954 2842
1082956 2843
1082957 2844
1082958 2845
1082960 2846
1082961 2847
1082962 2848
1082964 2849
1082965 2850
1082966 2851
1082968 2852
1082970 2853
1082972 2854
1082973 2855
1082974 2856
1082976 2857
1082977 2858
1082978 2859
1083136 2860
1083137 2861
1083141 2862
1083145 2863
1083148 2864
1083149 2865
1083152 2866
1083153 2867
1083156 2868
1083157 2869
1083160 2870
1083161 2871
1083165 2872
1083168 2873
1083169 2874
1083200 2875
1083201 2876
1083202 2877
1083205 2878
1083206 2879
1083209 2880
1083210 2881
1083212 2882
1083213 2883
1083214 2884
1083216 2885
1083217 2886
1083218 2887
1083220 2888
1083221 2889
1083222 2890
1083224 2891
1083225 2892
1083226 2893
1083228 2894
1083230 2895
1083232 2896
1083233 2897
1083234 2898
1083392 2899
1083393 2900
1083397 2901
1083401 2902
1083404 2903
1083405 2904
1083408 2905
1083409 2906
1083412 2907
1083413 2908
1083416 2909
1083417 2910
1083420 2911
1083421 2912
1083425 2913
1083456 2914
1083457 2915
1083458 2916
1083461 2917
1083462 2918
1083465 2919
1083466 2920
1083468 2921
1083469 2922
1083470 2923
1083472 2924
1083473 2925
1083474 2926
1083476 2927
1083477 2928
1083478 2929
1083480 2930
1083481 2931
1083482 2932
1083484 2933
1083485 2934
1083486 2935
1083488 2936
1083490 2937
1086080 2938
1086081 2938
1086083 2939
1086085 2940
1086087 2941
1086088 2942
1086091 2943
1086092 2944
1086093 2944
1086095 2945
1086096 2946
1086097 2946
1086099 2947
1086100 2948
1086101 2948
1086103 2949
1086104 2950
1086105 2950
1086107 2951
1086108 2952
1086109 2952
1086111 2953
1086112 2954
1086113 2954
1086115 2955
1086208 2719
1086209 2720
1086210 2721
1086213 2722
1086214 2723
1086216 2956
1086218 2725
1086221 2957
1086222 2727
1086224 2728
1086225 2729
1086226 2730
1086228 2731
1086229 2732
1086230 2733
1086232 2734
1086233 2735
1086234 2736
1086236 2737
1086237 2738
1086238 2739
1086240 2740
1086241 2741
1086242 2742
1086272 2720
1086273 2719
1086274 2721
1086277 2958
1086278 2723
1086280 2724
1086282 2725
1086284 2957
1086286 2727
1086288 2729
1086289 2728
1086290 2730
1086292 2732
1086293 2731
1086294 2733
1086296 2735
1086297 2734
1086298 2736
1086300 2738
1086301 2737
1086302 2739
1086304 2741
1086305 2740
1086306 2742
1086336 2959
1086337 2959
1086338 2959
1086339 2960
1086341 2961
1086342 2961
1086343 2962
1086344 2963
1086346 2963
1086347 2964
1086348 2965
1086349 2965
1086351 2966
1086352 2967
1086353 2967
1086354 2967
1086355 2968
1086356 2969
1086357 2969
1086358 2969
1086359 2970
1086360 2971
1086361 2971
1086362 2971
1086363 2972
1086364 2973
1086365 2973
1086366 2973
1086367 2974
1086368 2975
1086369 2975
1086370 2975
1086371 2976
1086464 2758
1086465 2759
1086466 2760
1086469 2761
1086470 2762
1086472 2977
1086474 2764
1086476 2765
1086477 2766
1086478 2767
1086481 2978
1086482 2769
1086484 2770
1086485 2771
1086486 2772
1086488 2773
1086489 2774
1086490 2775
1086492 2776
1086493 2777
1086494 2778
1086496 2779
1086497 2780
1086498 2781
1086528 2759
1086529 2758
1086530 2760
1086533 2979
1086534 2762
1086536 2763
1086538 2764
1086540 2766
1086541 2765
1086542 2767
1086544 2978
1086546 2769
1086548 2771
1086549 2770
1086550 2772
1086552 2774
1086553 2773
1086554 2775
1086556 2777
1086557 2776
1086558 2778
1086560 2780
1086561 2779
1086562 2781
1086592 2980
1086593 2980
1086594 2980
1086595 2981
1086597 2982
1086598 2982
1086599 2983
1086600 2984
1086602 2984
1086603 2985
1086604 2986
1086605 2986
1086606 2986
1086607 2987
1086608 2988
1086609 2988
1086611 2989
1086612 2990
1086613 2990
1086614 2990
1086615 2991
1086616 2992
1086617 2992
1086618 2992
1086619 2993
1086620 2994
1086621 2994
1086622 2994
1086623 2995
1086624 2996
1086625 2996
1086626 2996
1086627 2997
1086720 2797
1086721 2798
1086722 2799
1086725 2800
1086726 2801
1086728 2998
1086730 2803
1086732 2804
1086733 2805
1086734 2806
1086736 2807
1086737 2808
1086738 2809
1086741 2999
1086742 2811
1086744 2812
1086745 2813
1086746 2814
1086748 2815
1086749 2816
1086750 2817
1086752 2818
1086753 2819
1086754 2820
1086784 2798
1086785 2797
1086786 2799
1086789 3000
1086790 2801
1086792 2802
1086794 2803
1086796 2805
1086797 2804
1086798 2806
1086800 2808
1086801 2807
1086802 2809
1086804 2999
1086806 2811
1086808 2813
1086809 2812
1086810 2814
1086812 2816
1086813 2815
1086814 2817
1086816 2819
1086817 2818
1086818 2820
1086848 3001
1086849 3001
1086850 3001
1086851 3002
1086853 3003
1086854 3003
1086855 3004
1086856 3005
1086858 3005
1086859 3006
1086860 3007
1086861 3007
1086862 3007
1086863 3008
1086864 3009
1086865 3009
1086866 3009
1086867 3010
1086868 3011
1086869 3011
1086871 3012
1086872 3013
1086873 3013
1086874 3013
1086875 3014
1086876 3015
1086877 3015
1086878 3015
1086879 3016
1086880 3017
1086881 3017
1086882 3017
1086883 3018
1086976 2836
1086977 2837
1086978 2838
1086981 2839
1086982 2840
1086984 3019
1086986 2842
1086988 2843
1086989 2844
1086990 2845
1086992 2846
1086993 2847
1086994 2848
1086996 2849
1086997 2850
1086998 2851
1087001 3020
1087002 2853
1087004 2854
1087005 2855
1087006 2856
1087008 2857
1087009 2858
1087010 2859
1087040 2837
1087041 2836
1087042 2838
1087045 3021
1087046 2840
1087048 2841
1087050 2842
1087052 2844
1087053 2843
1087054 2845
1087056 2847
1087057 2846
1087058 2848
1087060 2850
1087061 2849
1087062 2851
1087064 3020
1087066 2853
1087068 2855
1087069 2854
1087070 2856
1087072 2858
1087073 2857
1087074 2859
1087104 3022
1087105 3022
1087106 3022
1087107 3023
1087109 3024
1087110 3024
1087111 3025
1087112 3026
1087114 3026
1087115 3027
1087116 3028
1087117 3028
1087118 3028
1087119 3029
1087120 3030
1087121 3030
1087122 3030
1087123 3031
1087124 3032
1087125 3032
1087126 3032
1087127 3033
1087128 3034
1087129 3034
1087131 3035
1087132 3036
1087133 3036
1087134 3036
1087135 3037
1087136 3038
1087137 3038
1087138 3038
1087139 3039
1087232 2875
1087233 2876
1087234 2877
1087237 2878
1087238 2879
1087240 3040
1087242 2881
1087244 2882
1087245 2883
1087246 2884
1087248 2885
1087249 2886
1087250 2887
1087252 2888
1087253 2889
1087254 2890
1087256 2891
1087257 2892
1087258 2893
1087261 3041
1087262 2895
1087264 2896
1087265 2897
1087266 2898
1087296 2876
1087297 2875
1087298 2877
1087301 3042
1087302 2879
1087304 2880
1087306 2881
1087308 2883
1087309 2882
1087310 2884
1087312 2886
1087313 2885
1087314 2887
1087316 2889
1087317 2888
1087318 2890
1087320 2892
1087321 2891
1087322 2893
1087324 3041
1087326 2895
1087328 2897
1087329 2896
1087330 2898
1087360 3043
1087361 3043
1087362 3043
1087363 3044
1087365 3045
1087366 3045
1087367 3046
1087368 3047
1087370 3047
1087371 3048
1087372 3049
1087373 3049
1087374 3049
1087375 3050
1087376 3051
1087377 3051
1087378 3051
1087379 3052
1087380 3053
1087381 3053
1087382 3053
1087383 3054
1087384 3055
1087385 3055
1087386 3055
1087387 3056
1087388 3057
1087389 3057
1087391 3058
1087392 3059
1087393 3059
1087394 3059
1087395 3060
1087488 2914
1087489 2915
1087490 2916
1087493 2917
1087494 2918
1087496 3061
1087498 2920
1087500 2921
1087501 2922
1087502 2923
1087504 2924
1087505 2925
1087506 2926
1087508 2927
1087509 2928
1087510 2929
1087512 2930
1087513 2931
1087514 2932
1087516 2933
1087517 2934
1087518 2935
1087521 3062
1087522 2937
1087552 2915
1087553 2914
1087554 2916
1087557 3063
1087558 2918
1087560 2919
1087562 2920
1087564 2922
1087565 2921
1087566 2923
1087568 2925
1087569 2924
1087570 2926
1087572 2928
1087573 2927
1087574 2929
1087576 2931
1087577 2930
1087578 2932
1087580 2934
1087581 2933
1087582 2935
1087584 3062
1087586 2937
1087616 3064
1087617 3064
1087618 3064
1087619 3065
1087621 3066
1087622 3066
1087623 3067
1087624 3068
1087626 3068
1087627 3069
1087628 3070
1087629 3070
1087630 3070
1087631 3071
1087632 3072
1087633 3072
1087634 3072
1087635 3073
1087636 3074
1087637 3074
1087638 3074
1087639 3075
1087640 3076
1087641 3076
1087642 3076
1087643 3077
1087644 3078
1087645 3078
1087646 3078
1087647 3079
1087648 3080
1087649 3080
1087651 3081
1098560 3082
1098561 3083
1098562 3084
1098565 3085
1098566 3086
1098568 3087
1098569 3088
1098570 3089
1098574 3090
1098576 3091
1098577 3092
1098578 3093
1098580 3094
1098581 3095
1098582 3096
1098584 3097
1098585 3098
1098586 3099
1098588 3100
1098589 3101
1098590 3102
1098592 3103
1098593 3104
1098594 3105
1098752 3106
1098753 3107
1098757 3108
1098760 3109
1098761 3110
1098765 3111
1098769 3112
1098772 3113
1098773 3114
1098776 3115
1098777 3116
1098780 3117
1098781 3118
1098784 3119
1098785 3120
1098816 3121
1098817 3122
1098818 3123
1098821 3124
1098822 3125
1098824 3126
1098825 3127
1098826 3128
1098829 3129
1098830 3130
1098832 3131
1098834 3132
1098836 3133
1098837 3134
1098838 3135
1098840 3136
1098841 3137
1098842 3138
1098844 3139
1098845 3140
1098846 3141
1098848 3142
1098849 3143
1098850 3144
1099008 3145
1099009 3146
1099013 3147
1099016 3148
1099017 3149
1099021 3150
1099024 3151
1099025 3152
1099029 3153
1099032 3154
1099033 3155
1099036 3156
1099037 3157
1099040 3158
1099041 3159
1099072 3160
1099073 3161
1099074 3162
1099077 3163
1099078 3164
1099080 3165
1099081 3166
1099082 3167
1099085 3168
1099086 3169
1099088 3170
1099089 3171
1099090 3172
1099092 3173
1099094 3174
1099096 3175
1099097 3176
1099098 3177
1099100 3178
1099101 3179
1099102 3180
1099104 3181
1099105 3182
1099106 3183
1099264 3184
1099265 3185
1099269 3186
1099272 3187
1099273 3188
1099277 3189
1099280 3190
1099281 3191
1099284 3192
1099285 3193
1099289 3194
1099292 3195
1099293 3196
1099296 3197
1099297 3198
1099328 3199
1099329 3200
1099330 3201
1099333 3202
1099334 3203
1099336 3204
1099337 3205
1099338 3206
1099341 3207
1099342 3208
1099344 3209
1099345 3210
1099346 3211
1099348 3212
1099349 3213
1099350 3214
1099352 3215
1099354 3216
1099356 3217
1099357 3218
1099358 3219
1099360 3220
1099361 3221
1099362 3222
1099520 3223
1099521 3224
1099525 3225
1099528 3226
1099529 3227
1099533 3228
1099536 3229
1099537 3230
1099540 3231
1099541 3232
1099544 3233
1099545 3234
1099549 3235
1099552 3236
1099553 3237
1099584 3238
1099585 3239
1099586 3240
1099589 3241
1099590 3242
1099592 3243
1099593 3244
1099594 3245
1099597 3246
1099598 3247
1099600 3248
1099601 3249
1099602 3250
1099604 3251
1099605 3252
1099606 3253
1099608 3254
1099609 3255
1099610 3256
1099612 3257
1099614 3258
1099616 3259
1099617 3260
1099618 3261
1099776 3262
1099777 3263
1099781 3264
1099784 3265
1099785 3266
1099789 3267
1099792 3268
1099793 3269
1099796 3270
1099797 3271
1099800 3272
1099801 3273
1099804 3274
1099805 3275
1099809 3276
1099840 3277
1099841 3278
1099842 3279
1099845 3280
1099846 3281
1099848 3282
1099849 3283
1099850 3284
1099853 3285
1099854 3286
1099856 3287
1099857 3288
1099858 3289
1099860 3290
1099861 3291
1099862 3292
1099864 3293
1099865 3294
1099866 3295
1099868 3296
1099869 3297
1099870 3298
1099872 3299
1099874 3300
1102720 3301
1102721 3301
1102723 3302
1102725 3303
1102727 3304
1102728 3305
1102729 3305
1102731 3306
1102732 3307
1102735 3308
1102736 3309
1102737 3309
1102739 3310
1102740 3311
1102741 3311
1102743 3312
1102744 3313
1102745 3313
1102747 3314
1102748 3315
1102749 3315
1102751 3316
1102752 3317
1102753 3317
1102755 3318
1102848 3121
1102849 3122
1102850 3123
1102853 3124
1102854 3125
1102856 3126
1102857 3127
1102858 3128
1102860 3319
1102862 3130
1102865 3320
1102866 3132
1102868 3133
1102869 3134
1102870 3135
1102872 3136
1102873 3137
1102874 3138
1102876 3139
1102877 3140
1102878 3141
1102880 3142
1102881 3143
1102882 3144
1102912 3122
1102913 3121
1102914 3123
1102917 3321
1102918 3125
1102920 3127
1102921 3126
1102922 3128
1102924 3129
1102926 3130
1102928 3320
1102930 3132
1102932 3134
1102933 3133
1102934 3135
1102936 3137
1102937 3136
1102938 3138
1102940 3140
1102941 3139
1102942 3141
1102944 3143
1102945 3142
1102946 3144
1102976 3322
1102977 3322
1102978 3322
1102979 3323
1102981 3324
1102982 3324
1102983 3325
1102984 3326
1102985 3326
1102986 3326
1102987 3327
1102988 3328
1102990 3328
1102991 3329
1102992 3330
1102993 3330
1102995 3331
1102996 3332
1102997 3332
1102998 3332
1102999 3333
1103000 3334
1103001 3334
1103002 3334
1103003 3335
1103004 3336
1103005 3336
1103006 3336
1103007 3337
1103008 3338
1103009 3338
1103010 3338
1103011 3339
1103104 3160
1103105 3161
1103106 3162
1103109 3163
1103110 3164
1103112 3165
1103113 3166
1103114 3167
1103116 3340
1103118 3169
1103120 3170
1103121 3171
1103122 3172
1103125 3341
1103126 3174
1103128 3175
1103129 3176
1103130 3177
1103132 3178
1103133 3179
1103134 3180
1103136 3181
1103137 3182
1103138 3183
1103168 3161
1103169 3160
1103170 3162
1103173 3342
1103174 3164
1103176 3166
1103177 3165
1103178 3167
1103180 3168
1103182 3169
1103184 3171
1103185 3170
1103186 3172
1103188 3341
1103190 3174
1103192 3176
1103193 3175
1103194 3177
1103196 3179
1103197 3178
1103198 3180
1103200 3182
1103201 3181
1103202 3183
1103232 3343
1103233 3343
1103234 3343
1103235 3344
1103237 3345
1103238 3345
1103239 3346
1103240 3347
1103241 3347
1103242 3347
1103243 3348
1103244 3349
1103246 3349
1103247 3350
1103248 3351
1103249 3351
1103250 3351
1103251 3352
1103252 3353
1103253 3353
1103255 3354
1103256 3355
1103257 3355
1103258 3355
1103259 3356
1103260 3357
1103261 3357
1103262 3357
1103263 3358
1103264 3359
1103265 3359
1103266 3359
1103267 3360
1103360 3199
1103361 3200
1103362 3201
1103365 3202
1103366 3203
1103368 3204
1103369 3205
1103370 3206
1103372 3361
1103374 3208
1103376 3209
1103377 3210
1103378 3211
1103380 3212
1103381 3213
1103382 3214
1103385 3362
1103386 3216
1103388 3217
1103389 3218
1103390 3219
1103392 3220
1103393 3221
1103394 3222
1103424 3200
1103425 3199
1103426 3201
1103429 3363
1103430 3203
1103432 3205
1103433 3204
1103434 3206
1103436 3207
1103438 3208
1103440 3210
1103441 3209
1103442 3211
1103444 3213
1103445 3212
1103446 3214
1103448 3362
1103450 3216
1103452 3218
1103453 3217
1103454 3219
1103456 3221
1103457 3220
1103458 3222
1103488 3364
1103489 3364
1103490 3364
1103491 3365
1103493 3366
1103494 3366
1103495 3367
1103496 3368
1103497 3368
1103498 3368
1103499 3369
1103500 3370
1103502 3370
1103503 3371
1103504 3372
1103505 3372
1103506 3372
1103507 3373
1103508 3374
1103509 3374
1103510 3374
1103511 3375
1103512 3376
1103513 3376
1103515 3377
1103516 3378
1103517 3378
1103518 3378
1103519 3379
1103520 3380
1103521 3380
1103522 3380
1103523 3381
1103616 3238
1103617 3239
1103618 3240
1103621 3241
1103622 3242
1103624 3243
1103625 3244
1103626 3245
1103628 3382
1103630 3247
1103632 3248
1103633 3249
1103634 3250
1103636 3251
1103637 3252
1103638 3253
1103640 3254
1103641 3255
1103642 3256
1103645 3383
1103646 3258
1103648 3259
1103649 3260
1103650 3261
1103680 3239
1103681 3238
1103682 3240
1103685 3384
1103686 3242
1103688 3244
1103689 3243
1103690 3245
1103692 3246
1103694 3247
1103696 3249
1103697 3248
1103698 3250
1103700 3252
1103701 3251
1103702 3253
1103704 3255
1103705 3254
1103706 3256
1103708 3383
1103710 3258
1103712 3260
1103713 3259
1103714 3261
1103744 3385
1103745 3385
1103746 3385
1103747 3386
1103749 3387
1103750 3387
1103751 3388
1103752 3389
1103753 3389
1103754 3389
1103755 3390
1103756 3391
1103758 3391
1103759 3392
1103760 3393
1103761 3393
1103762 3393
1103763 3394
1103764 3395
1103765 3395
1103766 3395
1103767 3396
1103768 3397
1103769 3397
1103770 3397
1103771 3398
1103772 3399
1103773 3399
1103775 3400
1103776 3401
1103777 3401
1103778 3401
1103779 3402
1103872 3277
1103873 3278
1103874 3279
1103877 3280
1103878 3281
1103880 3282
1103881 3283
1103882 3284
1103884 3403
1103886 3286
1103888 3287
1103889 3288
1103890 3289
1103892 3290
1103893 3291
1103894 3292
1103896 3293
1103897 3294
1103898 3295
1103900 3296
1103901 3297
1103902 3298
1103905 3404
1103906 3300
1103936 3278
1103937 3277
1103938 3279
1103941 3405
1103942 3281
1103944 3283
1103945 3282
1103946 3284
1103948 3285
1103950 3286
1103952 3288
1103953 3287
1103954 3289
1103956 3291
1103957 3290
1103958 3292
1103960 3294
1103961 3293
1103962 3295
1103964 3297
1103965 3296
1103966 3298
1103968 3404
1103970 3300
1104000 3406
1104001 3406
1104002 3406
1104003 3407
1104005 3408
1104006 3408
1104007 3409
1104008 3410
1104009 3410
1104010 3410
1104011 3411
1104012 3412
1104014 3412
1104015 3413
1104016 3414
1104017 3414
1104018 3414
1104019 3415
1104020 3416
1104021 3416
1104022 3416
1104023 3417
1104024 3418
1104025 3418
1104026 3418
1104027 3419
1104028 3420
1104029 3420
1104030 3420
1104031 3421
1104032 3422
1104033 3422
1104035 3423
1115200 3424
1115201 3425
1115202 3426
1115205 3427
1115206 3428
1115208 3429
1115209 3430
1115210 3431
1115212 3432
1115213 3433
1115214 3434
1115218 3435
1115220 3436
1115221 3437
1115222 3438
1115224 3439
1115225 3440
1115226 3441
1115228 3442
1115229 3443
1115230 3444
1115232 3445
1115233 3446
1115234 3447
1115392 3448
1115393 3449
1115397 3450
1115400 3451
1115401 3452
1115404 3453
1115405 3454
1115409 3455
1115413 3456
1115416 3457
1115417 3458
1115420 3459
1115421 3460
1115424 3461
1115425 3462
1115456 3463
1115457 3464
1115458 3465
1115461 3466
1115462 3467
1115464 3468
1115465 3469
1115466 3470
1115468 3471
1115469 3472
1115470 3473
1115473 3474
1115474 3475
1115476 3476
1115478 3477
1115480 3478
1115481 3479
1115482 3480
1115484 3481
1115485 3482
1115486 3483
1115488 3484
1115489 3485
1115490 3486
1115648 3487
1115649 3488
1115653 3489
1115656 3490
1115657 3491
1115660 3492
1115661 3493
1115665 3494
1115668 3495
1115669 3496
1115673 3497
1115676 3498
1115677 3499
1115680 3500
1115681 3501
1115712 3502
1115713 3503
1115714 3504
1115717 3505
1115718 3506
1115720 3507
1115721 3508
1115722 3509
1115724 3510
1115725 3511
1115726 3512
1115729 3513
1115730 3514
1115732 3515
1115733 3516
1115734 3517
1115736 3518
1115738 3519
1115740 3520
1115741 3521
1115742 3522
1115744 3523
1115745 3524
1115746 3525
1115904 3526
1115905 3527
1115909 3528
1115912 3529
1115913 3530
1115916 3531
1115917 3532
1115921 3533
1115924 3534
1115925 3535
1115928 3536
1115929 3537
1115933 3538
1115936 3539
1115937 3540
1115968 3541
1115969 3542
1115970 3543
1115973 3544
1115974 3545
1115976 3546
1115977 3547
1115978 3548
1115980 3549
1115981 3550
1115982 3551
1115985 3552
1115986 3553
1115988 3554
1115989 3555
1115990 3556
1115992 3557
1115993 3558
1115994 3559
1115996 3560
1115998 3561
1116000 3562
1116001 3563
1116002 3564
1116160 3565
1116161 3566
1116165 3567
1116168 3568
1116169 3569
1116172 3570
1116173 3571
1116177 3572
1116180 3573
1116181 3574
1116184 3575
1116185 3576
1116188 3577
1116189 3578
1116193 3579
1116224 3580
1116225 3581
1116226 3582
1116229 3583
1116230 3584
1116232 3585
1116233 3586
1116234 3587
1116236 3588
1116237 3589
1116238 3590
1116241 3591
1116242 3592
1116244 3593
1116245 3594
1116246 3595
1116248 3596
1116249 3597
1116250 3598
1116252 3599
1116253 3600
1116254 3601
1116256 3602
1116258 3603
1119360 3604
1119361 3604
1119363 3605
1119365 3606
1119367 3607
1119368 3608
1119369 3608
1119371 3609
1119372 3610
1119373 3610
1119375 3611
1119376 3612
1119379 3613
1119380 3614
1119381 3614
1119383 3615
1119384 3616
1119385 3616
1119387 3617
1119388 3618
1119389 3618
1119391 3619
1119392 3620
1119393 3620
1119395 3621
1119488 3463
1119489 3464
1119490 3465
1119493 3466
1119494 3467
1119496 3468
1119497 3469
1119498 3470
1119500 3471
1119501 3472
1119502 3473
1119504 3622
1119506 3475
1119509 3623
1119510 3477
1119512 3478
1119513 3479
1119514 3480
1119516 3481
1119517 3482
1119518 3483
1119520 3484
1119521 3485
1119522 3486
1119552 3464
1119553 3463
1119554 3465
1119557 3624
1119558 3467
1119560 3469
1119561 3468
1119562 3470
1119564 3472
1119565 3471
1119566 3473
1119568 3474
1119570 3475
1119572 3623
1119574 3477
1119576 3479
1119577 3478
1119578 3480
1119580 3482
1119581 3481
1119582 3483
1119584 3485
1119585 3484
1119586 3486
1119616 3625
1119617 3625
1119618 3625
1119619 3626
1119621 3627
1119622 3627
1119623 3628
1119624 3629
1119625 3629
1119626 3629
1119627 3630
1119628 3631
1119629 3631
1119630 3631
1119631 3632
1119632 3633
1119634 3633
1119635 3634
1119636 3635
1119637 3635
1119639 3636
1119640 3637
1119641 3637
1119642 3637
1119643 3638
1119644 3639
1119645 3639
1119646 3639
1119647 3640
1119648 3641
1119649 3641
1119650 3641
1119651 3642
1119744 3502
1119745 3503
1119746 3504
1119749 3505
1119750 3506
1119752 3507
1119753 3508
1119754 3509
1119756 3510
1119757 3511
1119758 3512
1119760 3643
1119762 3514
1119764 3515
1119765 3516
1119766 3517
1119769 3644
1119770 3519
1119772 3520
1119773 3521
1119774 3522
1119776 3523
1119777 3524
1119778 3525
1119808 3503
1119809 3502
1119810 3504
1119813 3645
1119814 3506
1119816 3508
1119817 3507
1119818 3509
1119820 3511
1119821 3510
1119822 3512
1119824 3513
1119826 3514
1119828 3516
1119829 3515
1119830 3517
1119832 3644
1119834 3519
1119836 3521
1119837 3520
1119838 3522
1119840 3524
1119841 3523
1119842 3525
1119872 3646
1119873 3646
1119874 3646
1119875 3647
1119877 3648
1119878 3648
1119879 3649
1119880 3650
1119881 3650
1119882 3650
1119883 3651
1119884 3652
1119885 3652
1119886 3652
1119887 3653
1119888 3654
1119890 3654
1119891 3655
1119892 3656
1119893 3656
1119894 3656
1119895 3657
1119896 3658
1119897 3658
1119899 3659
1119900 3660
1119901 3660
1119902 3660
1119903 3661
1119904 3662
1119905 3662
1119906 3662
1119907 3663
1120000 3541
1120001 3542
1120002 3543
1120005 3544
1120006 3545
1120008 3546
1120009 3547
1120010 3548
1120012 3549
1120013 3550
1120014 3551
1120016 3664
1120018 3553
1120020 3554
1120021 3555
1120022 3556
1120024 3557
1120025 3558
1120026 3559
1120029 3665
1120030 3561
1120032 3562
1120033 3563
1120034 3564
1120064 3542
1120065 3541
1120066 3543
1120069 3666
1120070 3545
1120072 3547
1120073 3546
1120074 3548
1120076 3550
1120077 3549
1120078 3551
1120080 3552
1120082 3553
1120084 3555
1120085 3554
1120086 3556
1120088 3558
1120089 3557
1120090 3559
1120092 3665
1120094 3561
1120096 3563
1120097 3562
1120098 3564
1120128 3667
1120129 3667
1120130 3667
1120131 3668
1120133 3669
1120134 3669
1120135 3670
1120136 3671
1120137 3671
1120138 3671
1120139 3672
1120140 3673
1120141 3673
1120142 3673
1120143 3674
1120144 3675
1120146 3675
1120147 3676
1120148 3677
1120149 3677
1120150 3677
1120151 3678
1120152 3679
1120153 3679
1120154 3679
1120155 3680
1120156 3681
1120157 3681
1120159 3682
1120160 3683
1120161 3683
1120162 3683
1120163 3684
1120256 3580
1120257 3581
1120258 3582
1120261 3583
1120262 3584
1120264 3585
1120265 3586
1120266 3587
1120268 3588
1120269 3589
1120270 3590
1120272 3685
1120274 3592
1120276 3593
1120277 3594
1120278 3595
1120280 3596
1120281 3597
1120282 3598
1120284 3599
1120285 3600
1120286 3601
1120289 3686
1120290 3603
1120320 3581
1120321 3580
1120322 3582
1120325 3687
1120326 3584
1120328 3586
1120329 3585
1120330 3587
1120332 3589
1120333 3588
1120334 3590
1120336 3591
1120338 3592
1120340 3594
1120341 3593
1120342 3595
1120344 3597
1120345 3596
1120346 3598
1120348 3600
1120349 3599
1120350 3601
1120352 3686
1120354 3603
1120384 3688
1120385 3688
1120386 3688
1120387 3689
1120389 3690
1120390 3690
1120391 3691
1120392 3692
1120393 3692
1120394 3692
1120395 3693
1120396 3694
1120397 3694
1120398 3694
1120399 3695
1120400 3696
1120402 3696
1120403 3697
1120404 3698
1120405 3698
1120406 3698
1120407 3699
1120408 3700
1120409 3700
1120410 3700
1120411 3701
1120412 3702
1120413 3702
1120414 3702
1120415 3703
1120416 3704
1120417 3704
1120419 3705
1131840 3706
1131841 3707
1131842 3708
1131845 3709
1131846 3710
1131848 3711
1131849 3712
1131850 3713
1131852 3714
1131853 3715
1131854 3716
1131856 3717
1131857 3718
1131858 3719
1131862 3720
1131864 3721
1131865 3722
1131866 3723
1131868 3724
1131869 3725
1131870 3726
1131872 3727
1131873 3728
1131874 3729
1132032 3730
1132033 3731
1132037 3732
1132040 3733
1132041 3734
1132044 3735
1132045 3736
1132048 3737
1132049 3738
1132053 3739
1132057 3740
1132060 3741
1132061 3742
1132064 3743
1132065 3744
1132096 3745
1132097 3746
1132098 3747
1132101 3748
1132102 3749
1132104 3750
1132105 3751
1132106 3752
1132108 3753
1132109 3754
1132110 3755
1132112 3756
1132113 3757
1132114 3758
1132117 3759
1132118 3760
1132120 3761
1132122 3762
1132124 3763
1132125 3764
1132126 3765
1132128 3766
1132129 3767
1132130 3768
1132288 3769
1132289 3770
1132293 3771
1132296 3772
1132297 3773
1132300 3774
1132301 3775
1132304 3776
1132305 3777
1132309 3778
1132312 3779
1132313 3780
1132317 3781
1132320 3782
1132321 3783
1132352 3784
1132353 3785
1132354 3786
1132357 3787
1132358 3788
1132360 3789
1132361 3790
1132362 3791
1132364 3792
1132365 3793
1132366 3794
1132368 3795
1132369 3796
1132370 3797
1132373 3798
1132374 3799
1132376 3800
1132377 3801
1132378 3802
1132380 3803
1132382 3804
1132384 3805
1132385 3806
1132386 3807
1132544 3808
1132545 3809
1132549 3810
1132552 3811
1132553 3812
1132556 3813
1132557 3814
1132560 3815
1132561 3816
1132565 3817
1132568 3818
1132569 3819
1132572 3820
1132573 3821
1132577 3822
1132608 3823
1132609 3824
1132610 3825
1132613 3826
1132614 3827
1132616 3828
1132617 3829
1132618 3830
1132620 3831
1132621 3832
1132622 3833
1132624 3834
1132625 3835
1132626 3836
1132629 3837
1132630 3838
1132632 3839
1132633 3840
1132634 3841
1132636 3842
1132637 3843
1132638 3844
1132640 3845
1132642 3846
1136000 3847
1136001 3847
1136003 3848
1136005 3849
1136007 3850
1136008 3851
1136009 3851
1136011 3852
1136012 3853
1136013 3853
1136015 3854
1136016 3855
1136017 3855
1136019 3856
1136020 3857
1136023 3858
1136024 3859
1136025 3859
1136027 3860
1136028 3861
1136029 3861
1136031 3862
1136032 3863
1136033 3863
1136035 3864
1136128 3745
1136129 3746
1136130 3747
1136133 3748
1136134 3749
1136136 3750
1136137 3751
1136138 3752
1136140 3753
1136141 3754
1136142 3755
1136144 3756
1136145 3757
1136146 3758
1136148 3865
1136150 3760
1136153 3866
1136154 3762
1136156 3763
1136157 3764
1136158 3765
1136160 3766
1136161 3767
1136162 3768
1136192 3746
1136193 3745
1136194 3747
1136197 3867
1136198 3749
1136200 3751
1136201 3750
1136202 3752
1136204 3754
1136205 3753
1136206 3755
1136208 3757
1136209 3756
1136210 3758
1136212 3759
1136214 3760
1136216 3866
1136218 3762
1136220 3764
1136221 3763
1136222 3765
1136224 3767
1136225 3766
1136226 3768
1136256 3868
1136257 3868
1136258 3868
1136259 3869
1136261 3870
1136262 3870
1136263 3871
1136264 3872
1136265 3872
1136266 3872
1136267 3873
1136268 3874
1136269 3874
1136270 3874
1136271 3875
1136272 3876
1136273 3876
1136274 3876
1136275 3877
1136276 3878
1136278 3878
1136279 3879
1136280 3880
1136281 3880
1136283 3881
1136284 3882
1136285 3882
1136286 3882
1136287 3883
1136288 3884
1136289 3884
1136290 3884
1136291 3885
1136384 3784
1136385 3785
1136386 3786
1136389 3787
1136390 3788
1136392 3789
1136393 3790
1136394 3791
1136396 3792
1136397 3793
1136398 3794
1136400 3795
1136401 3796
1136402 3797
1136404 3886
1136406 3799
1136408 3800
1136409 3801
1136410 3802
1136413 3887
1136414 3804
1136416 3805
1136417 3806
1136418 3807
1136448 3785
1136449 3784
1136450 3786
1136453 3888
1136454 3788
1136456 3790
1136457 3789
1136458 3791
1136460 3793
1136461 3792
1136462 3794
1136464 3796
1136465 3795
1136466 3797
1136468 3798
1136470 3799
1136472 3801
1136473 3800
1136474 3802
1136476 3887
1136478 3804
1136480 3806
1136481 3805
1136482 3807
1136512 3889
1136513 3889
1136514 3889
1136515 3890
1136517 3891
1136518 3891
1136519 3892
1136520 3893
1136521 3893
1136522 3893
1136523 3894
1136524 3895
1136525 3895
1136526 3895
1136527 3896
1136528 3897
1136529 3897
1136530 3897
1136531 3898
1136532 3899
1136534 3899
1136535 3900
1136536 3901
1136537 3901
1136538 3901
1136539 3902
1136540 3903
1136541 3903
1136543 3904
1136544 3905
1136545 3905
1136546 3905
1136547 3906
1136640 3823
1136641 3824
1136642 3825
1136645 3826
1136646 3827
1136648 3828
1136649 3829
1136650 3830
1136652 3831
1136653 3832
1136654 3833
1136656 3834
1136657 3835
1136658 3836
1136660 3907
1136662 3838
1136664 3839
1136665 3840
1136666 3841
1136668 3842
1136669 3843
1136670 3844
1136673 3908
1136674 3846
1136704 3824
1136705 3823
1136706 3825
1136709 3909
1136710 3827
1136712 3829
1136713 3828
1136714 3830
1136716 3832
1136717 3831
1136718 3833
1136720 3835
1136721 3834
1136722 3836
1136724 3837
1136726 3838
1136728 3840
1136729 3839
1136730 3841
1136732 3843
1136733 3842
1136734 3844
1136736 3908
1136738 3846
1136768 3910
1136769 3910
1136770 3910
1136771 3911
1136773 3912
1136774 3912
1136775 3913
1136776 3914
1136777 3914
1136778 3914
1136779 3915
1136780 3916
1136781 3916
1136782 3916
1136783 3917
1136784 3918
1136785 3918
1136786 3918
1136787 3919
1136788 3920
1136790 3920
1136791 3921
1136792 3922
1136793 3922
1136794 3922
1136795 3923
1136796 3924
1136797 3924
1136798 3924
1136799 3925
1136800 3926
1136801 3926
1136803 3927
1148480 3928
1148481 3929
1148482 3930
1148485 3931
1148486 3932
1148488 3933
1148489 3934
1148490 3935
1148492 3936
1148493 3937
1148494 3938
1148496 3939
1148497 3940
1148498 3941
1148500 3942
1148501 3943
1148502 3944
1148506 3945
1148508 3946
1148509 3947
1148510 3948
1148512 3949
1148513 3950
1148514 3951
1148672 3952
1148673 3953
1148677 3954
1148680 3955
1148681 3956
1148684 3957
1148685 3958
1148688 3959
1148689 3960
1148692 3961
1148693 3962
1148697 3963
1148701 3964
1148704 3965
1148705 3966
1148736 3967
1148737 3968
1148738 3969
1148741 3970
1148742 3971
1148744 3972
1148745 3973
1148746 3974
1148748 3975
1148749 3976
1148750 3977
1148752 3978
1148753 3979
1148754 3980
1148756 3981
1148757 3982
1148758 3983
1148761 3984
1148762 3985
1148764 3986
1148766 3987
1148768 3988
1148769 3989
1148770 3990
1148928 3991
1148929 3992
1148933 3993
1148936 3994
1148937 3995
1148940 3996
1148941 3997
1148944 3998
1148945 3999
1148948 4000
1148949 4001
1148953 4002
1148956 4003
1148957 4004
1148961 4005
1148992 4006
1148993 4007
1148994 4008
1148997 4009
1148998 4010
1149000 4011
1149001 4012
1149002 4013
1149004 4014
1149005 4015
1149006 4016
1149008 4017
1149009 4018
1149010 4019
1149012 4020
1149013 4021
1149014 4022
1149017 4023
1149018 4024
1149020 4025
1149021 4026
1149022 4027
1149024 4028
1149026 4029
1152640 4030
1152641 4030
1152643 4031
1152645 4032
1152647 4033
1152648 4034
1152649 4034
1152651 4035
1152652 4036
1152653 4036
1152655 4037
1152656 4038
1152657 4038
1152659 4039
1152660 4040
1152661 4040
1152663 4041
1152664 4042
1152667 4043
1152668 4044
1152669 4044
1152671 4045
1152672 4046
1152673 4046
1152675 4047
1152768 3967
1152769 3968
1152770 3969
1152773 3970
1152774 3971
1152776 3972
1152777 3973
1152778 3974
1152780 3975
1152781 3976
1152782 3977
1152784 3978
1152785 3979
1152786 3980
1152788 3981
1152789 3982
1152790 3983
1152792 4048
1152794 3985
1152797 4049
1152798 3987
1152800 3988
1152801 3989
1152802 3990
1152832 3968
1152833 3967
1152834 3969
1152837 4050
1152838 3971
1152840 3973
1152841 3972
1152842 3974
1152844 3976
1152845 3975
1152846 3977
1152848 3979
1152849 3978
1152850 3980
1152852 3982
1152853 3981
1152854 3983
1152856 3984
1152858 3985
1152860 4049
1152862 3987
1152864 3989
1152865 3988
1152866 3990
1152896 4051
1152897 4051
1152898 4051
1152899 4052
1152901 4053
1152902 4053
1152903 4054
1152904 4055
1152905 4055
1152906 4055
1152907 4056
1152908 4057
1152909 4057
1152910 4057
1152911 4058
1152912 4059
1152913 4059
1152914 4059
1152915 4060
1152916 4061
1152917 4061
1152918 4061
1152919 4062
1152920 4063
1152922 4063
1152923 4064
1152924 4065
1152925 4065
1152927 4066
1152928 4067
1152929 4067
1152930 4067
1152931 4068
1153024 4006
1153025 4007
1153026 4008
1153029 4009
1153030 4010
1153032 4011
1153033 4012
1153034 4013
1153036 4014
1153037 4015
1153038 4016
1153040 4017
1153041 4018
1153042 4019
1153044 4020
1153045 4021
1153046 4022
1153048 4069
1153050 4024
1153052 4025
1153053 4026
1153054 4027
1153057 4070
1153058 4029
1153088 4007
1153089 4006
1153090 4008
1153093 4071
1153094 4010
1153096 4012
1153097 4011
1153098 4013
1153100 4015
1153101 4014
1153102 4016
1153104 4018
1153105 4017
1153106 4019
1153108 4021
1153109 4020
1153110 4022
1153112 4023
1153114 4024
1153116 4026
1153117 4025
1153118 4027
1153120 4070
1153122 4029
1153152 4072
1153153 4072
1153154 4072
1153155 4073
1153157 4074
1153158 4074
1153159 4075
1153160 4076
1153161 4076
1153162 4076
1153163 4077
1153164 4078
1153165 4078
1153166 4078
1153167 4079
1153168 4080
1153169 4080
1153170 4080
1153171 4081
1153172 4082
1153173 4082
1153174 4082
1153175 4083
1153176 4084
1153178 4084
1153179 4085
1153180 4086
1153181 4086
1153182 4086
1153183 4087
1153184 4088
1153185 4088
1153187 4089
1165120 4090
1165121 4091
1165122 4092
1165125 4093
1165126 4094
1165128 4095
1165129 4096
1165130 4097
1165132 4098
1165133 4099
1165134 4100
1165136 4101
1165137 4102
1165138 4103
1165140 4104
1165141 4105
1165142 4106
1165144 4107
1165145 4108
1165146 4109
1165150 4110
1165152 4111
1165153 4112
1165154 4113
1165312 4114
1165313 4115
1165317 4116
1165320 4117
1165321 4118
1165324 4119
1165325 4120
1165328 4121
1165329 4122
1165332 4123
1165333 4124
1165336 4125
1165337 4126
1165341 4127
1165345 4128
1165376 4129
1165377 4130
1165378 4131
1165381 4132
1165382 4133
1165384 4134
1165385 4135
1165386 4136
1165388 4137
1165389 4138
1165390 4139
1165392 4140
1165393 4141
1165394 4142
1165396 4143
1165397 4144
1165398 4145
1165400 4146
1165401 4147
1165402 4148
1165405 4149
1165406 4150
1165408 4151
1165410 4152
1169280 4153
1169281 4153
1169283 4154
1169285 4155
1169287 4156
1169288 4157
1169289 4157
1169291 4158
1169292 4159
1169293 4159
1169295 4160
1169296 4161
1169297 4161
1169299 4162
1169300 4163
1169301 4163
1169303 4164
1169304 4165
1169305 4165
1169307 4166
1169308 4167
1169311 4168
1169312 4169
1169313 4169
1169315 4170
1169408 4129
1169409 4130
1169410 4131
1169413 4132
1169414 4133
1169416 4134
1169417 4135
1169418 4136
1169420 4137
1169421 4138
1169422 4139
1169424 4140
1169425 4141
1169426 4142
1169428 4143
1169429 4144
1169430 4145
1169432 4146
1169433 4147
1169434 4148
1169436 4171
1169438 4150
1169441 4172
1169442 4152
1169472 4130
1169473 4129
1169474 4131
1169477 4173
1169478 4133
1169480 4135
1169481 4134
1169482 4136
1169484 4138
1169485 4137
1169486 4139
1169488 4141
1169489 4140
1169490 4142
1169492 4144
1169493 4143
1169494 4145
1169496 4147
1169497 4146
1169498 4148
1169500 4149
1169502 4150
1169504 4172
1169506 4152
1169536 4174
1169537 4174
1169538 4174
1169539 4175
1169541 4176
1169542 4176
1169543 4177
1169544 4178
1169545 4178
1169546 4178
1169547 4179
1169548 4180
1169549 4180
1169550 4180
1169551 4181
1169552 4182
1169553 4182
1169554 4182
1169555 4183
1169556 4184
1169557 4184
1169558 4184
1169559 4185
1169560 4186
1169561 4186
1169562 4186
1169563 4187
1169564 4188
1169566 4188
1169567 4189
1169568 4190
1169569 4190
1169571 4191
1181760 4192
1181761 4193
1181762 4194
1181765 4195
1181766 4196
1181768 4197
1181769 4198
1181770 4199
1181772 4200
1181773 4201
1181774 4202
1181776 4203
1181777 4204
1181778 4205
1181780 4206
1181781 4207
1181782 4208
1181784 4209
1181785 4210
1181786 4211
1181788 4212
1181789 4213
1181790 4214
1181794 4215
1185920 4216
1185921 4216
1185923 4217
1185925 4218
1185927 4219
1185928 4220
1185929 4220
1185931 4221
1185932 4222
1185933 4222
1185935 4223
1185936 4224
1185937 4224
1185939 4225
1185940 4226
1185941 4226
1185943 4227
1185944 4228
1185945 4228
1185947 4229
1185948 4230
1185949 4230
1185951 4231
1185952 4232
1185955 4233
2134656 4234
2134659 4235
2134660 4236
2134663 4237
2134667 4238
2134668 4239
2134671 4240
2134672 4241
2134675 4242
2134676 4243
2134679 4244
2134680 4245
2134683 4246
2134684 4247
2134687 4248
2134688 4249
2134691 4250
2134784 4251
2134785 4252
2134786 4253
2134788 4254
2134789 4255
2134790 4256
2134794 4257
2134797 4258
2134798 4259
2134800 4260
2134801 4261
2134802 4262
2134804 4263
2134805 4264
2134806 4265
2134808 4266
2134809 4267
2134810 4268
2134812 4269
2134813 4270
2134814 4271
2134816 4272
2134817 4273
2134818 4274
2134912 4275
2134914 4275
2134915 4276
2134916 4277
2134918 4277
2134919 4278
2134922 4279
2134923 4280
2134924 4281
2134927 4282
2134928 4283
2134930 4283
2134931 4284
2134932 4285
2134934 4285
2134935 4286
2134936 4287
2134938 4287
2134939 4288
2134940 4289
2134942 4289
2134943 4290
2134944 4291
2134946 4291
2134947 4292
2135040 4293
2135041 4294
2135042 4295
2135044 4296
2135045 4297
2135046 4298
2135050 4299
2135052 4300
2135053 4301
2135054 4302
2135057 4303
2135058 4304
2135060 4305
2135061 4306
2135062 4307
2135064 4308
2135065 4309
2135066 4310
2135068 4311
2135069 4312
2135070 4313
2135072 4314
2135073 4315
2135074 4316
2135168 4317
2135170 4317
2135171 4318
2135172 4319
2135174 4319
2135175 4320
2135178 4321
2135179 4322
2135180 4323
2135182 4323
2135183 4324
2135184 4325
2135187 4326
2135188 4327
2135190 4327
2135191 4328
2135192 4329
2135194 4329
2135195 4330
2135196 4331
2135198 4331
2135199 4332
2135200 4333
2135202 4333
2135203 4334
2135296 4335
2135297 4336
2135298 4337
2135300 4338
2135301 4339
2135302 4340
2135306 4341
2135308 4342
2135309 4343
2135310 4344
2135312 4345
2135313 4346
2135314 4347
2135317 4348
2135318 4349
2135320 4350
2135321 4351
2135322 4352
2135324 4353
2135325 4354
2135326 4355
2135328 4356
2135329 4357
2135330 4358
2135424 4359
2135426 4359
2135427 4360
2135428 4361
2135430 4361
2135431 4362
2135434 4363
2135435 4364
2135436 4365
2135438 4365
2135439 4366
2135440 4367
2135442 4367
2135443 4368
2135444 4369
2135447 4370
2135448 4371
2135450 4371
2135451 4372
2135452 4373
2135454 4373
2135455 4374
2135456 4375
2135458 4375
2135459 4376
2135552 4377
2135553 4378
2135554 4379
2135556 4380
2135557 4381
2135558 4382
2135562 4383
2135564 4384
2135565 4385
2135566 4386
2135568 4387
2135569 4388
2135570 4389
2135572 4390
2135573 4391
2135574 4392
2135577 4393
2135578 4394
2135580 4395
2135581 4396
2135582 4397
2135584 4398
2135585 4399
2135586 4400
2135680 4401
2135682 4401
2135683 4402
2135684 4403
2135686 4403
2135687 4404
2135690 4405
2135691 4406
2135692 4407
2135694 4407
2135695 4408
2135696 4409
2135698 4409
2135699 4410
2135700 4411
2135702 4411
2135703 4412
2135704 4413
2135707 4414
2135708 4415
2135710 4415
2135711 4416
2135712 4417
2135714 4417
2135715 4418
2135808 4419
2135809 4420
2135810 4421
2135812 4422
2135813 4423
2135814 4424
2135818 4425
2135820 4426
2135821 4427
2135822 4428
2135824 4429
2135825 4430
2135826 4431
2135828 4432
2135829 4433
2135830 4434
2135832 4435
2135833 4436
2135834 4437
2135837 4438
2135838 4439
2135840 4440
2135841 4441
2135842 4442
2135936 4443
2135938 4443
2135939 4444
2135940 4445
2135942 4445
2135943 4446
2135946 4447
2135947 4448
2135948 4449
2135950 4449
2135951 4450
2135952 4451
2135954 4451
2135955 4452
2135956 4453
2135958 4453
2135959 4454
2135960 4455
2135962 4455
2135963 4456
2135964 4457
2135967 4458
2135968 4459
2135970 4459
2135971 4460
2136064 4461
2136065 4462
2136066 4463
2136068 4464
2136069 4465
2136070 4466
2136074 4467
2136076 4468
2136077 4469
2136078 4470
2136080 4471
2136081 4472
2136082 4473
2136084 4474
2136085 4475
2136086 4476
2136088 4477
2136089 4478
2136090 4479
2136092 4480
2136093 4481
2136094 4482
2136097 4483
2136098 4484
2136192 4485
2136194 4485
2136195 4486
2136196 4487
2136198 4487
2136199 4488
2136202 4489
2136203 4490
2136204 4491
2136206 4491
2136207 4492
2136208 4493
2136210 4493
2136211 4494
2136212 4495
2136214 4495
2136215 4496
2136216 4497
2136218 4497
2136219 4498
2136220 4499
2136222 4499
2136223 4500
2136224 4501
2136227 4502
2147136 4503
2147137 4504
2147138 4505
2147140 4506
2147141 4507
2147142 4508
2147145 4509
2147146 4510
2147150 4511
2147152 4512
2147153 4513
2147154 4514
2147156 4515
2147157 4516
2147158 4517
2147160 4518
2147161 4519
2147162 4520
2147164 4521
2147165 4522
2147166 4523
2147168 4524
2147169 4525
2147170 4526
2147328 4527
2147329 4528
2147332 4529
2147333 4530
2147337 4531
2147341 4532
2147345 4533
2147348 4534
2147349 4535
2147352 4536
2147353 4537
2147356 4538
2147357 4539
2147360 4540
2147361 4541
2147392 4542
2147393 4543
2147394 4544
2147396 4545
2147397 4546
2147398 4547
2147401 4548
2147402 4549
2147405 4550
2147406 4551
2147408 4552
2147410 4553
2147412 4554
2147413 4555
2147414 4556
2147416 4557
2147417 4558
2147418 4559
2147420 4560
2147421 4561
2147422 4562
2147424 4563
2147425 4564
2147426 4565
2147584 4566
2147585 4567
2147588 4568
2147589 4569
2147593 4570
2147597 4571
2147600 4572
2147601 4573
2147605 4574
2147608 4575
2147609 4576
2147612 4577
2147613 4578
2147616 4579
2147617 4580
2147648 4581
2147649 4582
2147650 4583
2147652 4584
2147653 4585
2147654 4586
2147657 4587
2147658 4588
2147661 4589
2147662 4590
2147664 4591
2147665 4592
2147666 4593
2147668 4594
2147670 4595
2147672 4596
2147673 4597
2147674 4598
2147676 4599
2147677 4600
2147678 4601
2147680 4602
2147681 4603
2147682 4604
2147840 4605
2147841 4606
2147844 4607
2147845 4608
2147849 4609
2147853 4610
2147856 4611
2147857 4612
2147860 4613
2147861 4614
2147865 4615
2147868 4616
2147869 4617
2147872 4618
2147873 4619
2147904 4620
2147905 4621
2147906 4622
2147908 4623
2147909 4624
2147910 4625
2147913 4626
2147914 4627
2147917 4628
2147918 4629
2147920 4630
2147921 4631
2147922 4632
2147924 4633
2147925 4634
2147926 4635
2147928 4636
2147930 4637
2147932 4638
2147933 4639
2147934 4640
2147936 4641
2147937 4642
2147938 4643
2148096 4644
2148097 4645
2148100 4646
2148101 4647
2148105 4648
2148109 4649
2148112 4650
2148113 4651
2148116 4652
2148117 4653
2148120 4654
2148121 4655
2148125 4656
2148128 4657
2148129 4658
2148160 4659
2148161 4660
2148162 4661
2148164 4662
2148165 4663
2148166 4664
2148169 4665
2148170 4666
2148173 4667
2148174 4668
2148176 4669
2148177 4670
2148178 4671
2148180 4672
2148181 4673
2148182 4674
2148184 4675
2148185 4676
2148186 4677
2148188 4678
2148190 4679
2148192 4680
2148193 4681
2148194 4682
2148352 4683
2148353 4684
2148356 4685
2148357 4686
2148361 4687
2148365 4688
2148368 4689
2148369 4690
2148372 4691
2148373 4692
2148376 4693
2148377 4694
2148380 4695
2148381 4696
2148385 4697
2148416 4698
2148417 4699
2148418 4700
2148420 4701
2148421 4702
2148422 4703
2148425 4704
2148426 4705
2148429 4706
2148430 4707
2148432 4708
2148433 4709
2148434 4710
2148436 4711
2148437 4712
2148438 4713
2148440 4714
2148441 4715
2148442 4716
2148444 4717
2148445 4718
2148446 4719
2148448 4720
2148450 4721
2151296 4722
2151297 4722
2151299 4723
2151300 4724
2151301 4724
2151303 4725
2151305 4726
2151307 4727
2151308 4728
2151311 4729
2151312 4730
2151313 4730
2151315 4731
2151316 4732
2151317 4732
2151319 4733
2151320 4734
2151321 4734
2151323 4735
2151324 4736
2151325 4736
2151327 4737
2151328 4738
2151329 4738
2151331 4739
2151424 4542
2151425 4543
2151426 4544
2151428 4545
2151429 4546
2151430 4547
2151433 4548
2151434 4549
2151436 4740
2151438 4551
2151441 4741
2151442 4553
2151444 4554
2151445 4555
2151446 4556
2151448 4557
2151449 4558
2151450 4559
2151452 4560
2151453 4561
2151454 4562
2151456 4563
2151457 4564
2151458 4565
2151488 4543
2151489 4542
2151490 4544
2151492 4546
2151493 4545
2151494 4547
2151497 4742
2151498 4549
2151500 4550
2151502 4551
2151504 4741
2151506 4553
2151508 4555
2151509 4554
2151510 4556
2151512 4558
2151513 4557
2151514 4559
2151516 4561
2151517 4560
2151518 4562
2151520 4564
2151521 4563
2151522 4565
2151552 4743
2151553 4743
2151554 4743
2151555 4744
2151556 4745
2151557 4745
2151558 4745
2151559 4746
2151561 4747
2151562 4747
2151563 4748
2151564 4749
2151566 4749
2151567 4750
2151568 4751
2151569 4751
2151571 4752
2151572 4753
2151573 4753
2151574 4753
2151575 4754
2151576 4755
2151577 4755
2151578 4755
2151579 4756
2151580 4757
2151581 4757
2151582 4757
2151583 4758
2151584 4759
2151585 4759
2151586 4759
2151587 4760
2151680 4581
2151681 4582
2151682 4583
2151684 4584
2151685 4585
2151686 4586
2151689 4587
2151690 4588
2151692 4761
2151694 4590
2151696 4591
2151697 4592
2151698 4593
2151701 4762
2151702 4595
2151704 4596
2151705 4597
2151706 4598
2151708 4599
2151709 4600
2151710 4601
2151712 4602
2151713 4603
2151714 4604
2151744 4582
2151745 4581
2151746 4583
2151748 4585
2151749 4584
2151750 4586
2151753 4763
2151754 4588
2151756 4589
2151758 4590
2151760 4592
2151761 4591
2151762 4593
2151764 4762
2151766 4595
2151768 4597
2151769 4596
2151770 4598
2151772 4600
2151773 4599
2151774 4601
2151776 4603
2151777 4602
2151778 4604
2151808 4764
2151809 4764
2151810 4764
2151811 4765
2151812 4766
2151813 4766
2151814 4766
2151815 4767
2151817 4768
2151818 4768
2151819 4769
2151820 4770
2151822 4770
2151823 4771
2151824 4772
2151825 4772
2151826 4772
2151827 4773
2151828 4774
2151829 4774
2151831 4775
2151832 4776
2151833 4776
2151834 4776
2151835 4777
2151836 4778
2151837 4778
2151838 4778
2151839 4779
2151840 4780
2151841 4780
2151842 4780
2151843 4781
2151936 4620
2151937 4621
2151938 4622
2151940 4623
2151941 4624
2151942 4625
2151945 4626
2151946 4627
2151948 4782
2151950 4629
2151952 4630
2151953 4631
2151954 4632
2151956 4633
2151957 4634
2151958 4635
2151961 4783
2151962 4637
2151964 4638
2151965 4639
2151966 4640
2151968 4641
2151969 4642
2151970 4643
2152000 4621
2152001 4620
2152002 4622
2152004 4624
2152005 4623
2152006 4625
2152009 4784
2152010 4627
2152012 4628
2152014 4629
2152016 4631
2152017 4630
2152018 4632
2152020 4634
2152021 4633
2152022 4635
2152024 4783
2152026 4637
2152028 4639
2152029 4638
2152030 4640
2152032 4642
2152033 4641
2152034 4643
2152064 4785
2152065 4785
2152066 4785
2152067 4786
2152068 4787
2152069 4787
2152070 4787
2152071 4788
2152073 4789
2152074 4789
2152075 4790
2152076 4791
2152078 4791
2152079 4792
2152080 4793
2152081 4793
2152082 4793
2152083 4794
2152084 4795
2152085 4795
2152086 4795
2152087 4796
2152088 4797
2152089 4797
2152091 4798
2152092 4799
2152093 4799
2152094 4799
2152095 4800
2152096 4801
2152097 4801
2152098 4801
2152099 4802
2152192 4659
2152193 4660
2152194 4661
2152196 4662
2152197 4663
2152198 4664
2152201 4665
2152202 4666
2152204 4803
2152206 4668
2152208 4669
2152209 4670
2152210 4671
2152212 4672
2152213 4673
2152214 4674
2152216 4675
2152217 4676
2152218 4677
2152221 4804
2152222 4679
2152224 4680
2152225 4681
2152226 4682
2152256 4660
2152257 4659
2152258 4661
2152260 4663
2152261 4662
2152262 4664
2152265 4805
2152266 4666
2152268 4667
2152270 4668
2152272 4670
2152273 4669
2152274 4671
2152276 4673
2152277 4672
2152278 4674
2152280 4676
2152281 4675
2152282 4677
2152284 4804
2152286 4679
2152288 4681
2152289 4680
2152290 4682
2152320 4806
2152321 4806
2152322 4806
2152323 4807
2152324 4808
2152325 4808
2152326 4808
2152327 4809
2152329 4810
2152330 4810
2152331 4811
2152332 4812
2152334 4812
2152335 4813
2152336 4814
2152337 4814
2152338 4814
2152339 4815
2152340 4816
2152341 4816
2152342 4816
2152343 4817
2152344 4818
2152345 4818
2152346 4818
2152347 4819
2152348 4820
2152349 4820
2152351 4821
2152352 4822
2152353 4822
2152354 4822
2152355 4823
2152448 4698
2152449 4699
2152450 4700
2152452 4701
2152453 4702
2152454 4703
2152457 4704
2152458 4705
2152460 4824
2152462 4707
2152464 4708
2152465 4709
2152466 4710
2152468 4711
2152469 4712
2152470 4713
2152472 4714
2152473 4715
2152474 4716
2152476 4717
2152477 4718
2152478 4719
2152481 4825
2152482 4721
2152512 4699
2152513 4698
2152514 4700
2152516 4702
2152517 4701
2152518 4703
2152521 4826
2152522 4705
2152524 4706
2152526 4707
2152528 4709
2152529 4708
2152530 4710
2152532 4712
2152533 4711
2152534 4713
2152536 4715
2152537 4714
2152538 4716
2152540 4718
2152541 4717
2152542 4719
2152544 4825
2152546 4721
2152576 4827
2152577 4827
2152578 4827
2152579 4828
2152580 4829
2152581 4829
2152582 4829
2152583 4830
2152585 4831
2152586 4831
2152587 4832
2152588 4833
2152590 4833
2152591 4834
2152592 4835
2152593 4835
2152594 4835
2152595 4836
2152596 4837
2152597 4837
2152598 4837
2152599 4838
2152600 4839
2152601 4839
2152602 4839
2152603 4840
2152604 4841
2152605 4841
2152606 4841
2152607 4842
2152608 4843
2152609 4843
2152611 4844
2163776 4845
2163777 4846
2163778 4847
2163780 4848
2163781 4849
2163782 4850
2163785 4851
2163786 4852
2163788 4853
2163789 4854
2163790 4855
2163794 4856
2163796 4857
2163797 4858
2163798 4859
2163800 4860
2163801 4861
2163802 4862
2163804 4863
2163805 4864
2163806 4865
2163808 4866
2163809 4867
2163810 4868
2163968 4869
2163969 4870
2163972 4871
2163973 4872
2163977 4873
2163980 4874
2163981 4875
2163985 4876
2163989 4877
2163992 4878
2163993 4879
2163996 4880
2163997 4881
2164000 4882
2164001 4883
2164032 4884
2164033 4885
2164034 4886
2164036 4887
2164037 4888
2164038 4889
2164041 4890
2164042 4891
2164044 4892
2164045 4893
2164046 4894
2164049 4895
2164050 4896
2164052 4897
2164054 4898
2164056 4899
2164057 4900
2164058 4901
2164060 4902
2164061 4903
2164062 4904
2164064 4905
2164065 4906
2164066 4907
2164224 4908
2164225 4909
2164228 4910
2164229 4911
2164233 4912
2164236 4913
2164237 4914
2164241 4915
2164244 4916
2164245 4917
2164249 4918
2164252 4919
2164253 4920
2164256 4921
2164257 4922
2164288 4923
2164289 4924
2164290 4925
2164292 4926
2164293 4927
2164294 4928
2164297 4929
2164298 4930
2164300 4931
2164301 4932
2164302 4933
2164305 4934
2164306 4935
2164308 4936
2164309 4937
2164310 4938
2164312 4939
2164314 4940
2164316 4941
2164317 4942
2164318 4943
2164320 4944
2164321 4945
2164322 4946
2164480 4947
2164481 4948
2164484 4949
2164485 4950
2164489 4951
2164492 4952
2164493 4953
2164497 4954
2164500 4955
2164501 4956
2164504 4957
2164505 4958
2164509 4959
2164512 4960
2164513 4961
2164544 4962
2164545 4963
2164546 4964
2164548 4965
2164549 4966
2164550 4967
2164553 4968
2164554 4969
2164556 4970
2164557 4971
2164558 4972
2164561 4973
2164562 4974
2164564 4975
2164565 4976
2164566 4977
2164568 4978
2164569 4979
2164570 4980
2164572 4981
2164574 4982
2164576 4983
2164577 4984
2164578 4985
2164736 4986
2164737 4987
2164740 4988
2164741 4989
2164745 4990
2164748 4991
2164749 4992
2164753 4993
2164756 4994
2164757 4995
2164760 4996
2164761 4997
2164764 4998
2164765 4999
2164769 5000
2164800 5001
2164801 5002
2164802 5003
2164804 5004
2164805 5005
2164806 5006
2164809 5007
2164810 5008
2164812 5009
2164813 5010
2164814 5011
2164817 5012
2164818 5013
2164820 5014
2164821 5015
2164822 5016
2164824 5017
2164825 5018
2164826 5019
2164828 5020
2164829 5021
2164830 5022
2164832 5023
2164834 5024
2167936 5025
2167937 5025
2167939 5026
2167940 5027
2167941 5027
2167943 5028
2167945 5029
2167947 5030
2167948 5031
2167949 5031
2167951 5032
2167952 5033
2167955 5034
2167956 5035
2167957 5035
2167959 5036
2167960 5037
2167961 5037
2167963 5038
2167964 5039
2167965 5039
2167967 5040
2167968 5041
2167969 5041
2167971 5042
2168064 4884
2168065 4885
2168066 4886
2168068 4887
2168069 4888
2168070 4889
2168073 4890
2168074 4891
2168076 4892
2168077 4893
2168078 4894
2168080 5043
2168082 4896
2168085 5044
2168086 4898
2168088 4899
2168089 4900
2168090 4901
2168092 4902
2168093 4903
2168094 4904
2168096 4905
2168097 4906
2168098 4907
2168128 4885
2168129 4884
2168130 4886
2168132 4888
2168133 4887
2168134 4889
2168137 5045
2168138 4891
2168140 4893
2168141 4892
2168142 4894
2168144 4895
2168146 4896
2168148 5044
2168150 4898
2168152 4900
2168153 4899
2168154 4901
2168156 4903
2168157 4902
2168158 4904
2168160 4906
2168161 4905
2168162 4907
2168192 5046
2168193 5046
2168194 5046
2168195 5047
2168196 5048
2168197 5048
2168198 5048
2168199 5049
2168201 5050
2168202 5050
2168203 5051
2168204 5052
2168205 5052
2168206 5052
2168207 5053
2168208 5054
2168210 5054
2168211 5055
2168212 5056
2168213 5056
2168215 5057
2168216 5058
2168217 5058
2168218 5058
2168219 5059
2168220 5060
2168221 5060
2168222 5060
2168223 5061
2168224 5062
2168225 5062
2168226 5062
2168227 5063
2168320 4923
2168321 4924
2168322 4925
2168324 4926
2168325 4927
2168326 4928
2168329 4929
2168330 4930
2168332 4931
2168333 4932
2168334 4933
2168336 5064
2168338 4935
2168340 4936
2168341 4937
2168342 4938
2168345 5065
2168346 4940
2168348 4941
2168349 4942
2168350 4943
2168352 4944
2168353 4945
2168354 4946
2168384 4924
2168385 4923
2168386 4925
2168388 4927
2168389 4926
2168390 4928
2168393 5066
2168394 4930
2168396 4932
2168397 4931
2168398 4933
2168400 4934
2168402 4935
2168404 4937
2168405 4936
2168406 4938
2168408 5065
2168410 4940
2168412 4942
2168413 4941
2168414 4943
2168416 4945
2168417 4944
2168418 4946
2168448 5067
2168449 5067
2168450 5067
2168451 5068
2168452 5069
2168453 5069
2168454 5069
2168455 5070
2168457 5071
2168458 5071
2168459 5072
2168460 5073
2168461 5073
2168462 5073
2168463 5074
2168464 5075
2168466 5075
2168467 5076
2168468 5077
2168469 5077
2168470 5077
2168471 5078
2168472 5079
2168473 5079
2168475 5080
2168476 5081
2168477 5081
2168478 5081
2168479 5082
2168480 5083
2168481 5083
2168482 5083
2168483 5084
2168576 4962
2168577 4963
2168578 4964
2168580 4965
2168581 4966
2168582 4967
2168585 4968
2168586 4969
2168588 4970
2168589 4971
2168590 4972
2168592 5085
2168594 4974
2168596 4975
2168597 4976
2168598 4977
2168600 4978
2168601 4979
2168602 4980
2168605 5086
2168606 4982
2168608 4983
2168609 4984
2168610 4985
2168640 4963
2168641 4962
2168642 4964
2168644 4966
2168645 4965
2168646 4967
2168649 5087
2168650 4969
2168652 4971
2168653 4970
2168654 4972
2168656 4973
2168658 4974
2168660 4976
2168661 4975
2168662 4977
2168664 4979
2168665 4978
2168666 4980
2168668 5086
2168670 4982
2168672 4984
2168673 4983
2168674 4985
2168704 5088
2168705 5088
2168706 5088
2168707 5089
2168708 5090
2168709 5090
2168710 5090
2168711 5091
2168713 5092
2168714 5092
2168715 5093
2168716 5094
2168717 5094
2168718 5094
2168719 5095
2168720 5096
2168722 5096
2168723 5097
2168724 5098
2168725 5098
2168726 5098
2168727 5099
2168728 5100
2168729 5100
2168730 5100
2168731 5101
2168732 5102
2168733 5102
2168735 5103
2168736 5104
2168737 5104
2168738 5104
2168739 5105
2168832 5001
2168833 5002
2168834 5003
2168836 5004
2168837 5005
2168838 5006
2168841 5007
2168842 5008
2168844 5009
2168845 5010
2168846 5011
2168848 5106
2168850 5013
2168852 5014
2168853 5015
2168854 5016
2168856 5017
2168857 5018
2168858 5019
2168860 5020
2168861 5021
2168862 5022
2168865 5107
2168866 5024
2168896 5002
2168897 5001
2168898 5003
2168900 5005
2168901 5004
2168902 5006
2168905 5108
2168906 5008
2168908 5010
2168909 5009
2168910 5011
2168912 5012
2168914 5013
2168916 5015
2168917 5014
2168918 5016
2168920 5018
2168921 5017
2168922 5019
2168924 5021
2168925 5020
2168926 5022
2168928 5107
2168930 5024
2168960 5109
2168961 5109
2168962 5109
2168963 5110
2168964 5111
2168965 5111
2168966 5111
2168967 5112
2168969 5113
2168970 5113
2168971 5114
2168972 5115
2168973 5115
2168974 5115
2168975 5116
2168976 5117
2168978 5117
2168979 5118
2168980 5119
2168981 5119
2168982 5119
2168983 5120
2168984 5121
2168985 5121
2168986 5121
2168987 5122
2168988 5123
2168989 5123
2168990 5123
2168991 5124
2168992 5125
2168993 5125
2168995 5126
2180416 5127
2180417 5128
2180418 5129
2180420 5130
2180421 5131
2180422 5132
2180425 5133
2180426 5134
2180428 5135
2180429 5136
2180430 5137
2180432 5138
2180433 5139
2180434 5140
2180438 5141
2180440 5142
2180441 5143
2180442 5144
2180444 5145
2180445 5146
2180446 5147
2180448 5148
2180449 5149
2180450 5150
2180608 5151
2180609 5152
2180612 5153
2180613 5154
2180617 5155
2180620 5156
2180621 5157
2180624 5158
2180625 5159
2180629 5160
2180633 5161
2180636 5162
2180637 5163
2180640 5164
2180641 5165
2180672 5166
2180673 5167
2180674 5168
2180676 5169
2180677 5170
2180678 5171
2180681 5172
2180682 5173
2180684 5174
2180685 5175
2180686 5176
2180688 5177
2180689 5178
2180690 5179
2180693 5180
2180694 5181
2180696 5182
2180698 5183
2180700 5184
2180701 5185
2180702 5186
2180704 5187
2180705 5188
2180706 5189
2180864 5190
2180865 5191
2180868 5192
2180869 5193
2180873 5194
2180876 5195
2180877 5196
2180880 5197
2180881 5198
2180885 5199
2180888 5200
2180889 5201
2180893 5202
2180896 5203
2180897 5204
2180928 5205
2180929 5206
2180930 5207
2180932 5208
2180933 5209
2180934 5210
2180937 5211
2180938 5212
2180940 5213
2180941 5214
2180942 5215
2180944 5216
2180945 5217
2180946 5218
2180949 5219
2180950 5220
2180952 5221
2180953 5222
2180954 5223
2180956 5224
2180958 5225
2180960 5226
2180961 5227
2180962 5228
2181120 5229
2181121 5230
2181124 5231
2181125 5232
2181129 5233
2181132 5234
2181133 5235
2181136 5236
2181137 5237
2181141 5238
2181144 5239
2181145 5240
2181148 5241
2181149 5242
2181153 5243
2181184 5244
2181185 5245
2181186 5246
2181188 5247
2181189 5248
2181190 5249
2181193 5250
2181194 5251
2181196 5252
2181197 5253
2181198 5254
2181200 5255
2181201 5256
2181202 5257
2181205 5258
2181206 5259
2181208 5260
2181209 5261
2181210 5262
2181212 5263
2181213 5264
2181214 5265
2181216 5266
2181218 5267
2184576 5268
2184577 5268
2184579 5269
2184580 5270
2184581 5270
2184583 5271
2184585 5272
2184587 5273
2184588 5274
2184589 5274
2184591 5275
2184592 5276
2184593 5276
2184595 5277
2184596 5278
2184599 5279
2184600 5280
2184601 5280
2184603 5281
2184604 5282
2184605 5282
2184607 5283
2184608 5284
2184609 5284
2184611 5285
2184704 5166
2184705 5167
2184706 5168
2184708 5169
2184709 5170
2184710 5171
2184713 5172
2184714 5173
2184716 5174
2184717 5175
2184718 5176
2184720 5177
2184721 5178
2184722 5179
2184724 5286
2184726 5181
2184729 5287
2184730 5183
2184732 5184
2184733 5185
2184734 5186
2184736 5187
2184737 5188
2184738 5189
2184768 5167
2184769 5166
2184770 5168
2184772 5170
2184773 5169
2184774 5171
2184777 5288
2184778 5173
2184780 5175
2184781 5174
2184782 5176
2184784 5178
2184785 5177
2184786 5179
2184788 5180
2184790 5181
2184792 5287
2184794 5183
2184796 5185
2184797 5184
2184798 5186
2184800 5188
2184801 5187
2184802 5189
2184832 5289
2184833 5289
2184834 5289
2184835 5290
2184836 5291
2184837 5291
2184838 5291
2184839 5292
2184841 5293
2184842 5293
2184843 5294
2184844 5295
2184845 5295
2184846 5295
2184847 5296
2184848 5297
2184849 5297
2184850 5297
2184851 5298
2184852 5299
2184854 5299
2184855 5300
2184856 5301
2184857 5301
2184859 5302
2184860 5303
2184861 5303
2184862 5303
2184863 5304
2184864 5305
2184865 5305
2184866 5305
2184867 5306
2184960 5205
2184961 5206
2184962 5207
2184964 5208
2184965 5209
2184966 5210
2184969 5211
2184970 5212
2184972 5213
2184973 5214
2184974 5215
2184976 5216
2184977 5217
2184978 5218
2184980 5307
2184982 5220
2184984 5221
2184985 5222
2184986 5223
2184989 5308
2184990 5225
2184992 5226
2184993 5227
2184994 5228
2185024 5206
2185025 5205
2185026 5207
2185028 5209
2185029 5208
2185030 5210
2185033 5309
2185034 5212
2185036 5214
2185037 5213
2185038 5215
2185040 5217
2185041 5216
2185042 5218
2185044 5219
2185046 5220
2185048 5222
2185049 5221
2185050 5223
2185052 5308
2185054 5225
2185056 5227
2185057 5226
2185058 5228
2185088 5310
2185089 5310
2185090 5310
2185091 5311
2185092 5312
2185093 5312
2185094 5312
2185095 5313
2185097 5314
2185098 5314
2185099 5315
2185100 5316
2185101 5316
2185102 5316
2185103 5317
2185104 5318
2185105 5318
2185106 5318
2185107 5319
2185108 5320
2185110 5320
2185111 5321
2185112 5322
2185113 5322
2185114 5322
2185115 5323
2185116 5324
2185117 5324
2185119 5325
2185120 5326
2185121 5326
2185122 5326
2185123 5327
2185216 5244
2185217 5245
2185218 5246
2185220 5247
2185221 5248
2185222 5249
2185225 5250
2185226 5251
2185228 5252
2185229 5253
2185230 5254
2185232 5255
2185233 5256
2185234 5257
2185236 5328
2185238 5259
2185240 5260
2185241 5261
2185242 5262
2185244 5263
2185245 5264
2185246 5265
2185249 5329
2185250 5267
2185280 5245
2185281 5244
2185282 5246
2185284 5248
2185285 5247
2185286 5249
2185289 5330
2185290 5251
2185292 5253
2185293 5252
2185294 5254
2185296 5256
2185297 5255
2185298 5257
2185300 5258
2185302 5259
2185304 5261
2185305 5260
2185306 5262
2185308 5264
2185309 5263
2185310 5265
2185312 5329
2185314 5267
2185344 5331
2185345 5331
2185346 5331
2185347 5332
2185348 5333
2185349 5333
2185350 5333
2185351 5334
2185353 5335
2185354 5335
2185355 5336
2185356 5337
2185357 5337
2185358 5337
2185359 5338
2185360 5339
2185361 5339
2185362 5339
2185363 5340
2185364 5341
2185366 5341
2185367 5342
2185368 5343
2185369 5343
2185370 5343
2185371 5344
2185372 5345
2185373 5345
2185374 5345
2185375 5346
2185376 5347
2185377 5347
2185379 5348
2197056 5349
2197057 5350
2197058 5351
2197060 5352
2197061 5353
2197062 5354
2197065 5355
2197066 5356
2197068 5357
2197069 5358
2197070 5359
2197072 5360
2197073 5361
2197074 5362
2197076 5363
2197077 5364
2197078 5365
2197082 5366
2197084 5367
2197085 5368
2197086 5369
2197088 5370
2197089 5371
2197090 5372
2197248 5373
2197249 5374
2197252 5375
2197253 5376
2197257 5377
2197260 5378
2197261 5379
2197264 5380
2197265 5381
2197268 5382
2197269 5383
2197273 5384
2197277 5385
2197280 5386
2197281 5387
2197312 5388
2197313 5389
2197314 5390
2197316 5391
2197317 5392
2197318 5393
2197321 5394
2197322 5395
2197324 5396
2197325 5397
2197326 5398
2197328 5399
2197329 5400
2197330 5401
2197332 5402
2197333 5403
2197334 5404
2197337 5405
2197338 5406
2197340 5407
2197342 5408
2197344 5409
2197345 5410
2197346 5411
2197504 5412
2197505 5413
2197508 5414
2197509 5415
2197513 5416
2197516 5417
2197517 5418
2197520 5419
2197521 5420
2197524 5421
2197525 5422
2197529 5423
2197532 5424
2197533 5425
2197537 5426
2197568 5427
2197569 5428
2197570 5429
2197572 5430
2197573 5431
2197574 5432
2197577 5433
2197578 5434
2197580 5435
2197581 5436
2197582 5437
2197584 5438
2197585 5439
2197586 5440
2197588 5441
2197589 5442
2197590 5443
2197593 5444
2197594 5445
2197596 5446
2197597 5447
2197598 5448
2197600 5449
2197602 5450
2201216 5451
2201217 5451
2201219 5452
2201220 5453
2201221 5453
2201223 5454
2201225 5455
2201227 5456
2201228 5457
2201229 5457
2201231 5458
2201232 5459
2201233 5459
2201235 5460
2201236 5461
2201237 5461
2201239 5462
2201240 5463
2201243 5464
2201244 5465
2201245 5465
2201247 5466
2201248 5467
2201249 5467
2201251 5468
2201344 5388
2201345 5389
2201346 5390
2201348 5391
2201349 5392
2201350 5393
2201353 5394
2201354 5395
2201356 5396
2201357 5397
2201358 5398
2201360 5399
2201361 5400
2201362 5401
2201364 5402
2201365 5403
2201366 5404
2201368 5469
2201370 5406
2201373 5470
2201374 5408
2201376 5409
2201377 5410
2201378 5411
2201408 5389
2201409 5388
2201410 5390
2201412 5392
2201413 5391
2201414 5393
2201417 5471
2201418 5395
2201420 5397
2201421 5396
2201422 5398
2201424 5400
2201425 5399
2201426 5401
2201428 5403
2201429 5402
2201430 5404
2201432 5405
2201434 5406
2201436 5470
2201438 5408
2201440 5410
2201441 5409
2201442 5411
2201472 5472
2201473 5472
2201474 5472
2201475 5473
2201476 5474
2201477 5474
2201478 5474
2201479 5475
2201481 5476
2201482 5476
2201483 5477
2201484 5478
2201485 5478
2201486 5478
2201487 5479
2201488 5480
2201489 5480
2201490 5480
2201491 5481
2201492 5482
2201493 5482
2201494 5482
2201495 5483
2201496 5484
2201498 5484
2201499 5485
2201500 5486
2201501 5486
2201503 5487
2201504 5488
2201505 5488
2201506 5488
2201507 5489
2201600 5427
2201601 5428
2201602 5429
2201604 5430
2201605 5431
2201606 5432
2201609 5433
2201610 5434
2201612 5435
2201613 5436
2201614 5437
2201616 5438
2201617 5439
2201618 5440
2201620 5441
2201621 5442
2201622 5443
2201624 5490
2201626 5445
2201628 5446
2201629 5447
2201630 5448
2201633 5491
2201634 5450
2201664 5428
2201665 5427
2201666 5429
2201668 5431
2201669 5430
2201670 5432
2201673 5492
2201674 5434
2201676 5436
2201677 5435
2201678 5437
2201680 5439
2201681 5438
2201682 5440
2201684 5442
2201685 5441
2201686 5443
2201688 5444
2201690 5445
2201692 5447
2201693 5446
2201694 5448
2201696 5491
2201698 5450
2201728 5493
2201729 5493
2201730 5493
2201731 5494
2201732 5495
2201733 5495
2201734 5495
2201735 5496
2201737 5497
2201738 5497
2201739 5498
2201740 5499
2201741 5499
2201742 5499
2201743 5500
2201744 5501
2201745 5501
2201746 5501
2201747 5502
2201748 5503
2201749 5503
2201750 5503
2201751 5504
2201752 5505
2201754 5505
2201755 5506
2201756 5507
2201757 5507
2201758 5507
2201759 5508
2201760 5509
2201761 5509
2201763 5510
2213696 5511
2213697 5512
2213698 5513
2213700 5514
2213701 5515
2213702 5516
2213705 5517
2213706 5518
2213708 5519
2213709 5520
2213710 5521
2213712 5522
2213713 5523
2213714 5524
2213716 5525
2213717 5526
2213718 5527
2213720 5528
2213721 5529
2213722 5530
2213726 5531
2213728 5532
2213729 5533
2213730 5534
2213888 5535
2213889 5536
2213892 5537
2213893 5538
2213897 5539
2213900 5540
2213901 5541
2213904 5542
2213905 5543
2213908 5544
2213909 5545
2213912 5546
2213913 5547
2213917 5548
2213921 5549
2213952 5550
2213953 5551
2213954 5552
2213956 5553
2213957 5554
2213958 5555
2213961 5556
2213962 5557
2213964 5558
2213965 5559
2213966 5560
2213968 5561
2213969 5562
2213970 5563
2213972 5564
2213973 5565
2213974 5566
2213976 5567
2213977 5568
2213978 5569
2213981 5570
2213982 5571
2213984 5572
2213986 5573
2217856 5574
2217857 5574
2217859 5575
2217860 5576
2217861 5576
2217863 5577
2217865 5578
2217867 5579
2217868 5580
2217869 5580
2217871 5581
2217872 5582
2217873 5582
2217875 5583
2217876 5584
2217877 5584
2217879 5585
2217880 5586
2217881 5586
2217883 5587
2217884 5588
2217887 5589
2217888 5590
2217889 5590
2217891 5591
2217984 5550
2217985 5551
2217986 5552
2217988 5553
2217989 5554
2217990 5555
2217993 5556
2217994 5557
2217996 5558
2217997 5559
2217998 5560
2218000 5561
2218001 5562
2218002 5563
2218004 5564
2218005 5565
2218006 5566
2218008 5567
2218009 5568
2218010 5569
2218012 5592
2218014 5571
2218017 5593
2218018 5573
2218048 5551
2218049 5550
2218050 5552
2218052 5554
2218053 5553
2218054 5555
2218057 5594
2218058 5557
2218060 5559
2218061 5558
2218062 5560
2218064 5562
2218065 5561
2218066 5563
2218068 5565
2218069 5564
2218070 5566
2218072 5568
2218073 5567
2218074 5569
2218076 5570
2218078 5571
2218080 5593
2218082 5573
2218112 5595
2218113 5595
2218114 5595
2218115 5596
2218116 5597
2218117 5597
2218118 5597
2218119 5598
2218121 5599
2218122 5599
2218123 5600
2218124 5601
2218125 5601
2218126 5601
2218127 5602
2218128 5603
2218129 5603
2218130 5603
2218131 5604
2218132 5605
2218133 5605
2218134 5605
2218135 5606
2218136 5607
2218137 5607
2218138 5607
2218139 5608
2218140 5609
2218142 5609
2218143 5610
2218144 5611
2218145 5611
2218147 5612
2230336 5613
2230337 5614
2230338 5615
2230340 5616
2230341 5617
2230342 5618
2230345 5619
2230346 5620
2230348 5621
2230349 5622
2230350 5623
2230352 5624
2230353 5625
2230354 5626
2230356 5627
2230357 5628
2230358 5629
2230360 5630
2230361 5631
2230362 5632
2230364 5633
2230365 5634
2230366 5635
2230370 5636
2234496 5637
2234497 5637
2234499 5638
2234500 5639
2234501 5639
2234503 5640
2234505 5641
2234507 5642
2234508 5643
2234509 5643
2234511 5644
2234512 5645
2234513 5645
2234515 5646
2234516 5647
2234517 5647
2234519 5648
2234520 5649
2234521 5649
2234523 5650
2234524 5651
2234525 5651
2234527 5652
2234528 5653
2234531 5654
3199872 5655
3199875 5656
3199876 5657
3199879 5658
3199880 5659
3199883 5660
3199887 5661
3199888 5662
3199891 5663
3199892 5664
3199895 5665
3199896 5666
3199899 5667
3199900 5668
3199903 5669
3199904 5670
3199907 5671
3200000 5672
3200001 5673
3200002 5674
3200004 5675
3200005 5676
3200006 5677
3200008 5678
3200009 5679
3200010 5680
3200014 5681
3200017 5682
3200018 5683
3200020 5684
3200021 5685
3200022 5686
3200024 5687
3200025 5688
3200026 5689
3200028 5690
3200029 5691
3200030 5692
3200032 5693
3200033 5694
3200034 5695
3200128 5696
3200130 5696
3200131 5697
3200132 5698
3200134 5698
3200135 5699
3200136 5700
3200138 5700
3200139 5701
3200142 5702
3200143 5703
3200144 5704
3200147 5705
3200148 5706
3200150 5706
3200151 5707
3200152 5708
3200154 5708
3200155 5709
3200156 5710
3200158 5710
3200159 5711
3200160 5712
3200162 5712
3200163 5713
3200256 5714
3200257 5715
3200258 5716
3200260 5717
3200261 5718
3200262 5719
3200264 5720
3200265 5721
3200266 5722
3200270 5723
3200272 5724
3200273 5725
3200274 5726
3200277 5727
3200278 5728
3200280 5729
3200281 5730
3200282 5731
3200284 5732
3200285 5733
3200286 5734
3200288 5735
3200289 5736
3200290 5737
3200384 5738
3200386 5738
3200387 5739
3200388 5740
3200390 5740
3200391 5741
3200392 5742
3200394 5742
3200395 5743
3200398 5744
3200399 5745
3200400 5746
3200402 5746
3200403 5747
3200404 5748
3200407 5749
3200408 5750
3200410 5750
3200411 5751
3200412 5752
3200414 5752
3200415 5753
3200416 5754
3200418 5754
3200419 5755
3200512 5756
3200513 5757
3200514 5758
3200516 5759
3200517 5760
3200518 5761
3200520 5762
3200521 5763
3200522 5764
3200526 5765
3200528 5766
3200529 5767
3200530 5768
3200532 5769
3200533 5770
3200534 5771
3200537 5772
3200538 5773
3200540 5774
3200541 5775
3200542 5776
3200544 5777
3200545 5778
3200546 5779
3200640 5780
3200642 5780
3200643 5781
3200644 5782
3200646 5782
3200647 5783
3200648 5784
3200650 5784
3200651 5785
3200654 5786
3200655 5787
3200656 5788
3200658 5788
3200659 5789
3200660 5790
3200662 5790
3200663 5791
3200664 5792
3200667 5793
3200668 5794
3200670 5794
3200671 5795
3200672 5796
3200674 5796
3200675 5797
3200768 5798
3200769 5799
3200770 5800
3200772 5801
3200773 5802
3200774 5803
3200776 5804
3200777 5805
3200778 5806
3200782 5807
3200784 5808
3200785 5809
3200786 5810
3200788 5811
3200789 5812
3200790 5813
3200792 5814
3200793 5815
3200794 5816
3200797 5817
3200798 5818
3200800 5819
3200801 5820
3200802 5821
3200896 5822
3200898 5822
3200899 5823
3200900 5824
3200902 5824
3200903 5825
3200904 5826
3200906 5826
3200907 5827
3200910 5828
3200911 5829
3200912 5830
3200914 5830
3200915 5831
3200916 5832
3200918 5832
3200919 5833
3200920 5834
3200922 5834
3200923 5835
3200924 5836
3200927 5837
3200928 5838
3200930 5838
3200931 5839
3201024 5840
3201025 5841
3201026 5842
3201028 5843
3201029 5844
3201030 5845
3201032 5846
3201033 5847
3201034 5848
3201038 5849
3201040 5850
3201041 5851
3201042 5852
3201044 5853
3201045 5854
3201046 5855
3201048 5856
3201049 5857
3201050 5858
3201052 5859
3201053 5860
3201054 5861
3201057 5862
3201058 5863
3201152 5864
3201154 5864
3201155 5865
3201156 5866
3201158 5866
3201159 5867
3201160 5868
3201162 5868
3201163 5869
3201166 5870
3201167 5871
3201168 5872
3201170 5872
3201171 5873
3201172 5874
3201174 5874
3201175 5875
3201176 5876
3201178 5876
3201179 5877
3201180 5878
3201182 5878
3201183 5879
3201184 5880
3201187 5881
3212352 5882
3212353 5883
3212354 5884
3212356 5885
3212357 5886
3212358 5887
3212360 5888
3212361 5889
3212362 5890
3212365 5891
3212366 5892
3212370 5893
3212372 5894
3212373 5895
3212374 5896
3212376 5897
3212377 5898
3212378 5899
3212380 5900
3212381 5901
3212382 5902
3212384 5903
3212385 5904
3212386 5905
3212544 5906
3212545 5907
3212548 5908
3212549 5909
3212552 5910
3212553 5911
3212557 5912
3212561 5913
3212565 5914
3212568 5915
3212569 5916
3212572 5917
3212573 5918
3212576 5919
3212577 5920
3212608 5921
3212609 5922
3212610 5923
3212612 5924
3212613 5925
3212614 5926
3212616 5927
3212617 5928
3212618 5929
3212621 5930
3212622 5931
3212625 5932
3212626 5933
3212628 5934
3212630 5935
3212632 5936
3212633 5937
3212634 5938
3212636 5939
3212637 5940
3212638 5941
3212640 5942
3212641 5943
3212642 5944
3212800 5945
3212801 5946
3212804 5947
3212805 5948
3212808 5949
3212809 5950
3212813 5951
3212817 5952
3212820 5953
3212821 5954
3212825 5955
3212828 5956
3212829 5957
3212832 5958
3212833 5959
3212864 5960
3212865 5961
3212866 5962
3212868 5963
3212869 5964
3212870 5965
3212872 5966
3212873 5967
3212874 5968
3212877 5969
3212878 5970
3212881 5971
3212882 5972
3212884 5973
3212885 5974
3212886 5975
3212888 5976
3212890 5977
3212892 5978
3212893 5979
3212894 5980
3212896 5981
3212897 5982
3212898 5983
3213056 5984
3213057 5985
3213060 5986
3213061 5987
3213064 5988
3213065 5989
3213069 5990
3213073 5991
3213076 5992
3213077 5993
3213080 5994
3213081 5995
3213085 5996
3213088 5997
3213089 5998
3213120 5999
3213121 6000
3213122 6001
3213124 6002
3213125 6003
3213126 6004
3213128 6005
3213129 6006
3213130 6007
3213133 6008
3213134 6009
3213137 6010
3213138 6011
3213140 6012
3213141 6013
3213142 6014
3213144 6015
3213145 6016
3213146 6017
3213148 6018
3213150 6019
3213152 6020
3213153 6021
3213154 6022
3213312 6023
3213313 6024
3213316 6025
3213317 6026
3213320 6027
3213321 6028
3213325 6029
3213329 6030
3213332 6031
3213333 6032
3213336 6033
3213337 6034
3213340 6035
3213341 6036
3213345 6037
3213376 6038
3213377 6039
3213378 6040
3213380 6041
3213381 6042
3213382 6043
3213384 6044
3213385 6045
3213386 6046
3213389 6047
3213390 6048
3213393 6049
3213394 6050
3213396 6051
3213397 6052
3213398 6053
3213400 6054
3213401 6055
3213402 6056
3213404 6057
3213405 6058
3213406 6059
3213408 6060
3213410 6061
3216512 6062
3216513 6062
3216515 6063
3216516 6064
3216517 6064
3216519 6065
3216520 6066
3216521 6066
3216523 6067
3216525 6068
3216527 6069
3216528 6070
3216531 6071
3216532 6072
3216533 6072
3216535 6073
3216536 6074
3216537 6074
3216539 6075
3216540 6076
3216541 6076
3216543 6077
3216544 6078
3216545 6078
3216547 6079
3216640 5921
3216641 5922
3216642 5923
3216644 5924
3216645 5925
3216646 5926
3216648 5927
3216649 5928
3216650 5929
3216653 5930
3216654 5931
3216656 6080
3216658 5933
3216661 6081
3216662 5935
3216664 5936
3216665 5937
3216666 5938
3216668 5939
3216669 5940
3216670 5941
3216672 5942
3216673 5943
3216674 5944
3216704 5922
3216705 5921
3216706 5923
3216708 5925
3216709 5924
3216710 5926
3216712 5928
3216713 5927
3216714 5929
3216717 6082
3216718 5931
3216720 5932
3216722 5933
3216724 6081
3216726 5935
3216728 5937
3216729 5936
3216730 5938
3216732 5940
3216733 5939
3216734 5941
3216736 5943
3216737 5942
3216738 5944
3216768 6083
3216769 6083
3216770 6083
3216771 6084
3216772 6085
3216773 6085
3216774 6085
3216775 6086
3216776 6087
3216777 6087
3216778 6087
3216779 6088
3216781 6089
3216782 6089
3216783 6090
3216784 6091
3216786 6091
3216787 6092
3216788 6093
3216789 6093
3216791 6094
3216792 6095
3216793 6095
3216794 6095
3216795 6096
3216796 6097
3216797 6097
3216798 6097
3216799 6098
3216800 6099
3216801 6099
3216802 6099
3216803 6100
3216896 5960
3216897 5961
3216898 5962
3216900 5963
3216901 5964
3216902 5965
3216904 5966
3216905 5967
3216906 5968
3216909 5969
3216910 5970
3216912 6101
3216914 5972
3216916 5973
3216917 5974
3216918 5975
3216921 6102
3216922 5977
3216924 5978
3216925 5979
3216926 5980
3216928 5981
3216929 5982
3216930 5983
3216960 5961
3216961 5960
3216962 5962
3216964 5964
3216965 5963
3216966 5965
3216968 5967
3216969 5966
3216970 5968
3216973 6103
3216974 5970
3216976 5971
3216978 5972
3216980 5974
3216981 5973
3216982 5975
3216984 6102
3216986 5977
3216988 5979
3216989 5978
3216990 5980
3216992 5982
3216993 5981
3216994 5983
3217024 6104
3217025 6104
3217026 6104
3217027 6105
3217028 6106
3217029 6106
3217030 6106
3217031 6107
3217032 6108
3217033 6108
3217034 6108
3217035 6109
3217037 6110
3217038 6110
3217039 6111
3217040 6112
3217042 6112
3217043 6113
3217044 6114
3217045 6114
3217046 6114
3217047 6115
3217048 6116
3217049 6116
3217051 6117
3217052 6118
3217053 6118
3217054 6118
3217055 6119
3217056 6120
3217057 6120
3217058 6120
3217059 6121
3217152 5999
3217153 6000
3217154 6001
3217156 6002
3217157 6003
3217158 6004
3217160 6005
3217161 6006
3217162 6007
3217165 6008
3217166 6009
3217168 6122
3217170 6011
3217172 6012
3217173 6013
3217174 6014
3217176 6015
3217177 6016
3217178 6017
3217181 6123
3217182 6019
3217184 6020
3217185 6021
3217186 6022
3217216 6000
3217217 5999
3217218 6001
3217220 6003
3217221 6002
3217222 6004
3217224 6006
3217225 6005
3217226 6007
3217229 6124
3217230 6009
3217232 6010
3217234 6011
3217236 6013
3217237 6012
3217238 6014
3217240 6016
3217241 6015
3217242 6017
3217244 6123
3217246 6019
3217248 6021
3217249 6020
3217250 6022
3217280 6125
3217281 6125
3217282 6125
3217283 6126
3217284 6127
3217285 6127
3217286 6127
3217287 6128
3217288 6129
3217289 6129
3217290 6129
3217291 6130
3217293 6131
3217294 6131
3217295 6132
3217296 6133
3217298 6133
3217299 6134
3217300 6135
3217301 6135
3217302 6135
3217303 6136
3217304 6137
3217305 6137
3217306 6137
3217307 6138
3217308 6139
3217309 6139
3217311 6140
3217312 6141
3217313 6141
3217314 6141
3217315 6142
3217408 6038
3217409 6039
3217410 6040
3217412 6041
3217413 6042
3217414 6043
3217416 6044
3217417 6045
3217418 6046
3217421 6047
3217422 6048
3217424 6143
3217426 6050
3217428 6051
3217429 6052
3217430 6053
3217432 6054
3217433 6055
3217434 6056
3217436 6057
3217437 6058
3217438 6059
3217441 6144
3217442 6061
3217472 6039
3217473 6038
3217474 6040
3217476 6042
3217477 6041
3217478 6043
3217480 6045
3217481 6044
3217482 6046
3217485 6145
3217486 6048
3217488 6049
3217490 6050
3217492 6052
3217493 6051
3217494 6053
3217496 6055
3217497 6054
3217498 6056
3217500 6058
3217501 6057
3217502 6059
3217504 6144
3217506 6061
3217536 6146
3217537 6146
3217538 6146
3217539 6147
3217540 6148
3217541 6148
3217542 6148
3217543 6149
3217544 6150
3217545 6150
3217546 6150
3217547 6151
3217549 6152
3217550 6152
3217551 6153
3217552 6154
3217554 6154
3217555 6155
3217556 6156
3217557 6156
3217558 6156
3217559 6157
3217560 6158
3217561 6158
3217562 6158
3217563 6159
3217564 6160
3217565 6160
3217566 6160
3217567 6161
3217568 6162
3217569 6162
3217571 6163
3228992 6164
3228993 6165
3228994 6166
3228996 6167
3228997 6168
3228998 6169
3229000 6170
3229001 6171
3229002 6172
3229005 6173
3229006 6174
3229008 6175
3229009 6176
3229010 6177
3229014 6178
3229016 6179
3229017 6180
3229018 6181
3229020 6182
3229021 6183
3229022 6184
3229024 6185
3229025 6186
3229026 6187
3229184 6188
3229185 6189
3229188 6190
3229189 6191
3229192 6192
3229193 6193
3229197 6194
3229200 6195
3229201 6196
3229205 6197
3229209 6198
3229212 6199
3229213 6200
3229216 6201
3229217 6202
3229248 6203
3229249 6204
3229250 6205
3229252 6206
3229253 6207
3229254 6208
3229256 6209
3229257 6210
3229258 6211
3229261 6212
3229262 6213
3229264 6214
3229265 6215
3229266 6216
3229269 6217
3229270 6218
3229272 6219
3229274 6220
3229276 6221
3229277 6222
3229278 6223
3229280 6224
3229281 6225
3229282 6226
3229440 6227
3229441 6228
3229444 6229
3229445 6230
3229448 6231
3229449 6232
3229453 6233
3229456 6234
3229457 6235
3229461 6236
3229464 6237
3229465 6238
3229469 6239
3229472 6240
3229473 6241
3229504 6242
3229505 6243
3229506 6244
3229508 6245
3229509 6246
3229510 6247
3229512 6248
3229513 6249
3229514 6250
3229517 6251
3229518 6252
3229520 6253
3229521 6254
3229522 6255
3229525 6256
3229526 6257
3229528 6258
3229529 6259
3229530 6260
3229532 6261
3229534 6262
3229536 6263
3229537 6264
3229538 6265
3229696 6266
3229697 6267
3229700 6268
3229701 6269
3229704 6270
3229705 6271
3229709 6272
3229712 6273
3229713 6274
3229717 6275
3229720 6276
3229721 6277
3229724 6278
3229725 6279
3229729 6280
3229760 6281
3229761 6282
3229762 6283
3229764 6284
3229765 6285
3229766 6286
3229768 6287
3229769 6288
3229770 6289
3229773 6290
3229774 6291
3229776 6292
3229777 6293
3229778 6294
3229781 6295
3229782 6296
3229784 6297
3229785 6298
3229786 6299
3229788 6300
3229789 6301
3229790 6302
3229792 6303
3229794 6304
3233152 6305
3233153 6305
3233155 6306
3233156 6307
3233157 6307
3233159 6308
3233160 6309
3233161 6309
3233163 6310
3233165 6311
3233167 6312
3233168 6313
3233169 6313
3233171 6314
3233172 6315
3233175 6316
3233176 6317
3233177 6317
3233179 6318
3233180 6319
3233181 6319
3233183 6320
3233184 6321
3233185 6321
3233187 6322
3233280 6203
3233281 6204
3233282 6205
3233284 6206
3233285 6207
3233286 6208
3233288 6209
3233289 6210
3233290 6211
3233293 6212
3233294 6213
3233296 6214
3233297 6215
3233298 6216
3233300 6323
3233302 6218
3233305 6324
3233306 6220
3233308 6221
3233309 6222
3233310 6223
3233312 6224
3233313 6225
3233314 6226
3233344 6204
3233345 6203
3233346 6205
3233348 6207
3233349 6206
3233350 6208
3233352 6210
3233353 6209
3233354 6211
3233357 6325
3233358 6213
3233360 6215
3233361 6214
3233362 6216
3233364 6217
3233366 6218
3233368 6324
3233370 6220
3233372 6222
3233373 6221
3233374 6223
3233376 6225
3233377 6224
3233378 6226
3233408 6326
3233409 6326
3233410 6326
3233411 6327
3233412 6328
3233413 6328
3233414 6328
3233415 6329
3233416 6330
3233417 6330
3233418 6330
3233419 6331
3233421 6332
3233422 6332
3233423 6333
3233424 6334
3233425 6334
3233426 6334
3233427 6335
3233428 6336
3233430 6336
3233431 6337
3233432 6338
3233433 6338
3233435 6339
3233436 6340
3233437 6340
3233438 6340
3233439 6341
3233440 6342
3233441 6342
3233442 6342
3233443 6343
3233536 6242
3233537 6243
3233538 6244
3233540 6245
3233541 6246
3233542 6247
3233544 6248
3233545 6249
3233546 6250
3233549 6251
3233550 6252
3233552 6253
3233553 6254
3233554 6255
3233556 6344
3233558 6257
3233560 6258
3233561 6259
3233562 6260
3233565 6345
3233566 6262
3233568 6263
3233569 6264
3233570 6265
3233600 6243
3233601 6242
3233602 6244
3233604 6246
3233605 6245
3233606 6247
3233608 6249
3233609 6248
3233610 6250
3233613 6346
3233614 6252
3233616 6254
3233617 6253
3233618 6255
3233620 6256
3233622 6257
3233624 6259
3233625 6258
3233626 6260
3233628 6345
3233630 6262
3233632 6264
3233633 6263
3233634 6265
3233664 6347
3233665 6347
3233666 6347
3233667 6348
3233668 6349
3233669 6349
3233670 6349
3233671 6350
3233672 6351
3233673 6351
3233674 6351
3233675 6352
3233677 6353
3233678 6353
3233679 6354
3233680 6355
3233681 6355
3233682 6355
3233683 6356
3233684 6357
3233686 6357
3233687 6358
3233688 6359
3233689 6359
3233690 6359
3233691 6360
3233692 6361
3233693 6361
3233695 6362
3233696 6363
3233697 6363
3233698 6363
3233699 6364
3233792 6281
3233793 6282
3233794 6283
3233796 6284
3233797 6285
3233798 6286
3233800 6287
3233801 6288
3233802 6289
3233805 6290
3233806 6291
3233808 6292
3233809 6293
3233810 6294
3233812 6365
3233814 6296
3233816 6297
3233817 6298
3233818 6299
3233820 6300
3233821 6301
3233822 6302
3233825 6366
3233826 6304
3233856 6282
3233857 6281
3233858 6283
3233860 6285
3233861 6284
3233862 6286
3233864 6288
3233865 6287
3233866 6289
3233869 6367
3233870 6291
3233872 6293
3233873 6292
3233874 6294
3233876 6295
3233878 6296
3233880 6298
3233881 6297
3233882 6299
3233884 6301
3233885 6300
3233886 6302
3233888 6366
3233890 6304
3233920 6368
3233921 6368
3233922 6368
3233923 6369
3233924 6370
3233925 6370
3233926 6370
3233927 6371
3233928 6372
3233929 6372
3233930 6372
3233931 6373
3233933 6374
3233934 6374
3233935 6375
3233936 6376
3233937 6376
3233938 6376
3233939 6377
3233940 6378
3233942 6378
3233943 6379
3233944 6380
3233945 6380
3233946 6380
3233947 6381
3233948 6382
3233949 6382
3233950 6382
3233951 6383
3233952 6384
3233953 6384
3233955 6385
3245632 6386
3245633 6387
3245634 6388
3245636 6389
3245637 6390
3245638 6391
3245640 6392
3245641 6393
3245642 6394
3245645 6395
3245646 6396
3245648 6397
3245649 6398
3245650 6399
3245652 6400
3245653 6401
3245654 6402
3245658 6403
3245660 6404
3245661 6405
3245662 6406
3245664 6407
3245665 6408
3245666 6409
3245824 6410
3245825 6411
3245828 6412
3245829 6413
3245832 6414
3245833 6415
3245837 6416
3245840 6417
3245841 6418
3245844 6419
3245845 6420
3245849 6421
3245853 6422
3245856 6423
3245857 6424
3245888 6425
3245889 6426
3245890 6427
3245892 6428
3245893 6429
3245894 6430
3245896 6431
3245897 6432
3245898 6433
3245901 6434
3245902 6435
3245904 6436
3245905 6437
3245906 6438
3245908 6439
3245909 6440
3245910 6441
3245913 6442
3245914 6443
3245916 6444
3245918 6445
3245920 6446
3245921 6447
3245922 6448
3246080 6449
3246081 6450
3246084 6451
3246085 6452
3246088 6453
3246089 6454
3246093 6455
3246096 6456
3246097 6457
3246100 6458
3246101 6459
3246105 6460
3246108 6461
3246109 6462
3246113 6463
3246144 6464
3246145 6465
3246146 6466
3246148 6467
3246149 6468
3246150 6469
3246152 6470
3246153 6471
3246154 6472
3246157 6473
3246158 6474
3246160 6475
3246161 6476
3246162 6477
3246164 6478
3246165 6479
3246166 6480
3246169 6481
3246170 6482
3246172 6483
3246173 6484
3246174 6485
3246176 6486
3246178 6487
3249792 6488
3249793 6488
3249795 6489
3249796 6490
3249797 6490
3249799 6491
3249800 6492
3249801 6492
3249803 6493
3249805 6494
3249807 6495
3249808 6496
3249809 6496
3249811 6497
3249812 6498
3249813 6498
3249815 6499
3249816 6500
3249819 6501
3249820 6502
3249821 6502
3249823 6503
3249824 6504
3249825 6504
3249827 6505
3249920 6425
3249921 6426
3249922 6427
3249924 6428
3249925 6429
3249926 6430
3249928 6431
3249929 6432
3249930 6433
3249933 6434
3249934 6435
3249936 6436
3249937 6437
3249938 6438
3249940 6439
3249941 6440
3249942 6441
3249944 6506
3249946 6443
3249949 6507
3249950 6445
3249952 6446
3249953 6447
3249954 6448
3249984 6426
3249985 6425
3249986 6427
3249988 6429
3249989 6428
3249990 6430
3249992 6432
3249993 6431
3249994 6433
3249997 6508
3249998 6435
3250000 6437
3250001 6436
3250002 6438
3250004 6440
3250005 6439
3250006 6441
3250008 6442
3250010 6443
3250012 6507
3250014 6445
3250016 6447
3250017 6446
3250018 6448
3250048 6509
3250049 6509
3250050 6509
3250051 6510
3250052 6511
3250053 6511
3250054 6511
3250055 6512
3250056 6513
3250057 6513
3250058 6513
3250059 6514
3250061 6515
3250062 6515
3250063 6516
3250064 6517
3250065 6517
3250066 6517
3250067 6518
3250068 6519
3250069 6519
3250070 6519
3250071 6520
3250072 6521
3250074 6521
3250075 6522
3250076 6523
3250077 6523
3250079 6524
3250080 6525
3250081 6525
3250082 6525
3250083 6526
3250176 6464
3250177 6465
3250178 6466
3250180 6467
3250181 6468
3250182 6469
3250184 6470
3250185 6471
3250186 6472
3250189 6473
3250190 6474
3250192 6475
3250193 6476
3250194 6477
3250196 6478
3250197 6479
3250198 6480
3250200 6527
3250202 6482
3250204 6483
3250205 6484
3250206 6485
3250209 6528
3250210 6487
3250240 6465
3250241 6464
3250242 6466
3250244 6468
3250245 6467
3250246 6469
3250248 6471
3250249 6470
3250250 6472
3250253 6529
3250254 6474
3250256 6476
3250257 6475
3250258 6477
3250260 6479
3250261 6478
3250262 6480
3250264 6481
3250266 6482
3250268 6484
3250269 6483
3250270 6485
3250272 6528
3250274 6487
3250304 6530
3250305 6530
3250306 6530
3250307 6531
3250308 6532
3250309 6532
3250310 6532
3250311 6533
3250312 6534
3250313 6534
3250314 6534
3250315 6535
3250317 6536
3250318 6536
3250319 6537
3250320 6538
3250321 6538
3250322 6538
3250323 6539
3250324 6540
3250325 6540
3250326 6540
3250327 6541
3250328 6542
3250330 6542
3250331 6543
3250332 6544
3250333 6544
3250334 6544
3250335 6545
3250336 6546
3250337 6546
3250339 6547
3262272 6548
3262273 6549
3262274 6550
3262276 6551
3262277 6552
3262278 6553
3262280 6554
3262281 6555
3262282 6556
3262285 6557
3262286 6558
3262288 6559
3262289 6560
3262290 6561
3262292 6562
3262293 6563
3262294 6564
3262296 6565
3262297 6566
3262298 6567
3262302 6568
3262304 6569
3262305 6570
3262306 6571
3262464 6572
3262465 6573
3262468 6574
3262469 6575
3262472 6576
3262473 6577
3262477 6578
3262480 6579
3262481 6580
3262484 6581
3262485 6582
3262488 6583
3262489 6584
3262493 6585
3262497 6586
3262528 6587
3262529 6588
3262530 6589
3262532 6590
3262533 6591
3262534 6592
3262536 6593
3262537 6594
3262538 6595
3262541 6596
3262542 6597
3262544 6598
3262545 6599
3262546 6600
3262548 6601
3262549 6602
3262550 6603
3262552 6604
3262553 6605
3262554 6606
3262557 6607
3262558 6608
3262560 6609
3262562 6610
3266432 6611
3266433 6611
3266435 6612
3266436 6613
3266437 6613
3266439 6614
3266440 6615
3266441 6615
3266443 6616
3266445 6617
3266447 6618
3266448 6619
3266449 6619
3266451 6620
3266452 6621
3266453 6621
3266455 6622
3266456 6623
3266457 6623
3266459 6624
3266460 6625
3266463 6626
3266464 6627
3266465 6627
3266467 6628
3266560 6587
3266561 6588
3266562 6589
3266564 6590
3266565 6591
3266566 6592
3266568 6593
3266569 6594
3266570 6595
3266573 6596
3266574 6597
3266576 6598
3266577 6599
3266578 6600
3266580 6601
3266581 6602
3266582 6603
3266584 6604
3266585 6605
3266586 6606
3266588 6629
3266590 6608
3266593 6630
3266594 6610
3266624 6588
3266625 6587
3266626 6589
3266628 6591
3266629 6590
3266630 6592
3266632 6594
3266633 6593
3266634 6595
3266637 6631
3266638 6597
3266640 6599
3266641 6598
3266642 6600
3266644 6602
3266645 6601
3266646 6603
3266648 6605
3266649 6604
3266650 6606
3266652 6607
3266654 6608
3266656 6630
3266658 6610
3266688 6632
3266689 6632
3266690 6632
3266691 6633
3266692 6634
3266693 6634
3266694 6634
3266695 6635
3266696 6636
3266697 6636
3266698 6636
3266699 6637
3266701 6638
3266702 6638
3266703 6639
3266704 6640
3266705 6640
3266706 6640
3266707 6641
3266708 6642
3266709 6642
3266710 6642
3266711 6643
3266712 6644
3266713 6644
3266714 6644
3266715 6645
3266716 6646
3266718 6646
3266719 6647
3266720 6648
3266721 6648
3266723 6649
3278912 6650
3278913 6651
3278914 6652
3278916 6653
3278917 6654
3278918 6655
3278920 6656
3278921 6657
3278922 6658
3278925 6659
3278926 6660
3278928 6661
3278929 6662
3278930 6663
3278932 6664
3278933 6665
3278934 6666
3278936 6667
3278937 6668
3278938 6669
3278940 6670
3278941 6671
3278942 6672
3278946 6673
3283072 6674
3283073 6674
3283075 6675
3283076 6676
3283077 6676
3283079 6677
3283080 6678
3283081 6678
3283083 6679
3283085 6680
3283087 6681
3283088 6682
3283089 6682
3283091 6683
3283092 6684
3283093 6684
3283095 6685
3283096 6686
3283097 6686
3283099 6687
3283100 6688
3283101 6688
3283103 6689
3283104 6690
3283107 6691
4265088 6692
4265091 6693
4265092 6694
4265095 6695
4265096 6696
4265099 6697
4265100 6698
4265103 6699
4265107 6700
4265108 6701
4265111 6702
4265112 6703
4265115 6704
4265116 6705
4265119 6706
4265120 6707
4265123 6708
4265216 6709
4265217 6710
4265218 6711
4265220 6712
4265221 6713
4265222 6714
4265224 6715
4265225 6716
4265226 6717
4265228 6718
4265229 6719
4265230 6720
4265234 6721
4265237 6722
4265238 6723
4265240 6724
4265241 6725
4265242 6726
4265244 6727
4265245 6728
4265246 6729
4265248 6730
4265249 6731
4265250 6732
4265344 6733
4265346 6733
4265347 6734
4265348 6735
4265350 6735
4265351 6736
4265352 6737
4265354 6737
4265355 6738
4265356 6739
4265358 6739
4265359 6740
4265362 6741
4265363 6742
4265364 6743
4265367 6744
4265368 6745
4265370 6745
4265371 6746
4265372 6747
4265374 6747
4265375 6748
4265376 6749
4265378 6749
4265379 6750
4265472 6751
4265473 6752
4265474 6753
4265476 6754
4265477 6755
4265478 6756
4265480 6757
4265481 6758
4265482 6759
4265484 6760
4265485 6761
4265486 6762
4265490 6763
4265492 6764
4265493 6765
4265494 6766
4265497 6767
4265498 6768
4265500 6769
4265501 6770
4265502 6771
4265504 6772
4265505 6773
4265506 6774
4265600 6775
4265602 6775
4265603 6776
4265604 6777
4265606 6777
4265607 6778
4265608 6779
4265610 6779
4265611 6780
4265612 6781
4265614 6781
4265615 6782
4265618 6783
4265619 6784
4265620 6785
4265622 6785
4265623 6786
4265624 6787
4265627 6788
4265628 6789
4265630 6789
4265631 6790
4265632 6791
4265634 6791
4265635 6792
4265728 6793
4265729 6794
4265730 6795
4265732 6796
4265733 6797
4265734 6798
4265736 6799
4265737 6800
4265738 6801
4265740 6802
4265741 6803
4265742 6804
4265746 6805
4265748 6806
4265749 6807
4265750 6808
4265752 6809
4265753 6810
4265754 6811
4265757 6812
4265758 6813
4265760 6814
4265761 6815
4265762 6816
4265856 6817
4265858 6817
4265859 6818
4265860 6819
4265862 6819
4265863 6820
4265864 6821
4265866 6821
4265867 6822
4265868 6823
4265870 6823
4265871 6824
4265874 6825
4265875 6826
4265876 6827
4265878 6827
4265879 6828
4265880 6829
4265882 6829
4265883 6830
4265884 6831
4265887 6832
4265888 6833
4265890 6833
4265891 6834
4265984 6835
4265985 6836
4265986 6837
4265988 6838
4265989 6839
4265990 6840
4265992 6841
4265993 6842
4265994 6843
4265996 6844
4265997 6845
4265998 6846
4266002 6847
4266004 6848
4266005 6849
4266006 6850
4266008 6851
4266009 6852
4266010 6853
4266012 6854
4266013 6855
4266014 6856
4266017 6857
4266018 6858
4266112 6859
4266114 6859
4266115 6860
4266116 6861
4266118 6861
4266119 6862
4266120 6863
4266122 6863
4266123 6864
4266124 6865
4266126 6865
4266127 6866
4266130 6867
4266131 6868
4266132 6869
4266134 6869
4266135 6870
4266136 6871
4266138 6871
4266139 6872
4266140 6873
4266142 6873
4266143 6874
4266144 6875
4266147 6876
4277568 6877
4277569 6878
4277570 6879
4277572 6880
4277573 6881
4277574 6882
4277576 6883
4277577 6884
4277578 6885
4277580 6886
4277581 6887
4277582 6888
4277585 6889
4277586 6890
4277590 6891
4277592 6892
4277593 6893
4277594 6894
4277596 6895
4277597 6896
4277598 6897
4277600 6898
4277601 6899
4277602 6900
4277760 6901
4277761 6902
4277764 6903
4277765 6904
4277768 6905
4277769 6906
4277772 6907
4277773 6908
4277777 6909
4277781 6910
4277785 6911
4277788 6912
4277789 6913
4277792 6914
4277793 6915
4277824 6916
4277825 6917
4277826 6918
4277828 6919
4277829 6920
4277830 6921
4277832 6922
4277833 6923
4277834 6924
4277836 6925
4277837 6926
4277838 6927
4277841 6928
4277842 6929
4277845 6930
4277846 6931
4277848 6932
4277850 6933
4277852 6934
4277853 6935
4277854 6936
4277856 6937
4277857 6938
4277858 6939
4278016 6940
4278017 6941
4278020 6942
4278021 6943
4278024 6944
4278025 6945
4278028 6946
4278029 6947
4278033 6948
4278037 6949
4278040 6950
4278041 6951
4278045 6952
4278048 6953
4278049 6954
4278080 6955
4278081 6956
4278082 6957
4278084 6958
4278085 6959
4278086 6960
4278088 6961
4278089 6962
4278090 6963
4278092 6964
4278093 6965
4278094 6966
4278097 6967
4278098 6968
4278101 6969
4278102 6970
4278104 6971
4278105 6972
4278106 6973
4278108 6974
4278110 6975
4278112 6976
4278113 6977
4278114 6978
4278272 6979
4278273 6980
4278276 6981
4278277 6982
4278280 6983
4278281 6984
4278284 6985
4278285 6986
4278289 6987
4278293 6988
4278296 6989
4278297 6990
4278300 6991
4278301 6992
4278305 6993
4278336 6994
4278337 6995
4278338 6996
4278340 6997
4278341 6998
4278342 6999
4278344 7000
4278345 7001
4278346 7002
4278348 7003
4278349 7004
4278350 7005
4278353 7006
4278354 7007
4278357 7008
4278358 7009
4278360 7010
4278361 7011
4278362 7012
4278364 7013
4278365 7014
4278366 7015
4278368 7016
4278370 7017
4281728 7018
4281729 7018
4281731 7019
4281732 7020
4281733 7020
4281735 7021
4281736 7022
4281737 7022
4281739 7023
4281740 7024
4281741 7024
4281743 7025
4281745 7026
4281747 7027
4281748 7028
4281751 7029
4281752 7030
4281753 7030
4281755 7031
4281756 7032
4281757 7032
4281759 7033
4281760 7034
4281761 7034
4281763 7035
4281856 6916
4281857 6917
4281858 6918
4281860 6919
4281861 6920
4281862 6921
4281864 6922
4281865 6923
4281866 6924
4281868 6925
4281869 6926
4281870 6927
4281873 6928
4281874 6929
4281876 7036
4281878 6931
4281881 7037
4281882 6933
4281884 6934
4281885 6935
4281886 6936
4281888 6937
4281889 6938
4281890 6939
4281920 6917
4281921 6916
4281922 6918
4281924 6920
4281925 6919
4281926 6921
4281928 6923
4281929 6922
4281930 6924
4281932 6926
4281933 6925
4281934 6927
4281937 7038
4281938 6929
4281940 6930
4281942 6931
4281944 7037
4281946 6933
4281948 6935
4281949 6934
4281950 6936
4281952 6938
4281953 6937
4281954 6939
4281984 7039
4281985 7039
4281986 7039
4281987 7040
4281988 7041
4281989 7041
4281990 7041
4281991 7042
4281992 7043
4281993 7043
4281994 7043
4281995 7044
4281996 7045
4281997 7045
4281998 7045
4281999 7046
4282001 7047
4282002 7047
4282003 7048
4282004 7049
4282006 7049
4282007 7050
4282008 7051
4282009 7051
4282011 7052
4282012 7053
4282013 7053
4282014 7053
4282015 7054
4282016 7055
4282017 7055
4282018 7055
4282019 7056
4282112 6955
4282113 6956
4282114 6957
4282116 6958
4282117 6959
4282118 6960
4282120 6961
4282121 6962
4282122 6963
4282124 6964
4282125 6965
4282126 6966
4282129 6967
4282130 6968
4282132 7057
4282134 6970
4282136 6971
4282137 6972
4282138 6973
4282141 7058
4282142 6975
4282144 6976
4282145 6977
4282146 6978
4282176 6956
4282177 6955
4282178 6957
4282180 6959
4282181 6958
4282182 6960
4282184 6962
4282185 6961
4282186 6963
4282188 6965
4282189 6964
4282190 6966
4282193 7059
4282194 6968
4282196 6969
4282198 6970
4282200 6972
4282201 6971
4282202 6973
4282204 7058
4282206 6975
4282208 6977
4282209 6976
4282210 6978
4282240 7060
4282241 7060
4282242 7060
4282243 7061
4282244 7062
4282245 7062
4282246 7062
4282247 7063
4282248 7064
4282249 7064
4282250 7064
4282251 7065
4282252 7066
4282253 7066
4282254 7066
4282255 7067
4282257 7068
4282258 7068
4282259 7069
4282260 7070
4282262 7070
4282263 7071
4282264 7072
4282265 7072
4282266 7072
4282267 7073
4282268 7074
4282269 7074
4282271 7075
4282272 7076
4282273 7076
4282274 7076
4282275 7077
4282368 6994
4282369 6995
4282370 6996
4282372 6997
4282373 6998
4282374 6999
4282376 7000
4282377 7001
4282378 7002
4282380 7003
4282381 7004
4282382 7005
4282385 7006
4282386 7007
4282388 7078
4282390 7009
4282392 7010
4282393 7011
4282394 7012
4282396 7013
4282397 7014
4282398 7015
4282401 7079
4282402 7017
4282432 6995
4282433 6994
4282434 6996
4282436 6998
4282437 6997
4282438 6999
4282440 7001
4282441 7000
4282442 7002
4282444 7004
4282445 7003
4282446 7005
4282449 7080
4282450 7007
4282452 7008
4282454 7009
4282456 7011
4282457 7010
4282458 7012
4282460 7014
4282461 7013
4282462 7015
4282464 7079
4282466 7017
4282496 7081
4282497 7081
4282498 7081
4282499 7082
4282500 7083
4282501 7083
4282502 7083
4282503 7084
4282504 7085
4282505 7085
4282506 7085
4282507 7086
4282508 7087
4282509 7087
4282510 7087
4282511 7088
4282513 7089
4282514 7089
4282515 7090
4282516 7091
4282518 7091
4282519 7092
4282520 7093
4282521 7093
4282522 7093
4282523 7094
4282524 7095
4282525 7095
4282526 7095
4282527 7096
4282528 7097
4282529 7097
4282531 7098
4294208 7099
4294209 7100
4294210 7101
4294212 7102
4294213 7103
4294214 7104
4294216 7105
4294217 7106
4294218 7107
4294220 7108
4294221 7109
4294222 7110
4294225 7111
4294226 7112
4294228 7113
4294229 7114
4294230 7115
4294234 7116
4294236 7117
4294237 7118
4294238 7119
4294240 7120
4294241 7121
4294242 7122
4294400 7123
4294401 7124
4294404 7125
4294405 7126
4294408 7127
4294409 7128
4294412 7129
4294413 7130
4294417 7131
4294420 7132
4294421 7133
4294425 7134
4294429 7135
4294432 7136
4294433 7137
4294464 7138
4294465 7139
4294466 7140
4294468 7141
4294469 7142
4294470 7143
4294472 7144
4294473 7145
4294474 7146
4294476 7147
4294477 7148
4294478 7149
4294481 7150
4294482 7151
4294484 7152
4294485 7153
4294486 7154
4294489 7155
4294490 7156
4294492 7157
4294494 7158
4294496 7159
4294497 7160
4294498 7161
4294656 7162
4294657 7163
4294660 7164
4294661 7165
4294664 7166
4294665 7167
4294668 7168
4294669 7169
4294673 7170
4294676 7171
4294677 7172
4294681 7173
4294684 7174
4294685 7175
4294689 7176
4294720 7177
4294721 7178
4294722 7179
4294724 7180
4294725 7181
4294726 7182
4294728 7183
4294729 7184
4294730 7185
4294732 7186
4294733 7187
4294734 7188
4294737 7189
4294738 7190
4294740 7191
4294741 7192
4294742 7193
4294745 7194
4294746 7195
4294748 7196
4294749 7197
4294750 7198
4294752 7199
4294754 7200
4298368 7201
4298369 7201
4298371 7202
4298372 7203
4298373 7203
4298375 7204
4298376 7205
4298377 7205
4298379 7206
4298380 7207
4298381 7207
4298383 7208
4298385 7209
4298387 7210
4298388 7211
4298389 7211
4298391 7212
4298392 7213
4298395 7214
4298396 7215
4298397 7215
4298399 7216
4298400 7217
4298401 7217
4298403 7218
4298496 7138
4298497 7139
4298498 7140
4298500 7141
4298501 7142
4298502 7143
4298504 7144
4298505 7145
4298506 7146
4298508 7147
4298509 7148
4298510 7149
4298513 7150
4298514 7151
4298516 7152
4298517 7153
4298518 7154
4298520 7219
4298522 7156
4298525 7220
4298526 7158
4298528 7159
4298529 7160
4298530 7161
4298560 7139
4298561 7138
4298562 7140
4298564 7142
4298565 7141
4298566 7143
4298568 7145
4298569 7144
4298570 7146
4298572 7148
4298573 7147
4298574 7149
4298577 7221
4298578 7151
4298580 7153
4298581 7152
4298582 7154
4298584 7155
4298586 7156
4298588 7220
4298590 7158
4298592 7160
4298593 7159
4298594 7161
4298624 7222
4298625 7222
4298626 7222
4298627 7223
4298628 7224
4298629 7224
4298630 7224
4298631 7225
4298632 7226
4298633 7226
4298634 7226
4298635 7227
4298636 7228
4298637 7228
4298638 7228
4298639 7229
4298641 7230
4298642 7230
4298643 7231
4298644 7232
4298645 7232
4298646 7232
4298647 7233
4298648 7234
4298650 7234
4298651 7235
4298652 7236
4298653 7236
4298655 7237
4298656 7238
4298657 7238
4298658 7238
4298659 7239
4298752 7177
4298753 7178
4298754 7179
4298756 7180
4298757 7181
4298758 7182
4298760 7183
4298761 7184
4298762 7185
4298764 7186
4298765 7187
4298766 7188
4298769 7189
4298770 7190
4298772 7191
4298773 7192
4298774 7193
4298776 7240
4298778 7195
4298780 7196
4298781 7197
4298782 7198
4298785 7241
4298786 7200
4298816 7178
4298817 7177
4298818 7179
4298820 7181
4298821 7180
4298822 7182
4298824 7184
4298825 7183
4298826 7185
4298828 7187
4298829 7186
4298830 7188
4298833 7242
4298834 7190
4298836 7192
4298837 7191
4298838 7193
4298840 7194
4298842 7195
4298844 7197
4298845 7196
4298846 7198
4298848 7241
4298850 7200
4298880 7243
4298881 7243
4298882 7243
4298883 7244
4298884 7245
4298885 7245
4298886 7245
4298887 7246
4298888 7247
4298889 7247
4298890 7247
4298891 7248
4298892 7249
4298893 7249
4298894 7249
4298895 7250
4298897 7251
4298898 7251
4298899 7252
4298900 7253
4298901 7253
4298902 7253
4298903 7254
4298904 7255
4298906 7255
4298907 7256
4298908 7257
4298909 7257
4298910 7257
4298911 7258
4298912 7259
4298913 7259
4298915 7260
4310848 7261
4310849 7262
4310850 7263
4310852 7264
4310853 7265
4310854 7266
4310856 7267
4310857 7268
4310858 7269
4310860 7270
4310861 7271
4310862 7272
4310865 7273
4310866 7274
4310868 7275
4310869 7276
4310870 7277
4310872 7278
4310873 7279
4310874 7280
4310878 7281
4310880 7282
4310881 7283
4310882 7284
4311040 7285
4311041 7286
4311044 7287
4311045 7288
4311048 7289
4311049 7290
4311052 7291
4311053 7292
4311057 7293
4311060 7294
4311061 7295
4311064 7296
4311065 7297
4311069 7298
4311073 7299
4311104 7300
4311105 7301
4311106 7302
4311108 7303
4311109 7304
4311110 7305
4311112 7306
4311113 7307
4311114 7308
4311116 7309
4311117 7310
4311118 7311
4311121 7312
4311122 7313
4311124 7314
4311125 7315
4311126 7316
4311128 7317
4311129 7318
4311130 7319
4311133 7320
4311134 7321
4311136 7322
4311138 7323
4315008 7324
4315009 7324
4315011 7325
4315012 7326
4315013 7326
4315015 7327
4315016 7328
4315017 7328
4315019 7329
4315020 7330
4315021 7330
4315023 7331
4315025 7332
4315027 7333
4315028 7334
4315029 7334
4315031 7335
4315032 7336
4315033 7336
4315035 7337
4315036 7338
4315039 7339
4315040 7340
4315041 7340
4315043 7341
4315136 7300
4315137 7301
4315138 7302
4315140 7303
4315141 7304
4315142 7305
4315144 7306
4315145 7307
4315146 7308
4315148 7309
4315149 7310
4315150 7311
4315153 7312
4315154 7313
4315156 7314
4315157 7315
4315158 7316
4315160 7317
4315161 7318
4315162 7319
4315164 7342
4315166 7321
4315169 7343
4315170 7323
4315200 7301
4315201 7300
4315202 7302
4315204 7304
4315205 7303
4315206 7305
4315208 7307
4315209 7306
4315210 7308
4315212 7310
4315213 7309
4315214 7311
4315217 7344
4315218 7313
4315220 7315
4315221 7314
4315222 7316
4315224 7318
4315225 7317
4315226 7319
4315228 7320
4315230 7321
4315232 7343
4315234 7323
4315264 7345
4315265 7345
4315266 7345
4315267 7346
4315268 7347
4315269 7347
4315270 7347
4315271 7348
4315272 7349
4315273 7349
4315274 7349
4315275 7350
4315276 7351
4315277 7351
4315278 7351
4315279 7352
4315281 7353
4315282 7353
4315283 7354
4315284 7355
4315285 7355
4315286 7355
4315287 7356
4315288 7357
4315289 7357
4315290 7357
4315291 7358
4315292 7359
4315294 7359
4315295 7360
4315296 7361
4315297 7361
4315299 7362
4327488 7363
4327489 7364
4327490 7365
4327492 7366
4327493 7367
4327494 7368
4327496 7369
4327497 7370
4327498 7371
4327500 7372
4327501 7373
4327502 7374
4327505 7375
4327506 7376
4327508 7377
4327509 7378
4327510 7379
4327512 7380
4327513 7381
4327514 7382
4327516 7383
4327517 7384
4327518 7385
4327522 7386
4331648 7387
4331649 7387
4331651 7388
4331652 7389
4331653 7389
4331655 7390
4331656 7391
4331657 7391
4331659 7392
4331660 7393
4331661 7393
4331663 7394
4331665 7395
4331667 7396
4331668 7397
4331669 7397
4331671 7398
4331672 7399
4331673 7399
4331675 7400
4331676 7401
4331677 7401
4331679 7402
4331680 7403
4331683 7404
5330304 7405
5330307 7406
5330308 7407
5330311 7408
5330312 7409
5330315 7410
5330316 7411
5330319 7412
5330320 7413
5330323 7414
5330327 7415
5330328 7416
5330331 7417
5330332 7418
5330335 7419
5330336 7420
5330339 7421
5330432 7422
5330433 7423
5330434 7424
5330436 7425
5330437 7426
5330438 7427
5330440 7428
5330441 7429
5330442 7430
5330444 7431
5330445 7432
5330446 7433
5330448 7434
5330449 7435
5330450 7436
5330454 7437
5330457 7438
5330458 7439
5330460 7440
5330461 7441
5330462 7442
5330464 7443
5330465 7444
5330466 7445
5330560 7446
5330562 7446
5330563 7447
5330564 7448
5330566 7448
5330567 7449
5330568 7450
5330570 7450
5330571 7451
5330572 7452
5330574 7452
5330575 7453
5330576 7454
5330578 7454
5330579 7455
5330582 7456
5330583 7457
5330584 7458
5330587 7459
5330588 7460
5330590 7460
5330591 7461
5330592 7462
5330594 7462
5330595 7463
5330688 7464
5330689 7465
5330690 7466
5330692 7467
5330693 7468
5330694 7469
5330696 7470
5330697 7471
5330698 7472
5330700 7473
5330701 7474
5330702 7475
5330704 7476
5330705 7477
5330706 7478
5330710 7479
5330712 7480
5330713 7481
5330714 7482
5330717 7483
5330718 7484
5330720 7485
5330721 7486
5330722 7487
5330816 7488
5330818 7488
5330819 7489
5330820 7490
5330822 7490
5330823 7491
5330824 7492
5330826 7492
5330827 7493
5330828 7494
5330830 7494
5330831 7495
5330832 7496
5330834 7496
5330835 7497
5330838 7498
5330839 7499
5330840 7500
5330842 7500
5330843 7501
5330844 7502
5330847 7503
5330848 7504
5330850 7504
5330851 7505
5330944 7506
5330945 7507
5330946 7508
5330948 7509
5330949 7510
5330950 7511
5330952 7512
5330953 7513
5330954 7514
5330956 7515
5330957 7516
5330958 7517
5330960 7518
5330961 7519
5330962 7520
5330966 7521
5330968 7522
5330969 7523
5330970 7524
5330972 7525
5330973 7526
5330974 7527
5330977 7528
5330978 7529
5331072 7530
5331074 7530
5331075 7531
5331076 7532
5331078 7532
5331079 7533
5331080 7534
5331082 7534
5331083 7535
5331084 7536
5331086 7536
5331087 7537
5331088 7538
5331090 7538
5331091 7539
5331094 7540
5331095 7541
5331096 7542
5331098 7542
5331099 7543
5331100 7544
5331102 7544
5331103 7545
5331104 7546
5331107 7547
5342784 7548
5342785 7549
5342786 7550
5342788 7551
5342789 7552
5342790 7553
5342792 7554
5342793 7555
5342794 7556
5342796 7557
5342797 7558
5342798 7559
5342800 7560
5342801 7561
5342802 7562
5342805 7563
5342806 7564
5342810 7565
5342812 7566
5342813 7567
5342814 7568
5342816 7569
5342817 7570
5342818 7571
5342976 7572
5342977 7573
5342980 7574
5342981 7575
5342984 7576
5342985 7577
5342988 7578
5342989 7579
5342992 7580
5342993 7581
5342997 7582
5343001 7583
5343005 7584
5343008 7585
5343009 7586
5343040 7587
5343041 7588
5343042 7589
5343044 7590
5343045 7591
5343046 7592
5343048 7593
5343049 7594
5343050 7595
5343052 7596
5343053 7597
5343054 7598
5343056 7599
5343057 7600
5343058 7601
5343061 7602
5343062 7603
5343065 7604
5343066 7605
5343068 7606
5343070 7607
5343072 7608
5343073 7609
5343074 7610
5343232 7611
5343233 7612
5343236 7613
5343237 7614
5343240 7615
5343241 7616
5343244 7617
5343245 7618
5343248 7619
5343249 7620
5343253 7621
5343257 7622
5343260 7623
5343261 7624
5343265 7625
5343296 7626
5343297 7627
5343298 7628
5343300 7629
5343301 7630
5343302 7631
5343304 7632
5343305 7633
5343306 7634
5343308 7635
5343309 7636
5343310 7637
5343312 7638
5343313 7639
5343314 7640
5343317 7641
5343318 7642
5343321 7643
5343322 7644
5343324 7645
5343325 7646
5343326 7647
5343328 7648
5343330 7649
5346944 7650
5346945 7650
5346947 7651
5346948 7652
5346949 7652
5346951 7653
5346952 7654
5346953 7654
5346955 7655
5346956 7656
5346957 7656
5346959 7657
5346960 7658
5346961 7658
5346963 7659
5346965 7660
5346967 7661
5346968 7662
5346971 7663
5346972 7664
5346973 7664
5346975 7665
5346976 7666
5346977 7666
5346979 7667
5347072 7587
5347073 7588
5347074 7589
5347076 7590
5347077 7591
5347078 7592
5347080 7593
5347081 7594
5347082 7595
5347084 7596
5347085 7597
5347086 7598
5347088 7599
5347089 7600
5347090 7601
5347093 7602
5347094 7603
5347096 7668
5347098 7605
5347101 7669
5347102 7607
5347104 7608
5347105 7609
5347106 7610
5347136 7588
5347137 7587
5347138 7589
5347140 7591
5347141 7590
5347142 7592
5347144 7594
5347145 7593
5347146 7595
5347148 7597
5347149 7596
5347150 7598
5347152 7600
5347153 7599
5347154 7601
5347157 7670
5347158 7603
5347160 7604
5347162 7605
5347164 7669
5347166 7607
5347168 7609
5347169 7608
5347170 7610
5347200 7671
5347201 7671
5347202 7671
5347203 7672
5347204 7673
5347205 7673
5347206 7673
5347207 7674
5347208 7675
5347209 7675
5347210 7675
5347211 7676
5347212 7677
5347213 7677
5347214 7677
5347215 7678
5347216 7679
5347217 7679
5347218 7679
5347219 7680
5347221 7681
5347222 7681
5347223 7682
5347224 7683
5347226 7683
5347227 7684
5347228 7685
5347229 7685
5347231 7686
5347232 7687
5347233 7687
5347234 7687
5347235 7688
5347328 7626
5347329 7627
5347330 7628
5347332 7629
5347333 7630
5347334 7631
5347336 7632
5347337 7633
5347338 7634
5347340 7635
5347341 7636
5347342 7637
5347344 7638
5347345 7639
5347346 7640
5347349 7641
5347350 7642
5347352 7689
5347354 7644
5347356 7645
5347357 7646
5347358 7647
5347361 7690
5347362 7649
5347392 7627
5347393 7626
5347394 7628
5347396 7630
5347397 7629
5347398 7631
5347400 7633
5347401 7632
5347402 7634
5347404 7636
5347405 7635
5347406 7637
5347408 7639
5347409 7638
5347410 7640
5347413 7691
5347414 7642
5347416 7643
5347418 7644
5347420 7646
5347421 7645
5347422 7647
5347424 7690
5347426 7649
5347456 7692
5347457 7692
5347458 7692
5347459 7693
5347460 7694
5347461 7694
5347462 7694
5347463 7695
5347464 7696
5347465 7696
5347466 7696
5347467 7697
5347468 7698
5347469 7698
5347470 7698
5347471 7699
5347472 7700
5347473 7700
5347474 7700
5347475 7701
5347477 7702
5347478 7702
5347479 7703
5347480 7704
5347482 7704
5347483 7705
5347484 7706
5347485 7706
5347486 7706
5347487 7707
5347488 7708
5347489 7708
5347491 7709
5359424 7710
5359425 7711
5359426 7712
5359428 7713
5359429 7714
5359430 7715
5359432 7716
5359433 7717
5359434 7718
5359436 7719
5359437 7720
5359438 7721
5359440 7722
5359441 7723
5359442 7724
5359445 7725
5359446 7726
5359448 7727
5359449 7728
5359450 7729
5359454 7730
5359456 7731
5359457 7732
5359458 7733
5359616 7734
5359617 7735
5359620 7736
5359621 7737
5359624 7738
5359625 7739
5359628 7740
5359629 7741
5359632 7742
5359633 7743
5359637 7744
5359640 7745
5359641 7746
5359645 7747
5359649 7748
5359680 7749
5359681 7750
5359682 7751
5359684 7752
5359685 7753
5359686 7754
5359688 7755
5359689 7756
5359690 7757
5359692 7758
5359693 7759
5359694 7760
5359696 7761
5359697 7762
5359698 7763
5359701 7764
5359702 7765
5359704 7766
5359705 7767
5359706 7768
5359709 7769
5359710 7770
5359712 7771
5359714 7772
5363584 7773
5363585 7773
5363587 7774
5363588 7775
5363589 7775
5363591 7776
5363592 7777
5363593 7777
5363595 7778
5363596 7779
5363597 7779
5363599 7780
5363600 7781
5363601 7781
5363603 7782
5363605 7783
5363607 7784
5363608 7785
5363609 7785
5363611 7786
5363612 7787
5363615 7788
5363616 7789
5363617 7789
5363619 7790
5363712 7749
5363713 7750
5363714 7751
5363716 7752
5363717 7753
5363718 7754
5363720 7755
5363721 7756
5363722 7757
5363724 7758
5363725 7759
5363726 7760
5363728 7761
5363729 7762
5363730 7763
5363733 7764
5363734 7765
5363736 7766
5363737 7767
5363738 7768
5363740 7791
5363742 7770
5363745 7792
5363746 7772
5363776 7750
5363777 7749
5363778 7751
5363780 7753
5363781 7752
5363782 7754
5363784 7756
5363785 7755
5363786 7757
5363788 7759
5363789 7758
5363790 7760
5363792 7762
5363793 7761
5363794 7763
5363797 7793
5363798 7765
5363800 7767
5363801 7766
5363802 7768
5363804 7769
5363806 7770
5363808 7792
5363810 7772
5363840 7794
5363841 7794
5363842 7794
5363843 7795
5363844 7796
5363845 7796
5363846 7796
5363847 7797
5363848 7798
5363849 7798
5363850 7798
5363851 7799
5363852 7800
5363853 7800
5363854 7800
5363855 7801
5363856 7802
5363857 7802
5363858 7802
5363859 7803
5363861 7804
5363862 7804
5363863 7805
5363864 7806
5363865 7806
5363866 7806
5363867 7807
5363868 7808
5363870 7808
5363871 7809
5363872 7810
5363873 7810
5363875 7811
5376064 7812
5376065 7813
5376066 7814
5376068 7815
5376069 7816
5376070 7817
5376072 7818
5376073 7819
5376074 7820
5376076 7821
5376077 7822
5376078 7823
5376080 7824
5376081 7825
5376082 7826
5376085 7827
5376086 7828
5376088 7829
5376089 7830
5376090 7831
5376092 7832
5376093 7833
5376094 7834
5376098 7835
5380224 7836
5380225 7836
5380227 7837
5380228 7838
5380229 7838
5380231 7839
5380232 7840
5380233 7840
5380235 7841
5380236 7842
5380237 7842
5380239 7843
5380240 7844
5380241 7844
5380243 7845
5380245 7846
5380247 7847
5380248 7848
5380249 7848
5380251 7849
5380252 7850
5380253 7850
5380255 7851
5380256 7852
5380259 7853
6395520 7854
6395523 7855
6395524 7856
6395527 7857
6395528 7858
6395531 7859
6395532 7860
6395535 7861
6395536 7862
6395539 7863
6395540 7864
6395543 7865
6395547 7866
6395548 7867
6395551 7868
6395552 7869
6395555 7870
6395648 7871
6395649 7872
6395650 7873
6395652 7874
6395653 7875
6395654 7876
6395656 7877
6395657 7878
6395658 7879
6395660 7880
6395661 7881
6395662 7882
6395664 7883
6395665 7884
6395666 7885
6395668 7886
6395669 7887
6395670 7888
6395674 7889
6395677 7890
6395678 7891
6395680 7892
6395681 7893
6395682 7894
6395776 7895
6395778 7895
6395779 7896
6395780 7897
6395782 7897
6395783 7898
6395784 7899
6395786 7899
6395787 7900
6395788 7901
6395790 7901
6395791 7902
6395792 7903
6395794 7903
6395795 7904
6395796 7905
6395798 7905
6395799 7906
6395802 7907
6395803 7908
6395804 7909
6395807 7910
6395808 7911
6395810 7911
6395811 7912
6395904 7913
6395905 7914
6395906 7915
6395908 7916
6395909 7917
6395910 7918
6395912 7919
6395913 7920
6395914 7921
6395916 7922
6395917 7923
6395918 7924
6395920 7925
6395921 7926
6395922 7927
6395924 7928
6395925 7929
6395926 7930
6395930 7931
6395932 7932
6395933 7933
6395934 7934
6395937 7935
6395938 7936
6396032 7937
6396034 7937
6396035 7938
6396036 7939
6396038 7939
6396039 7940
6396040 7941
6396042 7941
6396043 7942
6396044 7943
6396046 7943
6396047 7944
6396048 7945
6396050 7945
6396051 7946
6396052 7947
6396054 7947
6396055 7948
6396058 7949
6396059 7950
6396060 7951
6396062 7951
6396063 7952
6396064 7953
6396067 7954
6408000 7955
6408001 7956
6408002 7957
6408004 7958
6408005 7959
6408006 7960
6408008 7961
6408009 7962
6408010 7963
6408012 7964
6408013 7965
6408014 7966
6408016 7967
6408017 7968
6408018 7969
6408020 7970
6408021 7971
6408022 7972
6408025 7973
6408026 7974
6408030 7975
6408032 7976
6408033 7977
6408034 7978
6408192 7979
6408193 7980
6408196 7981
6408197 7982
6408200 7983
6408201 7984
6408204 7985
6408205 7986
6408208 7987
6408209 7988
6408212 7989
6408213 7990
6408217 7991
6408221 7992
6408225 7993
6408256 7994
6408257 7995
6408258 7996
6408260 7997
6408261 7998
6408262 7999
6408264 8000
6408265 8001
6408266 8002
6408268 8003
6408269 8004
6408270 8005
6408272 8006
6408273 8007
6408274 8008
6408276 8009
6408277 8010
6408278 8011
6408281 8012
6408282 8013
6408285 8014
6408286 8015
6408288 8016
6408290 8017
6412160 8018
6412161 8018
6412163 8019
6412164 8020
6412165 8020
6412167 8021
6412168 8022
6412169 8022
6412171 8023
6412172 8024
6412173 8024
6412175 8025
6412176 8026
6412177 8026
6412179 8027
6412180 8028
6412181 8028
6412183 8029
6412185 8030
6412187 8031
6412188 8032
6412191 8033
6412192 8034
6412193 8034
6412195 8035
6412288 7994
6412289 7995
6412290 7996
6412292 7997
6412293 7998
6412294 7999
6412296 8000
6412297 8001
6412298 8002
6412300 8003
6412301 8004
6412302 8005
6412304 8006
6412305 8007
6412306 8008
6412308 8009
6412309 8010
6412310 8011
6412313 8012
6412314 8013
6412316 8036
6412318 8015
6412321 8037
6412322 8017
6412352 7995
6412353 7994
6412354 7996
6412356 7998
6412357 7997
6412358 7999
6412360 8001
6412361 8000
6412362 8002
6412364 8004
6412365 8003
6412366 8005
6412368 8007
6412369 8006
6412370 8008
6412372 8010
6412373 8009
6412374 8011
6412377 8038
6412378 8013
6412380 8014
6412382 8015
6412384 8037
6412386 8017
6412416 8039
6412417 8039
6412418 8039
6412419 8040
6412420 8041
6412421 8041
6412422 8041
6412423 8042
6412424 8043
6412425 8043
6412426 8043
6412427 8044
6412428 8045
6412429 8045
6412430 8045
6412431 8046
6412432 8047
6412433 8047
6412434 8047
6412435 8048
6412436 8049
6412437 8049
6412438 8049
6412439 8050
6412441 8051
6412442 8051
6412443 8052
6412444 8053
6412446 8053
6412447 8054
6412448 8055
6412449 8055
6412451 8056
6424640 8057
6424641 8058
6424642 8059
6424644 8060
6424645 8061
6424646 8062
6424648 8063
6424649 8064
6424650 8065
6424652 8066
6424653 8067
6424654 8068
6424656 8069
6424657 8070
6424658 8071
6424660 8072
6424661 8073
6424662 8074
6424665 8075
6424666 8076
6424668 8077
6424669 8078
6424670 8079
6424674 8080
6428800 8081
6428801 8081
6428803 8082
6428804 8083
6428805 8083
6428807 8084
6428808 8085
6428809 8085
6428811 8086
6428812 8087
6428813 8087
6428815 8088
6428816 8089
6428817 8089
6428819 8090
6428820 8091
6428821 8091
6428823 8092
6428825 8093
6428827 8094
6428828 8095
6428829 8095
6428831 8096
6428832 8097
6428835 8098
7460736 8099
7460739 8100
7460740 8101
7460743 8102
7460744 8103
7460747 8104
7460748 8105
7460751 8106
7460752 8107
7460755 8108
7460756 8109
7460759 8110
7460760 8111
7460763 8112
7460767 8113
7460768 8114
7460771 8115
7460864 8116
7460865 8117
7460866 8118
7460868 8119
7460869 8120
7460870 8121
7460872 8122
7460873 8123
7460874 8124
7460876 8125
7460877 8126
7460878 8127
7460880 8128
7460881 8129
7460882 8130
7460884 8131
7460885 8132
7460886 8133
7460888 8134
7460889 8135
7460890 8136
7460894 8137
7460897 8138
7460898 8139
7460992 8140
7460994 8140
7460995 8141
7460996 8142
7460998 8142
7460999 8143
7461000 8144
7461002 8144
7461003 8145
7461004 8146
7461006 8146
7461007 8147
7461008 8148
7461010 8148
7461011 8149
7461012 8150
7461014 8150
7461015 8151
7461016 8152
7461018 8152
7461019 8153
7461022 8154
7461023 8155
7461024 8156
7461027 8157
7473216 8158
7473217 8159
7473218 8160
7473220 8161
7473221 8162
7473222 8163
7473224 8164
7473225 8165
7473226 8166
7473228 8167
7473229 8168
7473230 8169
7473232 8170
7473233 8171
7473234 8172
7473236 8173
7473237 8174
7473238 8175
7473240 8176
7473241 8177
7473242 8178
7473245 8179
7473246 8180
7473250 8181
7477376 8182
7477377 8182
7477379 8183
7477380 8184
7477381 8184
7477383 8185
7477384 8186
7477385 8186
7477387 8187
7477388 8188
7477389 8188
7477391 8189
7477392 8190
7477393 8190
7477395 8191
7477396 8192
7477397 8192
7477399 8193
7477400 8194
7477401 8194
7477403 8195
7477405 8196
7477407 8197
7477408 8198
7477411 8199
8525952 8200
8525955 8201
8525956 8202
8525959 8203
8525960 8204
8525963 8205
8525964 8206
8525967 8207
8525968 8208
8525971 8209
8525972 8210
8525975 8211
8525976 8212
8525979 8213
8525980 8214
8525983 8215
8525987 8216
river 13761
4227 0
4228 1
4231 2
4232 3
4235 4
4236 5
4239 6
4240 7
4243 8
4244 9
4247 10
4248 11
4251 12
4252 13
4255 14
4256 15
4259 16
4354 17
4357 18
4358 19
4360 20
4361 21
4362 22
4364 23
4365 24
4366 25
4368 26
4369 27
4370 28
4372 29
4373 30
4374 31
4376 32
4377 33
4378 34
4380 35
4381 36
4382 37
4384 38
4385 39
4386 40
4482 41
4483 42
4484 43
4487 44
4488 45
4490 45
4491 46
4492 47
4494 47
4495 48
4496 49
4498 49
4499 50
4500 51
4502 51
4503 52
4504 53
4506 53
4507 54
4508 55
4510 55
4511 56
4512 57
4514 57
4515 58
4610 59
4612 60
4613 61
4614 62
4617 63
4618 64
4620 65
4621 66
4622 67
4624 68
4625 69
4626 70
4628 71
4629 72
4630 73
4632 74
4633 75
4634 76
4636 77
4637 78
4638 79
4640 80
4641 81
4642 82
4738 83
4739 84
4740 85
4742 85
4743 86
4744 87
4747 88
4748 89
4750 89
4751 90
4752 91
4754 91
4755 92
4756 93
4758 93
4759 94
4760 95
4762 95
4763 96
4764 97
4766 97
4767 98
4768 99
4770 99
4771 100
4866 101
4868 102
4869 103
4870 104
4872 105
4873 106
4874 107
4877 108
4878 109
4880 110
4881 111
4882 112
4884 113
4885 114
4886 115
4888 116
4889 117
4890 118
4892 119
4893 120
4894 121
4896 122
4897 123
4898 124
4994 125
4995 126
4996 127
4998 127
4999 128
5000 129
5002 129
5003 130
5004 131
5007 132
5008 133
5010 133
5011 134
5012 135
5014 135
5015 136
5016 137
5018 137
5019 138
5020 139
5022 139
5023 140
5024 141
5026 141
5027 142
5122 143
5124 144
5125 145
5126 146
5128 147
5129 148
5130 149
5132 150
5133 151
5134 152
5137 153
5138 154
5140 155
5141 156
5142 157
5144 158
5145 159
5146 160
5148 161
5149 162
5150 163
5152 164
5153 165
5154 166
5250 167
5251 168
5252 169
5254 169
5255 170
5256 171
5258 171
5259 172
5260 173
5262 173
5263 174
5264 175
5267 176
5268 177
5270 177
5271 178
5272 179
5274 179
5275 180
5276 181
5278 181
5279 182
5280 183
5282 183
5283 184
5378 185
5380 186
5381 187
5382 188
5384 189
5385 190
5386 191
5388 192
5389 193
5390 194
5392 195
5393 196
5394 197
5397 198
5398 199
5400 200
5401 201
5402 202
5404 203
5405 204
5406 205
5408 206
5409 207
5410 208
5506 209
5507 210
5508 211
5510 211
5511 212
5512 213
5514 213
5515 214
5516 215
5518 215
5519 216
5520 217
5522 217
5523 218
5524 219
5527 220
5528 221
5530 221
5531 222
5532 223
5534 223
5535 224
5536 225
5538 225
5539 226
5634 227
5636 228
5637 229
5638 230
5640 231
5641 232
5642 233
5644 234
5645 235
5646 236
5648 237
5649 238
5650 239
5652 240
5653 241
5654 242
5657 243
5658 244
5660 245
5661 246
5662 247
5664 248
5665 249
5666 250
5762 251
5763 252
5764 253
5766 253
5767 254
5768 255
5770 255
5771 256
5772 257
5774 257
5775 258
5776 259
5778 259
5779 260
5780 261
5782 261
5783 262
5784 263
5787 264
5788 265
5790 265
5791 266
5792 267
5794 267
5795 268
5890 269
5892 270
5893 271
5894 272
5896 273
5897 274
5898 275
5900 276
5901 277
5902 278
5904 279
5905 280
5906 281
5908 282
5909 283
5910 284
5912 285
5913 286
5914 287
5917 288
5918 289
5920 290
5921 291
5922 292
6018 293
6019 294
6020 295
6022 295
6023 296
6024 297
6026 297
6027 298
6028 299
6030 299
6031 300
6032 301
6034 301
6035 302
6036 303
6038 303
6039 304
6040 305
6042 305
6043 306
6044 307
6047 308
6048 309
6050 309
6051 310
6146 311
6148 312
6149 313
6150 314
6152 315
6153 316
6154 317
6156 318
6157 319
6158 320
6160 321
6161 322
6162 323
6164 324
6165 325
6166 326
6168 327
6169 328
6170 329
6172 330
6173 331
6174 332
6177 333
6178 334
6274 335
6275 336
6276 337
6278 337
6279 338
6280 339
6282 339
6283 340
6284 341
6286 341
6287 342
6288 343
6290 343
6291 344
6292 345
6294 345
6295 346
6296 347
6298 347
6299 348
6300 349
6302 349
6303 350
6304 351
6307 352
16705 353
16706 354
16710 355
16712 356
16713 357
16714 358
16716 359
16717 360
16718 361
16720 362
16721 363
16722 364
16724 365
16725 366
16726 367
16728 368
16729 369
16730 370
16732 371
16733 372
16734 373
16736 374
16737 375
16738 376
16897 377
16901 378
16905 379
16908 380
16909 381
16912 382
16913 383
16916 384
16917 385
16920 386
16921 387
16924 388
16925 389
16928 390
16929 391
16961 392
16962 393
16965 394
16966 395
16968 396
16970 397
16972 398
16973 399
16974 400
16976 401
16977 402
16978 403
16980 404
16981 405
16982 406
16984 407
16985 408
16986 409
16988 410
16989 411
16990 412
16992 413
16993 414
16994 415
17153 416
17157 417
17160 418
17161 419
17165 420
17168 421
17169 422
17172 423
17173 424
17176 425
17177 426
17180 427
17181 428
17184 429
17185 430
17217 431
17218 432
17221 433
17222 434
17224 435
17225 436
17226 437
17228 438
17230 439
17232 440
17233 441
17234 442
17236 443
17237 444
17238 445
17240 446
17241 447
17242 448
17244 449
17245 450
17246 451
17248 452
17249 453
17250 454
17409 455
17413 456
17416 457
17417 458
17420 459
17421 460
17425 461
17428 462
17429 463
17432 464
17433 465
17436 466
17437 467
17440 468
17441 469
17473 470
17474 471
17477 472
17478 473
17480 474
17481 475
17482 476
17484 477
17485 478
17486 479
17488 480
17490 481
17492 482
17493 483
17494 484
17496 485
17497 486
17498 487
17500 488
17501 489
17502 490
17504 491
17505 492
17506 493
17665 494
17669 495
17672 496
17673 497
17676 498
17677 499
17680 500
17681 501
17685 502
17688 503
17689 504
17692 505
17693 506
17696 507
17697 508
17729 509
17730 510
17733 511
17734 512
17736 513
17737 514
17738 515
17740 516
17741 517
17742 518
17744 519
17745 520
17746 521
17748 522
17750 523
17752 524
17753 525
17754 526
17756 527
17757 528
17758 529
17760 530
17761 531
17762 532
17921 533
17925 534
17928 535
17929 536
17932 537
17933 538
17936 539
17937 540
17940 541
17941 542
17945 543
17948 544
17949 545
17952 546
17953 547
17985 548
17986 549
17989 550
17990 551
17992 552
17993 553
17994 554
17996 555
17997 556
17998 557
18000 558
18001 559
18002 560
18004 561
18005 562
18006 563
18008 564
18010 565
18012 566
18013 567
18014 568
18016 569
18017 570
18018 571
18177 572
18181 573
18184 574
18185 575
18188 576
18189 577
18192 578
18193 579
18196 580
18197 581
18200 582
18201 583
18205 584
18208 585
18209 586
18241 587
18242 588
18245 589
18246 590
18248 591
18249 592
18250 593
18252 594
18253 595
18254 596
18256 597
18257 598
18258 599
18260 600
18261 601
18262 602
18264 603
18265 604
18266 605
18268 606
18270 607
18272 608
18273 609
18274 610
18433 611
18437 612
18440 613
18441 614
18444 615
18445 616
18448 617
18449 618
18452 619
18453 620
18456 621
18457 622
18460 623
18461 624
18465 625
18497 626
18498 627
18501 628
18502 629
18504 630
18505 631
18506 632
18508 633
18509 634
18510 635
18512 636
18513 637
18514 638
18516 639
18517 640
18518 641
18520 642
18521 643
18522 644
18524 645
18525 646
18526 647
18528 648
18530 649
20865 650
20867 651
20868 652
20871 653
20872 654
20873 654
20875 655
20876 656
20877 656
20879 657
20880 658
20881 658
20883 659
20884 660
20885 660
20887 661
20888 662
20889 662
20891 663
20892 664
20893 664
20895 665
20896 666
20897 666
20899 667
20993 392
20994 393
20996 668
20998 395
21001 669
21002 397
21004 398
21005 399
21006 400
21008 401
21009 402
21010 403
21012 404
21013 405
21014 406
21016 407
21017 408
21018 409
21020 410
21021 411
21022 412
21024 413
21025 414
21026 415
21057 670
21058 393
21060 394
21062 395
21064 669
21066 397
21068 399
21069 398
21070 400
21072 402
21073 401
21074 403
21076 405
21077 404
21078 406
21080 408
21081 407
21082 409
21084 411
21085 410
21086 412
21088 414
21089 413
21090 415
21121 671
21122 671
21123 672
21124 673
21126 673
21127 674
21128 675
21129 675
21131 676
21132 677
21133 677
21134 677
21135 678
21136 679
21137 679
21138 679
21139 680
21140 681
21141 681
21142 681
21143 682
21144 683
21145 683
21146 683
21147 684
21148 685
21149 685
21150 685
21151 686
21152 687
21153 687
21154 687
21155 688
21249 431
21250 432
21252 689
21254 434
21256 435
21257 436
21258 437
21261 690
21262 439
21264 440
21265 441
21266 442
21268 443
21269 444
21270 445
21272 446
21273 447
21274 448
21276 449
21277 450
21278 451
21280 452
21281 453
21282 454
21313 691
21314 432
21316 433
21318 434
21320 436
21321 435
21322 437
21324 690
21326 439
21328 441
21329 440
21330 442
21332 444
21333 443
21334 445
21336 447
21337 446
21338 448
21340 450
21341 449
21342 451
21344 453
21345 452
21346 454
21377 692
21378 692
21379 693
21380 694
21382 694
21383 695
21384 696
21385 696
21386 696
21387 697
21388 698
21389 698
21391 699
21392 700
21393 700
21394 700
21395 701
21396 702
21397 702
21398 702
21399 703
21400 704
21401 704
21402 704
21403 705
21404 706
21405 706
21406 706
21407 707
21408 708
21409 708
21410 708
21411 709
21505 470
21506 471
21508 710
21510 473
21512 474
21513 475
21514 476
21516 477
21517 478
21518 479
21521 711
21522 481
21524 482
21525 483
21526 484
21528 485
21529 486
21530 487
21532 488
21533 489
21534 490
21536 491
21537 492
21538 493
21569 712
21570 471
21572 472
21574 473
21576 475
21577 474
21578 476
21580 478
21581 477
21582 479
21584 711
21586 481
21588 483
21589 482
21590 484
21592 486
21593 485
21594 487
21596 489
21597 488
21598 490
21600 492
21601 491
21602 493
21633 713
21634 713
21635 714
21636 715
21638 715
21639 716
21640 717
21641 717
21642 717
21643 718
21644 719
21645 719
21646 719
21647 720
21648 721
21649 721
21651 722
21652 723
21653 723
21654 723
21655 724
21656 725
21657 725
21658 725
21659 726
21660 727
21661 727
21662 727
21663 728
21664 729
21665 729
21666 729
21667 730
21761 509
21762 510
21764 731
21766 512
21768 513
21769 514
21770 515
21772 516
21773 517
21774 518
21776 519
21777 520
21778 521
21781 732
21782 523
21784 524
21785 525
21786 526
21788 527
21789 528
21790 529
21792 530
21793 531
21794 532
21825 733
21826 510
21828 511
21830 512
21832 514
21833 513
21834 515
21836 517
21837 516
21838 518
21840 520
21841 519
21842 521
21844 732
21846 523
21848 525
21849 524
21850 526
21852 528
21853 527
21854 529
21856 531
21857 530
21858 532
21889 734
21890 734
21891 735
21892 736
21894 736
21895 737
21896 738
21897 738
21898 738
21899 739
21900 740
21901 740
21902 740
21903 741
21904 742
21905 742
21906 742
21907 743
21908 744
21909 744
21911 745
21912 746
21913 746
21914 746
21915 747
21916 748
21917 748
21918 748
21919 749
21920 750
21921 750
21922 750
21923 751
22017 548
22018 549
22020 752
22022 551
22024 552
22025 553
22026 554
22028 555
22029 556
22030 557
22032 558
22033 559
22034 560
22036 561
22037 562
22038 563
22041 753
22042 565
22044 566
22045 567
22046 568
22048 569
22049 570
22050 571
22081 754
22082 549
22084 550
22086 551
22088 553
22089 552
22090 554
22092 556
22093 555
22094 557
22096 559
22097 558
22098 560
22100 562
22101 561
22102 563
22104 753
22106 565
22108 567
22109 566
22110 568
22112 570
22113 569
22114 571
22145 755
22146 755
22147 756
22148 757
22150 757
22151 758
22152 759
22153 759
22154 759
22155 760
22156 761
22157 761
22158 761
22159 762
22160 763
22161 763
22162 763
22163 764
22164 765
22165 765
22166 765
22167 766
22168 767
22169 767
22171 768
22172 769
22173 769
22174 769
22175 770
22176 771
22177 771
22178 771
22179 772
22273 587
22274 588
22276 773
22278 590
22280 591
22281 592
22282 593
22284 594
22285 595
22286 596
22288 597
22289 598
22290 599
22292 600
22293 601
22294 602
22296 603
22297 604
22298 605
22301 774
22302 607
22304 608
22305 609
22306 610
22337 775
22338 588
22340 589
22342 590
22344 592
22345 591
22346 593
22348 595
22349 594
22350 596
22352 598
22353 597
22354 599
22356 601
22357 600
22358 602
22360 604
22361 603
22362 605
22364 774
22366 607
22368 609
22369 608
22370 610
22401 776
22402 776
22403 777
22404 778
22406 778
22407 779
22408 780
22409 780
22410 780
22411 781
22412 782
22413 782
22414 782
22415 783
22416 784
22417 784
22418 784
22419 785
22420 786
22421 786
22422 786
22423 787
22424 788
22425 788
22426 788
22427 789
22428 790
22429 790
22431 791
22432 792
22433 792
22434 792
22435 793
22529 626
22530 627
22532 794
22534 629
22536 630
22537 631
22538 632
22540 633
22541 634
22542 635
22544 636
22545 637
22546 638
22548 639
22549 640
22550 641
22552 642
22553 643
22554 644
22556 645
22557 646
22558 647
22561 795
22562 649
22593 796
22594 627
22596 628
22598 629
22600 631
22601 630
22602 632
22604 634
22605 633
22606 635
22608 637
22609 636
22610 638
22612 640
22613 639
22614 641
22616 643
22617 642
22618 644
22620 646
22621 645
22622 647
22624 795
22626 649
22657 797
22658 797
22659 798
22660 799
22662 799
22663 800
22664 801
22665 801
22666 801
22667 802
22668 803
22669 803
22670 803
22671 804
22672 805
22673 805
22674 805
22675 806
22676 807
22677 807
22678 807
22679 808
22680 809
22681 809
22682 809
22683 810
22684 811
22685 811
22686 811
22687 812
22688 813
22689 813
22691 814
33345 815
33346 816
33348 817
33349 818
33350 819
33354 820
33356 821
33357 822
33358 823
33360 824
33361 825
33362 826
33364 827
33365 828
33366 829
33368 830
33369 831
33370 832
33372 833
33373 834
33374 835
33376 836
33377 837
33378 838
33537 839
33540 840
33541 841
33545 842
33549 843
33552 844
33553 845
33556 846
33557 847
33560 848
33561 849
33564 850
33565 851
33568 852
33569 853
33601 854
33602 855
33604 856
33605 857
33606 858
33609 859
33610 860
33612 861
33614 862
33616 863
33617 864
33618 865
33620 866
33621 867
33622 868
33624 869
33625 870
33626 871
33628 872
33629 873
33630 874
33632 875
33633 876
33634 877
33793 878
33796 879
33797 880
33801 881
33804 882
33805 883
33809 884
33812 885
33813 886
33816 887
33817 888
33820 889
33821 890
33824 891
33825 892
33857 893
33858 894
33860 895
33861 896
33862 897
33865 898
33866 899
33868 900
33869 901
33870 902
33872 903
33874 904
33876 905
33877 906
33878 907
33880 908
33881 909
33882 910
33884 911
33885 912
33886 913
33888 914
33889 915
33890 916
34049 917
34052 918
34053 919
34057 920
34060 921
34061 922
34064 923
34065 924
34069 925
34072 926
34073 927
34076 928
34077 929
34080 930
34081 931
34113 932
34114 933
34116 934
34117 935
34118 936
34121 937
34122 938
34124 939
34125 940
34126 941
34128 942
34129 943
34130 944
34132 945
34134 946
34136 947
34137 948
34138 949
34140 950
34141 951
34142 952
34144 953
34145 954
34146 955
34305 956
34308 957
34309 958
34313 959
34316 960
34317 961
34320 962
34321 963
34324 964
34325 965
34329 966
34332 967
34333 968
34336 969
34337 970
34369 971
34370 972
34372 973
34373 974
34374 975
34377 976
34378 977
34380 978
34381 979
34382 980
34384 981
34385 982
34386 983
34388 984
34389 985
34390 986
34392 987
34394 988
34396 989
34397 990
34398 991
34400 992
34401 993
34402 994
34561 995
34564 996
34565 997
34569 998
34572 999
34573 1000
34576 1001
34577 1002
34580 1003
34581 1004
34584 1005
34585 1006
34589 1007
34592 1008
34593 1009
34625 1010
34626 1011
34628 1012
34629 1013
34630 1014
34633 1015
34634 1016
34636 1017
34637 1018
34638 1019
34640 1020
34641 1021
34642 1022
34644 1023
34645 1024
34646 1025
34648 1026
34649 1027
34650 1028
34652 1029
34654 1030
34656 1031
34657 1032
34658 1033
34817 1034
34820 1035
34821 1036
34825 1037
34828 1038
34829 1039
34832 1040
34833 1041
34836 1042
34837 1043
34840 1044
34841 1045
34844 1046
34845 1047
34849 1048
34881 1049
34882 1050
34884 1051
34885 1052
34886 1053
34889 1054
34890 1055
34892 1056
34893 1057
34894 1058
34896 1059
34897 1060
34898 1061
34900 1062
34901 1063
34902 1064
34904 1065
34905 1066
34906 1067
34908 1068
34909 1069
34910 1070
34912 1071
34914 1072
37505 1073
37507 1074
37508 1075
37509 1075
37511 1076
37512 1077
37515 1078
37516 1079
37517 1079
37519 1080
37520 1081
37521 1081
37523 1082
37524 1083
37525 1083
37527 1084
37528 1085
37529 1085
37531 1086
37532 1087
37533 1087
37535 1088
37536 1089
37537 1089
37539 1090
37633 854
37634 855
37636 856
37637 857
37638 858
37640 1091
37642 860
37645 1092
37646 862
37648 863
37649 864
37650 865
37652 866
37653 867
37654 868
37656 869
37657 870
37658 871
37660 872
37661 873
37662 874
37664 875
37665 876
37666 877
37697 1093
37698 855
37700 857
37701 856
37702 858
37704 859
37706 860
37708 1092
37710 862
37712 864
37713 863
37714 865
37716 867
37717 866
37718 868
37720 870
37721 869
37722 871
37724 873
37725 872
37726 874
37728 876
37729 875
37730 877
37761 1094
37762 1094
37763 1095
37764 1096
37765 1096
37766 1096
37767 1097
37768 1098
37770 1098
37771 1099
37772 1100
37773 1100
37775 1101
37776 1102
37777 1102
37778 1102
37779 1103
37780 1104
37781 1104
37782 1104
37783 1105
37784 1106
37785 1106
37786 1106
37787 1107
37788 1108
37789 1108
37790 1108
37791 1109
37792 1110
37793 1110
37794 1110
37795 1111
37889 893
37890 894
37892 895
37893 896
37894 897
37896 1112
37898 899
37900 900
37901 901
37902 902
37905 1113
37906 904
37908 905
37909 906
37910 907
37912 908
37913 909
37914 910
37916 911
37917 912
37918 913
37920 914
37921 915
37922 916
37953 1114
37954 894
37956 896
37957 895
37958 897
37960 898
37962 899
37964 901
37965 900
37966 902
37968 1113
37970 904
37972 906
37973 905
37974 907
37976 909
37977 908
37978 910
37980 912
37981 911
37982 913
37984 915
37985 914
37986 916
38017 1115
38018 1115
38019 1116
38020 1117
38021 1117
38022 1117
38023 1118
38024 1119
38026 1119
38027 1120
38028 1121
38029 1121
38030 1121
38031 1122
38032 1123
38033 1123
38035 1124
38036 1125
38037 1125
38038 1125
38039 1126
38040 1127
38041 1127
38042 1127
38043 1128
38044 1129
38045 1129
38046 1129
38047 1130
38048 1131
38049 1131
38050 1131
38051 1132
38145 932
38146 933
38148 934
38149 935
38150 936
38152 1133
38154 938
38156 939
38157 940
38158 941
38160 942
38161 943
38162 944
38165 1134
38166 946
38168 947
38169 948
38170 949
38172 950
38173 951
38174 952
38176 953
38177 954
38178 955
38209 1135
38210 933
38212 935
38213 934
38214 936
38216 937
38218 938
38220 940
38221 939
38222 941
38224 943
38225 942
38226 944
38228 1134
38230 946
38232 948
38233 947
38234 949
38236 951
38237 950
38238 952
38240 954
38241 953
38242 955
38273 1136
38274 1136
38275 1137
38276 1138
38277 1138
38278 1138
38279 1139
38280 1140
38282 1140
38283 1141
38284 1142
38285 1142
38286 1142
38287 1143
38288 1144
38289 1144
38290 1144
38291 1145
38292 1146
38293 1146
38295 1147
38296 1148
38297 1148
38298 1148
38299 1149
38300 1150
38301 1150
38302 1150
38303 1151
38304 1152
38305 1152
38306 1152
38307 1153
38401 971
38402 972
38404 973
38405 974
38406 975
38408 1154
38410 977
38412 978
38413 979
38414 980
38416 981
38417 982
38418 983
38420 984
38421 985
38422 986
38425 1155
38426 988
38428 989
38429 990
38430 991
38432 992
38433 993
38434 994
38465 1156
38466 972
38468 974
38469 973
38470 975
38472 976
38474 977
38476 979
38477 978
38478 980
38480 982
38481 981
38482 983
38484 985
38485 984
38486 986
38488 1155
38490 988
38492 990
38493 989
38494 991
38496 993
38497 992
38498 994
38529 1157
38530 1157
38531 1158
38532 1159
38533 1159
38534 1159
38535 1160
38536 1161
38538 1161
38539 1162
38540 1163
38541 1163
38542 1163
38543 1164
38544 1165
38545 1165
38546 1165
38547 1166
38548 1167
38549 1167
38550 1167
38551 1168
38552 1169
38553 1169
38555 1170
38556 1171
38557 1171
38558 1171
38559 1172
38560 1173
38561 1173
38562 1173
38563 1174
38657 1010
38658 1011
38660 1012
38661 1013
38662 1014
38664 1175
38666 1016
38668 1017
38669 1018
38670 1019
38672 1020
38673 1021
38674 1022
38676 1023
38677 1024
38678 1025
38680 1026
38681 1027
38682 1028
38685 1176
38686 1030
38688 1031
38689 1032
38690 1033
38721 1177
38722 1011
38724 1013
38725 1012
38726 1014
38728 1015
38730 1016
38732 1018
38733 1017
38734 1019
38736 1021
38737 1020
38738 1022
38740 1024
38741 1023
38742 1025
38744 1027
38745 1026
38746 1028
38748 1176
38750 1030
38752 1032
38753 1031
38754 1033
38785 1178
38786 1178
38787 1179
38788 1180
38789 1180
38790 1180
38791 1181
38792 1182
38794 1182
38795 1183
38796 1184
38797 1184
38798 1184
38799 1185
38800 1186
38801 1186
38802 1186
38803 1187
38804 1188
38805 1188
38806 1188
38807 1189
38808 1190
38809 1190
38810 1190
38811 1191
38812 1192
38813 1192
38815 1193
38816 1194
38817 1194
38818 1194
38819 1195
38913 1049
38914 1050
38916 1051
38917 1052
38918 1053
38920 1196
38922 1055
38924 1056
38925 1057
38926 1058
38928 1059
38929 1060
38930 1061
38932 1062
38933 1063
38934 1064
38936 1065
38937 1066
38938 1067
38940 1068
38941 1069
38942 1070
38945 1197
38946 1072
38977 1198
38978 1050
38980 1052
38981 1051
38982 1053
38984 1054
38986 1055
38988 1057
38989 1056
38990 1058
38992 1060
38993 1059
38994 1061
38996 1063
38997 1062
38998 1064
39000 1066
39001 1065
39002 1067
39004 1069
39005 1068
39006 1070
39008 1197
39010 1072
39041 1199
39042 1199
39043 1200
39044 1201
39045 1201
39046 1201
39047 1202
39048 1203
39050 1203
39051 1204
39052 1205
39053 1205
39054 1205
39055 1206
39056 1207
39057 1207
39058 1207
39059 1208
39060 1209
39061 1209
39062 1209
39063 1210
39064 1211
39065 1211
39066 1211
39067 1212
39068 1213
39069 1213
39070 1213
39071 1214
39072 1215
39073 1215
39075 1216
49985 1217
49986 1218
49988 1219
49989 1220
49990 1221
49992 1222
49993 1223
49994 1224
49998 1225
50000 1226
50001 1227
50002 1228
50004 1229
50005 1230
50006 1231
50008 1232
50009 1233
50010 1234
50012 1235
50013 1236
50014 1237
50016 1238
50017 1239
50018 1240
50177 1241
50180 1242
50181 1243
50184 1244
50185 1245
50189 1246
50193 1247
50196 1248
50197 1249
50200 1250
50201 1251
50204 1252
50205 1253
50208 1254
50209 1255
50241 1256
50242 1257
50244 1258
50245 1259
50246 1260
50248 1261
50249 1262
50250 1263
50253 1264
50254 1265
50256 1266
50258 1267
50260 1268
50261 1269
50262 1270
50264 1271
50265 1272
50266 1273
50268 1274
50269 1275
50270 1276
50272 1277
50273 1278
50274 1279
50433 1280
50436 1281
50437 1282
50440 1283
50441 1284
50445 1285
50448 1286
50449 1287
50453 1288
50456 1289
50457 1290
50460 1291
50461 1292
50464 1293
50465 1294
50497 1295
50498 1296
50500 1297
50501 1298
50502 1299
50504 1300
50505 1301
50506 1302
50509 1303
50510 1304
50512 1305
50513 1306
50514 1307
50516 1308
50518 1309
50520 1310
50521 1311
50522 1312
50524 1313
50525 1314
50526 1315
50528 1316
50529 1317
50530 1318
50689 1319
50692 1320
50693 1321
50696 1322
50697 1323
50701 1324
50704 1325
50705 1326
50708 1327
50709 1328
50713 1329
50716 1330
50717 1331
50720 1332
50721 1333
50753 1334
50754 1335
50756 1336
50757 1337
50758 1338
50760 1339
50761 1340
50762 1341
50765 1342
50766 1343
50768 1344
50769 1345
50770 1346
50772 1347
50773 1348
50774 1349
50776 1350
50778 1351
50780 1352
50781 1353
50782 1354
50784 1355
50785 1356
50786 1357
50945 1358
50948 1359
50949 1360
50952 1361
50953 1362
50957 1363
50960 1364
50961 1365
50964 1366
50965 1367
50968 1368
50969 1369
50973 1370
50976 1371
50977 1372
51009 1373
51010 1374
51012 1375
51013 1376
51014 1377
51016 1378
51017 1379
51018 1380
51021 1381
51022 1382
51024 1383
51025 1384
51026 1385
51028 1386
51029 1387
51030 1388
51032 1389
51033 1390
51034 1391
51036 1392
51038 1393
51040 1394
51041 1395
51042 1396
51201 1397
51204 1398
51205 1399
51208 1400
51209 1401
51213 1402
51216 1403
51217 1404
51220 1405
51221 1406
51224 1407
51225 1408
51228 1409
51229 1410
51233 1411
51265 1412
51266 1413
51268 1414
51269 1415
51270 1416
51272 1417
51273 1418
51274 1419
51277 1420
51278 1421
51280 1422
51281 1423
51282 1424
51284 1425
51285 1426
51286 1427
51288 1428
51289 1429
51290 1430
51292 1431
51293 1432
51294 1433
51296 1434
51298 1435
54145 1436
54147 1437
54148 1438
54149 1438
54151 1439
54152 1440
54153 1440
54155 1441
54156 1442
54159 1443
54160 1444
54161 1444
54163 1445
54164 1446
54165 1446
54167 1447
54168 1448
54169 1448
54171 1449
54172 1450
54173 1450
54175 1451
54176 1452
54177 1452
54179 1453
54273 1256
54274 1257
54276 1258
54277 1259
54278 1260
54280 1261
54281 1262
54282 1263
54284 1454
54286 1265
54289 1455
54290 1267
54292 1268
54293 1269
54294 1270
54296 1271
54297 1272
54298 1273
54300 1274
54301 1275
54302 1276
54304 1277
54305 1278
54306 1279
54337 1456
54338 1257
54340 1259
54341 1258
54342 1260
54344 1262
54345 1261
54346 1263
54348 1264
54350 1265
54352 1455
54354 1267
54356 1269
54357 1268
54358 1270
54360 1272
54361 1271
54362 1273
54364 1275
54365 1274
54366 1276
54368 1278
54369 1277
54370 1279
54401 1457
54402 1457
54403 1458
54404 1459
54405 1459
54406 1459
54407 1460
54408 1461
54409 1461
54410 1461
54411 1462
54412 1463
54414 1463
54415 1464
54416 1465
54417 1465
54419 1466
54420 1467
54421 1467
54422 1467
54423 1468
54424 1469
54425 1469
54426 1469
54427 1470
54428 1471
54429 1471
54430 1471
54431 1472
54432 1473
54433 1473
54434 1473
54435 1474
54529 1295
54530 1296
54532 1297
54533 1298
54534 1299
54536 1300
54537 1301
54538 1302
54540 1475
54542 1304
54544 1305
54545 1306
54546 1307
54549 1476
54550 1309
54552 1310
54553 1311
54554 1312
54556 1313
54557 1314
54558 1315
54560 1316
54561 1317
54562 1318
54593 1477
54594 1296
54596 1298
54597 1297
54598 1299
54600 1301
54601 1300
54602 1302
54604 1303
54606 1304
54608 1306
54609 1305
54610 1307
54612 1476
54614 1309
54616 1311
54617 1310
54618 1312
54620 1314
54621 1313
54622 1315
54624 1317
54625 1316
54626 1318
54657 1478
54658 1478
54659 1479
54660 1480
54661 1480
54662 1480
54663 1481
54664 1482
54665 1482
54666 1482
54667 1483
54668 1484
54670 1484
54671 1485
54672 1486
54673 1486
54674 1486
54675 1487
54676 1488
54677 1488
54679 1489
54680 1490
54681 1490
54682 1490
54683 1491
54684 1492
54685 1492
54686 1492
54687 1493
54688 1494
54689 1494
54690 1494
54691 1495
54785 1334
54786 1335
54788 1336
54789 1337
54790 1338
54792 1339
54793 1340
54794 1341
54796 1496
54798 1343
54800 1344
54801 1345
54802 1346
54804 1347
54805 1348
54806 1349
54809 1497
54810 1351
54812 1352
54813 1353
54814 1354
54816 1355
54817 1356
54818 1357
54849 1498
54850 1335
54852 1337
54853 1336
54854 1338
54856 1340
54857 1339
54858 1341
54860 1342
54862 1343
54864 1345
54865 1344
54866 1346
54868 1348
54869 1347
54870 1349
54872 1497
54874 1351
54876 1353
54877 1352
54878 1354
54880 1356
54881 1355
54882 1357
54913 1499
54914 1499
54915 1500
54916 1501
54917 1501
54918 1501
54919 1502
54920 1503
54921 1503
54922 1503
54923 1504
54924 1505
54926 1505
54927 1506
54928 1507
54929 1507
54930 1507
54931 1508
54932 1509
54933 1509
54934 1509
54935 1510
54936 1511
54937 1511
54939 1512
54940 1513
54941 1513
54942 1513
54943 1514
54944 1515
54945 1515
54946 1515
54947 1516
55041 1373
55042 1374
55044 1375
55045 1376
55046 1377
55048 1378
55049 1379
55050 1380
55052 1517
55054 1382
55056 1383
55057 1384
55058 1385
55060 1386
55061 1387
55062 1388
55064 1389
55065 1390
55066 1391
55069 1518
55070 1393
55072 1394
55073 1395
55074 1396
55105 1519
55106 1374
55108 1376
55109 1375
55110 1377
55112 1379
55113 1378
55114 1380
55116 1381
55118 1382
55120 1384
55121 1383
55122 1385
55124 1387
55125 1386
55126 1388
55128 1390
55129 1389
55130 1391
55132 1518
55134 1393
55136 1395
55137 1394
55138 1396
55169 1520
55170 1520
55171 1521
55172 1522
55173 1522
55174 1522
55175 1523
55176 1524
55177 1524
55178 1524
55179 1525
55180 1526
55182 1526
55183 1527
55184 1528
55185 1528
55186 1528
55187 1529
55188 1530
55189 1530
55190 1530
55191 1531
55192 1532
55193 1532
55194 1532
55195 1533
55196 1534
55197 1534
55199 1535
55200 1536
55201 1536
55202 1536
55203 1537
55297 1412
55298 1413
55300 1414
55301 1415
55302 1416
55304 1417
55305 1418
55306 1419
55308 1538
55310 1421
55312 1422
55313 1423
55314 1424
55316 1425
55317 1426
55318 1427
55320 1428
55321 1429
55322 1430
55324 1431
55325 1432
55326 1433
55329 1539
55330 1435
55361 1540
55362 1413
55364 1415
55365 1414
55366 1416
55368 1418
55369 1417
55370 1419
55372 1420
55374 1421
55376 1423
55377 1422
55378 1424
55380 1426
55381 1425
55382 1427
55384 1429
55385 1428
55386 1430
55388 1432
55389 1431
55390 1433
55392 1539
55394 1435
55425 1541
55426 1541
55427 1542
55428 1543
55429 1543
55430 1543
55431 1544
55432 1545
55433 1545
55434 1545
55435 1546
55436 1547
55438 1547
55439 1548
55440 1549
55441 1549
55442 1549
55443 1550
55444 1551
55445 1551
55446 1551
55447 1552
55448 1553
55449 1553
55450 1553
55451 1554
55452 1555
55453 1555
55454 1555
55455 1556
55456 1557
55457 1557
55459 1558
66625 1559
66626 1560
66628 1561
66629 1562
66630 1563
66632 1564
66633 1565
66634 1566
66636 1567
66637 1568
66638 1569
66642 1570
66644 1571
66645 1572
66646 1573
66648 1574
66649 1575
66650 1576
66652 1577
66653 1578
66654 1579
66656 1580
66657 1581
66658 1582
66817 1583
66820 1584
66821 1585
66824 1586
66825 1587
66828 1588
66829 1589
66833 1590
66837 1591
66840 1592
66841 1593
66844 1594
66845 1595
66848 1596
66849 1597
66881 1598
66882 1599
66884 1600
66885 1601
66886 1602
66888 1603
66889 1604
66890 1605
66892 1606
66893 1607
66894 1608
66897 1609
66898 1610
66900 1611
66902 1612
66904 1613
66905 1614
66906 1615
66908 1616
66909 1617
66910 1618
66912 1619
66913 1620
66914 1621
67073 1622
67076 1623
67077 1624
67080 1625
67081 1626
67084 1627
67085 1628
67089 1629
67092 1630
67093 1631
67097 1632
67100 1633
67101 1634
67104 1635
67105 1636
67137 1637
67138 1638
67140 1639
67141 1640
67142 1641
67144 1642
67145 1643
67146 1644
67148 1645
67149 1646
67150 1647
67153 1648
67154 1649
67156 1650
67157 1651
67158 1652
67160 1653
67162 1654
67164 1655
67165 1656
67166 1657
67168 1658
67169 1659
67170 1660
67329 1661
67332 1662
67333 1663
67336 1664
67337 1665
67340 1666
67341 1667
67345 1668
67348 1669
67349 1670
67352 1671
67353 1672
67357 1673
67360 1674
67361 1675
67393 1676
67394 1677
67396 1678
67397 1679
67398 1680
67400 1681
67401 1682
67402 1683
67404 1684
67405 1685
67406 1686
67409 1687
67410 1688
67412 1689
67413 1690
67414 1691
67416 1692
67417 1693
67418 1694
67420 1695
67422 1696
67424 1697
67425 1698
67426 1699
67585 1700
67588 1701
67589 1702
67592 1703
67593 1704
67596 1705
67597 1706
67601 1707
67604 1708
67605 1709
67608 1710
67609 1711
67612 1712
67613 1713
67617 1714
67649 1715
67650 1716
67652 1717
67653 1718
67654 1719
67656 1720
67657 1721
67658 1722
67660 1723
67661 1724
67662 1725
67665 1726
67666 1727
67668 1728
67669 1729
67670 1730
67672 1731
67673 1732
67674 1733
67676 1734
67677 1735
67678 1736
67680 1737
67682 1738
70785 1739
70787 1740
70788 1741
70789 1741
70791 1742
70792 1743
70793 1743
70795 1744
70796 1745
70797 1745
70799 1746
70800 1747
70803 1748
70804 1749
70805 1749
70807 1750
70808 1751
70809 1751
70811 1752
70812 1753
70813 1753
70815 1754
70816 1755
70817 1755
70819 1756
70913 1598
70914 1599
70916 1600
70917 1601
70918 1602
70920 1603
70921 1604
70922 1605
70924 1606
70925 1607
70926 1608
70928 1757
70930 1610
70933 1758
70934 1612
70936 1613
70937 1614
70938 1615
70940 1616
70941 1617
70942 1618
70944 1619
70945 1620
70946 1621
70977 1759
70978 1599
70980 1601
70981 1600
70982 1602
70984 1604
70985 1603
70986 1605
70988 1607
70989 1606
70990 1608
70992 1609
70994 1610
70996 1758
70998 1612
71000 1614
71001 1613
71002 1615
71004 1617
71005 1616
71006 1618
71008 1620
71009 1619
71010 1621
71041 1760
71042 1760
71043 1761
71044 1762
71045 1762
71046 1762
71047 1763
71048 1764
71049 1764
71050 1764
71051 1765
71052 1766
71053 1766
71054 1766
71055 1767
71056 1768
71058 1768
71059 1769
71060 1770
71061 1770
71063 1771
71064 1772
71065 1772
71066 1772
71067 1773
71068 1774
71069 1774
71070 1774
71071 1775
71072 1776
71073 1776
71074 1776
71075 1777
71169 1637
71170 1638
71172 1639
71173 1640
71174 1641
71176 1642
71177 1643
71178 1644
71180 1645
71181 1646
71182 1647
71184 1778
71186 1649
71188 1650
71189 1651
71190 1652
71193 1779
71194 1654
71196 1655
71197 1656
71198 1657
71200 1658
71201 1659
71202 1660
71233 1780
71234 1638
71236 1640
71237 1639
71238 1641
71240 1643
71241 1642
71242 1644
71244 1646
71245 1645
71246 1647
71248 1648
71250 1649
71252 1651
71253 1650
71254 1652
71256 1779
71258 1654
71260 1656
71261 1655
71262 1657
71264 1659
71265 1658
71266 1660
71297 1781
71298 1781
71299 1782
71300 1783
71301 1783
71302 1783
71303 1784
71304 1785
71305 1785
71306 1785
71307 1786
71308 1787
71309 1787
71310 1787
71311 1788
71312 1789
71314 1789
71315 1790
71316 1791
71317 1791
71318 1791
71319 1792
71320 1793
71321 1793
71323 1794
71324 1795
71325 1795
71326 1795
71327 1796
71328 1797
71329 1797
71330 1797
71331 1798
71425 1676
71426 1677
71428 1678
71429 1679
71430 1680
71432 1681
71433 1682
71434 1683
71436 1684
71437 1685
71438 1686
71440 1799
71442 1688
71444 1689
71445 1690
71446 1691
71448 1692
71449 1693
71450 1694
71453 1800
71454 1696
71456 1697
71457 1698
71458 1699
71489 1801
71490 1677
71492 1679
71493 1678
71494 1680
71496 1682
71497 1681
71498 1683
71500 1685
71501 1684
71502 1686
71504 1687
71506 1688
71508 1690
71509 1689
71510 1691
71512 1693
71513 1692
71514 1694
71516 1800
71518 1696
71520 1698
71521 1697
71522 1699
71553 1802
71554 1802
71555 1803
71556 1804
71557 1804
71558 1804
71559 1805
71560 1806
71561 1806
71562 1806
71563 1807
71564 1808
71565 1808
71566 1808
71567 1809
71568 1810
71570 1810
71571 1811
71572 1812
71573 1812
71574 1812
71575 1813
71576 1814
71577 1814
71578 1814
71579 1815
71580 1816
71581 1816
71583 1817
71584 1818
71585 1818
71586 1818
71587 1819
71681 1715
71682 1716
71684 1717
71685 1718
71686 1719
71688 1720
71689 1721
71690 1722
71692 1723
71693 1724
71694 1725
71696 1820
71698 1727
71700 1728
71701 1729
71702 1730
71704 1731
71705 1732
71706 1733
71708 1734
71709 1735
71710 1736
71713 1821
71714 1738
71745 1822
71746 1716
71748 1718
71749 1717
71750 1719
71752 1721
71753 1720
71754 1722
71756 1724
71757 1723
71758 1725
71760 1726
71762 1727
71764 1729
71765 1728
71766 1730
71768 1732
71769 1731
71770 1733
71772 1735
71773 1734
71774 1736
71776 1821
71778 1738
71809 1823
71810 1823
71811 1824
71812 1825
71813 1825
71814 1825
71815 1826
71816 1827
71817 1827
71818 1827
71819 1828
71820 1829
71821 1829
71822 1829
71823 1830
71824 1831
71826 1831
71827 1832
71828 1833
71829 1833
71830 1833
71831 1834
71832 1835
71833 1835
71834 1835
71835 1836
71836 1837
71837 1837
71838 1837
71839 1838
71840 1839
71841 1839
71843 1840
83265 1841
83266 1842
83268 1843
83269 1844
83270 1845
83272 1846
83273 1847
83274 1848
83276 1849
83277 1850
83278 1851
83280 1852
83281 1853
83282 1854
83286 1855
83288 1856
83289 1857
83290 1858
83292 1859
83293 1860
83294 1861
83296 1862
83297 1863
83298 1864
83457 1865
83460 1866
83461 1867
83464 1868
83465 1869
83468 1870
83469 1871
83472 1872
83473 1873
83477 1874
83481 1875
83484 1876
83485 1877
83488 1878
83489 1879
83521 1880
83522 1881
83524 1882
83525 1883
83526 1884
83528 1885
83529 1886
83530 1887
83532 1888
83533 1889
83534 1890
83536 1891
83537 1892
83538 1893
83541 1894
83542 1895
83544 1896
83546 1897
83548 1898
83549 1899
83550 1900
83552 1901
83553 1902
83554 1903
83713 1904
83716 1905
83717 1906
83720 1907
83721 1908
83724 1909
83725 1910
83728 1911
83729 1912
83733 1913
83736 1914
83737 1915
83741 1916
83744 1917
83745 1918
83777 1919
83778 1920
83780 1921
83781 1922
83782 1923
83784 1924
83785 1925
83786 1926
83788 1927
83789 1928
83790 1929
83792 1930
83793 1931
83794 1932
83797 1933
83798 1934
83800 1935
83801 1936
83802 1937
83804 1938
83806 1939
83808 1940
83809 1941
83810 1942
83969 1943
83972 1944
83973 1945
83976 1946
83977 1947
83980 1948
83981 1949
83984 1950
83985 1951
83989 1952
83992 1953
83993 1954
83996 1955
83997 1956
84001 1957
84033 1958
84034 1959
84036 1960
84037 1961
84038 1962
84040 1963
84041 1964
84042 1965
84044 1966
84045 1967
84046 1968
84048 1969
84049 1970
84050 1971
84053 1972
84054 1973
84056 1974
84057 1975
84058 1976
84060 1977
84061 1978
84062 1979
84064 1980
84066 1981
87425 1982
87427 1983
87428 1984
87429 1984
87431 1985
87432 1986
87433 1986
87435 1987
87436 1988
87437 1988
87439 1989
87440 1990
87441 1990
87443 1991
87444 1992
87447 1993
87448 1994
87449 1994
87451 1995
87452 1996
87453 1996
87455 1997
87456 1998
87457 1998
87459 1999
87553 1880
87554 1881
87556 1882
87557 1883
87558 1884
87560 1885
87561 1886
87562 1887
87564 1888
87565 1889
87566 1890
87568 1891
87569 1892
87570 1893
87572 2000
87574 1895
87577 2001
87578 1897
87580 1898
87581 1899
87582 1900
87584 1901
87585 1902
87586 1903
87617 2002
87618 1881
87620 1883
87621 1882
87622 1884
87624 1886
87625 1885
87626 1887
87628 1889
87629 1888
87630 1890
87632 1892
87633 1891
87634 1893
87636 1894
87638 1895
87640 2001
87642 1897
87644 1899
87645 1898
87646 1900
87648 1902
87649 1901
87650 1903
87681 2003
87682 2003
87683 2004
87684 2005
87685 2005
87686 2005
87687 2006
87688 2007
87689 2007
87690 2007
87691 2008
87692 2009
87693 2009
87694 2009
87695 2010
87696 2011
87697 2011
87698 2011
87699 2012
87700 2013
87702 2013
87703 2014
87704 2015
87705 2015
87707 2016
87708 2017
87709 2017
87710 2017
87711 2018
87712 2019
87713 2019
87714 2019
87715 2020
87809 1919
87810 1920
87812 1921
87813 1922
87814 1923
87816 1924
87817 1925
87818 1926
87820 1927
87821 1928
87822 1929
87824 1930
87825 1931
87826 1932
87828 2021
87830 1934
87832 1935
87833 1936
87834 1937
87837 2022
87838 1939
87840 1940
87841 1941
87842 1942
87873 2023
87874 1920
87876 1922
87877 1921
87878 1923
87880 1925
87881 1924
87882 1926
87884 1928
87885 1927
87886 1929
87888 1931
87889 1930
87890 1932
87892 1933
87894 1934
87896 1936
87897 1935
87898 1937
87900 2022
87902 1939
87904 1941
87905 1940
87906 1942
87937 2024
87938 2024
87939 2025
87940 2026
87941 2026
87942 2026
87943 2027
87944 2028
87945 2028
87946 2028
87947 2029
87948 2030
87949 2030
87950 2030
87951 2031
87952 2032
87953 2032
87954 2032
87955 2033
87956 2034
87958 2034
87959 2035
87960 2036
87961 2036
87962 2036
87963 2037
87964 2038
87965 2038
87967 2039
87968 2040
87969 2040
87970 2040
87971 2041
88065 1958
88066 1959
88068 1960
88069 1961
88070 1962
88072 1963
88073 1964
88074 1965
88076 1966
88077 1967
88078 1968
88080 1969
88081 1970
88082 1971
88084 2042
88086 1973
88088 1974
88089 1975
88090 1976
88092 1977
88093 1978
88094 1979
88097 2043
88098 1981
88129 2044
88130 1959
88132 1961
88133 1960
88134 1962
88136 1964
88137 1963
88138 1965
88140 1967
88141 1966
88142 1968
88144 1970
88145 1969
88146 1971
88148 1972
88150 1973
88152 1975
88153 1974
88154 1976
88156 1978
88157 1977
88158 1979
88160 2043
88162 1981
88193 2045
88194 2045
88195 2046
88196 2047
88197 2047
88198 2047
88199 2048
88200 2049
88201 2049
88202 2049
88203 2050
88204 2051
88205 2051
88206 2051
88207 2052
88208 2053
88209 2053
88210 2053
88211 2054
88212 2055
88214 2055
88215 2056
88216 2057
88217 2057
88218 2057
88219 2058
88220 2059
88221 2059
88222 2059
88223 2060
88224 2061
88225 2061
88227 2062
99905 2063
99906 2064
99908 2065
99909 2066
99910 2067
99912 2068
99913 2069
99914 2070
99916 2071
99917 2072
99918 2073
99920 2074
99921 2075
99922 2076
99924 2077
99925 2078
99926 2079
99930 2080
99932 2081
99933 2082
99934 2083
99936 2084
99937 2085
99938 2086
100097 2087
100100 2088
100101 2089
100104 2090
100105 2091
100108 2092
100109 2093
100112 2094
100113 2095
100116 2096
100117 2097
100121 2098
100125 2099
100128 2100
100129 2101
100161 2102
100162 2103
100164 2104
100165 2105
100166 2106
100168 2107
100169 2108
100170 2109
100172 2110
100173 2111
100174 2112
100176 2113
100177 2114
100178 2115
100180 2116
100181 2117
100182 2118
100185 2119
100186 2120
100188 2121
100190 2122
100192 2123
100193 2124
100194 2125
100353 2126
100356 2127
100357 2128
100360 2129
100361 2130
100364 2131
100365 2132
100368 2133
100369 2134
100372 2135
100373 2136
100377 2137
100380 2138
100381 2139
100385 2140
100417 2141
100418 2142
100420 2143
100421 2144
100422 2145
100424 2146
100425 2147
100426 2148
100428 2149
100429 2150
100430 2151
100432 2152
100433 2153
100434 2154
100436 2155
100437 2156
100438 2157
100441 2158
100442 2159
100444 2160
100445 2161
100446 2162
100448 2163
100450 2164
104065 2165
104067 2166
104068 2167
104069 2167
104071 2168
104072 2169
104073 2169
104075 2170
104076 2171
104077 2171
104079 2172
104080 2173
104081 2173
104083 2174
104084 2175
104085 2175
104087 2176
104088 2177
104091 2178
104092 2179
104093 2179
104095 2180
104096 2181
104097 2181
104099 2182
104193 2102
104194 2103
104196 2104
104197 2105
104198 2106
104200 2107
104201 2108
104202 2109
104204 2110
104205 2111
104206 2112
104208 2113
104209 2114
104210 2115
104212 2116
104213 2117
104214 2118
104216 2183
104218 2120
104221 2184
104222 2122
104224 2123
104225 2124
104226 2125
104257 2185
104258 2103
104260 2105
104261 2104
104262 2106
104264 2108
104265 2107
104266 2109
104268 2111
104269 2110
104270 2112
104272 2114
104273 2113
104274 2115
104276 2117
104277 2116
104278 2118
104280 2119
104282 2120
104284 2184
104286 2122
104288 2124
104289 2123
104290 2125
104321 2186
104322 2186
104323 2187
104324 2188
104325 2188
104326 2188
104327 2189
104328 2190
104329 2190
104330 2190
104331 2191
104332 2192
104333 2192
104334 2192
104335 2193
104336 2194
104337 2194
104338 2194
104339 2195
104340 2196
104341 2196
104342 2196
104343 2197
104344 2198
104346 2198
104347 2199
104348 2200
104349 2200
104351 2201
104352 2202
104353 2202
104354 2202
104355 2203
104449 2141
104450 2142
104452 2143
104453 2144
104454 2145
104456 2146
104457 2147
104458 2148
104460 2149
104461 2150
104462 2151
104464 2152
104465 2153
104466 2154
104468 2155
104469 2156
104470 2157
104472 2204
104474 2159
104476 2160
104477 2161
104478 2162
104481 2205
104482 2164
104513 2206
104514 2142
104516 2144
104517 2143
104518 2145
104520 2147
104521 2146
104522 2148
104524 2150
104525 2149
104526 2151
104528 2153
104529 2152
104530 2154
104532 2156
104533 2155
104534 2157
104536 2158
104538 2159
104540 2161
104541 2160
104542 2162
104544 2205
104546 2164
104577 2207
104578 2207
104579 2208
104580 2209
104581 2209
104582 2209
104583 2210
104584 2211
104585 2211
104586 2211
104587 2212
104588 2213
104589 2213
104590 2213
104591 2214
104592 2215
104593 2215
104594 2215
104595 2216
104596 2217
104597 2217
104598 2217
104599 2218
104600 2219
104602 2219
104603 2220
104604 2221
104605 2221
104606 2221
104607 2222
104608 2223
104609 2223
104611 2224
116545 2225
116546 2226
116548 2227
116549 2228
116550 2229
116552 2230
116553 2231
116554 2232
116556 2233
116557 2234
116558 2235
116560 2236
116561 2237
116562 2238
116564 2239
116565 2240
116566 2241
116568 2242
116569 2243
116570 2244
116574 2245
116576 2246
116577 2247
116578 2248
116737 2249
116740 2250
116741 2251
116744 2252
116745 2253
116748 2254
116749 2255
116752 2256
116753 2257
116756 2258
116757 2259
116760 2260
116761 2261
116765 2262
116769 2263
116801 2264
116802 2265
116804 2266
116805 2267
116806 2268
116808 2269
116809 2270
116810 2271
116812 2272
116813 2273
116814 2274
116816 2275
116817 2276
116818 2277
116820 2278
116821 2279
116822 2280
116824 2281
116825 2282
116826 2283
116829 2284
116830 2285
116832 2286
116834 2287
120705 2288
120707 2289
120708 2290
120709 2290
120711 2291
120712 2292
120713 2292
120715 2293
120716 2294
120717 2294
120719 2295
120720 2296
120721 2296
120723 2297
120724 2298
120725 2298
120727 2299
120728 2300
120729 2300
120731 2301
120732 2302
120735 2303
120736 2304
120737 2304
120739 2305
120833 2264
120834 2265
120836 2266
120837 2267
120838 2268
120840 2269
120841 2270
120842 2271
120844 2272
120845 2273
120846 2274
120848 2275
120849 2276
120850 2277
120852 2278
120853 2279
120854 2280
120856 2281
120857 2282
120858 2283
120860 2306
120862 2285
120865 2307
120866 2287
120897 2308
120898 2265
120900 2267
120901 2266
120902 2268
120904 2270
120905 2269
120906 2271
120908 2273
120909 2272
120910 2274
120912 2276
120913 2275
120914 2277
120916 2279
120917 2278
120918 2280
120920 2282
120921 2281
120922 2283
120924 2284
120926 2285
120928 2307
120930 2287
120961 2309
120962 2309
120963 2310
120964 2311
120965 2311
120966 2311
120967 2312
120968 2313
120969 2313
120970 2313
120971 2314
120972 2315
120973 2315
120974 2315
120975 2316
120976 2317
120977 2317
120978 2317
120979 2318
120980 2319
120981 2319
120982 2319
120983 2320
120984 2321
120985 2321
120986 2321
120987 2322
120988 2323
120990 2323
120991 2324
120992 2325
120993 2325
120995 2326
133185 2327
133186 2328
133188 2329
133189 2330
133190 2331
133192 2332
133193 2333
133194 2334
133196 2335
133197 2336
133198 2337
133200 2338
133201 2339
133202 2340
133204 2341
133205 2342
133206 2343
133208 2344
133209 2345
133210 2346
133212 2347
133213 2348
133214 2349
133218 2350
137345 2351
137347 2352
137348 2353
137349 2353
137351 2354
137352 2355
137353 2355
137355 2356
137356 2357
137357 2357
137359 2358
137360 2359
137361 2359
137363 2360
137364 2361
137365 2361
137367 2362
137368 2363
137369 2363
137371 2364
137372 2365
137373 2365
137375 2366
137376 2367
137379 2368
1069440 2369
1069443 2370
1069447 2371
1069448 2372
1069451 2373
1069452 2374
1069455 2375
1069456 2376
1069459 2377
1069460 2378
1069463 2379
1069464 2380
1069467 2381
1069468 2382
1069471 2383
1069472 2384
1069475 2385
1069568 2386
1069569 2387
1069570 2388
1069574 2389
1069577 2390
1069578 2391
1069580 2392
1069581 2393
1069582 2394
1069584 2395
1069585 2396
1069586 2397
1069588 2398
1069589 2399
1069590 2400
1069592 2401
1069593 2402
1069594 2403
1069596 2404
1069597 2405
1069598 2406
1069600 2407
1069601 2408
1069602 2409
1069696 2410
1069698 2410
1069699 2411
1069702 2412
1069703 2413
1069704 2414
1069707 2415
1069708 2416
1069710 2416
1069711 2417
1069712 2418
1069714 2418
1069715 2419
1069716 2420
1069718 2420
1069719 2421
1069720 2422
1069722 2422
1069723 2423
1069724 2424
1069726 2424
1069727 2425
1069728 2426
1069730 2426
1069731 2427
1069824 2428
1069825 2429
1069826 2430
1069830 2431
1069832 2432
1069833 2433
1069834 2434
1069837 2435
1069838 2436
1069840 2437
1069841 2438
1069842 2439
1069844 2440
1069845 2441
1069846 2442
1069848 2443
1069849 2444
1069850 2445
1069852 2446
1069853 2447
1069854 2448
1069856 2449
1069857 2450
1069858 2451
1069952 2452
1069954 2452
1069955 2453
1069958 2454
1069959 2455
1069960 2456
1069962 2456
1069963 2457
1069964 2458
1069967 2459
1069968 2460
1069970 2460
1069971 2461
1069972 2462
1069974 2462
1069975 2463
1069976 2464
1069978 2464
1069979 2465
1069980 2466
1069982 2466
1069983 2467
1069984 2468
1069986 2468
1069987 2469
1070080 2470
1070081 2471
1070082 2472
1070086 2473
1070088 2474
1070089 2475
1070090 2476
1070092 2477
1070093 2478
1070094 2479
1070097 2480
1070098 2481
1070100 2482
1070101 2483
1070102 2484
1070104 2485
1070105 2486
1070106 2487
1070108 2488
1070109 2489
1070110 2490
1070112 2491
1070113 2492
1070114 2493
1070208 2494
1070210 2494
1070211 2495
1070214 2496
1070215 2497
1070216 2498
1070218 2498
1070219 2499
1070220 2500
1070222 2500
1070223 2501
1070224 2502
1070227 2503
1070228 2504
1070230 2504
1070231 2505
1070232 2506
1070234 2506
1070235 2507
1070236 2508
1070238 2508
1070239 2509
1070240 2510
1070242 2510
1070243 2511
1070336 2512
1070337 2513
1070338 2514
1070342 2515
1070344 2516
1070345 2517
1070346 2518
1070348 2519
1070349 2520
1070350 2521
1070352 2522
1070353 2523
1070354 2524
1070357 2525
1070358 2526
1070360 2527
1070361 2528
1070362 2529
1070364 2530
1070365 2531
1070366 2532
1070368 2533
1070369 2534
1070370 2535
1070464 2536
1070466 2536
1070467 2537
1070470 2538
1070471 2539
1070472 2540
1070474 2540
1070475 2541
1070476 2542
1070478 2542
1070479 2543
1070480 2544
1070482 2544
1070483 2545
1070484 2546
1070487 2547
1070488 2548
1070490 2548
1070491 2549
1070492 2550
1070494 2550
1070495 2551
1070496 2552
1070498 2552
1070499 2553
1070592 2554
1070593 2555
1070594 2556
1070598 2557
1070600 2558
1070601 2559
1070602 2560
1070604 2561
1070605 2562
1070606 2563
1070608 2564
1070609 2565
1070610 2566
1070612 2567
1070613 2568
1070614 2569
1070617 2570
1070618 2571
1070620 2572
1070621 2573
1070622 2574
1070624 2575
1070625 2576
1070626 2577
1070720 2578
1070722 2578
1070723 2579
1070726 2580
1070727 2581
1070728 2582
1070730 2582
1070731 2583
1070732 2584
1070734 2584
1070735 2585
1070736 2586
1070738 2586
1070739 2587
1070740 2588
1070742 2588
1070743 2589
1070744 2590
1070747 2591
1070748 2592
1070750 2592
1070751 2593
1070752 2594
1070754 2594
1070755 2595
1070848 2596
1070849 2597
1070850 2598
1070854 2599
1070856 2600
1070857 2601
1070858 2602
1070860 2603
1070861 2604
1070862 2605
1070864 2606
1070865 2607
1070866 2608
1070868 2609
1070869 2610
1070870 2611
1070872 2612
1070873 2613
1070874 2614
1070877 2615
1070878 2616
1070880 2617
1070881 2618
1070882 2619
1070976 2620
1070978 2620
1070979 2621
1070982 2622
1070983 2623
1070984 2624
1070986 2624
1070987 2625
1070988 2626
1070990 2626
1070991 2627
1070992 2628
1070994 2628
1070995 2629
1070996 2630
1070998 2630
1070999 2631
1071000 2632
1071002 2632
1071003 2633
1071004 2634
1071007 2635
1071008 2636
1071010 2636
1071011 2637
1071104 2638
1071105 2639
1071106 2640
1071110 2641
1071112 2642
1071113 2643
1071114 2644
1071116 2645
1071117 2646
1071118 2647
1071120 2648
1071121 2649
1071122 2650
1071124 2651
1071125 2652
1071126 2653
1071128 2654
1071129 2655
1071130 2656
1071132 2657
1071133 2658
1071134 2659
1071137 2660
1071138 2661
1071232 2662
1071234 2662
1071235 2663
1071238 2664
1071239 2665
1071240 2666
1071242 2666
1071243 2667
1071244 2668
1071246 2668
1071247 2669
1071248 2670
1071250 2670
1071251 2671
1071252 2672
1071254 2672
1071255 2673
1071256 2674
1071258 2674
1071259 2675
1071260 2676
1071262 2676
1071263 2677
1071264 2678
1071267 2679
1081920 2680
1081921 2681
1081922 2682
1081925 2683
1081926 2684
1081930 2685
1081932 2686
1081933 2687
1081934 2688
1081936 2689
1081937 2690
1081938 2691
1081940 2692
1081941 2693
1081942 2694
1081944 2695
1081945 2696
1081946 2697
1081948 2698
1081949 2699
1081950 2700
1081952 2701
1081953 2702
1081954 2703
1082112 2704
1082113 2705
1082117 2706
1082121 2707
1082125 2708
1082128 2709
1082129 2710
1082132 2711
1082133 2712
1082136 2713
1082137 2714
1082140 2715
1082141 2716
1082144 2717
1082145 2718
1082176 2719
1082177 2720
1082178 2721
1082181 2722
1082182 2723
1082185 2724
1082186 2725
1082188 2726
1082190 2727
1082192 2728
1082193 2729
1082194 2730
1082196 2731
1082197 2732
1082198 2733
1082200 2734
1082201 2735
1082202 2736
1082204 2737
1082205 2738
1082206 2739
1082208 2740
1082209 2741
1082210 2742
1082368 2743
1082369 2744
1082373 2745
1082377 2746
1082380 2747
1082381 2748
1082385 2749
1082388 2750
1082389 2751
1082392 2752
1082393 2753
1082396 2754
1082397 2755
1082400 2756
1082401 2757
1082432 2758
1082433 2759
1082434 2760
1082437 2761
1082438 2762
1082441 2763
1082442 2764
1082444 2765
1082445 2766
1082446 2767
1082448 2768
1082450 2769
1082452 2770
1082453 2771
1082454 2772
1082456 2773
1082457 2774
1082458 2775
1082460 2776
1082461 2777
1082462 2778
1082464 2779
1082465 2780
1082466 2781
1082624 2782
1082625 2783
1082629 2784
1082633 2785
1082636 2786
1082637 2787
1082640 2788
1082641 2789
1082645 2790
1082648 2791
1082649 2792
1082652 2793
1082653 2794
1082656 2795
1082657 2796
1082688 2797
1082689 2798
1082690 2799
1082693 2800
1082694 2801
1082697 2802
1082698 2803
1082700 2804
1082701 2805
1082702 2806
1082704 2807
1082705 2808
1082706 2809
1082708 2810
1082710 2811
1082712 2812
1082713 2813
1082714 2814
1082716 2815
1082717 2816
1082718 2817
1082720 2818
1082721 2819
1082722 2820
1082880 2821
1082881 2822
1082885 2823
1082889 2824
1082892 2825
1082893 2826
1082896 2827
1082897 2828
1082900 2829
1082901 2830
1082905 2831
1082908 2832
1082909 2833
1082912 2834
1082913 2835
1082944 2836
1082945 2837
1082946 2838
1082949 2839
1082950 2840
1082953 2841
1082954 2842
1082956 2843
1082957 2844
1082958 2845
1082960 2846
1082961 2847
1082962 2848
1082964 2849
1082965 2850
1082966 2851
1082968 2852
1082970 2853
1082972 2854
1082973 2855
1082974 2856
1082976 2857
1082977 2858
1082978 2859
1083136 2860
1083137 2861
1083141 2862
1083145 2863
1083148 2864
1083149 2865
1083152 2866
1083153 2867
1083156 2868
1083157 2869
1083160 2870
1083161 2871
1083165 2872
1083168 2873
1083169 2874
1083200 2875
1083201 2876
1083202 2877
1083205 2878
1083206 2879
1083209 2880
1083210 2881
1083212 2882
1083213 2883
1083214 2884
1083216 2885
1083217 2886
1083218 2887
1083220 2888
1083221 2889
1083222 2890
1083224 2891
1083225 2892
1083226 2893
1083228 2894
1083230 2895
1083232 2896
1083233 2897
1083234 2898
1083392 2899
1083393 2900
1083397 2901
1083401 2902
1083404 2903
1083405 2904
1083408 2905
1083409 2906
1083412 2907
1083413 2908
1083416 2909
1083417 2910
1083420 2911
1083421 2912
1083425 2913
1083456 2914
1083457 2915
1083458 2916
1083461 2917
1083462 2918
1083465 2919
1083466 2920
1083468 2921
1083469 2922
1083470 2923
1083472 2924
1083473 2925
1083474 2926
1083476 2927
1083477 2928
1083478 2929
1083480 2930
1083481 2931
1083482 2932
1083484 2933
1083485 2934
1083486 2935
1083488 2936
1083490 2937
1086080 2938
1086081 2938
1086083 2939
1086085 2940
1086087 2941
1086088 2942
1086091 2943
1086092 2944
1086093 2944
1086095 2945
1086096 2946
1086097 2946
1086099 2947
1086100 2948
1086101 2948
1086103 2949
1086104 2950
1086105 2950
1086107 2951
1086108 2952
1086109 2952
1086111 2953
1086112 2954
1086113 2954
1086115 2955
1086208 2719
1086209 2720
1086210 2721
1086213 2722
1086214 2723
1086216 2956
1086218 2725
1086221 2957
1086222 2727
1086224 2728
1086225 2729
1086226 2730
1086228 2731
1086229 2732
1086230 2733
1086232 2734
1086233 2735
1086234 2736
1086236 2737
1086237 2738
1086238 2739
1086240 2740
1086241 2741
1086242 2742
1086272 2720
1086273 2719
1086274 2721
1086277 2958
1086278 2723
1086280 2724
1086282 2725
1086284 2957
1086286 2727
1086288 2729
1086289 2728
1086290 2730
1086292 2732
1086293 2731
1086294 2733
1086296 2735
1086297 2734
1086298 2736
1086300 2738
1086301 2737
1086302 2739
1086304 2741
1086305 2740
1086306 2742
1086336 2959
1086337 2959
1086338 2959
1086339 2960
1086341 2961
1086342 2961
1086343 2962
1086344 2963
1086346 2963
1086347 2964
1086348 2965
1086349 2965
1086351 2966
1086352 2967
1086353 2967
1086354 2967
1086355 2968
1086356 2969
1086357 2969
1086358 2969
1086359 2970
1086360 2971
1086361 2971
1086362 2971
1086363 2972
1086364 2973
1086365 2973
1086366 2973
1086367 2974
1086368 2975
1086369 2975
1086370 2975
1086371 2976
1086464 2758
1086465 2759
1086466 2760
1086469 2761
1086470 2762
1086472 2977
1086474 2764
1086476 2765
1086477 2766
1086478 2767
1086481 2978
1086482 2769
1086484 2770
1086485 2771
1086486 2772
1086488 2773
1086489 2774
1086490 2775
1086492 2776
1086493 2777
1086494 2778
1086496 2779
1086497 2780
1086498 2781
1086528 2759
1086529 2758
1086530 2760
1086533 2979
1086534 2762
1086536 2763
1086538 2764
1086540 2766
1086541 2765
1086542 2767
1086544 2978
1086546 2769
1086548 2771
1086549 2770
1086550 2772
1086552 2774
1086553 2773
1086554 2775
1086556 2777
1086557 2776
1086558 2778
1086560 2780
1086561 2779
1086562 2781
1086592 2980
1086593 2980
1086594 2980
1086595 2981
1086597 2982
1086598 2982
1086599 2983
1086600 2984
1086602 2984
1086603 2985
1086604 2986
1086605 2986
1086606 2986
1086607 2987
1086608 2988
1086609 2988
1086611 2989
1086612 2990
1086613 2990
1086614 2990
1086615 2991
1086616 2992
1086617 2992
1086618 2992
1086619 2993
1086620 2994
1086621 2994
1086622 2994
1086623 2995
1086624 2996
1086625 2996
1086626 2996
1086627 2997
1086720 2797
1086721 2798
1086722 2799
1086725 2800
1086726 2801
1086728 2998
1086730 2803
1086732 2804
1086733 2805
1086734 2806
1086736 2807
1086737 2808
1086738 2809
1086741 2999
1086742 2811
1086744 2812
1086745 2813
1086746 2814
1086748 2815
1086749 2816
1086750 2817
1086752 2818
1086753 2819
1086754 2820
1086784 2798
1086785 2797
1086786 2799
1086789 3000
1086790 2801
1086792 2802
1086794 2803
1086796 2805
1086797 2804
1086798 2806
1086800 2808
1086801 2807
1086802 2809
1086804 2999
1086806 2811
1086808 2813
1086809 2812
1086810 2814
1086812 2816
1086813 2815
1086814 2817
1086816 2819
1086817 2818
1086818 2820
1086848 3001
1086849 3001
1086850 3001
1086851 3002
1086853 3003
1086854 3003
1086855 3004
1086856 3005
1086858 3005
1086859 3006
1086860 3007
1086861 3007
1086862 3007
1086863 3008
1086864 3009
1086865 3009
1086866 3009
1086867 3010
1086868 3011
1086869 3011
1086871 3012
1086872 3013
1086873 3013
1086874 3013
1086875 3014
1086876 3015
1086877 3015
1086878 3015
1086879 3016
1086880 3017
1086881 3017
1086882 3017
1086883 3018
1086976 2836
1086977 2837
1086978 2838
1086981 2839
1086982 2840
1086984 3019
1086986 2842
1086988 2843
1086989 2844
1086990 2845
1086992 2846
1086993 2847
1086994 2848
1086996 2849
1086997 2850
1086998 2851
1087001 3020
1087002 2853
1087004 2854
1087005 2855
1087006 2856
1087008 2857
1087009 2858
1087010 2859
1087040 2837
1087041 2836
1087042 2838
1087045 3021
1087046 2840
1087048 2841
1087050 2842
1087052 2844
1087053 2843
1087054 2845
1087056 2847
1087057 2846
1087058 2848
1087060 2850
1087061 2849
1087062 2851
1087064 3020
1087066 2853
1087068 2855
1087069 2854
1087070 2856
1087072 2858
1087073 2857
1087074 2859
1087104 3022
1087105 3022
1087106 3022
1087107 3023
1087109 3024
1087110 3024
1087111 3025
1087112 3026
1087114 3026
1087115 3027
1087116 3028
1087117 3028
1087118 3028
1087119 3029
1087120 3030
1087121 3030
1087122 3030
1087123 3031
1087124 3032
1087125 3032
1087126 3032
1087127 3033
1087128 3034
1087129 3034
1087131 3035
1087132 3036
1087133 3036
1087134 3036
1087135 3037
1087136 3038
1087137 3038
1087138 3038
1087139 3039
1087232 2875
1087233 2876
1087234 2877
1087237 2878
1087238 2879
1087240 3040
1087242 2881
1087244 2882
1087245 2883
1087246 2884
1087248 2885
1087249 2886
1087250 2887
1087252 2888
1087253 2889
1087254 2890
1087256 2891
1087257 2892
1087258 2893
1087261 3041
1087262 2895
1087264 2896
1087265 2897
1087266 2898
1087296 2876
1087297 2875
1087298 2877
1087301 3042
1087302 2879
1087304 2880
1087306 2881
1087308 2883
1087309 2882
1087310 2884
1087312 2886
1087313 2885
1087314 2887
1087316 2889
1087317 2888
1087318 2890
1087320 2892
1087321 2891
1087322 2893
1087324 3041
1087326 2895
1087328 2897
1087329 2896
1087330 2898
1087360 3043
1087361 3043
1087362 3043
1087363 3044
1087365 3045
1087366 3045
1087367 3046
1087368 3047
1087370 3047
1087371 3048
1087372 3049
1087373 3049
1087374 3049
1087375 3050
1087376 3051
1087377 3051
1087378 3051
1087379 3052
1087380 3053
1087381 3053
1087382 3053
1087383 3054
1087384 3055
1087385 3055
1087386 3055
1087387 3056
1087388 3057
1087389 3057
1087391 3058
1087392 3059
1087393 3059
1087394 3059
1087395 3060
1087488 2914
1087489 2915
1087490 2916
1087493 2917
1087494 2918
1087496 3061
1087498 2920
1087500 2921
1087501 2922
1087502 2923
1087504 2924
1087505 2925
1087506 2926
1087508 2927
1087509 2928
1087510 2929
1087512 2930
1087513 2931
1087514 2932
1087516 2933
1087517 2934
1087518 2935
1087521 3062
1087522 2937
1087552 2915
1087553 2914
1087554 2916
1087557 3063
1087558 2918
1087560 2919
1087562 2920
1087564 2922
1087565 2921
1087566 2923
1087568 2925
1087569 2924
1087570 2926
1087572 2928
1087573 2927
1087574 2929
1087576 2931
1087577 2930
1087578 2932
1087580 2934
1087581 2933
1087582 2935
1087584 3062
1087586 2937
1087616 3064
1087617 3064
1087618 3064
1087619 3065
1087621 3066
1087622 3066
1087623 3067
1087624 3068
1087626 3068
1087627 3069
1087628 3070
1087629 3070
1087630 3070
1087631 3071
1087632 3072
1087633 3072
1087634 3072
1087635 3073
1087636 3074
1087637 3074
1087638 3074
1087639 3075
1087640 3076
1087641 3076
1087642 3076
1087643 3077
1087644 3078
1087645 3078
1087646 3078
1087647 3079
1087648 3080
1087649 3080
1087651 3081
1098560 3082
1098561 3083
1098562 3084
1098565 3085
1098566 3086
1098568 3087
1098569 3088
1098570 3089
1098574 3090
1098576 3091
1098577 3092
1098578 3093
1098580 3094
1098581 3095
1098582 3096
1098584 3097
1098585 3098
1098586 3099
1098588 3100
1098589 3101
1098590 3102
1098592 3103
1098593 3104
1098594 3105
1098752 3106
1098753 3107
1098757 3108
1098760 3109
1098761 3110
1098765 3111
1098769 3112
1098772 3113
1098773 3114
1098776 3115
1098777 3116
1098780 3117
1098781 3118
1098784 3119
1098785 3120
1098816 3121
1098817 3122
1098818 3123
1098821 3124
1098822 3125
1098824 3126
1098825 3127
1098826 3128
1098829 3129
1098830 3130
1098832 3131
1098834 3132
1098836 3133
1098837 3134
1098838 3135
1098840 3136
1098841 3137
1098842 3138
1098844 3139
1098845 3140
1098846 3141
1098848 3142
1098849 3143
1098850 3144
1099008 3145
1099009 3146
1099013 3147
1099016 3148
1099017 3149
1099021 3150
1099024 3151
1099025 3152
1099029 3153
1099032 3154
1099033 3155
1099036 3156
1099037 3157
1099040 3158
1099041 3159
1099072 3160
1099073 3161
1099074 3162
1099077 3163
1099078 3164
1099080 3165
1099081 3166
1099082 3167
1099085 3168
1099086 3169
1099088 3170
1099089 3171
1099090 3172
1099092 3173
1099094 3174
1099096 3175
1099097 3176
1099098 3177
1099100 3178
1099101 3179
1099102 3180
1099104 3181
1099105 3182
1099106 3183
1099264 3184
1099265 3185
1099269 3186
1099272 3187
1099273 3188
1099277 3189
1099280 3190
1099281 3191
1099284 3192
1099285 3193
1099289 3194
1099292 3195
1099293 3196
1099296 3197
1099297 3198
1099328 3199
1099329 3200
1099330 3201
1099333 3202
1099334 3203
1099336 3204
1099337 3205
1099338 3206
1099341 3207
1099342 3208
1099344 3209
1099345 3210
1099346 3211
1099348 3212
1099349 3213
1099350 3214
1099352 3215
1099354 3216
1099356 3217
1099357 3218
1099358 3219
1099360 3220
1099361 3221
1099362 3222
1099520 3223
1099521 3224
1099525 3225
1099528 3226
1099529 3227
1099533 3228
1099536 3229
1099537 3230
1099540 3231
1099541 3232
1099544 3233
1099545 3234
1099549 3235
1099552 3236
1099553 3237
1099584 3238
1099585 3239
1099586 3240
1099589 3241
1099590 3242
1099592 3243
1099593 3244
1099594 3245
1099597 3246
1099598 3247
1099600 3248
1099601 3249
1099602 3250
1099604 3251
1099605 3252
1099606 3253
1099608 3254
1099609 3255
1099610 3256
1099612 3257
1099614 3258
1099616 3259
1099617 3260
1099618 3261
1099776 3262
1099777 3263
1099781 3264
1099784 3265
1099785 3266
1099789 3267
1099792 3268
1099793 3269
1099796 3270
1099797 3271
1099800 3272
1099801 3273
1099804 3274
1099805 3275
1099809 3276
1099840 3277
1099841 3278
1099842 3279
1099845 3280
1099846 3281
1099848 3282
1099849 3283
1099850 3284
1099853 3285
1099854 3286
1099856 3287
1099857 3288
1099858 3289
1099860 3290
1099861 3291
1099862 3292
1099864 3293
1099865 3294
1099866 3295
1099868 3296
1099869 3297
1099870 3298
1099872 3299
1099874 3300
1102720 3301
1102721 3301
1102723 3302
1102725 3303
1102727 3304
1102728 3305
1102729 3305
1102731 3306
1102732 3307
1102735 3308
1102736 3309
1102737 3309
1102739 3310
1102740 3311
1102741 3311
1102743 3312
1102744 3313
1102745 3313
1102747 3314
1102748 3315
1102749 3315
1102751 3316
1102752 3317
1102753 3317
1102755 3318
1102848 3121
1102849 3122
1102850 3123
1102853 3124
1102854 3125
1102856 3126
1102857 3127
1102858 3128
1102860 3319
1102862 3130
1102865 3320
1102866 3132
1102868 3133
1102869 3134
1102870 3135
1102872 3136
1102873 3137
1102874 3138
1102876 3139
1102877 3140
1102878 3141
1102880 3142
1102881 3143
1102882 3144
1102912 3122
1102913 3121
1102914 3123
1102917 3321
1102918 3125
1102920 3127
1102921 3126
1102922 3128
1102924 3129
1102926 3130
1102928 3320
1102930 3132
1102932 3134
1102933 3133
1102934 3135
1102936 3137
1102937 3136
1102938 3138
1102940 3140
1102941 3139
1102942 3141
1102944 3143
1102945 3142
1102946 3144
1102976 3322
1102977 3322
1102978 3322
1102979 3323
1102981 3324
1102982 3324
1102983 3325
1102984 3326
1102985 3326
1102986 3326
1102987 3327
1102988 3328
1102990 3328
1102991 3329
1102992 3330
1102993 3330
1102995 3331
1102996 3332
1102997 3332
1102998 3332
1102999 3333
1103000 3334
1103001 3334
1103002 3334
1103003 3335
1103004 3336
1103005 3336
1103006 3336
1103007 3337
1103008 3338
1103009 3338
1103010 3338
1103011 3339
1103104 3160
1103105 3161
1103106 3162
1103109 3163
1103110 3164
1103112 3165
1103113 3166
1103114 3167
1103116 3340
1103118 3169
1103120 3170
1103121 3171
1103122 3172
1103125 3341
1103126 3174
1103128 3175
1103129 3176
1103130 3177
1103132 3178
1103133 3179
1103134 3180
1103136 3181
1103137 3182
1103138 3183
1103168 3161
1103169 3160
1103170 3162
1103173 3342
1103174 3164
1103176 3166
1103177 3165
1103178 3167
1103180 3168
1103182 3169
1103184 3171
1103185 3170
1103186 3172
1103188 3341
1103190 3174
1103192 3176
1103193 3175
1103194 3177
1103196 3179
1103197 3178
1103198 3180
1103200 3182
1103201 3181
1103202 3183
1103232 3343
1103233 3343
1103234 3343
1103235 3344
1103237 3345
1103238 3345
1103239 3346
1103240 3347
1103241 3347
1103242 3347
1103243 3348
1103244 3349
1103246 3349
1103247 3350
1103248 3351
1103249 3351
1103250 3351
1103251 3352
1103252 3353
1103253 3353
1103255 3354
1103256 3355
1103257 3355
1103258 3355
1103259 3356
1103260 3357
1103261 3357
1103262 3357
1103263 3358
1103264 3359
1103265 3359
1103266 3359
1103267 3360
1103360 3199
1103361 3200
1103362 3201
1103365 3202
1103366 3203
1103368 3204
1103369 3205
1103370 3206
1103372 3361
1103374 3208
1103376 3209
1103377 3210
1103378 3211
1103380 3212
1103381 3213
1103382 3214
1103385 3362
1103386 3216
1103388 3217
1103389 3218
1103390 3219
1103392 3220
1103393 3221
1103394 3222
1103424 3200
1103425 3199
1103426 3201
1103429 3363
1103430 3203
1103432 3205
1103433 3204
1103434 3206
1103436 3207
1103438 3208
1103440 3210
1103441 3209
1103442 3211
1103444 3213
1103445 3212
1103446 3214
1103448 3362
1103450 3216
1103452 3218
1103453 3217
1103454 3219
1103456 3221
1103457 3220
1103458 3222
1103488 3364
1103489 3364
1103490 3364
1103491 3365
1103493 3366
1103494 3366
1103495 3367
1103496 3368
1103497 3368
1103498 3368
1103499 3369
1103500 3370
1103502 3370
1103503 3371
1103504 3372
1103505 3372
1103506 3372
1103507 3373
1103508 3374
1103509 3374
1103510 3374
1103511 3375
1103512 3376
1103513 3376
1103515 3377
1103516 3378
1103517 3378
1103518 3378
1103519 3379
1103520 3380
1103521 3380
1103522 3380
1103523 3381
1103616 3238
1103617 3239
1103618 3240
1103621 3241
1103622 3242
1103624 3243
1103625 3244
1103626 3245
1103628 3382
1103630 3247
1103632 3248
1103633 3249
1103634 3250
1103636 3251
1103637 3252
1103638 3253
1103640 3254
1103641 3255
1103642 3256
1103645 3383
1103646 3258
1103648 3259
1103649 3260
1103650 3261
1103680 3239
1103681 3238
1103682 3240
1103685 3384
1103686 3242
1103688 3244
1103689 3243
1103690 3245
1103692 3246
1103694 3247
1103696 3249
1103697 3248
1103698 3250
1103700 3252
1103701 3251
1103702 3253
1103704 3255
1103705 3254
1103706 3256
1103708 3383
1103710 3258
1103712 3260
1103713 3259
1103714 3261
1103744 3385
1103745 3385
1103746 3385
1103747 3386
1103749 3387
1103750 3387
1103751 3388
1103752 3389
1103753 3389
1103754 3389
1103755 3390
1103756 3391
1103758 3391
1103759 3392
1103760 3393
1103761 3393
1103762 3393
1103763 3394
1103764 3395
1103765 3395
1103766 3395
1103767 3396
1103768 3397
1103769 3397
1103770 3397
1103771 3398
1103772 3399
1103773 3399
1103775 3400
1103776 3401
1103777 3401
1103778 3401
1103779 3402
1103872 3277
1103873 3278
1103874 3279
1103877 3280
1103878 3281
1103880 3282
1103881 3283
1103882 3284
1103884 3403
1103886 3286
1103888 3287
1103889 3288
1103890 3289
1103892 3290
1103893 3291
1103894 3292
1103896 3293
1103897 3294
1103898 3295
1103900 3296
1103901 3297
1103902 3298
1103905 3404
1103906 3300
1103936 3278
1103937 3277
1103938 3279
1103941 3405
1103942 3281
1103944 3283
1103945 3282
1103946 3284
1103948 3285
1103950 3286
1103952 3288
1103953 3287
1103954 3289
1103956 3291
1103957 3290
1103958 3292
1103960 3294
1103961 3293
1103962 3295
1103964 3297
1103965 3296
1103966 3298
1103968 3404
1103970 3300
1104000 3406
1104001 3406
1104002 3406
1104003 3407
1104005 3408
1104006 3408
1104007 3409
1104008 3410
1104009 3410
1104010 3410
1104011 3411
1104012 3412
1104014 3412
1104015 3413
1104016 3414
1104017 3414
1104018 3414
1104019 3415
1104020 3416
1104021 3416
1104022 3416
1104023 3417
1104024 3418
1104025 3418
1104026 3418
1104027 3419
1104028 3420
1104029 3420
1104030 3420
1104031 3421
1104032 3422
1104033 3422
1104035 3423
1115200 3424
1115201 3425
1115202 3426
1115205 3427
1115206 3428
1115208 3429
1115209 3430
1115210 3431
1115212 3432
1115213 3433
1115214 3434
1115218 3435
1115220 3436
1115221 3437
1115222 3438
1115224 3439
1115225 3440
1115226 3441
1115228 3442
1115229 3443
1115230 3444
1115232 3445
1115233 3446
1115234 3447
1115392 3448
1115393 3449
1115397 3450
1115400 3451
1115401 3452
1115404 3453
1115405 3454
1115409 3455
1115413 3456
1115416 3457
1115417 3458
1115420 3459
1115421 3460
1115424 3461
1115425 3462
1115456 3463
1115457 3464
1115458 3465
1115461 3466
1115462 3467
1115464 3468
1115465 3469
1115466 3470
1115468 3471
1115469 3472
1115470 3473
1115473 3474
1115474 3475
1115476 3476
1115478 3477
1115480 3478
1115481 3479
1115482 3480
1115484 3481
1115485 3482
1115486 3483
1115488 3484
1115489 3485
1115490 3486
1115648 3487
1115649 3488
1115653 3489
1115656 3490
1115657 3491
1115660 3492
1115661 3493
1115665 3494
1115668 3495
1115669 3496
1115673 3497
1115676 3498
1115677 3499
1115680 3500
1115681 3501
1115712 3502
1115713 3503
1115714 3504
1115717 3505
1115718 3506
1115720 3507
1115721 3508
1115722 3509
1115724 3510
1115725 3511
1115726 3512
1115729 3513
1115730 3514
1115732 3515
1115733 3516
1115734 3517
1115736 3518
1115738 3519
1115740 3520
1115741 3521
1115742 3522
1115744 3523
1115745 3524
1115746 3525
1115904 3526
1115905 3527
1115909 3528
1115912 3529
1115913 3530
1115916 3531
1115917 3532
1115921 3533
1115924 3534
1115925 3535
1115928 3536
1115929 3537
1115933 3538
1115936 3539
1115937 3540
1115968 3541
1115969 3542
1115970 3543
1115973 3544
1115974 3545
1115976 3546
1115977 3547
1115978 3548
1115980 3549
1115981 3550
1115982 3551
1115985 3552
1115986 3553
1115988 3554
1115989 3555
1115990 3556
1115992 3557
1115993 3558
1115994 3559
1115996 3560
1115998 3561
1116000 3562
1116001 3563
1116002 3564
1116160 3565
1116161 3566
1116165 3567
1116168 3568
1116169 3569
1116172 3570
1116173 3571
1116177 3572
1116180 3573
1116181 3574
1116184 3575
1116185 3576
1116188 3577
1116189 3578
1116193 3579
1116224 3580
1116225 3581
1116226 3582
1116229 3583
1116230 3584
1116232 3585
1116233 3586
1116234 3587
1116236 3588
1116237 3589
1116238 3590
1116241 3591
1116242 3592
1116244 3593
1116245 3594
1116246 3595
1116248 3596
1116249 3597
1116250 3598
1116252 3599
1116253 3600
1116254 3601
1116256 3602
1116258 3603
1119360 3604
1119361 3604
1119363 3605
1119365 3606
1119367 3607
1119368 3608
1119369 3608
1119371 3609
1119372 3610
1119373 3610
1119375 3611
1119376 3612
1119379 3613
1119380 3614
1119381 3614
1119383 3615
1119384 3616
1119385 3616
1119387 3617
1119388 3618
1119389 3618
1119391 3619
1119392 3620
1119393 3620
1119395 3621
1119488 3463
1119489 3464
1119490 3465
1119493 3466
1119494 3467
1119496 3468
1119497 3469
1119498 3470
1119500 3471
1119501 3472
1119502 3473
1119504 3622
1119506 3475
1119509 3623
1119510 3477
1119512 3478
1119513 3479
1119514 3480
1119516 3481
1119517 3482
1119518 3483
1119520 3484
1119521 3485
1119522 3486
1119552 3464
1119553 3463
1119554 3465
1119557 3624
1119558 3467
1119560 3469
1119561 3468
1119562 3470
1119564 3472
1119565 3471
1119566 3473
1119568 3474
1119570 3475
1119572 3623
1119574 3477
1119576 3479
1119577 3478
1119578 3480
1119580 3482
1119581 3481
1119582 3483
1119584 3485
1119585 3484
1119586 3486
1119616 3625
1119617 3625
1119618 3625
1119619 3626
1119621 3627
1119622 3627
1119623 3628
1119624 3629
1119625 3629
1119626 3629
1119627 3630
1119628 3631
1119629 3631
1119630 3631
1119631 3632
1119632 3633
1119634 3633
1119635 3634
1119636 3635
1119637 3635
1119639 3636
1119640 3637
1119641 3637
1119642 3637
1119643 3638
1119644 3639
1119645 3639
1119646 3639
1119647 3640
1119648 3641
1119649 3641
1119650 3641
1119651 3642
1119744 3502
1119745 3503
1119746 3504
1119749 3505
1119750 3506
1119752 3507
1119753 3508
1119754 3509
1119756 3510
1119757 3511
1119758 3512
1119760 3643
1119762 3514
1119764 3515
1119765 3516
1119766 3517
1119769 3644
1119770 3519
1119772 3520
1119773 3521
1119774 3522
1119776 3523
1119777 3524
1119778 3525
1119808 3503
1119809 3502
1119810 3504
1119813 3645
1119814 3506
1119816 3508
1119817 3507
1119818 3509
1119820 3511
1119821 3510
1119822 3512
1119824 3513
1119826 3514
1119828 3516
1119829 3515
1119830 3517
1119832 3644
1119834 3519
1119836 3521
1119837 3520
1119838 3522
1119840 3524
1119841 3523
1119842 3525
1119872 3646
1119873 3646
1119874 3646
1119875 3647
1119877 3648
1119878 3648
1119879 3649
1119880 3650
1119881 3650
1119882 3650
1119883 3651
1119884 3652
1119885 3652
1119886 3652
1119887 3653
1119888 3654
1119890 3654
1119891 3655
1119892 3656
1119893 3656
1119894 3656
1119895 3657
1119896 3658
1119897 3658
1119899 3659
1119900 3660
1119901 3660
1119902 3660
1119903 3661
1119904 3662
1119905 3662
1119906 3662
1119907 3663
1120000 3541
1120001 3542
1120002 3543
1120005 3544
1120006 3545
1120008 3546
1120009 3547
1120010 3548
1120012 3549
1120013 3550
1120014 3551
1120016 3664
1120018 3553
1120020 3554
1120021 3555
1120022 3556
1120024 3557
1120025 3558
1120026 3559
1120029 3665
1120030 3561
1120032 3562
1120033 3563
1120034 3564
1120064 3542
1120065 3541
1120066 3543
1120069 3666
1120070 3545
1120072 3547
1120073 3546
1120074 3548
1120076 3550
1120077 3549
1120078 3551
1120080 3552
1120082 3553
1120084 3555
1120085 3554
1120086 3556
1120088 3558
1120089 3557
1120090 3559
1120092 3665
1120094 3561
1120096 3563
1120097 3562
1120098 3564
1120128 3667
1120129 3667
1120130 3667
1120131 3668
1120133 3669
1120134 3669
1120135 3670
1120136 3671
1120137 3671
1120138 3671
1120139 3672
1120140 3673
1120141 3673
1120142 3673
1120143 3674
1120144 3675
1120146 3675
1120147 3676
1120148 3677
1120149 3677
1120150 3677
1120151 3678
1120152 3679
1120153 3679
1120154 3679
1120155 3680
1120156 3681
1120157 3681
1120159 3682
1120160 3683
1120161 3683
1120162 3683
1120163 3684
1120256 3580
1120257 3581
1120258 3582
1120261 3583
1120262 3584
1120264 3585
1120265 3586
1120266 3587
1120268 3588
1120269 3589
1120270 3590
1120272 3685
1120274 3592
1120276 3593
1120277 3594
1120278 3595
1120280 3596
1120281 3597
1120282 3598
1120284 3599
1120285 3600
1120286 3601
1120289 3686
1120290 3603
1120320 3581
1120321 3580
1120322 3582
1120325 3687
1120326 3584
1120328 3586
1120329 3585
1120330 3587
1120332 3589
1120333 3588
1120334 3590
1120336 3591
1120338 3592
1120340 3594
1120341 3593
1120342 3595
1120344 3597
1120345 3596
1120346 3598
1120348 3600
1120349 3599
1120350 3601
1120352 3686
1120354 3603
1120384 3688
1120385 3688
1120386 3688
1120387 3689
1120389 3690
1120390 3690
1120391 3691
1120392 3692
1120393 3692
1120394 3692
1120395 3693
1120396 3694
1120397 3694
1120398 3694
1120399 3695
1120400 3696
1120402 3696
1120403 3697
1120404 3698
1120405 3698
1120406 3698
1120407 3699
1120408 3700
1120409 3700
1120410 3700
1120411 3701
1120412 3702
1120413 3702
1120414 3702
1120415 3703
1120416 3704
1120417 3704
1120419 3705
1131840 3706
1131841 3707
1131842 3708
1131845 3709
1131846 3710
1131848 3711
1131849 3712
1131850 3713
1131852 3714
1131853 3715
1131854 3716
1131856 3717
1131857 3718
1131858 3719
1131862 3720
1131864 3721
1131865 3722
1131866 3723
1131868 3724
1131869 3725
1131870 3726
1131872 3727
1131873 3728
1131874 3729
1132032 3730
1132033 3731
1132037 3732
1132040 3733
1132041 3734
1132044 3735
1132045 3736
1132048 3737
1132049 3738
1132053 3739
1132057 3740
1132060 3741
1132061 3742
1132064 3743
1132065 3744
1132096 3745
1132097 3746
1132098 3747
1132101 3748
1132102 3749
1132104 3750
1132105 3751
1132106 3752
1132108 3753
1132109 3754
1132110 3755
1132112 3756
1132113 3757
1132114 3758
1132117 3759
1132118 3760
1132120 3761
1132122 3762
1132124 3763
1132125 3764
1132126 3765
1132128 3766
1132129 3767
1132130 3768
1132288 3769
1132289 3770
1132293 3771
1132296 3772
1132297 3773
1132300 3774
1132301 3775
1132304 3776
1132305 3777
1132309 3778
1132312 3779
1132313 3780
1132317 3781
1132320 3782
1132321 3783
1132352 3784
1132353 3785
1132354 3786
1132357 3787
1132358 3788
1132360 3789
1132361 3790
1132362 3791
1132364 3792
1132365 3793
1132366 3794
1132368 3795
1132369 3796
1132370 3797
1132373 3798
1132374 3799
1132376 3800
1132377 3801
1132378 3802
1132380 3803
1132382 3804
1132384 3805
1132385 3806
1132386 3807
1132544 3808
1132545 3809
1132549 3810
1132552 3811
1132553 3812
1132556 3813
1132557 3814
1132560 3815
1132561 3816
1132565 3817
1132568 3818
1132569 3819
1132572 3820
1132573 3821
1132577 3822
1132608 3823
1132609 3824
1132610 3825
1132613 3826
1132614 3827
1132616 3828
1132617 3829
1132618 3830
1132620 3831
1132621 3832
1132622 3833
1132624 3834
1132625 3835
1132626 3836
1132629 3837
1132630 3838
1132632 3839
1132633 3840
1132634 3841
1132636 3842
1132637 3843
1132638 3844
1132640 3845
1132642 3846
1136000 3847
1136001 3847
1136003 3848
1136005 3849
1136007 3850
1136008 3851
1136009 3851
1136011 3852
1136012 3853
1136013 3853
1136015 3854
1136016 3855
1136017 3855
1136019 3856
1136020 3857
1136023 3858
1136024 3859
1136025 3859
1136027 3860
1136028 3861
1136029 3861
1136031 3862
1136032 3863
1136033 3863
1136035 3864
1136128 3745
1136129 3746
1136130 3747
1136133 3748
1136134 3749
1136136 3750
1136137 3751
1136138 3752
1136140 3753
1136141 3754
1136142 3755
1136144 3756
1136145 3757
1136146 3758
1136148 3865
1136150 3760
1136153 3866
1136154 3762
1136156 3763
1136157 3764
1136158 3765
1136160 3766
1136161 3767
1136162 3768
1136192 3746
1136193 3745
1136194 3747
1136197 3867
1136198 3749
1136200 3751
1136201 3750
1136202 3752
1136204 3754
1136205 3753
1136206 3755
1136208 3757
1136209 3756
1136210 3758
1136212 3759
1136214 3760
1136216 3866
1136218 3762
1136220 3764
1136221 3763
1136222 3765
1136224 3767
1136225 3766
1136226 3768
1136256 3868
1136257 3868
1136258 3868
1136259 3869
1136261 3870
1136262 3870
1136263 3871
1136264 3872
1136265 3872
1136266 3872
1136267 3873
1136268 3874
1136269 3874
1136270 3874
1136271 3875
1136272 3876
1136273 3876
1136274 3876
1136275 3877
1136276 3878
1136278 3878
1136279 3879
1136280 3880
1136281 3880
1136283 3881
1136284 3882
1136285 3882
1136286 3882
1136287 3883
1136288 3884
1136289 3884
1136290 3884
1136291 3885
1136384 3784
1136385 3785
1136386 3786
1136389 3787
1136390 3788
1136392 3789
1136393 3790
1136394 3791
1136396 3792
1136397 3793
1136398 3794
1136400 3795
1136401 3796
1136402 3797
1136404 3886
1136406 3799
1136408 3800
1136409 3801
1136410 3802
1136413 3887
1136414 3804
1136416 3805
1136417 3806
1136418 3807
1136448 3785
1136449 3784
1136450 3786
1136453 3888
1136454 3788
1136456 3790
1136457 3789
1136458 3791
1136460 3793
1136461 3792
1136462 3794
1136464 3796
1136465 3795
1136466 3797
1136468 3798
1136470 3799
1136472 3801
1136473 3800
1136474 3802
1136476 3887
1136478 3804
1136480 3806
1136481 3805
1136482 3807
1136512 3889
1136513 3889
1136514 3889
1136515 3890
1136517 3891
1136518 3891
1136519 3892
1136520 3893
1136521 3893
1136522 3893
1136523 3894
1136524 3895
1136525 3895
1136526 3895
1136527 3896
1136528 3897
1136529 3897
1136530 3897
1136531 3898
1136532 3899
1136534 3899
1136535 3900
1136536 3901
1136537 3901
1136538 3901
1136539 3902
1136540 3903
1136541 3903
1136543 3904
1136544 3905
1136545 3905
1136546 3905
1136547 3906
1136640 3823
1136641 3824
1136642 3825
1136645 3826
1136646 3827
1136648 3828
1136649 3829
1136650 3830
1136652 3831
1136653 3832
1136654 3833
1136656 3834
1136657 3835
1136658 3836
1136660 3907
1136662 3838
1136664 3839
1136665 3840
1136666 3841
1136668 3842
1136669 3843
1136670 3844
1136673 3908
1136674 3846
1136704 3824
1136705 3823
1136706 3825
1136709 3909
1136710 3827
1136712 3829
1136713 3828
1136714 3830
1136716 3832
1136717 3831
1136718 3833
1136720 3835
1136721 3834
1136722 3836
1136724 3837
1136726 3838
1136728 3840
1136729 3839
1136730 3841
1136732 3843
1136733 3842
1136734 3844
1136736 3908
1136738 3846
1136768 3910
1136769 3910
1136770 3910
1136771 3911
1136773 3912
1136774 3912
1136775 3913
1136776 3914
1136777 3914
1136778 3914
1136779 3915
1136780 3916
1136781 3916
1136782 3916
1136783 3917
1136784 3918
1136785 3918
1136786 3918
1136787 3919
1136788 3920
1136790 3920
1136791 3921
1136792 3922
1136793 3922
1136794 3922
1136795 3923
1136796 3924
1136797 3924
1136798 3924
1136799 3925
1136800 3926
1136801 3926
1136803 3927
1148480 3928
1148481 3929
1148482 3930
1148485 3931
1148486 3932
1148488 3933
1148489 3934
1148490 3935
1148492 3936
1148493 3937
1148494 3938
1148496 3939
1148497 3940
1148498 3941
1148500 3942
1148501 3943
1148502 3944
1148506 3945
1148508 3946
1148509 3947
1148510 3948
1148512 3949
1148513 3950
1148514 3951
1148672 3952
1148673 3953
1148677 3954
1148680 3955
1148681 3956
1148684 3957
1148685 3958
1148688 3959
1148689 3960
1148692 3961
1148693 3962
1148697 3963
1148701 3964
1148704 3965
1148705 3966
1148736 3967
1148737 3968
1148738 3969
1148741 3970
1148742 3971
1148744 3972
1148745 3973
1148746 3974
1148748 3975
1148749 3976
1148750 3977
1148752 3978
1148753 3979
1148754 3980
1148756 3981
1148757 3982
1148758 3983
1148761 3984
1148762 3985
1148764 3986
1148766 3987
1148768 3988
1148769 3989
1148770 3990
1148928 3991
1148929 3992
1148933 3993
1148936 3994
1148937 3995
1148940 3996
1148941 3997
1148944 3998
1148945 3999
1148948 4000
1148949 4001
1148953 4002
1148956 4003
1148957 4004
1148961 4005
1148992 4006
1148993 4007
1148994 4008
1148997 4009
1148998 4010
1149000 4011
1149001 4012
1149002 4013
1149004 4014
1149005 4015
1149006 4016
1149008 4017
1149009 4018
1149010 4019
1149012 4020
1149013 4021
1149014 4022
1149017 4023
1149018 4024
1149020 4025
1149021 4026
1149022 4027
1149024 4028
1149026 4029
1152640 4030
1152641 4030
1152643 4031
1152645 4032
1152647 4033
1152648 4034
1152649 4034
1152651 4035
1152652 4036
1152653 4036
1152655 4037
1152656 4038
1152657 4038
1152659 4039
1152660 4040
1152661 4040
1152663 4041
1152664 4042
1152667 4043
1152668 4044
1152669 4044
1152671 4045
1152672 4046
1152673 4046
1152675 4047
1152768 3967
1152769 3968
1152770 3969
1152773 3970
1152774 3971
1152776 3972
1152777 3973
1152778 3974
1152780 3975
1152781 3976
1152782 3977
1152784 3978
1152785 3979
1152786 3980
1152788 3981
1152789 3982
1152790 3983
1152792 4048
1152794 3985
1152797 4049
1152798 3987
1152800 3988
1152801 3989
1152802 3990
1152832 3968
1152833 3967
1152834 3969
1152837 4050
1152838 3971
1152840 3973
1152841 3972
1152842 3974
1152844 3976
1152845 3975
1152846 3977
1152848 3979
1152849 3978
1152850 3980
1152852 3982
1152853 3981
1152854 3983
1152856 3984
1152858 3985
1152860 4049
1152862 3987
1152864 3989
1152865 3988
1152866 3990
1152896 4051
1152897 4051
1152898 4051
1152899 4052
1152901 4053
1152902 4053
1152903 4054
1152904 4055
1152905 4055
1152906 4055
1152907 4056
1152908 4057
1152909 4057
1152910 4057
1152911 4058
1152912 4059
1152913 4059
1152914 4059
1152915 4060
1152916 4061
1152917 4061
1152918 4061
1152919 4062
1152920 4063
1152922 4063
1152923 4064
1152924 4065
1152925 4065
1152927 4066
1152928 4067
1152929 4067
1152930 4067
1152931 4068
1153024 4006
1153025 4007
1153026 4008
1153029 4009
1153030 4010
1153032 4011
1153033 4012
1153034 4013
1153036 4014
1153037 4015
1153038 4016
1153040 4017
1153041 4018
1153042 4019
1153044 4020
1153045 4021
1153046 4022
1153048 4069
1153050 4024
1153052 4025
1153053 4026
1153054 4027
1153057 4070
1153058 4029
1153088 4007
1153089 4006
1153090 4008
1153093 4071
1153094 4010
1153096 4012
1153097 4011
1153098 4013
1153100 4015
1153101 4014
1153102 4016
1153104 4018
1153105 4017
1153106 4019
1153108 4021
1153109 4020
1153110 4022
1153112 4023
1153114 4024
1153116 4026
1153117 4025
1153118 4027
1153120 4070
1153122 4029
1153152 4072
1153153 4072
1153154 4072
1153155 4073
1153157 4074
1153158 4074
1153159 4075
1153160 4076
1153161 4076
1153162 4076
1153163 4077
1153164 4078
1153165 4078
1153166 4078
1153167 4079
1153168 4080
1153169 4080
1153170 4080
1153171 4081
1153172 4082
1153173 4082
1153174 4082
1153175 4083
1153176 4084
1153178 4084
1153179 4085
1153180 4086
1153181 4086
1153182 4086
1153183 4087
1153184 4088
1153185 4088
1153187 4089
1165120 4090
1165121 4091
1165122 4092
1165125 4093
1165126 4094
1165128 4095
1165129 4096
1165130 4097
1165132 4098
1165133 4099
1165134 4100
1165136 4101
1165137 4102
1165138 4103
1165140 4104
1165141 4105
1165142 4106
1165144 4107
1165145 4108
1165146 4109
1165150 4110
1165152 4111
1165153 4112
1165154 4113
1165312 4114
1165313 4115
1165317 4116
1165320 4117
1165321 4118
1165324 4119
1165325 4120
1165328 4121
1165329 4122
1165332 4123
1165333 4124
1165336 4125
1165337 4126
1165341 4127
1165345 4128
1165376 4129
1165377 4130
1165378 4131
1165381 4132
1165382 4133
1165384 4134
1165385 4135
1165386 4136
1165388 4137
1165389 4138
1165390 4139
1165392 4140
1165393 4141
1165394 4142
1165396 4143
1165397 4144
1165398 4145
1165400 4146
1165401 4147
1165402 4148
1165405 4149
1165406 4150
1165408 4151
1165410 4152
1169280 4153
1169281 4153
1169283 4154
1169285 4155
1169287 4156
1169288 4157
1169289 4157
1169291 4158
1169292 4159
1169293 4159
1169295 4160
1169296 4161
1169297 4161
1169299 4162
1169300 4163
1169301 4163
1169303 4164
1169304 4165
1169305 4165
1169307 4166
1169308 4167
1169311 4168
1169312 4169
1169313 4169
1169315 4170
1169408 4129
1169409 4130
1169410 4131
1169413 4132
1169414 4133
1169416 4134
1169417 4135
1169418 4136
1169420 4137
1169421 4138
1169422 4139
1169424 4140
1169425 4141
1169426 4142
1169428 4143
1169429 4144
1169430 4145
1169432 4146
1169433 4147
1169434 4148
1169436 4171
1169438 4150
1169441 4172
1169442 4152
1169472 4130
1169473 4129
1169474 4131
1169477 4173
1169478 4133
1169480 4135
1169481 4134
1169482 4136
1169484 4138
1169485 4137
1169486 4139
1169488 4141
1169489 4140
1169490 4142
1169492 4144
1169493 4143
1169494 4145
1169496 4147
1169497 4146
1169498 4148
1169500 4149
1169502 4150
1169504 4172
1169506 4152
1169536 4174
1169537 4174
1169538 4174
1169539 4175
1169541 4176
1169542 4176
1169543 4177
1169544 4178
1169545 4178
1169546 4178
1169547 4179
1169548 4180
1169549 4180
1169550 4180
1169551 4181
1169552 4182
1169553 4182
1169554 4182
1169555 4183
1169556 4184
1169557 4184
1169558 4184
1169559 4185
1169560 4186
1169561 4186
1169562 4186
1169563 4187
1169564 4188
1169566 4188
1169567 4189
1169568 4190
1169569 4190
1169571 4191
1181760 4192
1181761 4193
1181762 4194
1181765 4195
1181766 4196
1181768 4197
1181769 4198
1181770 4199
1181772 4200
1181773 4201
1181774 4202
1181776 4203
1181777 4204
1181778 4205
1181780 4206
1181781 4207
1181782 4208
1181784 4209
1181785 4210
1181786 4211
1181788 4212
1181789 4213
1181790 4214
1181794 4215
1185920 4216
1185921 4216
1185923 4217
1185925 4218
1185927 4219
1185928 4220
1185929 4220
1185931 4221
1185932 4222
1185933 4222
1185935 4223
1185936 4224
1185937 4224
1185939 4225
1185940 4226
1185941 4226
1185943 4227
1185944 4228
1185945 4228
1185947 4229
1185948 4230
1185949 4230
1185951 4231
1185952 4232
1185955 4233
2134656 4234
2134659 4235
2134660 4236
2134663 4237
2134667 4238
2134668 4239
2134671 4240
2134672 4241
2134675 4242
2134676 4243
2134679 4244
2134680 4245
2134683 4246
2134684 4247
2134687 4248
2134688 4249
2134691 4250
2134784 4251
2134785 4252
2134786 4253
2134788 4254
2134789 4255
2134790 4256
2134794 4257
2134797 4258
2134798 4259
2134800 4260
2134801 4261
2134802 4262
2134804 4263
2134805 4264
2134806 4265
2134808 4266
2134809 4267
2134810 4268
2134812 4269
2134813 4270
2134814 4271
2134816 4272
2134817 4273
2134818 4274
2134912 4275
2134914 4275
2134915 4276
2134916 4277
2134918 4277
2134919 4278
2134922 4279
2134923 4280
2134924 4281
2134927 4282
2134928 4283
2134930 4283
2134931 4284
2134932 4285
2134934 4285
2134935 4286
2134936 4287
2134938 4287
2134939 4288
2134940 4289
2134942 4289
2134943 4290
2134944 4291
2134946 4291
2134947 4292
2135040 4293
2135041 4294
2135042 4295
2135044 4296
2135045 4297
2135046 4298
2135050 4299
2135052 4300
2135053 4301
2135054 4302
2135057 4303
2135058 4304
2135060 4305
2135061 4306
2135062 4307
2135064 4308
2135065 4309
2135066 4310
2135068 4311
2135069 4312
2135070 4313
2135072 4314
2135073 4315
2135074 4316
2135168 4317
2135170 4317
2135171 4318
2135172 4319
2135174 4319
2135175 4320
2135178 4321
2135179 4322
2135180 4323
2135182 4323
2135183 4324
2135184 4325
2135187 4326
2135188 4327
2135190 4327
2135191 4328
2135192 4329
2135194 4329
2135195 4330
2135196 4331
2135198 4331
2135199 4332
2135200 4333
2135202 4333
2135203 4334
2135296 4335
2135297 4336
2135298 4337
2135300 4338
2135301 4339
2135302 4340
2135306 4341
2135308 4342
2135309 4343
2135310 4344
2135312 4345
2135313 4346
2135314 4347
2135317 4348
2135318 4349
2135320 4350
2135321 4351
2135322 4352
2135324 4353
2135325 4354
2135326 4355
2135328 4356
2135329 4357
2135330 4358
2135424 4359
2135426 4359
2135427 4360
2135428 4361
2135430 4361
2135431 4362
2135434 4363
2135435 4364
2135436 4365
2135438 4365
2135439 4366
2135440 4367
2135442 4367
2135443 4368
2135444 4369
2135447 4370
2135448 4371
2135450 4371
2135451 4372
2135452 4373
2135454 4373
2135455 4374
2135456 4375
2135458 4375
2135459 4376
2135552 4377
2135553 4378
2135554 4379
2135556 4380
2135557 4381
2135558 4382
2135562 4383
2135564 4384
2135565 4385
2135566 4386
2135568 4387
2135569 4388
2135570 4389
2135572 4390
2135573 4391
2135574 4392
2135577 4393
2135578 4394
2135580 4395
2135581 4396
2135582 4397
2135584 4398
2135585 4399
2135586 4400
2135680 4401
2135682 4401
2135683 4402
2135684 4403
2135686 4403
2135687 4404
2135690 4405
2135691 4406
2135692 4407
2135694 4407
2135695 4408
2135696 4409
2135698 4409
2135699 4410
2135700 4411
2135702 4411
2135703 4412
2135704 4413
2135707 4414
2135708 4415
2135710 4415
2135711 4416
2135712 4417
2135714 4417
2135715 4418
2135808 4419
2135809 4420
2135810 4421
2135812 4422
2135813 4423
2135814 4424
2135818 4425
2135820 4426
2135821 4427
2135822 4428
2135824 4429
2135825 4430
2135826 4431
2135828 4432
2135829 4433
2135830 4434
2135832 4435
2135833 4436
2135834 4437
2135837 4438
2135838 4439
2135840 4440
2135841 4441
2135842 4442
2135936 4443
2135938 4443
2135939 4444
2135940 4445
2135942 4445
2135943 4446
2135946 4447
2135947 4448
2135948 4449
2135950 4449
2135951 4450
2135952 4451
2135954 4451
2135955 4452
2135956 4453
2135958 4453
2135959 4454
2135960 4455
2135962 4455
2135963 4456
2135964 4457
2135967 4458
2135968 4459
2135970 4459
2135971 4460
2136064 4461
2136065 4462
2136066 4463
2136068 4464
2136069 4465
2136070 4466
2136074 4467
2136076 4468
2136077 4469
2136078 4470
2136080 4471
2136081 4472
2136082 4473
2136084 4474
2136085 4475
2136086 4476
2136088 4477
2136089 4478
2136090 4479
2136092 4480
2136093 4481
2136094 4482
2136097 4483
2136098 4484
2136192 4485
2136194 4485
2136195 4486
2136196 4487
2136198 4487
2136199 4488
2136202 4489
2136203 4490
2136204 4491
2136206 4491
2136207 4492
2136208 4493
2136210 4493
2136211 4494
2136212 4495
2136214 4495
2136215 4496
2136216 4497
2136218 4497
2136219 4498
2136220 4499
2136222 4499
2136223 4500
2136224 4501
2136227 4502
2147136 4503
2147137 4504
2147138 4505
2147140 4506
2147141 4507
2147142 4508
2147145 4509
2147146 4510
2147150 4511
2147152 4512
2147153 4513
2147154 4514
2147156 4515
2147157 4516
2147158 4517
2147160 4518
2147161 4519
2147162 4520
2147164 4521
2147165 4522
2147166 4523
2147168 4524
2147169 4525
2147170 4526
2147328 4527
2147329 4528
2147332 4529
2147333 4530
2147337 4531
2147341 4532
2147345 4533
2147348 4534
2147349 4535
2147352 4536
2147353 4537
2147356 4538
2147357 4539
2147360 4540
2147361 4541
2147392 4542
2147393 4543
2147394 4544
2147396 4545
2147397 4546
2147398 4547
2147401 4548
2147402 4549
2147405 4550
2147406 4551
2147408 4552
2147410 4553
2147412 4554
2147413 4555
2147414 4556
2147416 4557
2147417 4558
2147418 4559
2147420 4560
2147421 4561
2147422 4562
2147424 4563
2147425 4564
2147426 4565
2147584 4566
2147585 4567
2147588 4568
2147589 4569
2147593 4570
2147597 4571
2147600 4572
2147601 4573
2147605 4574
2147608 4575
2147609 4576
2147612 4577
2147613 4578
2147616 4579
2147617 4580
2147648 4581
2147649 4582
2147650 4583
2147652 4584
2147653 4585
2147654 4586
2147657 4587
2147658 4588
2147661 4589
2147662 4590
2147664 4591
2147665 4592
2147666 4593
2147668 4594
2147670 4595
2147672 4596
2147673 4597
2147674 4598
2147676 4599
2147677 4600
2147678 4601
2147680 4602
2147681 4603
2147682 4604
2147840 4605
2147841 4606
2147844 4607
2147845 4608
2147849 4609
2147853 4610
2147856 4611
2147857 4612
2147860 4613
2147861 4614
2147865 4615
2147868 4616
2147869 4617
2147872 4618
2147873 4619
2147904 4620
2147905 4621
2147906 4622
2147908 4623
2147909 4624
2147910 4625
2147913 4626
2147914 4627
2147917 4628
2147918 4629
2147920 4630
2147921 4631
2147922 4632
2147924 4633
2147925 4634
2147926 4635
2147928 4636
2147930 4637
2147932 4638
2147933 4639
2147934 4640
2147936 4641
2147937 4642
2147938 4643
2148096 4644
2148097 4645
2148100 4646
2148101 4647
2148105 4648
2148109 4649
2148112 4650
2148113 4651
2148116 4652
2148117 4653
2148120 4654
2148121 4655
2148125 4656
2148128 4657
2148129 4658
2148160 4659
2148161 4660
2148162 4661
2148164 4662
2148165 4663
2148166 4664
2148169 4665
2148170 4666
2148173 4667
2148174 4668
2148176 4669
2148177 4670
2148178 4671
2148180 4672
2148181 4673
2148182 4674
2148184 4675
2148185 4676
2148186 4677
2148188 4678
2148190 4679
2148192 4680
2148193 4681
2148194 4682
2148352 4683
2148353 4684
2148356 4685
2148357 4686
2148361 4687
2148365 4688
2148368 4689
2148369 4690
2148372 4691
2148373 4692
2148376 4693
2148377 4694
2148380 4695
2148381 4696
2148385 4697
2148416 4698
2148417 4699
2148418 4700
2148420 4701
2148421 4702
2148422 4703
2148425 4704
2148426 4705
2148429 4706
2148430 4707
2148432 4708
2148433 4709
2148434 4710
2148436 4711
2148437 4712
2148438 4713
2148440 4714
2148441 4715
2148442 4716
2148444 4717
2148445 4718
2148446 4719
2148448 4720
2148450 4721
2151296 4722
2151297 4722
2151299 4723
2151300 4724
2151301 4724
2151303 4725
2151305 4726
2151307 4727
2151308 4728
2151311 4729
2151312 4730
2151313 4730
2151315 4731
2151316 4732
2151317 4732
2151319 4733
2151320 4734
2151321 4734
2151323 4735
2151324 4736
2151325 4736
2151327 4737
2151328 4738
2151329 4738
2151331 4739
2151424 4542
2151425 4543
2151426 4544
2151428 4545
2151429 4546
2151430 4547
2151433 4548
2151434 4549
2151436 4740
2151438 4551
2151441 4741
2151442 4553
2151444 4554
2151445 4555
2151446 4556
2151448 4557
2151449 4558
2151450 4559
2151452 4560
2151453 4561
2151454 4562
2151456 4563
2151457 4564
2151458 4565
2151488 4543
2151489 4542
2151490 4544
2151492 4546
2151493 4545
2151494 4547
2151497 4742
2151498 4549
2151500 4550
2151502 4551
2151504 4741
2151506 4553
2151508 4555
2151509 4554
2151510 4556
2151512 4558
2151513 4557
2151514 4559
2151516 4561
2151517 4560
2151518 4562
2151520 4564
2151521 4563
2151522 4565
2151552 4743
2151553 4743
2151554 4743
2151555 4744
2151556 4745
2151557 4745
2151558 4745
2151559 4746
2151561 4747
2151562 4747
2151563 4748
2151564 4749
2151566 4749
2151567 4750
2151568 4751
2151569 4751
2151571 4752
2151572 4753
2151573 4753
2151574 4753
2151575 4754
2151576 4755
2151577 4755
2151578 4755
2151579 4756
2151580 4757
2151581 4757
2151582 4757
2151583 4758
2151584 4759
2151585 4759
2151586 4759
2151587 4760
2151680 4581
2151681 4582
2151682 4583
2151684 4584
2151685 4585
2151686 4586
2151689 4587
2151690 4588
2151692 4761
2151694 4590
2151696 4591
2151697 4592
2151698 4593
2151701 4762
2151702 4595
2151704 4596
2151705 4597
2151706 4598
2151708 4599
2151709 4600
2151710 4601
2151712 4602
2151713 4603
2151714 4604
2151744 4582
2151745 4581
2151746 4583
2151748 4585
2151749 4584
2151750 4586
2151753 4763
2151754 4588
2151756 4589
2151758 4590
2151760 4592
2151761 4591
2151762 4593
2151764 4762
2151766 4595
2151768 4597
2151769 4596
2151770 4598
2151772 4600
2151773 4599
2151774 4601
2151776 4603
2151777 4602
2151778 4604
2151808 4764
2151809 4764
2151810 4764
2151811 4765
2151812 4766
2151813 4766
2151814 4766
2151815 4767
2151817 4768
2151818 4768
2151819 4769
2151820 4770
2151822 4770
2151823 4771
2151824 4772
2151825 4772
2151826 4772
2151827 4773
2151828 4774
2151829 4774
2151831 4775
2151832 4776
2151833 4776
2151834 4776
2151835 4777
2151836 4778
2151837 4778
2151838 4778
2151839 4779
2151840 4780
2151841 4780
2151842 4780
2151843 4781
2151936 4620
2151937 4621
2151938 4622
2151940 4623
2151941 4624
2151942 4625
2151945 4626
2151946 4627
2151948 4782
2151950 4629
2151952 4630
2151953 4631
2151954 4632
2151956 4633
2151957 4634
2151958 4635
2151961 4783
2151962 4637
2151964 4638
2151965 4639
2151966 4640
2151968 4641
2151969 4642
2151970 4643
2152000 4621
2152001 4620
2152002 4622
2152004 4624
2152005 4623
2152006 4625
2152009 4784
2152010 4627
2152012 4628
2152014 4629
2152016 4631
2152017 4630
2152018 4632
2152020 4634
2152021 4633
2152022 4635
2152024 4783
2152026 4637
2152028 4639
2152029 4638
2152030 4640
2152032 4642
2152033 4641
2152034 4643
2152064 4785
2152065 4785
2152066 4785
2152067 4786
2152068 4787
2152069 4787
2152070 4787
2152071 4788
2152073 4789
2152074 4789
2152075 4790
2152076 4791
2152078 4791
2152079 4792
2152080 4793
2152081 4793
2152082 4793
2152083 4794
2152084 4795
2152085 4795
2152086 4795
2152087 4796
2152088 4797
2152089 4797
2152091 4798
2152092 4799
2152093 4799
2152094 4799
2152095 4800
2152096 4801
2152097 4801
2152098 4801
2152099 4802
2152192 4659
2152193 4660
2152194 4661
2152196 4662
2152197 4663
2152198 4664
2152201 4665
2152202 4666
2152204 4803
2152206 4668
2152208 4669
2152209 4670
2152210 4671
2152212 4672
2152213 4673
2152214 4674
2152216 4675
2152217 4676
2152218 4677
2152221 4804
2152222 4679
2152224 4680
2152225 4681
2152226 4682
2152256 4660
2152257 4659
2152258 4661
2152260 4663
2152261 4662
2152262 4664
2152265 4805
2152266 4666
2152268 4667
2152270 4668
2152272 4670
2152273 4669
2152274 4671
2152276 4673
2152277 4672
2152278 4674
2152280 4676
2152281 4675
2152282 4677
2152284 4804
2152286 4679
2152288 4681
2152289 4680
2152290 4682
2152320 4806
2152321 4806
2152322 4806
2152323 4807
2152324 4808
2152325 4808
2152326 4808
2152327 4809
2152329 4810
2152330 4810
2152331 4811
2152332 4812
2152334 4812
2152335 4813
2152336 4814
2152337 4814
2152338 4814
2152339 4815
2152340 4816
2152341 4816
2152342 4816
2152343 4817
2152344 4818
2152345 4818
2152346 4818
2152347 4819
2152348 4820
2152349 4820
2152351 4821
2152352 4822
2152353 4822
2152354 4822
2152355 4823
2152448 4698
2152449 4699
2152450 4700
2152452 4701
2152453 4702
2152454 4703
2152457 4704
2152458 4705
2152460 4824
2152462 4707
2152464 4708
2152465 4709
2152466 4710
2152468 4711
2152469 4712
2152470 4713
2152472 4714
2152473 4715
2152474 4716
2152476 4717
2152477 4718
2152478 4719
2152481 4825
2152482 4721
2152512 4699
2152513 4698
2152514 4700
2152516 4702
2152517 4701
2152518 4703
2152521 4826
2152522 4705
2152524 4706
2152526 4707
2152528 4709
2152529 4708
2152530 4710
2152532 4712
2152533 4711
2152534 4713
2152536 4715
2152537 4714
2152538 4716
2152540 4718
2152541 4717
2152542 4719
2152544 4825
2152546 4721
2152576 4827
2152577 4827
2152578 4827
2152579 4828
2152580 4829
2152581 4829
2152582 4829
2152583 4830
2152585 4831
2152586 4831
2152587 4832
2152588 4833
2152590 4833
2152591 4834
2152592 4835
2152593 4835
2152594 4835
2152595 4836
2152596 4837
2152597 4837
2152598 4837
2152599 4838
2152600 4839
2152601 4839
2152602 4839
2152603 4840
2152604 4841
2152605 4841
2152606 4841
2152607 4842
2152608 4843
2152609 4843
2152611 4844
2163776 4845
2163777 4846
2163778 4847
2163780 4848
2163781 4849
2163782 4850
2163785 4851
2163786 4852
2163788 4853
2163789 4854
2163790 4855
2163794 4856
2163796 4857
2163797 4858
2163798 4859
2163800 4860
2163801 4861
2163802 4862
2163804 4863
2163805 4864
2163806 4865
2163808 4866
2163809 4867
2163810 4868
2163968 4869
2163969 4870
2163972 4871
2163973 4872
2163977 4873
2163980 4874
2163981 4875
2163985 4876
2163989 4877
2163992 4878
2163993 4879
2163996 4880
2163997 4881
2164000 4882
2164001 4883
2164032 4884
2164033 4885
2164034 4886
2164036 4887
2164037 4888
2164038 4889
2164041 4890
2164042 4891
2164044 4892
2164045 4893
2164046 4894
2164049 4895
2164050 4896
2164052 4897
2164054 4898
2164056 4899
2164057 4900
2164058 4901
2164060 4902
2164061 4903
2164062 4904
2164064 4905
2164065 4906
2164066 4907
2164224 4908
2164225 4909
2164228 4910
2164229 4911
2164233 4912
2164236 4913
2164237 4914
2164241 4915
2164244 4916
2164245 4917
2164249 4918
2164252 4919
2164253 4920
2164256 4921
2164257 4922
2164288 4923
2164289 4924
2164290 4925
2164292 4926
2164293 4927
2164294 4928
2164297 4929
2164298 4930
2164300 4931
2164301 4932
2164302 4933
2164305 4934
2164306 4935
2164308 4936
2164309 4937
2164310 4938
2164312 4939
2164314 4940
2164316 4941
2164317 4942
2164318 4943
2164320 4944
2164321 4945
2164322 4946
2164480 4947
2164481 4948
2164484 4949
2164485 4950
2164489 4951
2164492 4952
2164493 4953
2164497 4954
2164500 4955
2164501 4956
2164504 4957
2164505 4958
2164509 4959
2164512 4960
2164513 4961
2164544 4962
2164545 4963
2164546 4964
2164548 4965
2164549 4966
2164550 4967
2164553 4968
2164554 4969
2164556 4970
2164557 4971
2164558 4972
2164561 4973
2164562 4974
2164564 4975
2164565 4976
2164566 4977
2164568 4978
2164569 4979
2164570 4980
2164572 4981
2164574 4982
2164576 4983
2164577 4984
2164578 4985
2164736 4986
2164737 4987
2164740 4988
2164741 4989
2164745 4990
2164748 4991
2164749 4992
2164753 4993
2164756 4994
2164757 4995
2164760 4996
2164761 4997
2164764 4998
2164765 4999
2164769 5000
2164800 5001
2164801 5002
2164802 5003
2164804 5004
2164805 5005
2164806 5006
2164809 5007
2164810 5008
2164812 5009
2164813 5010
2164814 5011
2164817 5012
2164818 5013
2164820 5014
2164821 5015
2164822 5016
2164824 5017
2164825 5018
2164826 5019
2164828 5020
2164829 5021
2164830 5022
2164832 5023
2164834 5024
2167936 5025
2167937 5025
2167939 5026
2167940 5027
2167941 5027
2167943 5028
2167945 5029
2167947 5030
2167948 5031
2167949 5031
2167951 5032
2167952 5033
2167955 5034
2167956 5035
2167957 5035
2167959 5036
2167960 5037
2167961 5037
2167963 5038
2167964 5039
2167965 5039
2167967 5040
2167968 5041
2167969 5041
2167971 5042
2168064 4884
2168065 4885
2168066 4886
2168068 4887
2168069 4888
2168070 4889
2168073 4890
2168074 4891
2168076 4892
2168077 4893
2168078 4894
2168080 5043
2168082 4896
2168085 5044
2168086 4898
2168088 4899
2168089 4900
2168090 4901
2168092 4902
2168093 4903
2168094 4904
2168096 4905
2168097 4906
2168098 4907
2168128 4885
2168129 4884
2168130 4886
2168132 4888
2168133 4887
2168134 4889
2168137 5045
2168138 4891
2168140 4893
2168141 4892
2168142 4894
2168144 4895
2168146 4896
2168148 5044
2168150 4898
2168152 4900
2168153 4899
2168154 4901
2168156 4903
2168157 4902
2168158 4904
2168160 4906
2168161 4905
2168162 4907
2168192 5046
2168193 5046
2168194 5046
2168195 5047
2168196 5048
2168197 5048
2168198 5048
2168199 5049
2168201 5050
2168202 5050
2168203 5051
2168204 5052
2168205 5052
2168206 5052
2168207 5053
2168208 5054
2168210 5054
2168211 5055
2168212 5056
2168213 5056
2168215 5057
2168216 5058
2168217 5058
2168218 5058
2168219 5059
2168220 5060
2168221 5060
2168222 5060
2168223 5061
2168224 5062
2168225 5062
2168226 5062
2168227 5063
2168320 4923
2168321 4924
2168322 4925
2168324 4926
2168325 4927
2168326 4928
2168329 4929
2168330 4930
2168332 4931
2168333 4932
2168334 4933
2168336 5064
2168338 4935
2168340 4936
2168341 4937
2168342 4938
2168345 5065
2168346 4940
2168348 4941
2168349 4942
2168350 4943
2168352 4944
2168353 4945
2168354 4946
2168384 4924
2168385 4923
2168386 4925
2168388 4927
2168389 4926
2168390 4928
2168393 5066
2168394 4930
2168396 4932
2168397 4931
2168398 4933
2168400 4934
2168402 4935
2168404 4937
2168405 4936
2168406 4938
2168408 5065
2168410 4940
2168412 4942
2168413 4941
2168414 4943
2168416 4945
2168417 4944
2168418 4946
2168448 5067
2168449 5067
2168450 5067
2168451 5068
2168452 5069
2168453 5069
2168454 5069
2168455 5070
2168457 5071
2168458 5071
2168459 5072
2168460 5073
2168461 5073
2168462 5073
2168463 5074
2168464 5075
2168466 5075
2168467 5076
2168468 5077
2168469 5077
2168470 5077
2168471 5078
2168472 5079
2168473 5079
2168475 5080
2168476 5081
2168477 5081
2168478 5081
2168479 5082
2168480 5083
2168481 5083
2168482 5083
2168483 5084
2168576 4962
2168577 4963
2168578 4964
2168580 4965
2168581 4966
2168582 4967
2168585 4968
2168586 4969
2168588 4970
2168589 4971
2168590 4972
2168592 5085
2168594 4974
2168596 4975
2168597 4976
2168598 4977
2168600 4978
2168601 4979
2168602 4980
2168605 5086
2168606 4982
2168608 4983
2168609 4984
2168610 4985
2168640 4963
2168641 4962
2168642 4964
2168644 4966
2168645 4965
2168646 4967
2168649 5087
2168650 4969
2168652 4971
2168653 4970
2168654 4972
2168656 4973
2168658 4974
2168660 4976
2168661 4975
2168662 4977
2168664 4979
2168665 4978
2168666 4980
2168668 5086
2168670 4982
2168672 4984
2168673 4983
2168674 4985
2168704 5088
2168705 5088
2168706 5088
2168707 5089
2168708 5090
2168709 5090
2168710 5090
2168711 5091
2168713 5092
2168714 5092
2168715 5093
2168716 5094
2168717 5094
2168718 5094
2168719 5095
2168720 5096
2168722 5096
2168723 5097
2168724 5098
2168725 5098
2168726 5098
2168727 5099
2168728 5100
2168729 5100
2168730 5100
2168731 5101
2168732 5102
2168733 5102
2168735 5103
2168736 5104
2168737 5104
2168738 5104
2168739 5105
2168832 5001
2168833 5002
2168834 5003
2168836 5004
2168837 5005
2168838 5006
2168841 5007
2168842 5008
2168844 5009
2168845 5010
2168846 5011
2168848 5106
2168850 5013
2168852 5014
2168853 5015
2168854 5016
2168856 5017
2168857 5018
2168858 5019
2168860 5020
2168861 5021
2168862 5022
2168865 5107
2168866 5024
2168896 5002
2168897 5001
2168898 5003
2168900 5005
2168901 5004
2168902 5006
2168905 5108
2168906 5008
2168908 5010
2168909 5009
2168910 5011
2168912 5012
2168914 5013
2168916 5015
2168917 5014
2168918 5016
2168920 5018
2168921 5017
2168922 5019
2168924 5021
2168925 5020
2168926 5022
2168928 5107
2168930 5024
2168960 5109
2168961 5109
2168962 5109
2168963 5110
2168964 5111
2168965 5111
2168966 5111
2168967 5112
2168969 5113
2168970 5113
2168971 5114
2168972 5115
2168973 5115
2168974 5115
2168975 5116
2168976 5117
2168978 5117
2168979 5118
2168980 5119
2168981 5119
2168982 5119
2168983 5120
2168984 5121
2168985 5121
2168986 5121
2168987 5122
2168988 5123
2168989 5123
2168990 5123
2168991 5124
2168992 5125
2168993 5125
2168995 5126
2180416 5127
2180417 5128
2180418 5129
2180420 5130
2180421 5131
2180422 5132
2180425 5133
2180426 5134
2180428 5135
2180429 5136
2180430 5137
2180432 5138
2180433 5139
2180434 5140
2180438 5141
2180440 5142
2180441 5143
2180442 5144
2180444 5145
2180445 5146
2180446 5147
2180448 5148
2180449 5149
2180450 5150
2180608 5151
2180609 5152
2180612 5153
2180613 5154
2180617 5155
2180620 5156
2180621 5157
2180624 5158
2180625 5159
2180629 5160
2180633 5161
2180636 5162
2180637 5163
2180640 5164
2180641 5165
2180672 5166
2180673 5167
2180674 5168
2180676 5169
2180677 5170
2180678 5171
2180681 5172
2180682 5173
2180684 5174
2180685 5175
2180686 5176
2180688 5177
2180689 5178
2180690 5179
2180693 5180
2180694 5181
2180696 5182
2180698 5183
2180700 5184
2180701 5185
2180702 5186
2180704 5187
2180705 5188
2180706 5189
2180864 5190
2180865 5191
2180868 5192
2180869 5193
2180873 5194
2180876 5195
2180877 5196
2180880 5197
2180881 5198
2180885 5199
2180888 5200
2180889 5201
2180893 5202
2180896 5203
2180897 5204
2180928 5205
2180929 5206
2180930 5207
2180932 5208
2180933 5209
2180934 5210
2180937 5211
2180938 5212
2180940 5213
2180941 5214
2180942 5215
2180944 5216
2180945 5217
2180946 5218
2180949 5219
2180950 5220
2180952 5221
2180953 5222
2180954 5223
2180956 5224
2180958 5225
2180960 5226
2180961 5227
2180962 5228
2181120 5229
2181121 5230
2181124 5231
2181125 5232
2181129 5233
2181132 5234
2181133 5235
2181136 5236
2181137 5237
2181141 5238
2181144 5239
2181145 5240
2181148 5241
2181149 5242
2181153 5243
2181184 5244
2181185 5245
2181186 5246
2181188 5247
2181189 5248
2181190 5249
2181193 5250
2181194 5251
2181196 5252
2181197 5253
2181198 5254
2181200 5255
2181201 5256
2181202 5257
2181205 5258
2181206 5259
2181208 5260
2181209 5261
2181210 5262
2181212 5263
2181213 5264
2181214 5265
2181216 5266
2181218 5267
2184576 5268
2184577 5268
2184579 5269
2184580 5270
2184581 5270
2184583 5271
2184585 5272
2184587 5273
2184588 5274
2184589 5274
2184591 5275
2184592 5276
2184593 5276
2184595 5277
2184596 5278
2184599 5279
2184600 5280
2184601 5280
2184603 5281
2184604 5282
2184605 5282
2184607 5283
2184608 5284
2184609 5284
2184611 5285
2184704 5166
2184705 5167
2184706 5168
2184708 5169
2184709 5170
2184710 5171
2184713 5172
2184714 5173
2184716 5174
2184717 5175
2184718 5176
2184720 5177
2184721 5178
2184722 5179
2184724 5286
2184726 5181
2184729 5287
2184730 5183
2184732 5184
2184733 5185
2184734 5186
2184736 5187
2184737 5188
2184738 5189
2184768 5167
2184769 5166
2184770 5168
2184772 5170
2184773 5169
2184774 5171
2184777 5288
2184778 5173
2184780 5175
2184781 5174
2184782 5176
2184784 5178
2184785 5177
2184786 5179
2184788 5180
2184790 5181
2184792 5287
2184794 5183
2184796 5185
2184797 5184
2184798 5186
2184800 5188
2184801 5187
2184802 5189
2184832 5289
2184833 5289
2184834 5289
2184835 5290
2184836 5291
2184837 5291
2184838 5291
2184839 5292
2184841 5293
2184842 5293
2184843 5294
2184844 5295
2184845 5295
2184846 5295
2184847 5296
2184848 5297
2184849 5297
2184850 5297
2184851 5298
2184852 5299
2184854 5299
2184855 5300
2184856 5301
2184857 5301
2184859 5302
2184860 5303
2184861 5303
2184862 5303
2184863 5304
2184864 5305
2184865 5305
2184866 5305
2184867 5306
2184960 5205
2184961 5206
2184962 5207
2184964 5208
2184965 5209
2184966 5210
2184969 5211
2184970 5212
2184972 5213
2184973 5214
2184974 5215
2184976 5216
2184977 5217
2184978 5218
2184980 5307
2184982 5220
2184984 5221
2184985 5222
2184986 5223
2184989 5308
2184990 5225
2184992 5226
2184993 5227
2184994 5228
2185024 5206
2185025 5205
2185026 5207
2185028 5209
2185029 5208
2185030 5210
2185033 5309
2185034 5212
2185036 5214
2185037 5213
2185038 5215
2185040 5217
2185041 5216
2185042 5218
2185044 5219
2185046 5220
2185048 5222
2185049 5221
2185050 5223
2185052 5308
2185054 5225
2185056 5227
2185057 5226
2185058 5228
2185088 5310
2185089 5310
2185090 5310
2185091 5311
2185092 5312
2185093 5312
2185094 5312
2185095 5313
2185097 5314
2185098 5314
2185099 5315
2185100 5316
2185101 5316
2185102 5316
2185103 5317
2185104 5318
2185105 5318
2185106 5318
2185107 5319
2185108 5320
2185110 5320
2185111 5321
2185112 5322
2185113 5322
2185114 5322
2185115 5323
2185116 5324
2185117 5324
2185119 5325
2185120 5326
2185121 5326
2185122 5326
2185123 5327
2185216 5244
2185217 5245
2185218 5246
2185220 5247
2185221 5248
2185222 5249
2185225 5250
2185226 5251
2185228 5252
2185229 5253
2185230 5254
2185232 5255
2185233 5256
2185234 5257
2185236 5328
2185238 5259
2185240 5260
2185241 5261
2185242 5262
2185244 5263
2185245 5264
2185246 5265
2185249 5329
2185250 5267
2185280 5245
2185281 5244
2185282 5246
2185284 5248
2185285 5247
2185286 5249
2185289 5330
2185290 5251
2185292 5253
2185293 5252
2185294 5254
2185296 5256
2185297 5255
2185298 5257
2185300 5258
2185302 5259
2185304 5261
2185305 5260
2185306 5262
2185308 5264
2185309 5263
2185310 5265
2185312 5329
2185314 5267
2185344 5331
2185345 5331
2185346 5331
2185347 5332
2185348 5333
2185349 5333
2185350 5333
2185351 5334
2185353 5335
2185354 5335
2185355 5336
2185356 5337
2185357 5337
2185358 5337
2185359 5338
2185360 5339
2185361 5339
2185362 5339
2185363 5340
2185364 5341
2185366 5341
2185367 5342
2185368 5343
2185369 5343
2185370 5343
2185371 5344
2185372 5345
2185373 5345
2185374 5345
2185375 5346
2185376 5347
2185377 5347
2185379 5348
2197056 5349
2197057 5350
2197058 5351
2197060 5352
2197061 5353
2197062 5354
2197065 5355
2197066 5356
2197068 5357
2197069 5358
2197070 5359
2197072 5360
2197073 5361
2197074 5362
2197076 5363
2197077 5364
2197078 5365
2197082 5366
2197084 5367
2197085 5368
2197086 5369
2197088 5370
2197089 5371
2197090 5372
2197248 5373
2197249 5374
2197252 5375
2197253 5376
2197257 5377
2197260 5378
2197261 5379
2197264 5380
2197265 5381
2197268 5382
2197269 5383
2197273 5384
2197277 5385
2197280 5386
2197281 5387
2197312 5388
2197313 5389
2197314 5390
2197316 5391
2197317 5392
2197318 5393
2197321 5394
2197322 5395
2197324 5396
2197325 5397
2197326 5398
2197328 5399
2197329 5400
2197330 5401
2197332 5402
2197333 5403
2197334 5404
2197337 5405
2197338 5406
2197340 5407
2197342 5408
2197344 5409
2197345 5410
2197346 5411
2197504 5412
2197505 5413
2197508 5414
2197509 5415
2197513 5416
2197516 5417
2197517 5418
2197520 5419
2197521 5420
2197524 5421
2197525 5422
2197529 5423
2197532 5424
2197533 5425
2197537 5426
2197568 5427
2197569 5428
2197570 5429
2197572 5430
2197573 5431
2197574 5432
2197577 5433
2197578 5434
2197580 5435
2197581 5436
2197582 5437
2197584 5438
2197585 5439
2197586 5440
2197588 5441
2197589 5442
2197590 5443
2197593 5444
2197594 5445
2197596 5446
2197597 5447
2197598 5448
2197600 5449
2197602 5450
2201216 5451
2201217 5451
2201219 5452
2201220 5453
2201221 5453
2201223 5454
2201225 5455
2201227 5456
2201228 5457
2201229 5457
2201231 5458
2201232 5459
2201233 5459
2201235 5460
2201236 5461
2201237 5461
2201239 5462
2201240 5463
2201243 5464
2201244 5465
2201245 5465
2201247 5466
2201248 5467
2201249 5467
2201251 5468
2201344 5388
2201345 5389
2201346 5390
2201348 5391
2201349 5392
2201350 5393
2201353 5394
2201354 5395
2201356 5396
2201357 5397
2201358 5398
2201360 5399
2201361 5400
2201362 5401
2201364 5402
2201365 5403
2201366 5404
2201368 5469
2201370 5406
2201373 5470
2201374 5408
2201376 5409
2201377 5410
2201378 5411
2201408 5389
2201409 5388
2201410 5390
2201412 5392
2201413 5391
2201414 5393
2201417 5471
2201418 5395
2201420 5397
2201421 5396
2201422 5398
2201424 5400
2201425 5399
2201426 5401
2201428 5403
2201429 5402
2201430 5404
2201432 5405
2201434 5406
2201436 5470
2201438 5408
2201440 5410
2201441 5409
2201442 5411
2201472 5472
2201473 5472
2201474 5472
2201475 5473
2201476 5474
2201477 5474
2201478 5474
2201479 5475
2201481 5476
2201482 5476
2201483 5477
2201484 5478
2201485 5478
2201486 5478
2201487 5479
2201488 5480
2201489 5480
2201490 5480
2201491 5481
2201492 5482
2201493 5482
2201494 5482
2201495 5483
2201496 5484
2201498 5484
2201499 5485
2201500 5486
2201501 5486
2201503 5487
2201504 5488
2201505 5488
2201506 5488
2201507 5489
2201600 5427
2201601 5428
2201602 5429
2201604 5430
2201605 5431
2201606 5432
2201609 5433
2201610 5434
2201612 5435
2201613 5436
2201614 5437
2201616 5438
2201617 5439
2201618 5440
2201620 5441
2201621 5442
2201622 5443
2201624 5490
2201626 5445
2201628 5446
2201629 5447
2201630 5448
2201633 5491
2201634 5450
2201664 5428
2201665 5427
2201666 5429
2201668 5431
2201669 5430
2201670 5432
2201673 5492
2201674 5434
2201676 5436
2201677 5435
2201678 5437
2201680 5439
2201681 5438
2201682 5440
2201684 5442
2201685 5441
2201686 5443
2201688 5444
2201690 5445
2201692 5447
2201693 5446
2201694 5448
2201696 5491
2201698 5450
2201728 5493
2201729 5493
2201730 5493
2201731 5494
2201732 5495
2201733 5495
2201734 5495
2201735 5496
2201737 5497
2201738 5497
2201739 5498
2201740 5499
2201741 5499
2201742 5499
2201743 5500
2201744 5501
2201745 5501
2201746 5501
2201747 5502
2201748 5503
2201749 5503
2201750 5503
2201751 5504
2201752 5505
2201754 5505
2201755 5506
2201756 5507
2201757 5507
2201758 5507
2201759 5508
2201760 5509
2201761 5509
2201763 5510
2213696 5511
2213697 5512
2213698 5513
2213700 5514
2213701 5515
2213702 5516
2213705 5517
2213706 5518
2213708 5519
2213709 5520
2213710 5521
2213712 5522
2213713 5523
2213714 5524
2213716 5525
2213717 5526
2213718 5527
2213720 5528
2213721 5529
2213722 5530
2213726 5531
2213728 5532
2213729 5533
2213730 5534
2213888 5535
2213889 5536
2213892 5537
2213893 5538
2213897 5539
2213900 5540
2213901 5541
2213904 5542
2213905 5543
2213908 5544
2213909 5545
2213912 5546
2213913 5547
2213917 5548
2213921 5549
2213952 5550
2213953 5551
2213954 5552
2213956 5553
2213957 5554
2213958 5555
2213961 5556
2213962 5557
2213964 5558
2213965 5559
2213966 5560
2213968 5561
2213969 5562
2213970 5563
2213972 5564
2213973 5565
2213974 5566
2213976 5567
2213977 5568
2213978 5569
2213981 5570
2213982 5571
2213984 5572
2213986 5573
2217856 5574
2217857 5574
2217859 5575
2217860 5576
2217861 5576
2217863 5577
2217865 5578
2217867 5579
2217868 5580
2217869 5580
2217871 5581
2217872 5582
2217873 5582
2217875 5583
2217876 5584
2217877 5584
2217879 5585
2217880 5586
2217881 5586
2217883 5587
2217884 5588
2217887 5589
2217888 5590
2217889 5590
2217891 5591
2217984 5550
2217985 5551
2217986 5552
2217988 5553
2217989 5554
2217990 5555
2217993 5556
2217994 5557
2217996 5558
2217997 5559
2217998 5560
2218000 5561
2218001 5562
2218002 5563
2218004 5564
2218005 5565
2218006 5566
2218008 5567
2218009 5568
2218010 5569
2218012 5592
2218014 5571
2218017 5593
2218018 5573
2218048 5551
2218049 5550
2218050 5552
2218052 5554
2218053 5553
2218054 5555
2218057 5594
2218058 5557
2218060 5559
2218061 5558
2218062 5560
2218064 5562
2218065 5561
2218066 5563
2218068 5565
2218069 5564
2218070 5566
2218072 5568
2218073 5567
2218074 5569
2218076 5570
2218078 5571
2218080 5593
2218082 5573
2218112 5595
2218113 5595
2218114 5595
2218115 5596
2218116 5597
2218117 5597
2218118 5597
2218119 5598
2218121 5599
2218122 5599
2218123 5600
2218124 5601
2218125 5601
2218126 5601
2218127 5602
2218128 5603
2218129 5603
2218130 5603
2218131 5604
2218132 5605
2218133 5605
2218134 5605
2218135 5606
2218136 5607
2218137 5607
2218138 5607
2218139 5608
2218140 5609
2218142 5609
2218143 5610
2218144 5611
2218145 5611
2218147 5612
2230336 5613
2230337 5614
2230338 5615
2230340 5616
2230341 5617
2230342 5618
2230345 5619
2230346 5620
2230348 5621
2230349 5622
2230350 5623
2230352 5624
2230353 5625
2230354 5626
2230356 5627
2230357 5628
2230358 5629
2230360 5630
2230361 5631
2230362 5632
2230364 5633
2230365 5634
2230366 5635
2230370 5636
2234496 5637
2234497 5637
2234499 5638
2234500 5639
2234501 5639
2234503 5640
2234505 5641
2234507 5642
2234508 5643
2234509 5643
2234511 5644
2234512 5645
2234513 5645
2234515 5646
2234516 5647
2234517 5647
2234519 5648
2234520 5649
2234521 5649
2234523 5650
2234524 5651
2234525 5651
2234527 5652
2234528 5653
2234531 5654
3199872 5655
3199875 5656
3199876 5657
3199879 5658
3199880 5659
3199883 5660
3199887 5661
3199888 5662
3199891 5663
3199892 5664
3199895 5665
3199896 5666
3199899 5667
3199900 5668
3199903 5669
3199904 5670
3199907 5671
3200000 5672
3200001 5673
3200002 5674
3200004 5675
3200005 5676
3200006 5677
3200008 5678
3200009 5679
3200010 5680
3200014 5681
3200017 5682
3200018 5683
3200020 5684
3200021 5685
3200022 5686
3200024 5687
3200025 5688
3200026 5689
3200028 5690
3200029 5691
3200030 5692
3200032 5693
3200033 5694
3200034 5695
3200128 5696
3200130 5696
3200131 5697
3200132 5698
3200134 5698
3200135 5699
3200136 5700
3200138 5700
3200139 5701
3200142 5702
3200143 5703
3200144 5704
3200147 5705
3200148 5706
3200150 5706
3200151 5707
3200152 5708
3200154 5708
3200155 5709
3200156 5710
3200158 5710
3200159 5711
3200160 5712
3200162 5712
3200163 5713
3200256 5714
3200257 5715
3200258 5716
3200260 5717
3200261 5718
3200262 5719
3200264 5720
3200265 5721
3200266 5722
3200270 5723
3200272 5724
3200273 5725
3200274 5726
3200277 5727
3200278 5728
3200280 5729
3200281 5730
3200282 5731
3200284 5732
3200285 5733
3200286 5734
3200288 5735
3200289 5736
3200290 5737
3200384 5738
3200386 5738
3200387 5739
3200388 5740
3200390 5740
3200391 5741
3200392 5742
3200394 5742
3200395 5743
3200398 5744
3200399 5745
3200400 5746
3200402 5746
3200403 5747
3200404 5748
3200407 5749
3200408 5750
3200410 5750
3200411 5751
3200412 5752
3200414 5752
3200415 5753
3200416 5754
3200418 5754
3200419 5755
3200512 5756
3200513 5757
3200514 5758
3200516 5759
3200517 5760
3200518 5761
3200520 5762
3200521 5763
3200522 5764
3200526 5765
3200528 5766
3200529 5767
3200530 5768
3200532 5769
3200533 5770
3200534 5771
3200537 5772
3200538 5773
3200540 5774
3200541 5775
3200542 5776
3200544 5777
3200545 5778
3200546 5779
3200640 5780
3200642 5780
3200643 5781
3200644 5782
3200646 5782
3200647 5783
3200648 5784
3200650 5784
3200651 5785
3200654 5786
3200655 5787
3200656 5788
3200658 5788
3200659 5789
3200660 5790
3200662 5790
3200663 5791
3200664 5792
3200667 5793
3200668 5794
3200670 5794
3200671 5795
3200672 5796
3200674 5796
3200675 5797
3200768 5798
3200769 5799
3200770 5800
3200772 5801
3200773 5802
3200774 5803
3200776 5804
3200777 5805
3200778 5806
3200782 5807
3200784 5808
3200785 5809
3200786 5810
3200788 5811
3200789 5812
3200790 5813
3200792 5814
3200793 5815
3200794 5816
3200797 5817
3200798 5818
3200800 5819
3200801 5820
3200802 5821
3200896 5822
3200898 5822
3200899 5823
3200900 5824
3200902 5824
3200903 5825
3200904 5826
3200906 5826
3200907 5827
3200910 5828
3200911 5829
3200912 5830
3200914 5830
3200915 5831
3200916 5832
3200918 5832
3200919 5833
3200920 5834
3200922 5834
3200923 5835
3200924 5836
3200927 5837
3200928 5838
3200930 5838
3200931 5839
3201024 5840
3201025 5841
3201026 5842
3201028 5843
3201029 5844
3201030 5845
3201032 5846
3201033 5847
3201034 5848
3201038 5849
3201040 5850
3201041 5851
3201042 5852
3201044 5853
3201045 5854
3201046 5855
3201048 5856
3201049 5857
3201050 5858
3201052 5859
3201053 5860
3201054 5861
3201057 5862
3201058 5863
3201152 5864
3201154 5864
3201155 5865
3201156 5866
3201158 5866
3201159 5867
3201160 5868
3201162 5868
3201163 5869
3201166 5870
3201167 5871
3201168 5872
3201170 5872
3201171 5873
3201172 5874
3201174 5874
3201175 5875
3201176 5876
3201178 5876
3201179 5877
3201180 5878
3201182 5878
3201183 5879
3201184 5880
3201187 5881
3212352 5882
3212353 5883
3212354 5884
3212356 5885
3212357 5886
3212358 5887
3212360 5888
3212361 5889
3212362 5890
3212365 5891
3212366 5892
3212370 5893
3212372 5894
3212373 5895
3212374 5896
3212376 5897
3212377 5898
3212378 5899
3212380 5900
3212381 5901
3212382 5902
3212384 5903
3212385 5904
3212386 5905
3212544 5906
3212545 5907
3212548 5908
3212549 5909
3212552 5910
3212553 5911
3212557 5912
3212561 5913
3212565 5914
3212568 5915
3212569 5916
3212572 5917
3212573 5918
3212576 5919
3212577 5920
3212608 5921
3212609 5922
3212610 5923
3212612 5924
3212613 5925
3212614 5926
3212616 5927
3212617 5928
3212618 5929
3212621 5930
3212622 5931
3212625 5932
3212626 5933
3212628 5934
3212630 5935
3212632 5936
3212633 5937
3212634 5938
3212636 5939
3212637 5940
3212638 5941
3212640 5942
3212641 5943
3212642 5944
3212800 5945
3212801 5946
3212804 5947
3212805 5948
3212808 5949
3212809 5950
3212813 5951
3212817 5952
3212820 5953
3212821 5954
3212825 5955
3212828 5956
3212829 5957
3212832 5958
3212833 5959
3212864 5960
3212865 5961
3212866 5962
3212868 5963
3212869 5964
3212870 5965
3212872 5966
3212873 5967
3212874 5968
3212877 5969
3212878 5970
3212881 5971
3212882 5972
3212884 5973
3212885 5974
3212886 5975
3212888 5976
3212890 5977
3212892 5978
3212893 5979
3212894 5980
3212896 5981
3212897 5982
3212898 5983
3213056 5984
3213057 5985
3213060 5986
3213061 5987
3213064 5988
3213065 5989
3213069 5990
3213073 5991
3213076 5992
3213077 5993
3213080 5994
3213081 5995
3213085 5996
3213088 5997
3213089 5998
3213120 5999
3213121 6000
3213122 6001
3213124 6002
3213125 6003
3213126 6004
3213128 6005
3213129 6006
3213130 6007
3213133 6008
3213134 6009
3213137 6010
3213138 6011
3213140 6012
3213141 6013
3213142 6014
3213144 6015
3213145 6016
3213146 6017
3213148 6018
3213150 6019
3213152 6020
3213153 6021
3213154 6022
3213312 6023
3213313 6024
3213316 6025
3213317 6026
3213320 6027
3213321 6028
3213325 6029
3213329 6030
3213332 6031
3213333 6032
3213336 6033
3213337 6034
3213340 6035
3213341 6036
3213345 6037
3213376 6038
3213377 6039
3213378 6040
3213380 6041
3213381 6042
3213382 6043
3213384 6044
3213385 6045
3213386 6046
3213389 6047
3213390 6048
3213393 6049
3213394 6050
3213396 6051
3213397 6052
3213398 6053
3213400 6054
3213401 6055
3213402 6056
3213404 6057
3213405 6058
3213406 6059
3213408 6060
3213410 6061
3216512 6062
3216513 6062
3216515 6063
3216516 6064
3216517 6064
3216519 6065
3216520 6066
3216521 6066
3216523 6067
3216525 6068
3216527 6069
3216528 6070
3216531 6071
3216532 6072
3216533 6072
3216535 6073
3216536 6074
3216537 6074
3216539 6075
3216540 6076
3216541 6076
3216543 6077
3216544 6078
3216545 6078
3216547 6079
3216640 5921
3216641 5922
3216642 5923
3216644 5924
3216645 5925
3216646 5926
3216648 5927
3216649 5928
3216650 5929
3216653 5930
3216654 5931
3216656 6080
3216658 5933
3216661 6081
3216662 5935
3216664 5936
3216665 5937
3216666 5938
3216668 5939
3216669 5940
3216670 5941
3216672 5942
3216673 5943
3216674 5944
3216704 5922
3216705 5921
3216706 5923
3216708 5925
3216709 5924
3216710 5926
3216712 5928
3216713 5927
3216714 5929
3216717 6082
3216718 5931
3216720 5932
3216722 5933
3216724 6081
3216726 5935
3216728 5937
3216729 5936
3216730 5938
3216732 5940
3216733 5939
3216734 5941
3216736 5943
3216737 5942
3216738 5944
3216768 6083
3216769 6083
3216770 6083
3216771 6084
3216772 6085
3216773 6085
3216774 6085
3216775 6086
3216776 6087
3216777 6087
3216778 6087
3216779 6088
3216781 6089
3216782 6089
3216783 6090
3216784 6091
3216786 6091
3216787 6092
3216788 6093
3216789 6093
3216791 6094
3216792 6095
3216793 6095
3216794 6095
3216795 6096
3216796 6097
3216797 6097
3216798 6097
3216799 6098
3216800 6099
3216801 6099
3216802 6099
3216803 6100
3216896 5960
3216897 5961
3216898 5962
3216900 5963
3216901 5964
3216902 5965
3216904 5966
3216905 5967
3216906 5968
3216909 5969
3216910 5970
3216912 6101
3216914 5972
3216916 5973
3216917 5974
3216918 5975
3216921 6102
3216922 5977
3216924 5978
3216925 5979
3216926 5980
3216928 5981
3216929 5982
3216930 5983
3216960 5961
3216961 5960
3216962 5962
3216964 5964
3216965 5963
3216966 5965
3216968 5967
3216969 5966
3216970 5968
3216973 6103
3216974 5970
3216976 5971
3216978 5972
3216980 5974
3216981 5973
3216982 5975
3216984 6102
3216986 5977
3216988 5979
3216989 5978
3216990 5980
3216992 5982
3216993 5981
3216994 5983
3217024 6104
3217025 6104
3217026 6104
3217027 6105
3217028 6106
3217029 6106
3217030 6106
3217031 6107
3217032 6108
3217033 6108
3217034 6108
3217035 6109
3217037 6110
3217038 6110
3217039 6111
3217040 6112
3217042 6112
3217043 6113
3217044 6114
3217045 6114
3217046 6114
3217047 6115
3217048 6116
3217049 6116
3217051 6117
3217052 6118
3217053 6118
3217054 6118
3217055 6119
3217056 6120
3217057 6120
3217058 6120
3217059 6121
3217152 5999
3217153 6000
3217154 6001
3217156 6002
3217157 6003
3217158 6004
3217160 6005
3217161 6006
3217162 6007
3217165 6008
3217166 6009
3217168 6122
3217170 6011
3217172 6012
3217173 6013
3217174 6014
3217176 6015
3217177 6016
3217178 6017
3217181 6123
3217182 6019
3217184 6020
3217185 6021
3217186 6022
3217216 6000
3217217 5999
3217218 6001
3217220 6003
3217221 6002
3217222 6004
3217224 6006
3217225 6005
3217226 6007
3217229 6124
3217230 6009
3217232 6010
3217234 6011
3217236 6013
3217237 6012
3217238 6014
3217240 6016
3217241 6015
3217242 6017
3217244 6123
3217246 6019
3217248 6021
3217249 6020
3217250 6022
3217280 6125
3217281 6125
3217282 6125
3217283 6126
3217284 6127
3217285 6127
3217286 6127
3217287 6128
3217288 6129
3217289 6129
3217290 6129
3217291 6130
3217293 6131
3217294 6131
3217295 6132
3217296 6133
3217298 6133
3217299 6134
3217300 6135
3217301 6135
3217302 6135
3217303 6136
3217304 6137
3217305 6137
3217306 6137
3217307 6138
3217308 6139
3217309 6139
3217311 6140
3217312 6141
3217313 6141
3217314 6141
3217315 6142
3217408 6038
3217409 6039
3217410 6040
3217412 6041
3217413 6042
3217414 6043
3217416 6044
3217417 6045
3217418 6046
3217421 6047
3217422 6048
3217424 6143
3217426 6050
3217428 6051
3217429 6052
3217430 6053
3217432 6054
3217433 6055
3217434 6056
3217436 6057
3217437 6058
3217438 6059
3217441 6144
3217442 6061
3217472 6039
3217473 6038
3217474 6040
3217476 6042
3217477 6041
3217478 6043
3217480 6045
3217481 6044
3217482 6046
3217485 6145
3217486 6048
3217488 6049
3217490 6050
3217492 6052
3217493 6051
3217494 6053
3217496 6055
3217497 6054
3217498 6056
3217500 6058
3217501 6057
3217502 6059
3217504 6144
3217506 6061
3217536 6146
3217537 6146
3217538 6146
3217539 6147
3217540 6148
3217541 6148
3217542 6148
3217543 6149
3217544 6150
3217545 6150
3217546 6150
3217547 6151
3217549 6152
3217550 6152
3217551 6153
3217552 6154
3217554 6154
3217555 6155
3217556 6156
3217557 6156
3217558 6156
3217559 6157
3217560 6158
3217561 6158
3217562 6158
3217563 6159
3217564 6160
3217565 6160
3217566 6160
3217567 6161
3217568 6162
3217569 6162
3217571 6163
3228992 6164
3228993 6165
3228994 6166
3228996 6167
3228997 6168
3228998 6169
3229000 6170
3229001 6171
3229002 6172
3229005 6173
3229006 6174
3229008 6175
3229009 6176
3229010 6177
3229014 6178
3229016 6179
3229017 6180
3229018 6181
3229020 6182
3229021 6183
3229022 6184
3229024 6185
3229025 6186
3229026 6187
3229184 6188
3229185 6189
3229188 6190
3229189 6191
3229192 6192
3229193 6193
3229197 6194
3229200 6195
3229201 6196
3229205 6197
3229209 6198
3229212 6199
3229213 6200
3229216 6201
3229217 6202
3229248 6203
3229249 6204
3229250 6205
3229252 6206
3229253 6207
3229254 6208
3229256 6209
3229257 6210
3229258 6211
3229261 6212
3229262 6213
3229264 6214
3229265 6215
3229266 6216
3229269 6217
3229270 6218
3229272 6219
3229274 6220
3229276 6221
3229277 6222
3229278 6223
3229280 6224
3229281 6225
3229282 6226
3229440 6227
3229441 6228
3229444 6229
3229445 6230
3229448 6231
3229449 6232
3229453 6233
3229456 6234
3229457 6235
3229461 6236
3229464 6237
3229465 6238
3229469 6239
3229472 6240
3229473 6241
3229504 6242
3229505 6243
3229506 6244
3229508 6245
3229509 6246
3229510 6247
3229512 6248
3229513 6249
3229514 6250
3229517 6251
3229518 6252
3229520 6253
3229521 6254
3229522 6255
3229525 6256
3229526 6257
3229528 6258
3229529 6259
3229530 6260
3229532 6261
3229534 6262
3229536 6263
3229537 6264
3229538 6265
3229696 6266
3229697 6267
3229700 6268
3229701 6269
3229704 6270
3229705 6271
3229709 6272
3229712 6273
3229713 6274
3229717 6275
3229720 6276
3229721 6277
3229724 6278
3229725 6279
3229729 6280
3229760 6281
3229761 6282
3229762 6283
3229764 6284
3229765 6285
3229766 6286
3229768 6287
3229769 6288
3229770 6289
3229773 6290
3229774 6291
3229776 6292
3229777 6293
3229778 6294
3229781 6295
3229782 6296
3229784 6297
3229785 6298
3229786 6299
3229788 6300
3229789 6301
3229790 6302
3229792 6303
3229794 6304
3233152 6305
3233153 6305
3233155 6306
3233156 6307
3233157 6307
3233159 6308
3233160 6309
3233161 6309
3233163 6310
3233165 6311
3233167 6312
3233168 6313
3233169 6313
3233171 6314
3233172 6315
3233175 6316
3233176 6317
3233177 6317
3233179 6318
3233180 6319
3233181 6319
3233183 6320
3233184 6321
3233185 6321
3233187 6322
3233280 6203
3233281 6204
3233282 6205
3233284 6206
3233285 6207
3233286 6208
3233288 6209
3233289 6210
3233290 6211
3233293 6212
3233294 6213
3233296 6214
3233297 6215
3233298 6216
3233300 6323
3233302 6218
3233305 6324
3233306 6220
3233308 6221
3233309 6222
3233310 6223
3233312 6224
3233313 6225
3233314 6226
3233344 6204
3233345 6203
3233346 6205
3233348 6207
3233349 6206
3233350 6208
3233352 6210
3233353 6209
3233354 6211
3233357 6325
3233358 6213
3233360 6215
3233361 6214
3233362 6216
3233364 6217
3233366 6218
3233368 6324
3233370 6220
3233372 6222
3233373 6221
3233374 6223
3233376 6225
3233377 6224
3233378 6226
3233408 6326
3233409 6326
3233410 6326
3233411 6327
3233412 6328
3233413 6328
3233414 6328
3233415 6329
3233416 6330
3233417 6330
3233418 6330
3233419 6331
3233421 6332
3233422 6332
3233423 6333
3233424 6334
3233425 6334
3233426 6334
3233427 6335
3233428 6336
3233430 6336
3233431 6337
3233432 6338
3233433 6338
3233435 6339
3233436 6340
3233437 6340
3233438 6340
3233439 6341
3233440 6342
3233441 6342
3233442 6342
3233443 6343
3233536 6242
3233537 6243
3233538 6244
3233540 6245
3233541 6246
3233542 6247
3233544 6248
3233545 6249
3233546 6250
3233549 6251
3233550 6252
3233552 6253
3233553 6254
3233554 6255
3233556 6344
3233558 6257
3233560 6258
3233561 6259
3233562 6260
3233565 6345
3233566 6262
3233568 6263
3233569 6264
3233570 6265
3233600 6243
3233601 6242
3233602 6244
3233604 6246
3233605 6245
3233606 6247
3233608 6249
3233609 6248
3233610 6250
3233613 6346
3233614 6252
3233616 6254
3233617 6253
3233618 6255
3233620 6256
3233622 6257
3233624 6259
3233625 6258
3233626 6260
3233628 6345
3233630 6262
3233632 6264
3233633 6263
3233634 6265
3233664 6347
3233665 6347
3233666 6347
3233667 6348
3233668 6349
3233669 6349
3233670 6349
3233671 6350
3233672 6351
3233673 6351
3233674 6351
3233675 6352
3233677 6353
3233678 6353
3233679 6354
3233680 6355
3233681 6355
3233682 6355
3233683 6356
3233684 6357
3233686 6357
3233687 6358
3233688 6359
3233689 6359
3233690 6359
3233691 6360
3233692 6361
3233693 6361
3233695 6362
3233696 6363
3233697 6363
3233698 6363
3233699 6364
3233792 6281
3233793 6282
3233794 6283
3233796 6284
3233797 6285
3233798 6286
3233800 6287
3233801 6288
3233802 6289
3233805 6290
3233806 6291
3233808 6292
3233809 6293
3233810 6294
3233812 6365
3233814 6296
3233816 6297
3233817 6298
3233818 6299
3233820 6300
3233821 6301
3233822 6302
3233825 6366
3233826 6304
3233856 6282
3233857 6281
3233858 6283
3233860 6285
3233861 6284
3233862 6286
3233864 6288
3233865 6287
3233866 6289
3233869 6367
3233870 6291
3233872 6293
3233873 6292
3233874 6294
3233876 6295
3233878 6296
3233880 6298
3233881 6297
3233882 6299
3233884 6301
3233885 6300
3233886 6302
3233888 6366
3233890 6304
3233920 6368
3233921 6368
3233922 6368
3233923 6369
3233924 6370
3233925 6370
3233926 6370
3233927 6371
3233928 6372
3233929 6372
3233930 6372
3233931 6373
3233933 6374
3233934 6374
3233935 6375
3233936 6376
3233937 6376
3233938 6376
3233939 6377
3233940 6378
3233942 6378
3233943 6379
3233944 6380
3233945 6380
3233946 6380
3233947 6381
3233948 6382
3233949 6382
3233950 6382
3233951 6383
3233952 6384
3233953 6384
3233955 6385
3245632 6386
3245633 6387
3245634 6388
3245636 6389
3245637 6390
3245638 6391
3245640 6392
3245641 6393
3245642 6394
3245645 6395
3245646 6396
3245648 6397
3245649 6398
3245650 6399
3245652 6400
3245653 6401
3245654 6402
3245658 6403
3245660 6404
3245661 6405
3245662 6406
3245664 6407
3245665 6408
3245666 6409
3245824 6410
3245825 6411
3245828 6412
3245829 6413
3245832 6414
3245833 6415
3245837 6416
3245840 6417
3245841 6418
3245844 6419
3245845 6420
3245849 6421
3245853 6422
3245856 6423
3245857 6424
3245888 6425
3245889 6426
3245890 6427
3245892 6428
3245893 6429
3245894 6430
3245896 6431
3245897 6432
3245898 6433
3245901 6434
3245902 6435
3245904 6436
3245905 6437
3245906 6438
3245908 6439
3245909 6440
3245910 6441
3245913 6442
3245914 6443
3245916 6444
3245918 6445
3245920 6446
3245921 6447
3245922 6448
3246080 6449
3246081 6450
3246084 6451
3246085 6452
3246088 6453
3246089 6454
3246093 6455
3246096 6456
3246097 6457
3246100 6458
3246101 6459
3246105 6460
3246108 6461
3246109 6462
3246113 6463
3246144 6464
3246145 6465
3246146 6466
3246148 6467
3246149 6468
3246150 6469
3246152 6470
3246153 6471
3246154 6472
3246157 6473
3246158 6474
3246160 6475
3246161 6476
3246162 6477
3246164 6478
3246165 6479
3246166 6480
3246169 6481
3246170 6482
3246172 6483
3246173 6484
3246174 6485
3246176 6486
3246178 6487
3249792 6488
3249793 6488
3249795 6489
3249796 6490
3249797 6490
3249799 6491
3249800 6492
3249801 6492
3249803 6493
3249805 6494
3249807 6495
3249808 6496
3249809 6496
3249811 6497
3249812 6498
3249813 6498
3249815 6499
3249816 6500
3249819 6501
3249820 6502
3249821 6502
3249823 6503
3249824 6504
3249825 6504
3249827 6505
3249920 6425
3249921 6426
3249922 6427
3249924 6428
3249925 6429
3249926 6430
3249928 6431
3249929 6432
3249930 6433
3249933 6434
3249934 6435
3249936 6436
3249937 6437
3249938 6438
3249940 6439
3249941 6440
3249942 6441
3249944 6506
3249946 6443
3249949 6507
3249950 6445
3249952 6446
3249953 6447
3249954 6448
3249984 6426
3249985 6425
3249986 6427
3249988 6429
3249989 6428
3249990 6430
3249992 6432
3249993 6431
3249994 6433
3249997 6508
3249998 6435
3250000 6437
3250001 6436
3250002 6438
3250004 6440
3250005 6439
3250006 6441
3250008 6442
3250010 6443
3250012 6507
3250014 6445
3250016 6447
3250017 6446
3250018 6448
3250048 6509
3250049 6509
3250050 6509
3250051 6510
3250052 6511
3250053 6511
3250054 6511
3250055 6512
3250056 6513
3250057 6513
3250058 6513
3250059 6514
3250061 6515
3250062 6515
3250063 6516
3250064 6517
3250065 6517
3250066 6517
3250067 6518
3250068 6519
3250069 6519
3250070 6519
3250071 6520
3250072 6521
3250074 6521
3250075 6522
3250076 6523
3250077 6523
3250079 6524
3250080 6525
3250081 6525
3250082 6525
3250083 6526
3250176 6464
3250177 6465
3250178 6466
3250180 6467
3250181 6468
3250182 6469
3250184 6470
3250185 6471
3250186 6472
3250189 6473
3250190 6474
3250192 6475
3250193 6476
3250194 6477
3250196 6478
3250197 6479
3250198 6480
3250200 6527
3250202 6482
3250204 6483
3250205 6484
3250206 6485
3250209 6528
3250210 6487
3250240 6465
3250241 6464
3250242 6466
3250244 6468
3250245 6467
3250246 6469
3250248 6471
3250249 6470
3250250 6472
3250253 6529
3250254 6474
3250256 6476
3250257 6475
3250258 6477
3250260 6479
3250261 6478
3250262 6480
3250264 6481
3250266 6482
3250268 6484
3250269 6483
3250270 6485
3250272 6528
3250274 6487
3250304 6530
3250305 6530
3250306 6530
3250307 6531
3250308 6532
3250309 6532
3250310 6532
3250311 6533
3250312 6534
3250313 6534
3250314 6534
3250315 6535
3250317 6536
3250318 6536
3250319 6537
3250320 6538
3250321 6538
3250322 6538
3250323 6539
3250324 6540
3250325 6540
3250326 6540
3250327 6541
3250328 6542
3250330 6542
3250331 6543
3250332 6544
3250333 6544
3250334 6544
3250335 6545
3250336 6546
3250337 6546
3250339 6547
3262272 6548
3262273 6549
3262274 6550
3262276 6551
3262277 6552
3262278 6553
3262280 6554
3262281 6555
3262282 6556
3262285 6557
3262286 6558
3262288 6559
3262289 6560
3262290 6561
3262292 6562
3262293 6563
3262294 6564
3262296 6565
3262297 6566
3262298 6567
3262302 6568
3262304 6569
3262305 6570
3262306 6571
3262464 6572
3262465 6573
3262468 6574
3262469 6575
3262472 6576
3262473 6577
3262477 6578
3262480 6579
3262481 6580
3262484 6581
3262485 6582
3262488 6583
3262489 6584
3262493 6585
3262497 6586
3262528 6587
3262529 6588
3262530 6589
3262532 6590
3262533 6591
3262534 6592
3262536 6593
3262537 6594
3262538 6595
3262541 6596
3262542 6597
3262544 6598
3262545 6599
3262546 6600
3262548 6601
3262549 6602
3262550 6603
3262552 6604
3262553 6605
3262554 6606
3262557 6607
3262558 6608
3262560 6609
3262562 6610
3266432 6611
3266433 6611
3266435 6612
3266436 6613
3266437 6613
3266439 6614
3266440 6615
3266441 6615
3266443 6616
3266445 6617
3266447 6618
3266448 6619
3266449 6619
3266451 6620
3266452 6621
3266453 6621
3266455 6622
3266456 6623
3266457 6623
3266459 6624
3266460 6625
3266463 6626
3266464 6627
3266465 6627
3266467 6628
3266560 6587
3266561 6588
3266562 6589
3266564 6590
3266565 6591
3266566 6592
3266568 6593
3266569 6594
3266570 6595
3266573 6596
3266574 6597
3266576 6598
3266577 6599
3266578 6600
3266580 6601
3266581 6602
3266582 6603
3266584 6604
3266585 6605
3266586 6606
3266588 6629
3266590 6608
3266593 6630
3266594 6610
3266624 6588
3266625 6587
3266626 6589
3266628 6591
3266629 6590
3266630 6592
3266632 6594
3266633 6593
3266634 6595
3266637 6631
3266638 6597
3266640 6599
3266641 6598
3266642 6600
3266644 6602
3266645 6601
3266646 6603
3266648 6605
3266649 6604
3266650 6606
3266652 6607
3266654 6608
3266656 6630
3266658 6610
3266688 6632
3266689 6632
3266690 6632
3266691 6633
3266692 6634
3266693 6634
3266694 6634
3266695 6635
3266696 6636
3266697 6636
3266698 6636
3266699 6637
3266701 6638
3266702 6638
3266703 6639
3266704 6640
3266705 6640
3266706 6640
3266707 6641
3266708 6642
3266709 6642
3266710 6642
3266711 6643
3266712 6644
3266713 6644
3266714 6644
3266715 6645
3266716 6646
3266718 6646
3266719 6647
3266720 6648
3266721 6648
3266723 6649
3278912 6650
3278913 6651
3278914 6652
3278916 6653
3278917 6654
3278918 6655
3278920 6656
3278921 6657
3278922 6658
3278925 6659
3278926 6660
3278928 6661
3278929 6662
3278930 6663
3278932 6664
3278933 6665
3278934 6666
3278936 6667
3278937 6668
3278938 6669
3278940 6670
3278941 6671
3278942 6672
3278946 6673
3283072 6674
3283073 6674
3283075 6675
3283076 6676
3283077 6676
3283079 6677
3283080 6678
3283081 6678
3283083 6679
3283085 6680
3283087 6681
3283088 6682
3283089 6682
3283091 6683
3283092 6684
3283093 6684
3283095 6685
3283096 6686
3283097 6686
3283099 6687
3283100 6688
3283101 6688
3283103 6689
3283104 6690
3283107 6691
4265088 6692
4265091 6693
4265092 6694
4265095 6695
4265096 6696
4265099 6697
4265100 6698
4265103 6699
4265107 6700
4265108 6701
4265111 6702
4265112 6703
4265115 6704
4265116 6705
4265119 6706
4265120 6707
4265123 6708
4265216 6709
4265217 6710
4265218 6711
4265220 6712
4265221 6713
4265222 6714
4265224 6715
4265225 6716
4265226 6717
4265228 6718
4265229 6719
4265230 6720
4265234 6721
4265237 6722
4265238 6723
4265240 6724
4265241 6725
4265242 6726
4265244 6727
4265245 6728
4265246 6729
4265248 6730
4265249 6731
4265250 6732
4265344 6733
4265346 6733
4265347 6734
4265348 6735
4265350 6735
4265351 6736
4265352 6737
4265354 6737
4265355 6738
4265356 6739
4265358 6739
4265359 6740
4265362 6741
4265363 6742
4265364 6743
4265367 6744
4265368 6745
4265370 6745
4265371 6746
4265372 6747
4265374 6747
4265375 6748
4265376 6749
4265378 6749
4265379 6750
4265472 6751
4265473 6752
4265474 6753
4265476 6754
4265477 6755
4265478 6756
4265480 6757
4265481 6758
4265482 6759
4265484 6760
4265485 6761
4265486 6762
4265490 6763
4265492 6764
4265493 6765
4265494 6766
4265497 6767
4265498 6768
4265500 6769
4265501 6770
4265502 6771
4265504 6772
4265505 6773
4265506 6774
4265600 6775
4265602 6775
4265603 6776
4265604 6777
4265606 6777
4265607 6778
4265608 6779
4265610 6779
4265611 6780
4265612 6781
4265614 6781
4265615 6782
4265618 6783
4265619 6784
4265620 6785
4265622 6785
4265623 6786
4265624 6787
4265627 6788
4265628 6789
4265630 6789
4265631 6790
4265632 6791
4265634 6791
4265635 6792
4265728 6793
4265729 6794
4265730 6795
4265732 6796
4265733 6797
4265734 6798
4265736 6799
4265737 6800
4265738 6801
4265740 6802
4265741 6803
4265742 6804
4265746 6805
4265748 6806
4265749 6807
4265750 6808
4265752 6809
4265753 6810
4265754 6811
4265757 6812
4265758 6813
4265760 6814
4265761 6815
4265762 6816
4265856 6817
4265858 6817
4265859 6818
4265860 6819
4265862 6819
4265863 6820
4265864 6821
4265866 6821
4265867 6822
4265868 6823
4265870 6823
4265871 6824
4265874 6825
4265875 6826
4265876 6827
4265878 6827
4265879 6828
4265880 6829
4265882 6829
4265883 6830
4265884 6831
4265887 6832
4265888 6833
4265890 6833
4265891 6834
4265984 6835
4265985 6836
4265986 6837
4265988 6838
4265989 6839
4265990 6840
4265992 6841
4265993 6842
4265994 6843
4265996 6844
4265997 6845
4265998 6846
4266002 6847
4266004 6848
4266005 6849
4266006 6850
4266008 6851
4266009 6852
4266010 6853
4266012 6854
4266013 6855
4266014 6856
4266017 6857
4266018 6858
4266112 6859
4266114 6859
4266115 6860
4266116 6861
4266118 6861
4266119 6862
4266120 6863
4266122 6863
4266123 6864
4266124 6865
4266126 6865
4266127 6866
4266130 6867
4266131 6868
4266132 6869
4266134 6869
4266135 6870
4266136 6871
4266138 6871
4266139 6872
4266140 6873
4266142 6873
4266143 6874
4266144 6875
4266147 6876
4277568 6877
4277569 6878
4277570 6879
4277572 6880
4277573 6881
4277574 6882
4277576 6883
4277577 6884
4277578 6885
4277580 6886
4277581 6887
4277582 6888
4277585 6889
4277586 6890
4277590 6891
4277592 6892
4277593 6893
4277594 6894
4277596 6895
4277597 6896
4277598 6897
4277600 6898
4277601 6899
4277602 6900
4277760 6901
4277761 6902
4277764 6903
4277765 6904
4277768 6905
4277769 6906
4277772 6907
4277773 6908
4277777 6909
4277781 6910
4277785 6911
4277788 6912
4277789 6913
4277792 6914
4277793 6915
4277824 6916
4277825 6917
4277826 6918
4277828 6919
4277829 6920
4277830 6921
4277832 6922
4277833 6923
4277834 6924
4277836 6925
4277837 6926
4277838 6927
4277841 6928
4277842 6929
4277845 6930
4277846 6931
4277848 6932
4277850 6933
4277852 6934
4277853 6935
4277854 6936
4277856 6937
4277857 6938
4277858 6939
4278016 6940
4278017 6941
4278020 6942
4278021 6943
4278024 6944
4278025 6945
4278028 6946
4278029 6947
4278033 6948
4278037 6949
4278040 6950
4278041 6951
4278045 6952
4278048 6953
4278049 6954
4278080 6955
4278081 6956
4278082 6957
4278084 6958
4278085 6959
4278086 6960
4278088 6961
4278089 6962
4278090 6963
4278092 6964
4278093 6965
4278094 6966
4278097 6967
4278098 6968
4278101 6969
4278102 6970
4278104 6971
4278105 6972
4278106 6973
4278108 6974
4278110 6975
4278112 6976
4278113 6977
4278114 6978
4278272 6979
4278273 6980
4278276 6981
4278277 6982
4278280 6983
4278281 6984
4278284 6985
4278285 6986
4278289 6987
4278293 6988
4278296 6989
4278297 6990
4278300 6991
4278301 6992
4278305 6993
4278336 6994
4278337 6995
4278338 6996
4278340 6997
4278341 6998
4278342 6999
4278344 7000
4278345 7001
4278346 7002
4278348 7003
4278349 7004
4278350 7005
4278353 7006
4278354 7007
4278357 7008
4278358 7009
4278360 7010
4278361 7011
4278362 7012
4278364 7013
4278365 7014
4278366 7015
4278368 7016
4278370 7017
4281728 7018
4281729 7018
4281731 7019
4281732 7020
4281733 7020
4281735 7021
4281736 7022
4281737 7022
4281739 7023
4281740 7024
4281741 7024
4281743 7025
4281745 7026
4281747 7027
4281748 7028
4281751 7029
4281752 7030
4281753 7030
4281755 7031
4281756 7032
4281757 7032
4281759 7033
4281760 7034
4281761 7034
4281763 7035
4281856 6916
4281857 6917
4281858 6918
4281860 6919
4281861 6920
4281862 6921
4281864 6922
4281865 6923
4281866 6924
4281868 6925
4281869 6926
4281870 6927
4281873 6928
4281874 6929
4281876 7036
4281878 6931
4281881 7037
4281882 6933
4281884 6934
4281885 6935
4281886 6936
4281888 6937
4281889 6938
4281890 6939
4281920 6917
4281921 6916
4281922 6918
4281924 6920
4281925 6919
4281926 6921
4281928 6923
4281929 6922
4281930 6924
4281932 6926
4281933 6925
4281934 6927
4281937 7038
4281938 6929
4281940 6930
4281942 6931
4281944 7037
4281946 6933
4281948 6935
4281949 6934
4281950 6936
4281952 6938
4281953 6937
4281954 6939
4281984 7039
4281985 7039
4281986 7039
4281987 7040
4281988 7041
4281989 7041
4281990 7041
4281991 7042
4281992 7043
4281993 7043
4281994 7043
4281995 7044
4281996 7045
4281997 7045
4281998 7045
4281999 7046
4282001 7047
4282002 7047
4282003 7048
4282004 7049
4282006 7049
4282007 7050
4282008 7051
4282009 7051
4282011 7052
4282012 7053
4282013 7053
4282014 7053
4282015 7054
4282016 7055
4282017 7055
4282018 7055
4282019 7056
4282112 6955
4282113 6956
4282114 6957
4282116 6958
4282117 6959
4282118 6960
4282120 6961
4282121 6962
4282122 6963
4282124 6964
4282125 6965
4282126 6966
4282129 6967
4282130 6968
4282132 7057
4282134 6970
4282136 6971
4282137 6972
4282138 6973
4282141 7058
4282142 6975
4282144 6976
4282145 6977
4282146 6978
4282176 6956
4282177 6955
4282178 6957
4282180 6959
4282181 6958
4282182 6960
4282184 6962
4282185 6961
4282186 6963
4282188 6965
4282189 6964
4282190 6966
4282193 7059
4282194 6968
4282196 6969
4282198 6970
4282200 6972
4282201 6971
4282202 6973
4282204 7058
4282206 6975
4282208 6977
4282209 6976
4282210 6978
4282240 7060
4282241 7060
4282242 7060
4282243 7061
4282244 7062
4282245 7062
4282246 7062
4282247 7063
4282248 7064
4282249 7064
4282250 7064
4282251 7065
4282252 7066
4282253 7066
4282254 7066
4282255 7067
4282257 7068
4282258 7068
4282259 7069
4282260 7070
4282262 7070
4282263 7071
4282264 7072
4282265 7072
4282266 7072
4282267 7073
4282268 7074
4282269 7074
4282271 7075
4282272 7076
4282273 7076
4282274 7076
4282275 7077
4282368 6994
4282369 6995
4282370 6996
4282372 6997
4282373 6998
4282374 6999
4282376 7000
4282377 7001
4282378 7002
4282380 7003
4282381 7004
4282382 7005
4282385 7006
4282386 7007
4282388 7078
4282390 7009
4282392 7010
4282393 7011
4282394 7012
4282396 7013
4282397 7014
4282398 7015
4282401 7079
4282402 7017
4282432 6995
4282433 6994
4282434 6996
4282436 6998
4282437 6997
4282438 6999
4282440 7001
4282441 7000
4282442 7002
4282444 7004
4282445 7003
4282446 7005
4282449 7080
4282450 7007
4282452 7008
4282454 7009
4282456 7011
4282457 7010
4282458 7012
4282460 7014
4282461 7013
4282462 7015
4282464 7079
4282466 7017
4282496 7081
4282497 7081
4282498 7081
4282499 7082
4282500 7083
4282501 7083
4282502 7083
4282503 7084
4282504 7085
4282505 7085
4282506 7085
4282507 7086
4282508 7087
4282509 7087
4282510 7087
4282511 7088
4282513 7089
4282514 7089
4282515 7090
4282516 7091
4282518 7091
4282519 7092
4282520 7093
4282521 7093
4282522 7093
4282523 7094
4282524 7095
4282525 7095
4282526 7095
4282527 7096
4282528 7097
4282529 7097
4282531 7098
4294208 7099
4294209 7100
4294210 7101
4294212 7102
4294213 7103
4294214 7104
4294216 7105
4294217 7106
4294218 7107
4294220 7108
4294221 7109
4294222 7110
4294225 7111
4294226 7112
4294228 7113
4294229 7114
4294230 7115
4294234 7116
4294236 7117
4294237 7118
4294238 7119
4294240 7120
4294241 7121
4294242 7122
4294400 7123
4294401 7124
4294404 7125
4294405 7126
4294408 7127
4294409 7128
4294412 7129
4294413 7130
4294417 7131
4294420 7132
4294421 7133
4294425 7134
4294429 7135
4294432 7136
4294433 7137
4294464 7138
4294465 7139
4294466 7140
4294468 7141
4294469 7142
4294470 7143
4294472 7144
4294473 7145
4294474 7146
4294476 7147
4294477 7148
4294478 7149
4294481 7150
4294482 7151
4294484 7152
4294485 7153
4294486 7154
4294489 7155
4294490 7156
4294492 7157
4294494 7158
4294496 7159
4294497 7160
4294498 7161
4294656 7162
4294657 7163
4294660 7164
4294661 7165
4294664 7166
4294665 7167
4294668 7168
4294669 7169
4294673 7170
4294676 7171
4294677 7172
4294681 7173
4294684 7174
4294685 7175
4294689 7176
4294720 7177
4294721 7178
4294722 7179
4294724 7180
4294725 7181
4294726 7182
4294728 7183
4294729 7184
4294730 7185
4294732 7186
4294733 7187
4294734 7188
4294737 7189
4294738 7190
4294740 7191
4294741 7192
4294742 7193
4294745 7194
4294746 7195
4294748 7196
4294749 7197
4294750 7198
4294752 7199
4294754 7200
4298368 7201
4298369 7201
4298371 7202
4298372 7203
4298373 7203
4298375 7204
4298376 7205
4298377 7205
4298379 7206
4298380 7207
4298381 7207
4298383 7208
4298385 7209
4298387 7210
4298388 7211
4298389 7211
4298391 7212
4298392 7213
4298395 7214
4298396 7215
4298397 7215
4298399 7216
4298400 7217
4298401 7217
4298403 7218
4298496 7138
4298497 7139
4298498 7140
4298500 7141
4298501 7142
4298502 7143
4298504 7144
4298505 7145
4298506 7146
4298508 7147
4298509 7148
4298510 7149
4298513 7150
4298514 7151
4298516 7152
4298517 7153
4298518 7154
4298520 7219
4298522 7156
4298525 7220
4298526 7158
4298528 7159
4298529 7160
4298530 7161
4298560 7139
4298561 7138
4298562 7140
4298564 7142
4298565 7141
4298566 7143
4298568 7145
4298569 7144
4298570 7146
4298572 7148
4298573 7147
4298574 7149
4298577 7221
4298578 7151
4298580 7153
4298581 7152
4298582 7154
4298584 7155
4298586 7156
4298588 7220
4298590 7158
4298592 7160
4298593 7159
4298594 7161
4298624 7222
4298625 7222
4298626 7222
4298627 7223
4298628 7224
4298629 7224
4298630 7224
4298631 7225
4298632 7226
4298633 7226
4298634 7226
4298635 7227
4298636 7228
4298637 7228
4298638 7228
4298639 7229
4298641 7230
4298642 7230
4298643 7231
4298644 7232
4298645 7232
4298646 7232
4298647 7233
4298648 7234
4298650 7234
4298651 7235
4298652 7236
4298653 7236
4298655 7237
4298656 7238
4298657 7238
4298658 7238
4298659 7239
4298752 7177
4298753 7178
4298754 7179
4298756 7180
4298757 7181
4298758 7182
4298760 7183
4298761 7184
4298762 7185
4298764 7186
4298765 7187
4298766 7188
4298769 7189
4298770 7190
4298772 7191
4298773 7192
4298774 7193
4298776 7240
4298778 7195
4298780 7196
4298781 7197
4298782 7198
4298785 7241
4298786 7200
4298816 7178
4298817 7177
4298818 7179
4298820 7181
4298821 7180
4298822 7182
4298824 7184
4298825 7183
4298826 7185
4298828 7187
4298829 7186
4298830 7188
4298833 7242
4298834 7190
4298836 7192
4298837 7191
4298838 7193
4298840 7194
4298842 7195
4298844 7197
4298845 7196
4298846 7198
4298848 7241
4298850 7200
4298880 7243
4298881 7243
4298882 7243
4298883 7244
4298884 7245
4298885 7245
4298886 7245
4298887 7246
4298888 7247
4298889 7247
4298890 7247
4298891 7248
4298892 7249
4298893 7249
4298894 7249
4298895 7250
4298897 7251
4298898 7251
4298899 7252
4298900 7253
4298901 7253
4298902 7253
4298903 7254
4298904 7255
4298906 7255
4298907 7256
4298908 7257
4298909 7257
4298910 7257
4298911 7258
4298912 7259
4298913 7259
4298915 7260
4310848 7261
4310849 7262
4310850 7263
4310852 7264
4310853 7265
4310854 7266
4310856 7267
4310857 7268
4310858 7269
4310860 7270
4310861 7271
4310862 7272
4310865 7273
4310866 7274
4310868 7275
4310869 7276
4310870 7277
4310872 7278
4310873 7279
4310874 7280
4310878 7281
4310880 7282
4310881 7283
4310882 7284
4311040 7285
4311041 7286
4311044 7287
4311045 7288
4311048 7289
4311049 7290
4311052 7291
4311053 7292
4311057 7293
4311060 7294
4311061 7295
4311064 7296
4311065 7297
4311069 7298
4311073 7299
4311104 7300
4311105 7301
4311106 7302
4311108 7303
4311109 7304
4311110 7305
4311112 7306
4311113 7307
4311114 7308
4311116 7309
4311117 7310
4311118 7311
4311121 7312
4311122 7313
4311124 7314
4311125 7315
4311126 7316
4311128 7317
4311129 7318
4311130 7319
4311133 7320
4311134 7321
4311136 7322
4311138 7323
4315008 7324
4315009 7324
4315011 7325
4315012 7326
4315013 7326
4315015 7327
4315016 7328
4315017 7328
4315019 7329
4315020 7330
4315021 7330
4315023 7331
4315025 7332
4315027 7333
4315028 7334
4315029 7334
4315031 7335
4315032 7336
4315033 7336
4315035 7337
4315036 7338
4315039 7339
4315040 7340
4315041 7340
4315043 7341
4315136 7300
4315137 7301
4315138 7302
4315140 7303
4315141 7304
4315142 7305
4315144 7306
4315145 7307
4315146 7308
4315148 7309
4315149 7310
4315150 7311
4315153 7312
4315154 7313
4315156 7314
4315157 7315
4315158 7316
4315160 7317
4315161 7318
4315162 7319
4315164 7342
4315166 7321
4315169 7343
4315170 7323
4315200 7301
4315201 7300
4315202 7302
4315204 7304
4315205 7303
4315206 7305
4315208 7307
4315209 7306
4315210 7308
4315212 7310
4315213 7309
4315214 7311
4315217 7344
4315218 7313
4315220 7315
4315221 7314
4315222 7316
4315224 7318
4315225 7317
4315226 7319
4315228 7320
4315230 7321
4315232 7343
4315234 7323
4315264 7345
4315265 7345
4315266 7345
4315267 7346
4315268 7347
4315269 7347
4315270 7347
4315271 7348
4315272 7349
4315273 7349
4315274 7349
4315275 7350
4315276 7351
4315277 7351
4315278 7351
4315279 7352
4315281 7353
4315282 7353
4315283 7354
4315284 7355
4315285 7355
4315286 7355
4315287 7356
4315288 7357
4315289 7357
4315290 7357
4315291 7358
4315292 7359
4315294 7359
4315295 7360
4315296 7361
4315297 7361
4315299 7362
4327488 7363
4327489 7364
4327490 7365
4327492 7366
4327493 7367
4327494 7368
4327496 7369
4327497 7370
4327498 7371
4327500 7372
4327501 7373
4327502 7374
4327505 7375
4327506 7376
4327508 7377
4327509 7378
4327510 7379
4327512 7380
4327513 7381
4327514 7382
4327516 7383
4327517 7384
4327518 7385
4327522 7386
4331648 7387
4331649 7387
4331651 7388
4331652 7389
4331653 7389
4331655 7390
4331656 7391
4331657 7391
4331659 7392
4331660 7393
4331661 7393
4331663 7394
4331665 7395
4331667 7396
4331668 7397
4331669 7397
4331671 7398
4331672 7399
4331673 7399
4331675 7400
4331676 7401
4331677 7401
4331679 7402
4331680 7403
4331683 7404
5330304 7405
5330307 7406
5330308 7407
5330311 7408
5330312 7409
5330315 7410
5330316 7411
5330319 7412
5330320 7413
5330323 7414
5330327 7415
5330328 7416
5330331 7417
5330332 7418
5330335 7419
5330336 7420
5330339 7421
5330432 7422
5330433 7423
5330434 7424
5330436 7425
5330437 7426
5330438 7427
5330440 7428
5330441 7429
5330442 7430
5330444 7431
5330445 7432
5330446 7433
5330448 7434
5330449 7435
5330450 7436
5330454 7437
5330457 7438
5330458 7439
5330460 7440
5330461 7441
5330462 7442
5330464 7443
5330465 7444
5330466 7445
5330560 7446
5330562 7446
5330563 7447
5330564 7448
5330566 7448
5330567 7449
5330568 7450
5330570 7450
5330571 7451
5330572 7452
5330574 7452
5330575 7453
5330576 7454
5330578 7454
5330579 7455
5330582 7456
5330583 7457
5330584 7458
5330587 7459
5330588 7460
5330590 7460
5330591 7461
5330592 7462
5330594 7462
5330595 7463
5330688 7464
5330689 7465
5330690 7466
5330692 7467
5330693 7468
5330694 7469
5330696 7470
5330697 7471
5330698 7472
5330700 7473
5330701 7474
5330702 7475
5330704 7476
5330705 7477
5330706 7478
5330710 7479
5330712 7480
5330713 7481
5330714 7482
5330717 7483
5330718 7484
5330720 7485
5330721 7486
5330722 7487
5330816 7488
5330818 7488
5330819 7489
5330820 7490
5330822 7490
5330823 7491
5330824 7492
5330826 7492
5330827 7493
5330828 7494
5330830 7494
5330831 7495
5330832 7496
5330834 7496
5330835 7497
5330838 7498
5330839 7499
5330840 7500
5330842 7500
5330843 7501
5330844 7502
5330847 7503
5330848 7504
5330850 7504
5330851 7505
5330944 7506
5330945 7507
5330946 7508
5330948 7509
5330949 7510
5330950 7511
5330952 7512
5330953 7513
5330954 7514
5330956 7515
5330957 7516
5330958 7517
5330960 7518
5330961 7519
5330962 7520
5330966 7521
5330968 7522
5330969 7523
5330970 7524
5330972 7525
5330973 7526
5330974 7527
5330977 7528
5330978 7529
5331072 7530
5331074 7530
5331075 7531
5331076 7532
5331078 7532
5331079 7533
5331080 7534
5331082 7534
5331083 7535
5331084 7536
5331086 7536
5331087 7537
5331088 7538
5331090 7538
5331091 7539
5331094 7540
5331095 7541
5331096 7542
5331098 7542
5331099 7543
5331100 7544
5331102 7544
5331103 7545
5331104 7546
5331107 7547
5342784 7548
5342785 7549
5342786 7550
5342788 7551
5342789 7552
5342790 7553
5342792 7554
5342793 7555
5342794 7556
5342796 7557
5342797 7558
5342798 7559
5342800 7560
5342801 7561
5342802 7562
5342805 7563
5342806 7564
5342810 7565
5342812 7566
5342813 7567
5342814 7568
5342816 7569
5342817 7570
5342818 7571
5342976 7572
5342977 7573
5342980 7574
5342981 7575
5342984 7576
5342985 7577
5342988 7578
5342989 7579
5342992 7580
5342993 7581
5342997 7582
5343001 7583
5343005 7584
5343008 7585
5343009 7586
5343040 7587
5343041 7588
5343042 7589
5343044 7590
5343045 7591
5343046 7592
5343048 7593
5343049 7594
5343050 7595
5343052 7596
5343053 7597
5343054 7598
5343056 7599
5343057 7600
5343058 7601
5343061 7602
5343062 7603
5343065 7604
5343066 7605
5343068 7606
5343070 7607
5343072 7608
5343073 7609
5343074 7610
5343232 7611
5343233 7612
5343236 7613
5343237 7614
5343240 7615
5343241 7616
5343244 7617
5343245 7618
5343248 7619
5343249 7620
5343253 7621
5343257 7622
5343260 7623
5343261 7624
5343265 7625
5343296 7626
5343297 7627
5343298 7628
5343300 7629
5343301 7630
5343302 7631
5343304 7632
5343305 7633
5343306 7634
5343308 7635
5343309 7636
5343310 7637
5343312 7638
5343313 7639
5343314 7640
5343317 7641
5343318 7642
5343321 7643
5343322 7644
5343324 7645
5343325 7646
5343326 7647
5343328 7648
5343330 7649
5346944 7650
5346945 7650
5346947 7651
5346948 7652
5346949 7652
5346951 7653
5346952 7654
5346953 7654
5346955 7655
5346956 7656
5346957 7656
5346959 7657
5346960 7658
5346961 7658
5346963 7659
5346965 7660
5346967 7661
5346968 7662
5346971 7663
5346972 7664
5346973 7664
5346975 7665
5346976 7666
5346977 7666
5346979 7667
5347072 7587
5347073 7588
5347074 7589
5347076 7590
5347077 7591
5347078 7592
5347080 7593
5347081 7594
5347082 7595
5347084 7596
5347085 7597
5347086 7598
5347088 7599
5347089 7600
5347090 7601
5347093 7602
5347094 7603
5347096 7668
5347098 7605
5347101 7669
5347102 7607
5347104 7608
5347105 7609
5347106 7610
5347136 7588
5347137 7587
5347138 7589
5347140 7591
5347141 7590
5347142 7592
5347144 7594
5347145 7593
5347146 7595
5347148 7597
5347149 7596
5347150 7598
5347152 7600
5347153 7599
5347154 7601
5347157 7670
5347158 7603
5347160 7604
5347162 7605
5347164 7669
5347166 7607
5347168 7609
5347169 7608
5347170 7610
5347200 7671
5347201 7671
5347202 7671
5347203 7672
5347204 7673
5347205 7673
5347206 7673
5347207 7674
5347208 7675
5347209 7675
5347210 7675
5347211 7676
5347212 7677
5347213 7677
5347214 7677
5347215 7678
5347216 7679
5347217 7679
5347218 7679
5347219 7680
5347221 7681
5347222 7681
5347223 7682
5347224 7683
5347226 7683
5347227 7684
5347228 7685
5347229 7685
5347231 7686
5347232 7687
5347233 7687
5347234 7687
5347235 7688
5347328 7626
5347329 7627
5347330 7628
5347332 7629
5347333 7630
5347334 7631
5347336 7632
5347337 7633
5347338 7634
5347340 7635
5347341 7636
5347342 7637
5347344 7638
5347345 7639
5347346 7640
5347349 7641
5347350 7642
5347352 7689
5347354 7644
5347356 7645
5347357 7646
5347358 7647
5347361 7690
5347362 7649
5347392 7627
5347393 7626
5347394 7628
5347396 7630
5347397 7629
5347398 7631
5347400 7633
5347401 7632
5347402 7634
5347404 7636
5347405 7635
5347406 7637
5347408 7639
5347409 7638
5347410 7640
5347413 7691
5347414 7642
5347416 7643
5347418 7644
5347420 7646
5347421 7645
5347422 7647
5347424 7690
5347426 7649
5347456 7692
5347457 7692
5347458 7692
5347459 7693
5347460 7694
5347461 7694
5347462 7694
5347463 7695
5347464 7696
5347465 7696
5347466 7696
5347467 7697
5347468 7698
5347469 7698
5347470 7698
5347471 7699
5347472 7700
5347473 7700
5347474 7700
5347475 7701
5347477 7702
5347478 7702
5347479 7703
5347480 7704
5347482 7704
5347483 7705
5347484 7706
5347485 7706
5347486 7706
5347487 7707
5347488 7708
5347489 7708
5347491 7709
5359424 7710
5359425 7711
5359426 7712
5359428 7713
5359429 7714
5359430 7715
5359432 7716
5359433 7717
5359434 7718
5359436 7719
5359437 7720
5359438 7721
5359440 7722
5359441 7723
5359442 7724
5359445 7725
5359446 7726
5359448 7727
5359449 7728
5359450 7729
5359454 7730
5359456 7731
5359457 7732
5359458 7733
5359616 7734
5359617 7735
5359620 7736
5359621 7737
5359624 7738
5359625 7739
5359628 7740
5359629 7741
5359632 7742
5359633 7743
5359637 7744
5359640 7745
5359641 7746
5359645 7747
5359649 7748
5359680 7749
5359681 7750
5359682 7751
5359684 7752
5359685 7753
5359686 7754
5359688 7755
5359689 7756
5359690 7757
5359692 7758
5359693 7759
5359694 7760
5359696 7761
5359697 7762
5359698 7763
5359701 7764
5359702 7765
5359704 7766
5359705 7767
5359706 7768
5359709 7769
5359710 7770
5359712 7771
5359714 7772
5363584 7773
5363585 7773
5363587 7774
5363588 7775
5363589 7775
5363591 7776
5363592 7777
5363593 7777
5363595 7778
5363596 7779
5363597 7779
5363599 7780
5363600 7781
5363601 7781
5363603 7782
5363605 7783
5363607 7784
5363608 7785
5363609 7785
5363611 7786
5363612 7787
5363615 7788
5363616 7789
5363617 7789
5363619 7790
5363712 7749
5363713 7750
5363714 7751
5363716 7752
5363717 7753
5363718 7754
5363720 7755
5363721 7756
5363722 7757
5363724 7758
5363725 7759
5363726 7760
5363728 7761
5363729 7762
5363730 7763
5363733 7764
5363734 7765
5363736 7766
5363737 7767
5363738 7768
5363740 7791
5363742 7770
5363745 7792
5363746 7772
5363776 7750
5363777 7749
5363778 7751
5363780 7753
5363781 7752
5363782 7754
5363784 7756
5363785 7755
5363786 7757
5363788 7759
5363789 7758
5363790 7760
5363792 7762
5363793 7761
5363794 7763
5363797 7793
5363798 7765
5363800 7767
5363801 7766
5363802 7768
5363804 7769
5363806 7770
5363808 7792
5363810 7772
5363840 7794
5363841 7794
5363842 7794
5363843 7795
5363844 7796
5363845 7796
5363846 7796
5363847 7797
5363848 7798
5363849 7798
5363850 7798
5363851 7799
5363852 7800
5363853 7800
5363854 7800
5363855 7801
5363856 7802
5363857 7802
5363858 7802
5363859 7803
5363861 7804
5363862 7804
5363863 7805
5363864 7806
5363865 7806
5363866 7806
5363867 7807
5363868 7808
5363870 7808
5363871 7809
5363872 7810
5363873 7810
5363875 7811
5376064 7812
5376065 7813
5376066 7814
5376068 7815
5376069 7816
5376070 7817
5376072 7818
5376073 7819
5376074 7820
5376076 7821
5376077 7822
5376078 7823
5376080 7824
5376081 7825
5376082 7826
5376085 7827
5376086 7828
5376088 7829
5376089 7830
5376090 7831
5376092 7832
5376093 7833
5376094 7834
5376098 7835
5380224 7836
5380225 7836
5380227 7837
5380228 7838
5380229 7838
5380231 7839
5380232 7840
5380233 7840
5380235 7841
5380236 7842
5380237 7842
5380239 7843
5380240 7844
5380241 7844
5380243 7845
5380245 7846
5380247 7847
5380248 7848
5380249 7848
5380251 7849
5380252 7850
5380253 7850
5380255 7851
5380256 7852
5380259 7853
6395520 7854
6395523 7855
6395524 7856
6395527 7857
6395528 7858
6395531 7859
6395532 7860
6395535 7861
6395536 7862
6395539 7863
6395540 7864
6395543 7865
6395547 7866
6395548 7867
6395551 7868
6395552 7869
6395555 7870
6395648 7871
6395649 7872
6395650 7873
6395652 7874
6395653 7875
6395654 7876
6395656 7877
6395657 7878
6395658 7879
6395660 7880
6395661 7881
6395662 7882
6395664 7883
6395665 7884
6395666 7885
6395668 7886
6395669 7887
6395670 7888
6395674 7889
6395677 7890
6395678 7891
6395680 7892
6395681 7893
6395682 7894
6395776 7895
6395778 7895
6395779 7896
6395780 7897
6395782 7897
6395783 7898
6395784 7899
6395786 7899
6395787 7900
6395788 7901
6395790 7901
6395791 7902
6395792 7903
6395794 7903
6395795 7904
6395796 7905
6395798 7905
6395799 7906
6395802 7907
6395803 7908
6395804 7909
6395807 7910
6395808 7911
6395810 7911
6395811 7912
6395904 7913
6395905 7914
6395906 7915
6395908 7916
6395909 7917
6395910 7918
6395912 7919
6395913 7920
6395914 7921
6395916 7922
6395917 7923
6395918 7924
6395920 7925
6395921 7926
6395922 7927
6395924 7928
6395925 7929
6395926 7930
6395930 7931
6395932 7932
6395933 7933
6395934 7934
6395937 7935
6395938 7936
6396032 7937
6396034 7937
6396035 7938
6396036 7939
6396038 7939
6396039 7940
6396040 7941
6396042 7941
6396043 7942
6396044 7943
6396046 7943
6396047 7944
6396048 7945
6396050 7945
6396051 7946
6396052 7947
6396054 7947
6396055 7948
6396058 7949
6396059 7950
6396060 7951
6396062 7951
6396063 7952
6396064 7953
6396067 7954
6408000 7955
6408001 7956
6408002 7957
6408004 7958
6408005 7959
6408006 7960
6408008 7961
6408009 7962
6408010 7963
6408012 7964
6408013 7965
6408014 7966
6408016 7967
6408017 7968
6408018 7969
6408020 7970
6408021 7971
6408022 7972
6408025 7973
6408026 7974
6408030 7975
6408032 7976
6408033 7977
6408034 7978
6408192 7979
6408193 7980
6408196 7981
6408197 7982
6408200 7983
6408201 7984
6408204 7985
6408205 7986
6408208 7987
6408209 7988
6408212 7989
6408213 7990
6408217 7991
6408221 7992
6408225 7993
6408256 7994
6408257 7995
6408258 7996
6408260 7997
6408261 7998
6408262 7999
6408264 8000
6408265 8001
6408266 8002
6408268 8003
6408269 8004
6408270 8005
6408272 8006
6408273 8007
6408274 8008
6408276 8009
6408277 8010
6408278 8011
6408281 8012
6408282 8013
6408285 8014
6408286 8015
6408288 8016
6408290 8017
6412160 8018
6412161 8018
6412163 8019
6412164 8020
6412165 8020
6412167 8021
6412168 8022
6412169 8022
6412171 8023
6412172 8024
6412173 8024
6412175 8025
6412176 8026
6412177 8026
6412179 8027
6412180 8028
6412181 8028
6412183 8029
6412185 8030
6412187 8031
6412188 8032
6412191 8033
6412192 8034
6412193 8034
6412195 8035
6412288 7994
6412289 7995
6412290 7996
6412292 7997
6412293 7998
6412294 7999
6412296 8000
6412297 8001
6412298 8002
6412300 8003
6412301 8004
6412302 8005
6412304 8006
6412305 8007
6412306 8008
6412308 8009
6412309 8010
6412310 8011
6412313 8012
6412314 8013
6412316 8036
6412318 8015
6412321 8037
6412322 8017
6412352 7995
6412353 7994
6412354 7996
6412356 7998
6412357 7997
6412358 7999
6412360 8001
6412361 8000
6412362 8002
6412364 8004
6412365 8003
6412366 8005
6412368 8007
6412369 8006
6412370 8008
6412372 8010
6412373 8009
6412374 8011
6412377 8038
6412378 8013
6412380 8014
6412382 8015
6412384 8037
6412386 8017
6412416 8039
6412417 8039
6412418 8039
6412419 8040
6412420 8041
6412421 8041
6412422 8041
6412423 8042
6412424 8043
6412425 8043
6412426 8043
6412427 8044
6412428 8045
6412429 8045
6412430 8045
6412431 8046
6412432 8047
6412433 8047
6412434 8047
6412435 8048
6412436 8049
6412437 8049
6412438 8049
6412439 8050
6412441 8051
6412442 8051
6412443 8052
6412444 8053
6412446 8053
6412447 8054
6412448 8055
6412449 8055
6412451 8056
6424640 8057
6424641 8058
6424642 8059
6424644 8060
6424645 8061
6424646 8062
6424648 8063
6424649 8064
6424650 8065
6424652 8066
6424653 8067
6424654 8068
6424656 8069
6424657 8070
6424658 8071
6424660 8072
6424661 8073
6424662 8074
6424665 8075
6424666 8076
6424668 8077
6424669 8078
6424670 8079
6424674 8080
6428800 8081
6428801 8081
6428803 8082
6428804 8083
6428805 8083
6428807 8084
6428808 8085
6428809 8085
6428811 8086
6428812 8087
6428813 8087
6428815 8088
6428816 8089
6428817 8089
6428819 8090
6428820 8091
6428821 8091
6428823 8092
6428825 8093
6428827 8094
6428828 8095
6428829 8095
6428831 8096
6428832 8097
6428835 8098
7460736 8099
7460739 8100
7460740 8101
7460743 8102
7460744 8103
7460747 8104
7460748 8105
7460751 8106
7460752 8107
7460755 8108
7460756 8109
7460759 8110
7460760 8111
7460763 8112
7460767 8113
7460768 8114
7460771 8115
7460864 8116
7460865 8117
7460866 8118
7460868 8119
7460869 8120
7460870 8121
7460872 8122
7460873 8123
7460874 8124
7460876 8125
7460877 8126
7460878 8127
7460880 8128
7460881 8129
7460882 8130
7460884 8131
7460885 8132
7460886 8133
7460888 8134
7460889 8135
7460890 8136
7460894 8137
7460897 8138
7460898 8139
7460992 8140
7460994 8140
7460995 8141
7460996 8142
7460998 8142
7460999 8143
7461000 8144
7461002 8144
7461003 8145
7461004 8146
7461006 8146
7461007 8147
7461008 8148
7461010 8148
7461011 8149
7461012 8150
7461014 8150
7461015 8151
7461016 8152
7461018 8152
7461019 8153
7461022 8154
7461023 8155
7461024 8156
7461027 8157
7473216 8158
7473217 8159
7473218 8160
7473220 8161
7473221 8162
7473222 8163
7473224 8164
7473225 8165
7473226 8166
7473228 8167
7473229 8168
7473230 8169
7473232 8170
7473233 8171
7473234 8172
7473236 8173
7473237 8174
7473238 8175
7473240 8176
7473241 8177
7473242 8178
7473245 8179
7473246 8180
7473250 8181
7477376 8182
7477377 8182
7477379 8183
7477380 8184
7477381 8184
7477383 8185
7477384 8186
7477385 8186
7477387 8187
7477388 8188
7477389 8188
7477391 8189
7477392 8190
7477393 8190
7477395 8191
7477396 8192
7477397 8192
7477399 8193
7477400 8194
7477401 8194
7477403 8195
7477405 8196
7477407 8197
7477408 8198
7477411 8199
8525952 8200
8525955 8201
8525956 8202
8525959 8203
8525960 8204
8525963 8205
8525964 8206
8525967 8207
8525968 8208
8525971 8209
8525972 8210
8525975 8211
8525976 8212
8525979 8213
8525980 8214
8525983 8215
8525987 8216
