gtosd-board-texture-v1
name TX2_recommended
river-key turn
flop 573
66 0
68 1
70 2
72 3
74 4
76 5
78 6
80 7
82 8
84 9
86 10
88 11
90 12
92 13
94 14
96 15
98 16
261 17
264 18
265 19
268 20
269 21
272 22
273 23
276 24
277 25
280 26
281 27
284 28
285 29
288 30
289 31
326 32
328 33
329 34
330 35
332 36
333 37
334 38
336 39
337 40
338 41
340 42
341 43
342 44
344 45
345 46
346 47
348 48
349 49
350 50
352 51
353 52
354 53
521 54
524 55
525 56
528 57
529 58
532 59
533 60
536 61
537 62
540 63
541 64
544 65
545 66
586 67
588 68
589 69
590 70
592 71
593 72
594 73
596 74
597 75
598 76
600 77
601 78
602 79
604 80
605 81
606 82
608 83
609 84
610 85
781 86
784 87
785 88
788 89
789 90
792 91
793 92
796 93
797 94
800 95
801 96
846 97
848 98
849 99
850 100
852 101
853 102
854 103
856 104
857 105
858 106
860 107
861 108
862 109
864 110
865 111
866 112
1041 113
1044 114
1045 115
1048 116
1049 117
1052 118
1053 119
1056 120
1057 121
1106 122
1108 123
1109 124
1110 125
1112 126
1113 127
1114 128
1116 129
1117 130
1118 131
1120 132
1121 133
1122 134
1301 135
1304 136
1305 137
1308 138
1309 139
1312 140
1313 141
1366 142
1368 143
1369 144
1370 145
1372 146
1373 147
1374 148
1376 149
1377 150
1378 151
1561 152
1564 153
1565 154
1568 155
1569 156
1626 157
1628 158
1629 159
1630 160
1632 161
1633 162
1634 163
1821 164
1824 165
1825 166
1886 167
1888 168
1889 169
1890 170
2081 171
2146 172
16710 173
16712 174
16714 175
16716 176
16718 177
16720 178
16722 179
16724 180
16726 181
16728 182
16730 183
16732 184
16734 185
16736 186
16738 187
16905 188
16908 189
16909 190
16912 191
16913 192
16916 193
16917 194
16920 195
16921 196
16924 197
16925 198
16928 199
16929 200
16970 201
16972 202
16973 203
16974 204
16976 205
16977 206
16978 207
16980 208
16981 209
16982 210
16984 211
16985 212
16986 213
16988 214
16989 215
16990 216
16992 217
16993 218
16994 219
17165 220
17168 221
17169 222
17172 223
17173 224
17176 225
17177 226
17180 227
17181 228
17184 229
17185 230
17230 231
17232 232
17233 233
17234 234
17236 235
17237 236
17238 237
17240 238
17241 239
17242 240
17244 241
17245 242
17246 243
17248 244
17249 245
17250 246
17425 247
17428 248
17429 249
17432 250
17433 251
17436 252
17437 253
17440 254
17441 255
17490 256
17492 257
17493 258
17494 259
17496 260
17497 261
17498 262
17500 263
17501 264
17502 265
17504 266
17505 267
17506 268
17685 269
17688 270
17689 271
17692 272
17693 273
17696 274
17697 275
17750 276
17752 277
17753 278
17754 279
17756 280
17757 281
17758 282
17760 283
17761 284
17762 285
17945 286
17948 287
17949 288
17952 289
17953 290
18010 291
18012 292
18013 293
18014 294
18016 295
18017 296
18018 297
18205 298
18208 299
18209 300
18270 301
18272 302
18273 303
18274 304
18465 305
18530 306
33354 307
33356 308
33358 309
33360 310
33362 311
33364 312
33366 313
33368 314
33370 315
33372 316
33374 317
33376 318
33378 319
33549 320
33552 321
33553 322
33556 323
33557 324
33560 325
33561 326
33564 327
33565 328
33568 329
33569 330
33614 331
33616 332
33617 333
33618 334
33620 335
33621 336
33622 337
33624 338
33625 339
33626 340
33628 341
33629 342
33630 343
33632 344
33633 345
33634 346
33809 347
33812 348
33813 349
33816 350
33817 351
33820 352
33821 353
33824 354
33825 355
33874 356
33876 357
33877 358
33878 359
33880 360
33881 361
33882 362
33884 363
33885 364
33886 365
33888 366
33889 367
33890 368
34069 369
34072 370
34073 371
34076 372
34077 373
34080 374
34081 375
34134 376
34136 377
34137 378
34138 379
34140 380
34141 381
34142 382
34144 383
34145 384
34146 385
34329 386
34332 387
34333 388
34336 389
34337 390
34394 391
34396 392
34397 393
34398 394
34400 395
34401 396
34402 397
34589 398
34592 399
34593 400
34654 401
34656 402
34657 403
34658 404
34849 405
34914 406
49998 407
50000 408
50002 409
50004 410
50006 411
50008 412
50010 413
50012 414
50014 415
50016 416
50018 417
50193 418
50196 419
50197 420
50200 421
50201 422
50204 423
50205 424
50208 425
50209 426
50258 427
50260 428
50261 429
50262 430
50264 431
50265 432
50266 433
50268 434
50269 435
50270 436
50272 437
50273 438
50274 439
50453 440
50456 441
50457 442
50460 443
50461 444
50464 445
50465 446
50518 447
50520 448
50521 449
50522 450
50524 451
50525 452
50526 453
50528 454
50529 455
50530 456
50713 457
50716 458
50717 459
50720 460
50721 461
50778 462
50780 463
50781 464
50782 465
50784 466
50785 467
50786 468
50973 469
50976 470
50977 471
51038 472
51040 473
51041 474
51042 475
51233 476
51298 477
66642 478
66644 479
66646 480
66648 481
66650 482
66652 483
66654 484
66656 485
66658 486
66837 487
66840 488
66841 489
66844 490
66845 491
66848 492
66849 493
66902 494
66904 495
66905 496
66906 497
66908 498
66909 499
66910 500
66912 501
66913 502
66914 503
67097 504
67100 505
67101 506
67104 507
67105 508
67162 509
67164 510
67165 511
67166 512
67168 513
67169 514
67170 515
67357 516
67360 517
67361 518
67422 519
67424 520
67425 521
67426 522
67617 523
67682 524
83286 525
83288 526
83290 527
83292 528
83294 529
83296 530
83298 531
83481 532
83484 533
83485 534
83488 535
83489 536
83546 537
83548 538
83549 539
83550 540
83552 541
83553 542
83554 543
83741 544
83744 545
83745 546
83806 547
83808 548
83809 549
83810 550
84001 551
84066 552
99930 553
99932 554
99934 555
99936 556
99938 557
100125 558
100128 559
100129 560
100190 561
100192 562
100193 563
100194 564
100385 565
100450 566
116574 567
116576 568
116578 569
116769 570
116834 571
133218 572
turn 13761
4227 0
4228 1
4231 1
4232 1
4235 1
4236 1
4239 1
4240 1
4243 1
4244 2
4247 2
4248 2
4251 2
4252 2
4255 2
4256 2
4259 2
4354 3
4357 4
4358 4
4360 5
4361 6
4362 6
4364 5
4365 6
4366 6
4368 7
4369 8
4370 8
4372 9
4373 10
4374 10
4376 11
4377 12
4378 12
4380 11
4381 12
4382 12
4384 13
4385 14
4386 14
4482 15
4483 15
4484 16
4487 16
4488 17
4490 17
4491 17
4492 17
4494 17
4495 17
4496 18
4498 18
4499 18
4500 19
4502 19
4503 19
4504 20
4506 20
4507 20
4508 20
4510 20
4511 20
4512 21
4514 21
4515 21
4610 22
4612 23
4613 24
4614 24
4617 25
4618 25
4620 26
4621 27
4622 27
4624 28
4625 29
4626 29
4628 30
4629 31
4630 31
4632 32
4633 33
4634 33
4636 32
4637 33
4638 33
4640 34
4641 35
4642 35
4738 36
4739 36
4740 37
4742 37
4743 37
4744 38
4747 38
4748 39
4750 39
4751 39
4752 40
4754 40
4755 40
4756 41
4758 41
4759 41
4760 42
4762 42
4763 42
4764 42
4766 42
4767 42
4768 43
4770 43
4771 43
4866 44
4868 45
4869 46
4870 46
4872 45
4873 46
4874 46
4877 47
4878 47
4880 48
4881 49
4882 49
4884 50
4885 51
4886 51
4888 50
4889 51
4890 51
4892 52
4893 53
4894 53
4896 54
4897 55
4898 55
4994 56
4995 56
4996 57
4998 57
4999 57
5000 57
5002 57
5003 57
5004 58
5007 58
5008 59
5010 59
5011 59
5012 60
5014 60
5015 60
5016 60
5018 60
5019 60
5020 61
5022 61
5023 61
5024 62
5026 62
5027 62
5122 63
5124 64
5125 65
5126 65
5128 64
5129 65
5130 65
5132 66
5133 67
5134 67
5137 68
5138 68
5140 69
5141 70
5142 70
5144 69
5145 70
5146 70
5148 71
5149 72
5150 72
5152 71
5153 72
5154 72
5250 73
5251 73
5252 74
5254 74
5255 74
5256 74
5258 74
5259 74
5260 75
5262 75
5263 75
5264 76
5267 76
5268 77
5270 77
5271 77
5272 77
5274 77
5275 77
5276 78
5278 78
5279 78
5280 78
5282 78
5283 78
5378 79
5380 80
5381 81
5382 81
5384 80
5385 81
5386 81
5388 82
5389 83
5390 83
5392 82
5393 83
5394 83
5397 84
5398 84
5400 85
5401 86
5402 86
5404 85
5405 86
5406 86
5408 87
5409 88
5410 88
5506 89
5507 89
5508 90
5510 90
5511 90
5512 90
5514 90
5515 90
5516 91
5518 91
5519 91
5520 91
5522 91
5523 91
5524 92
5527 92
5528 93
5530 93
5531 93
5532 93
5534 93
5535 93
5536 94
5538 94
5539 94
5634 95
5636 96
5637 97
5638 97
5640 96
5641 97
5642 97
5644 96
5645 97
5646 97
5648 98
5649 99
5650 99
5652 98
5653 99
5654 99
5657 100
5658 100
5660 101
5661 102
5662 102
5664 101
5665 102
5666 102
5762 103
5763 103
5764 104
5766 104
5767 104
5768 104
5770 104
5771 104
5772 104
5774 104
5775 104
5776 105
5778 105
5779 105
5780 105
5782 105
5783 105
5784 106
5787 106
5788 107
5790 107
5791 107
5792 107
5794 107
5795 107
5890 108
5892 109
5893 110
5894 110
5896 109
5897 110
5898 110
5900 109
5901 110
5902 110
5904 111
5905 112
5906 112
5908 111
5909 112
5910 112
5912 111
5913 112
5914 112
5917 113
5918 113
5920 114
5921 115
5922 115
6018 116
6019 116
6020 117
6022 117
6023 117
6024 117
6026 117
6027 117
6028 117
6030 117
6031 117
6032 118
6034 118
6035 118
6036 118
6038 118
6039 118
6040 118
6042 118
6043 118
6044 119
6047 119
6048 120
6050 120
6051 120
6146 121
6148 122
6149 123
6150 123
6152 122
6153 123
6154 123
6156 122
6157 123
6158 123
6160 124
6161 125
6162 125
6164 126
6165 127
6166 127
6168 126
6169 127
6170 127
6172 126
6173 127
6174 127
6177 128
6178 128
6274 129
6275 129
6276 130
6278 130
6279 130
6280 130
6282 130
6283 130
6284 130
6286 130
6287 130
6288 131
6290 131
6291 131
6292 132
6294 132
6295 132
6296 132
6298 132
6299 132
6300 132
6302 132
6303 132
6304 133
6307 133
16705 134
16706 134
16710 135
16712 136
16713 137
16714 137
16716 136
16717 137
16718 137
16720 138
16721 139
16722 139
16724 140
16725 141
16726 141
16728 142
16729 143
16730 143
16732 142
16733 143
16734 143
16736 144
16737 145
16738 145
16897 146
16901 147
16905 148
16908 149
16909 150
16912 151
16913 152
16916 153
16917 154
16920 155
16921 156
16924 155
16925 156
16928 157
16929 158
16961 159
16962 159
16965 160
16966 160
16968 161
16970 162
16972 163
16973 164
16974 164
16976 165
16977 166
16978 166
16980 167
16981 168
16982 168
16984 169
16985 170
16986 170
16988 169
16989 170
16990 170
16992 171
16993 172
16994 172
17153 173
17157 174
17160 175
17161 176
17165 177
17168 178
17169 179
17172 180
17173 181
17176 182
17177 183
17180 184
17181 185
17184 186
17185 187
17217 188
17218 188
17221 189
17222 189
17224 190
17225 191
17226 191
17228 192
17230 193
17232 194
17233 195
17234 195
17236 196
17237 197
17238 197
17240 198
17241 199
17242 199
17244 200
17245 201
17246 201
17248 202
17249 203
17250 203
17409 204
17413 205
17416 206
17417 207
17420 206
17421 207
17425 208
17428 209
17429 210
17432 211
17433 212
17436 213
17437 214
17440 215
17441 216
17473 217
17474 217
17477 218
17478 218
17480 219
17481 220
17482 220
17484 219
17485 220
17486 220
17488 221
17490 222
17492 223
17493 224
17494 224
17496 225
17497 226
17498 226
17500 227
17501 228
17502 228
17504 229
17505 230
17506 230
17665 231
17669 232
17672 233
17673 234
17676 233
17677 234
17680 235
17681 236
17685 237
17688 238
17689 239
17692 238
17693 239
17696 240
17697 241
17729 242
17730 242
17733 243
17734 243
17736 244
17737 245
17738 245
17740 244
17741 245
17742 245
17744 246
17745 247
17746 247
17748 248
17750 249
17752 250
17753 251
17754 251
17756 250
17757 251
17758 251
17760 252
17761 253
17762 253
17921 254
17925 255
17928 256
17929 257
17932 256
17933 257
17936 258
17937 259
17940 260
17941 261
17945 262
17948 263
17949 264
17952 265
17953 266
17985 267
17986 267
17989 268
17990 268
17992 269
17993 270
17994 270
17996 269
17997 270
17998 270
18000 271
18001 272
18002 272
18004 273
18005 274
18006 274
18008 275
18010 276
18012 277
18013 278
18014 278
18016 279
18017 280
18018 280
18177 281
18181 282
18184 283
18185 284
18188 283
18189 284
18192 285
18193 286
18196 287
18197 288
18200 287
18201 288
18205 289
18208 290
18209 291
18241 292
18242 292
18245 293
18246 293
18248 294
18249 295
18250 295
18252 294
18253 295
18254 295
18256 296
18257 297
18258 297
18260 298
18261 299
18262 299
18264 298
18265 299
18266 299
18268 300
18270 301
18272 302
18273 303
18274 303
18433 304
18437 305
18440 306
18441 307
18444 306
18445 307
18448 308
18449 309
18452 310
18453 311
18456 310
18457 311
18460 310
18461 311
18465 312
18497 313
18498 313
18501 314
18502 314
18504 315
18505 316
18506 316
18508 315
18509 316
18510 316
18512 317
18513 318
18514 318
18516 319
18517 320
18518 320
18520 319
18521 320
18522 320
18524 319
18525 320
18526 320
18528 321
18530 322
20865 323
20867 323
20868 324
20871 324
20872 325
20873 325
20875 325
20876 325
20877 325
20879 325
20880 326
20881 326
20883 326
20884 327
20885 327
20887 327
20888 328
20889 328
20891 328
20892 328
20893 328
20895 328
20896 329
20897 329
20899 329
20993 159
20994 159
20996 330
20998 160
21001 162
21002 162
21004 163
21005 164
21006 164
21008 165
21009 166
21010 166
21012 167
21013 168
21014 168
21016 169
21017 170
21018 170
21020 169
21021 170
21022 170
21024 171
21025 172
21026 172
21057 331
21058 159
21060 160
21062 160
21064 162
21066 162
21068 164
21069 163
21070 164
21072 166
21073 165
21074 166
21076 168
21077 167
21078 168
21080 170
21081 169
21082 170
21084 170
21085 169
21086 170
21088 172
21089 171
21090 172
21121 332
21122 332
21123 332
21124 333
21126 333
21127 333
21128 334
21129 334
21131 334
21132 335
21133 335
21134 335
21135 335
21136 336
21137 336
21138 336
21139 336
21140 337
21141 337
21142 337
21143 337
21144 338
21145 338
21146 338
21147 338
21148 338
21149 338
21150 338
21151 338
21152 339
21153 339
21154 339
21155 339
21249 188
21250 188
21252 340
21254 189
21256 190
21257 191
21258 191
21261 193
21262 193
21264 194
21265 195
21266 195
21268 196
21269 197
21270 197
21272 198
21273 199
21274 199
21276 200
21277 201
21278 201
21280 202
21281 203
21282 203
21313 341
21314 188
21316 189
21318 189
21320 191
21321 190
21322 191
21324 193
21326 193
21328 195
21329 194
21330 195
21332 197
21333 196
21334 197
21336 199
21337 198
21338 199
21340 201
21341 200
21342 201
21344 203
21345 202
21346 203
21377 342
21378 342
21379 342
21380 343
21382 343
21383 343
21384 344
21385 344
21386 344
21387 344
21388 345
21389 345
21391 345
21392 346
21393 346
21394 346
21395 346
21396 347
21397 347
21398 347
21399 347
21400 348
21401 348
21402 348
21403 348
21404 349
21405 349
21406 349
21407 349
21408 350
21409 350
21410 350
21411 350
21505 217
21506 217
21508 351
21510 218
21512 219
21513 220
21514 220
21516 219
21517 220
21518 220
21521 222
21522 222
21524 223
21525 224
21526 224
21528 225
21529 226
21530 226
21532 227
21533 228
21534 228
21536 229
21537 230
21538 230
21569 352
21570 217
21572 218
21574 218
21576 220
21577 219
21578 220
21580 220
21581 219
21582 220
21584 222
21586 222
21588 224
21589 223
21590 224
21592 226
21593 225
21594 226
21596 228
21597 227
21598 228
21600 230
21601 229
21602 230
21633 353
21634 353
21635 353
21636 354
21638 354
21639 354
21640 355
21641 355
21642 355
21643 355
21644 355
21645 355
21646 355
21647 355
21648 356
21649 356
21651 356
21652 357
21653 357
21654 357
21655 357
21656 358
21657 358
21658 358
21659 358
21660 359
21661 359
21662 359
21663 359
21664 360
21665 360
21666 360
21667 360
21761 242
21762 242
21764 361
21766 243
21768 244
21769 245
21770 245
21772 244
21773 245
21774 245
21776 246
21777 247
21778 247
21781 249
21782 249
21784 250
21785 251
21786 251
21788 250
21789 251
21790 251
21792 252
21793 253
21794 253
21825 362
21826 242
21828 243
21830 243
21832 245
21833 244
21834 245
21836 245
21837 244
21838 245
21840 247
21841 246
21842 247
21844 249
21846 249
21848 251
21849 250
21850 251
21852 251
21853 250
21854 251
21856 253
21857 252
21858 253
21889 363
21890 363
21891 363
21892 364
21894 364
21895 364
21896 365
21897 365
21898 365
21899 365
21900 365
21901 365
21902 365
21903 365
21904 366
21905 366
21906 366
21907 366
21908 367
21909 367
21911 367
21912 368
21913 368
21914 368
21915 368
21916 368
21917 368
21918 368
21919 368
21920 369
21921 369
21922 369
21923 369
22017 267
22018 267
22020 370
22022 268
22024 269
22025 270
22026 270
22028 269
22029 270
22030 270
22032 271
22033 272
22034 272
22036 273
22037 274
22038 274
22041 276
22042 276
22044 277
22045 278
22046 278
22048 279
22049 280
22050 280
22081 371
22082 267
22084 268
22086 268
22088 270
22089 269
22090 270
22092 270
22093 269
22094 270
22096 272
22097 271
22098 272
22100 274
22101 273
22102 274
22104 276
22106 276
22108 278
22109 277
22110 278
22112 280
22113 279
22114 280
22145 372
22146 372
22147 372
22148 373
22150 373
22151 373
22152 374
22153 374
22154 374
22155 374
22156 374
22157 374
22158 374
22159 374
22160 375
22161 375
22162 375
22163 375
22164 376
22165 376
22166 376
22167 376
22168 377
22169 377
22171 377
22172 378
22173 378
22174 378
22175 378
22176 379
22177 379
22178 379
22179 379
22273 292
22274 292
22276 380
22278 293
22280 294
22281 295
22282 295
22284 294
22285 295
22286 295
22288 296
22289 297
22290 297
22292 298
22293 299
22294 299
22296 298
22297 299
22298 299
22301 301
22302 301
22304 302
22305 303
22306 303
22337 381
22338 292
22340 293
22342 293
22344 295
22345 294
22346 295
22348 295
22349 294
22350 295
22352 297
22353 296
22354 297
22356 299
22357 298
22358 299
22360 299
22361 298
22362 299
22364 301
22366 301
22368 303
22369 302
22370 303
22401 382
22402 382
22403 382
22404 383
22406 383
22407 383
22408 384
22409 384
22410 384
22411 384
22412 384
22413 384
22414 384
22415 384
22416 385
22417 385
22418 385
22419 385
22420 386
22421 386
22422 386
22423 386
22424 386
22425 386
22426 386
22427 386
22428 387
22429 387
22431 387
22432 388
22433 388
22434 388
22435 388
22529 313
22530 313
22532 389
22534 314
22536 315
22537 316
22538 316
22540 315
22541 316
22542 316
22544 317
22545 318
22546 318
22548 319
22549 320
22550 320
22552 319
22553 320
22554 320
22556 319
22557 320
22558 320
22561 322
22562 322
22593 390
22594 313
22596 314
22598 314
22600 316
22601 315
22602 316
22604 316
22605 315
22606 316
22608 318
22609 317
22610 318
22612 320
22613 319
22614 320
22616 320
22617 319
22618 320
22620 320
22621 319
22622 320
22624 322
22626 322
22657 391
22658 391
22659 391
22660 392
22662 392
22663 392
22664 393
22665 393
22666 393
22667 393
22668 393
22669 393
22670 393
22671 393
22672 394
22673 394
22674 394
22675 394
22676 395
22677 395
22678 395
22679 395
22680 395
22681 395
22682 395
22683 395
22684 395
22685 395
22686 395
22687 395
22688 396
22689 396
22691 396
33345 397
33346 397
33348 398
33349 399
33350 399
33354 400
33356 401
33357 402
33358 402
33360 403
33361 404
33362 404
33364 405
33365 406
33366 406
33368 407
33369 408
33370 408
33372 407
33373 408
33374 408
33376 409
33377 410
33378 410
33537 411
33540 412
33541 413
33545 414
33549 415
33552 416
33553 417
33556 418
33557 419
33560 420
33561 421
33564 422
33565 423
33568 424
33569 425
33601 426
33602 426
33604 427
33605 428
33606 428
33609 429
33610 429
33612 430
33614 431
33616 432
33617 433
33618 433
33620 434
33621 435
33622 435
33624 436
33625 437
33626 437
33628 438
33629 439
33630 439
33632 440
33633 441
33634 441
33793 442
33796 443
33797 444
33801 445
33804 446
33805 447
33809 448
33812 449
33813 450
33816 451
33817 452
33820 453
33821 454
33824 455
33825 456
33857 457
33858 457
33860 458
33861 459
33862 459
33865 460
33866 460
33868 461
33869 462
33870 462
33872 463
33874 464
33876 465
33877 466
33878 466
33880 467
33881 468
33882 468
33884 469
33885 470
33886 470
33888 471
33889 472
33890 472
34049 473
34052 474
34053 475
34057 476
34060 477
34061 478
34064 479
34065 480
34069 481
34072 482
34073 483
34076 484
34077 485
34080 486
34081 487
34113 488
34114 488
34116 489
34117 490
34118 490
34121 491
34122 491
34124 492
34125 493
34126 493
34128 494
34129 495
34130 495
34132 496
34134 497
34136 498
34137 499
34138 499
34140 500
34141 501
34142 501
34144 502
34145 503
34146 503
34305 504
34308 505
34309 506
34313 507
34316 508
34317 509
34320 510
34321 511
34324 512
34325 513
34329 514
34332 515
34333 516
34336 517
34337 518
34369 519
34370 519
34372 520
34373 521
34374 521
34377 522
34378 522
34380 523
34381 524
34382 524
34384 525
34385 526
34386 526
34388 527
34389 528
34390 528
34392 529
34394 530
34396 531
34397 532
34398 532
34400 533
34401 534
34402 534
34561 535
34564 536
34565 537
34569 538
34572 539
34573 540
34576 541
34577 542
34580 543
34581 544
34584 543
34585 544
34589 545
34592 546
34593 547
34625 548
34626 548
34628 549
34629 550
34630 550
34633 551
34634 551
34636 552
34637 553
34638 553
34640 554
34641 555
34642 555
34644 556
34645 557
34646 557
34648 556
34649 557
34650 557
34652 558
34654 559
34656 560
34657 561
34658 561
34817 562
34820 563
34821 564
34825 565
34828 566
34829 567
34832 568
34833 569
34836 570
34837 571
34840 572
34841 573
34844 572
34845 573
34849 574
34881 575
34882 575
34884 576
34885 577
34886 577
34889 578
34890 578
34892 579
34893 580
34894 580
34896 581
34897 582
34898 582
34900 583
34901 584
34902 584
34904 585
34905 586
34906 586
34908 585
34909 586
34910 586
34912 587
34914 588
37505 589
37507 589
37508 590
37509 590
37511 590
37512 591
37515 591
37516 592
37517 592
37519 592
37520 593
37521 593
37523 593
37524 594
37525 594
37527 594
37528 595
37529 595
37531 595
37532 595
37533 595
37535 595
37536 596
37537 596
37539 596
37633 426
37634 426
37636 427
37637 428
37638 428
37640 597
37642 429
37645 431
37646 431
37648 432
37649 433
37650 433
37652 434
37653 435
37654 435
37656 436
37657 437
37658 437
37660 438
37661 439
37662 439
37664 440
37665 441
37666 441
37697 598
37698 426
37700 428
37701 427
37702 428
37704 429
37706 429
37708 431
37710 431
37712 433
37713 432
37714 433
37716 435
37717 434
37718 435
37720 437
37721 436
37722 437
37724 439
37725 438
37726 439
37728 441
37729 440
37730 441
37761 599
37762 599
37763 599
37764 600
37765 600
37766 600
37767 600
37768 601
37770 601
37771 601
37772 602
37773 602
37775 602
37776 603
37777 603
37778 603
37779 603
37780 604
37781 604
37782 604
37783 604
37784 605
37785 605
37786 605
37787 605
37788 606
37789 606
37790 606
37791 606
37792 607
37793 607
37794 607
37795 607
37889 457
37890 457
37892 458
37893 459
37894 459
37896 608
37898 460
37900 461
37901 462
37902 462
37905 464
37906 464
37908 465
37909 466
37910 466
37912 467
37913 468
37914 468
37916 469
37917 470
37918 470
37920 471
37921 472
37922 472
37953 609
37954 457
37956 459
37957 458
37958 459
37960 460
37962 460
37964 462
37965 461
37966 462
37968 464
37970 464
37972 466
37973 465
37974 466
37976 468
37977 467
37978 468
37980 470
37981 469
37982 470
37984 472
37985 471
37986 472
38017 610
38018 610
38019 610
38020 611
38021 611
38022 611
38023 611
38024 612
38026 612
38027 612
38028 613
38029 613
38030 613
38031 613
38032 614
38033 614
38035 614
38036 615
38037 615
38038 615
38039 615
38040 616
38041 616
38042 616
38043 616
38044 617
38045 617
38046 617
38047 617
38048 618
38049 618
38050 618
38051 618
38145 488
38146 488
38148 489
38149 490
38150 490
38152 619
38154 491
38156 492
38157 493
38158 493
38160 494
38161 495
38162 495
38165 497
38166 497
38168 498
38169 499
38170 499
38172 500
38173 501
38174 501
38176 502
38177 503
38178 503
38209 620
38210 488
38212 490
38213 489
38214 490
38216 491
38218 491
38220 493
38221 492
38222 493
38224 495
38225 494
38226 495
38228 497
38230 497
38232 499
38233 498
38234 499
38236 501
38237 500
38238 501
38240 503
38241 502
38242 503
38273 621
38274 621
38275 621
38276 622
38277 622
38278 622
38279 622
38280 623
38282 623
38283 623
38284 624
38285 624
38286 624
38287 624
38288 625
38289 625
38290 625
38291 625
38292 626
38293 626
38295 626
38296 627
38297 627
38298 627
38299 627
38300 628
38301 628
38302 628
38303 628
38304 629
38305 629
38306 629
38307 629
38401 519
38402 519
38404 520
38405 521
38406 521
38408 630
38410 522
38412 523
38413 524
38414 524
38416 525
38417 526
38418 526
38420 527
38421 528
38422 528
38425 530
38426 530
38428 531
38429 532
38430 532
38432 533
38433 534
38434 534
38465 631
38466 519
38468 521
38469 520
38470 521
38472 522
38474 522
38476 524
38477 523
38478 524
38480 526
38481 525
38482 526
38484 528
38485 527
38486 528
38488 530
38490 530
38492 532
38493 531
38494 532
38496 534
38497 533
38498 534
38529 632
38530 632
38531 632
38532 633
38533 633
38534 633
38535 633
38536 634
38538 634
38539 634
38540 635
38541 635
38542 635
38543 635
38544 636
38545 636
38546 636
38547 636
38548 637
38549 637
38550 637
38551 637
38552 638
38553 638
38555 638
38556 639
38557 639
38558 639
38559 639
38560 640
38561 640
38562 640
38563 640
38657 548
38658 548
38660 549
38661 550
38662 550
38664 641
38666 551
38668 552
38669 553
38670 553
38672 554
38673 555
38674 555
38676 556
38677 557
38678 557
38680 556
38681 557
38682 557
38685 559
38686 559
38688 560
38689 561
38690 561
38721 642
38722 548
38724 550
38725 549
38726 550
38728 551
38730 551
38732 553
38733 552
38734 553
38736 555
38737 554
38738 555
38740 557
38741 556
38742 557
38744 557
38745 556
38746 557
38748 559
38750 559
38752 561
38753 560
38754 561
38785 643
38786 643
38787 643
38788 644
38789 644
38790 644
38791 644
38792 645
38794 645
38795 645
38796 646
38797 646
38798 646
38799 646
38800 647
38801 647
38802 647
38803 647
38804 648
38805 648
38806 648
38807 648
38808 648
38809 648
38810 648
38811 648
38812 649
38813 649
38815 649
38816 650
38817 650
38818 650
38819 650
38913 575
38914 575
38916 576
38917 577
38918 577
38920 651
38922 578
38924 579
38925 580
38926 580
38928 581
38929 582
38930 582
38932 583
38933 584
38934 584
38936 585
38937 586
38938 586
38940 585
38941 586
38942 586
38945 588
38946 588
38977 652
38978 575
38980 577
38981 576
38982 577
38984 578
38986 578
38988 580
38989 579
38990 580
38992 582
38993 581
38994 582
38996 584
38997 583
38998 584
39000 586
39001 585
39002 586
39004 586
39005 585
39006 586
39008 588
39010 588
39041 653
39042 653
39043 653
39044 654
39045 654
39046 654
39047 654
39048 655
39050 655
39051 655
39052 656
39053 656
39054 656
39055 656
39056 657
39057 657
39058 657
39059 657
39060 658
39061 658
39062 658
39063 658
39064 659
39065 659
39066 659
39067 659
39068 659
39069 659
39070 659
39071 659
39072 660
39073 660
39075 660
49985 661
49986 661
49988 662
49989 663
49990 663
49992 662
49993 663
49994 663
49998 664
50000 665
50001 666
50002 666
50004 667
50005 668
50006 668
50008 667
50009 668
50010 668
50012 669
50013 670
50014 670
50016 671
50017 672
50018 672
50177 673
50180 674
50181 675
50184 676
50185 677
50189 678
50193 679
50196 680
50197 681
50200 680
50201 681
50204 682
50205 683
50208 682
50209 683
50241 684
50242 684
50244 685
50245 686
50246 686
50248 687
50249 688
50250 688
50253 689
50254 689
50256 690
50258 691
50260 692
50261 693
50262 693
50264 692
50265 693
50266 693
50268 694
50269 695
50270 695
50272 694
50273 695
50274 695
50433 696
50436 697
50437 698
50440 699
50441 700
50445 701
50448 702
50449 703
50453 704
50456 705
50457 706
50460 707
50461 708
50464 709
50465 710
50497 711
50498 711
50500 712
50501 713
50502 713
50504 714
50505 715
50506 715
50509 716
50510 716
50512 717
50513 718
50514 718
50516 719
50518 720
50520 721
50521 722
50522 722
50524 723
50525 724
50526 724
50528 725
50529 726
50530 726
50689 727
50692 728
50693 729
50696 730
50697 731
50701 732
50704 733
50705 734
50708 735
50709 736
50713 737
50716 738
50717 739
50720 738
50721 739
50753 740
50754 740
50756 741
50757 742
50758 742
50760 743
50761 744
50762 744
50765 745
50766 745
50768 746
50769 747
50770 747
50772 748
50773 749
50774 749
50776 750
50778 751
50780 752
50781 753
50782 753
50784 752
50785 753
50786 753
50945 754
50948 755
50949 756
50952 755
50953 756
50957 757
50960 758
50961 759
50964 760
50965 761
50968 762
50969 763
50973 764
50976 765
50977 766
51009 767
51010 767
51012 768
51013 769
51014 769
51016 768
51017 769
51018 769
51021 770
51022 770
51024 771
51025 772
51026 772
51028 773
51029 774
51030 774
51032 775
51033 776
51034 776
51036 777
51038 778
51040 779
51041 780
51042 780
51201 781
51204 782
51205 783
51208 782
51209 783
51213 784
51216 785
51217 786
51220 787
51221 788
51224 789
51225 790
51228 789
51229 790
51233 791
51265 792
51266 792
51268 793
51269 794
51270 794
51272 793
51273 794
51274 794
51277 795
51278 795
51280 796
51281 797
51282 797
51284 798
51285 799
51286 799
51288 800
51289 801
51290 801
51292 800
51293 801
51294 801
51296 802
51298 803
54145 804
54147 804
54148 805
54149 805
54151 805
54152 805
54153 805
54155 805
54156 806
54159 806
54160 807
54161 807
54163 807
54164 808
54165 808
54167 808
54168 808
54169 808
54171 808
54172 809
54173 809
54175 809
54176 810
54177 810
54179 810
54273 684
54274 684
54276 685
54277 686
54278 686
54280 687
54281 688
54282 688
54284 811
54286 689
54289 691
54290 691
54292 692
54293 693
54294 693
54296 692
54297 693
54298 693
54300 694
54301 695
54302 695
54304 694
54305 695
54306 695
54337 812
54338 684
54340 686
54341 685
54342 686
54344 688
54345 687
54346 688
54348 689
54350 689
54352 691
54354 691
54356 693
54357 692
54358 693
54360 693
54361 692
54362 693
54364 695
54365 694
54366 695
54368 695
54369 694
54370 695
54401 813
54402 813
54403 813
54404 814
54405 814
54406 814
54407 814
54408 815
54409 815
54410 815
54411 815
54412 816
54414 816
54415 816
54416 817
54417 817
54419 817
54420 818
54421 818
54422 818
54423 818
54424 818
54425 818
54426 818
54427 818
54428 819
54429 819
54430 819
54431 819
54432 819
54433 819
54434 819
54435 819
54529 711
54530 711
54532 712
54533 713
54534 713
54536 714
54537 715
54538 715
54540 820
54542 716
54544 717
54545 718
54546 718
54549 720
54550 720
54552 721
54553 722
54554 722
54556 723
54557 724
54558 724
54560 725
54561 726
54562 726
54593 821
54594 711
54596 713
54597 712
54598 713
54600 715
54601 714
54602 715
54604 716
54606 716
54608 718
54609 717
54610 718
54612 720
54614 720
54616 722
54617 721
54618 722
54620 724
54621 723
54622 724
54624 726
54625 725
54626 726
54657 822
54658 822
54659 822
54660 823
54661 823
54662 823
54663 823
54664 824
54665 824
54666 824
54667 824
54668 825
54670 825
54671 825
54672 826
54673 826
54674 826
54675 826
54676 827
54677 827
54679 827
54680 828
54681 828
54682 828
54683 828
54684 829
54685 829
54686 829
54687 829
54688 830
54689 830
54690 830
54691 830
54785 740
54786 740
54788 741
54789 742
54790 742
54792 743
54793 744
54794 744
54796 831
54798 745
54800 746
54801 747
54802 747
54804 748
54805 749
54806 749
54809 751
54810 751
54812 752
54813 753
54814 753
54816 752
54817 753
54818 753
54849 832
54850 740
54852 742
54853 741
54854 742
54856 744
54857 743
54858 744
54860 745
54862 745
54864 747
54865 746
54866 747
54868 749
54869 748
54870 749
54872 751
54874 751
54876 753
54877 752
54878 753
54880 753
54881 752
54882 753
54913 833
54914 833
54915 833
54916 834
54917 834
54918 834
54919 834
54920 835
54921 835
54922 835
54923 835
54924 836
54926 836
54927 836
54928 837
54929 837
54930 837
54931 837
54932 838
54933 838
54934 838
54935 838
54936 839
54937 839
54939 839
54940 840
54941 840
54942 840
54943 840
54944 840
54945 840
54946 840
54947 840
55041 767
55042 767
55044 768
55045 769
55046 769
55048 768
55049 769
55050 769
55052 841
55054 770
55056 771
55057 772
55058 772
55060 773
55061 774
55062 774
55064 775
55065 776
55066 776
55069 778
55070 778
55072 779
55073 780
55074 780
55105 842
55106 767
55108 769
55109 768
55110 769
55112 769
55113 768
55114 769
55116 770
55118 770
55120 772
55121 771
55122 772
55124 774
55125 773
55126 774
55128 776
55129 775
55130 776
55132 778
55134 778
55136 780
55137 779
55138 780
55169 843
55170 843
55171 843
55172 844
55173 844
55174 844
55175 844
55176 844
55177 844
55178 844
55179 844
55180 845
55182 845
55183 845
55184 846
55185 846
55186 846
55187 846
55188 847
55189 847
55190 847
55191 847
55192 848
55193 848
55194 848
55195 848
55196 849
55197 849
55199 849
55200 850
55201 850
55202 850
55203 850
55297 792
55298 792
55300 793
55301 794
55302 794
55304 793
55305 794
55306 794
55308 851
55310 795
55312 796
55313 797
55314 797
55316 798
55317 799
55318 799
55320 800
55321 801
55322 801
55324 800
55325 801
55326 801
55329 803
55330 803
55361 852
55362 792
55364 794
55365 793
55366 794
55368 794
55369 793
55370 794
55372 795
55374 795
55376 797
55377 796
55378 797
55380 799
55381 798
55382 799
55384 801
55385 800
55386 801
55388 801
55389 800
55390 801
55392 803
55394 803
55425 853
55426 853
55427 853
55428 854
55429 854
55430 854
55431 854
55432 854
55433 854
55434 854
55435 854
55436 855
55438 855
55439 855
55440 856
55441 856
55442 856
55443 856
55444 857
55445 857
55446 857
55447 857
55448 858
55449 858
55450 858
55451 858
55452 858
55453 858
55454 858
55455 858
55456 859
55457 859
55459 859
66625 860
66626 860
66628 861
66629 862
66630 862
66632 861
66633 862
66634 862
66636 863
66637 864
66638 864
66642 865
66644 866
66645 867
66646 867
66648 866
66649 867
66650 867
66652 868
66653 869
66654 869
66656 868
66657 869
66658 869
66817 870
66820 871
66821 872
66824 871
66825 872
66828 873
66829 874
66833 875
66837 876
66840 877
66841 878
66844 879
66845 880
66848 881
66849 882
66881 883
66882 883
66884 884
66885 885
66886 885
66888 884
66889 885
66890 885
66892 886
66893 887
66894 887
66897 888
66898 888
66900 889
66902 890
66904 891
66905 892
66906 892
66908 893
66909 894
66910 894
66912 895
66913 896
66914 896
67073 897
67076 898
67077 899
67080 900
67081 901
67084 902
67085 903
67089 904
67092 905
67093 906
67097 907
67100 908
67101 909
67104 910
67105 911
67137 912
67138 912
67140 913
67141 914
67142 914
67144 915
67145 916
67146 916
67148 917
67149 918
67150 918
67153 919
67154 919
67156 920
67157 921
67158 921
67160 922
67162 923
67164 924
67165 925
67166 925
67168 926
67169 927
67170 927
67329 928
67332 929
67333 930
67336 929
67337 930
67340 931
67341 932
67345 933
67348 934
67349 935
67352 934
67353 935
67357 936
67360 937
67361 938
67393 939
67394 939
67396 940
67397 941
67398 941
67400 940
67401 941
67402 941
67404 942
67405 943
67406 943
67409 944
67410 944
67412 945
67413 946
67414 946
67416 945
67417 946
67418 946
67420 947
67422 948
67424 949
67425 950
67426 950
67585 951
67588 952
67589 953
67592 952
67593 953
67596 954
67597 955
67601 956
67604 957
67605 958
67608 957
67609 958
67612 959
67613 960
67617 961
67649 962
67650 962
67652 963
67653 964
67654 964
67656 963
67657 964
67658 964
67660 965
67661 966
67662 966
67665 967
67666 967
67668 968
67669 969
67670 969
67672 968
67673 969
67674 969
67676 970
67677 971
67678 971
67680 972
67682 973
70785 974
70787 974
70788 975
70789 975
70791 975
70792 975
70793 975
70795 975
70796 976
70797 976
70799 976
70800 977
70803 977
70804 978
70805 978
70807 978
70808 978
70809 978
70811 978
70812 979
70813 979
70815 979
70816 979
70817 979
70819 979
70913 883
70914 883
70916 884
70917 885
70918 885
70920 884
70921 885
70922 885
70924 886
70925 887
70926 887
70928 980
70930 888
70933 890
70934 890
70936 891
70937 892
70938 892
70940 893
70941 894
70942 894
70944 895
70945 896
70946 896
70977 981
70978 883
70980 885
70981 884
70982 885
70984 885
70985 884
70986 885
70988 887
70989 886
70990 887
70992 888
70994 888
70996 890
70998 890
71000 892
71001 891
71002 892
71004 894
71005 893
71006 894
71008 896
71009 895
71010 896
71041 982
71042 982
71043 982
71044 983
71045 983
71046 983
71047 983
71048 983
71049 983
71050 983
71051 983
71052 984
71053 984
71054 984
71055 984
71056 985
71058 985
71059 985
71060 986
71061 986
71063 986
71064 987
71065 987
71066 987
71067 987
71068 988
71069 988
71070 988
71071 988
71072 989
71073 989
71074 989
71075 989
71169 912
71170 912
71172 913
71173 914
71174 914
71176 915
71177 916
71178 916
71180 917
71181 918
71182 918
71184 990
71186 919
71188 920
71189 921
71190 921
71193 923
71194 923
71196 924
71197 925
71198 925
71200 926
71201 927
71202 927
71233 991
71234 912
71236 914
71237 913
71238 914
71240 916
71241 915
71242 916
71244 918
71245 917
71246 918
71248 919
71250 919
71252 921
71253 920
71254 921
71256 923
71258 923
71260 925
71261 924
71262 925
71264 927
71265 926
71266 927
71297 992
71298 992
71299 992
71300 993
71301 993
71302 993
71303 993
71304 994
71305 994
71306 994
71307 994
71308 995
71309 995
71310 995
71311 995
71312 996
71314 996
71315 996
71316 997
71317 997
71318 997
71319 997
71320 998
71321 998
71323 998
71324 999
71325 999
71326 999
71327 999
71328 1000
71329 1000
71330 1000
71331 1000
71425 939
71426 939
71428 940
71429 941
71430 941
71432 940
71433 941
71434 941
71436 942
71437 943
71438 943
71440 1001
71442 944
71444 945
71445 946
71446 946
71448 945
71449 946
71450 946
71453 948
71454 948
71456 949
71457 950
71458 950
71489 1002
71490 939
71492 941
71493 940
71494 941
71496 941
71497 940
71498 941
71500 943
71501 942
71502 943
71504 944
71506 944
71508 946
71509 945
71510 946
71512 946
71513 945
71514 946
71516 948
71518 948
71520 950
71521 949
71522 950
71553 1003
71554 1003
71555 1003
71556 1004
71557 1004
71558 1004
71559 1004
71560 1004
71561 1004
71562 1004
71563 1004
71564 1005
71565 1005
71566 1005
71567 1005
71568 1006
71570 1006
71571 1006
71572 1007
71573 1007
71574 1007
71575 1007
71576 1007
71577 1007
71578 1007
71579 1007
71580 1008
71581 1008
71583 1008
71584 1009
71585 1009
71586 1009
71587 1009
71681 962
71682 962
71684 963
71685 964
71686 964
71688 963
71689 964
71690 964
71692 965
71693 966
71694 966
71696 1010
71698 967
71700 968
71701 969
71702 969
71704 968
71705 969
71706 969
71708 970
71709 971
71710 971
71713 973
71714 973
71745 1011
71746 962
71748 964
71749 963
71750 964
71752 964
71753 963
71754 964
71756 966
71757 965
71758 966
71760 967
71762 967
71764 969
71765 968
71766 969
71768 969
71769 968
71770 969
71772 971
71773 970
71774 971
71776 973
71778 973
71809 1012
71810 1012
71811 1012
71812 1013
71813 1013
71814 1013
71815 1013
71816 1013
71817 1013
71818 1013
71819 1013
71820 1014
71821 1014
71822 1014
71823 1014
71824 1015
71826 1015
71827 1015
71828 1016
71829 1016
71830 1016
71831 1016
71832 1016
71833 1016
71834 1016
71835 1016
71836 1017
71837 1017
71838 1017
71839 1017
71840 1018
71841 1018
71843 1018
83265 1019
83266 1019
83268 1020
83269 1021
83270 1021
83272 1020
83273 1021
83274 1021
83276 1022
83277 1023
83278 1023
83280 1022
83281 1023
83282 1023
83286 1024
83288 1025
83289 1026
83290 1026
83292 1025
83293 1026
83294 1026
83296 1027
83297 1028
83298 1028
83457 1029
83460 1030
83461 1031
83464 1032
83465 1033
83468 1034
83469 1035
83472 1036
83473 1037
83477 1038
83481 1039
83484 1040
83485 1041
83488 1042
83489 1043
83521 1044
83522 1044
83524 1045
83525 1046
83526 1046
83528 1047
83529 1048
83530 1048
83532 1049
83533 1050
83534 1050
83536 1051
83537 1052
83538 1052
83541 1053
83542 1053
83544 1054
83546 1055
83548 1056
83549 1057
83550 1057
83552 1058
83553 1059
83554 1059
83713 1060
83716 1061
83717 1062
83720 1061
83721 1062
83724 1063
83725 1064
83728 1065
83729 1066
83733 1067
83736 1068
83737 1069
83741 1070
83744 1071
83745 1072
83777 1073
83778 1073
83780 1074
83781 1075
83782 1075
83784 1074
83785 1075
83786 1075
83788 1076
83789 1077
83790 1077
83792 1078
83793 1079
83794 1079
83797 1080
83798 1080
83800 1081
83801 1082
83802 1082
83804 1083
83806 1084
83808 1085
83809 1086
83810 1086
83969 1087
83972 1088
83973 1089
83976 1088
83977 1089
83980 1090
83981 1091
83984 1090
83985 1091
83989 1092
83992 1093
83993 1094
83996 1093
83997 1094
84001 1095
84033 1096
84034 1096
84036 1097
84037 1098
84038 1098
84040 1097
84041 1098
84042 1098
84044 1099
84045 1100
84046 1100
84048 1099
84049 1100
84050 1100
84053 1101
84054 1101
84056 1102
84057 1103
84058 1103
84060 1102
84061 1103
84062 1103
84064 1104
84066 1105
87425 1106
87427 1106
87428 1107
87429 1107
87431 1107
87432 1107
87433 1107
87435 1107
87436 1108
87437 1108
87439 1108
87440 1108
87441 1108
87443 1108
87444 1109
87447 1109
87448 1110
87449 1110
87451 1110
87452 1110
87453 1110
87455 1110
87456 1111
87457 1111
87459 1111
87553 1044
87554 1044
87556 1045
87557 1046
87558 1046
87560 1047
87561 1048
87562 1048
87564 1049
87565 1050
87566 1050
87568 1051
87569 1052
87570 1052
87572 1112
87574 1053
87577 1055
87578 1055
87580 1056
87581 1057
87582 1057
87584 1058
87585 1059
87586 1059
87617 1113
87618 1044
87620 1046
87621 1045
87622 1046
87624 1048
87625 1047
87626 1048
87628 1050
87629 1049
87630 1050
87632 1052
87633 1051
87634 1052
87636 1053
87638 1053
87640 1055
87642 1055
87644 1057
87645 1056
87646 1057
87648 1059
87649 1058
87650 1059
87681 1114
87682 1114
87683 1114
87684 1115
87685 1115
87686 1115
87687 1115
87688 1116
87689 1116
87690 1116
87691 1116
87692 1117
87693 1117
87694 1117
87695 1117
87696 1118
87697 1118
87698 1118
87699 1118
87700 1119
87702 1119
87703 1119
87704 1120
87705 1120
87707 1120
87708 1121
87709 1121
87710 1121
87711 1121
87712 1122
87713 1122
87714 1122
87715 1122
87809 1073
87810 1073
87812 1074
87813 1075
87814 1075
87816 1074
87817 1075
87818 1075
87820 1076
87821 1077
87822 1077
87824 1078
87825 1079
87826 1079
87828 1123
87830 1080
87832 1081
87833 1082
87834 1082
87837 1084
87838 1084
87840 1085
87841 1086
87842 1086
87873 1124
87874 1073
87876 1075
87877 1074
87878 1075
87880 1075
87881 1074
87882 1075
87884 1077
87885 1076
87886 1077
87888 1079
87889 1078
87890 1079
87892 1080
87894 1080
87896 1082
87897 1081
87898 1082
87900 1084
87902 1084
87904 1086
87905 1085
87906 1086
87937 1125
87938 1125
87939 1125
87940 1126
87941 1126
87942 1126
87943 1126
87944 1126
87945 1126
87946 1126
87947 1126
87948 1127
87949 1127
87950 1127
87951 1127
87952 1128
87953 1128
87954 1128
87955 1128
87956 1129
87958 1129
87959 1129
87960 1130
87961 1130
87962 1130
87963 1130
87964 1131
87965 1131
87967 1131
87968 1132
87969 1132
87970 1132
87971 1132
88065 1096
88066 1096
88068 1097
88069 1098
88070 1098
88072 1097
88073 1098
88074 1098
88076 1099
88077 1100
88078 1100
88080 1099
88081 1100
88082 1100
88084 1133
88086 1101
88088 1102
88089 1103
88090 1103
88092 1102
88093 1103
88094 1103
88097 1105
88098 1105
88129 1134
88130 1096
88132 1098
88133 1097
88134 1098
88136 1098
88137 1097
88138 1098
88140 1100
88141 1099
88142 1100
88144 1100
88145 1099
88146 1100
88148 1101
88150 1101
88152 1103
88153 1102
88154 1103
88156 1103
88157 1102
88158 1103
88160 1105
88162 1105
88193 1135
88194 1135
88195 1135
88196 1136
88197 1136
88198 1136
88199 1136
88200 1136
88201 1136
88202 1136
88203 1136
88204 1137
88205 1137
88206 1137
88207 1137
88208 1137
88209 1137
88210 1137
88211 1137
88212 1138
88214 1138
88215 1138
88216 1139
88217 1139
88218 1139
88219 1139
88220 1139
88221 1139
88222 1139
88223 1139
88224 1140
88225 1140
88227 1140
99905 1141
99906 1141
99908 1142
99909 1143
99910 1143
99912 1142
99913 1143
99914 1143
99916 1142
99917 1143
99918 1143
99920 1144
99921 1145
99922 1145
99924 1144
99925 1145
99926 1145
99930 1146
99932 1147
99933 1148
99934 1148
99936 1147
99937 1148
99938 1148
100097 1149
100100 1150
100101 1151
100104 1150
100105 1151
100108 1152
100109 1153
100112 1154
100113 1155
100116 1154
100117 1155
100121 1156
100125 1157
100128 1158
100129 1159
100161 1160
100162 1160
100164 1161
100165 1162
100166 1162
100168 1161
100169 1162
100170 1162
100172 1163
100173 1164
100174 1164
100176 1165
100177 1166
100178 1166
100180 1165
100181 1166
100182 1166
100185 1167
100186 1167
100188 1168
100190 1169
100192 1170
100193 1171
100194 1171
100353 1172
100356 1173
100357 1174
100360 1173
100361 1174
100364 1173
100365 1174
100368 1175
100369 1176
100372 1175
100373 1176
100377 1177
100380 1178
100381 1179
100385 1180
100417 1181
100418 1181
100420 1182
100421 1183
100422 1183
100424 1182
100425 1183
100426 1183
100428 1182
100429 1183
100430 1183
100432 1184
100433 1185
100434 1185
100436 1184
100437 1185
100438 1185
100441 1186
100442 1186
100444 1187
100445 1188
100446 1188
100448 1189
100450 1190
104065 1191
104067 1191
104068 1192
104069 1192
104071 1192
104072 1192
104073 1192
104075 1192
104076 1192
104077 1192
104079 1192
104080 1193
104081 1193
104083 1193
104084 1193
104085 1193
104087 1193
104088 1194
104091 1194
104092 1195
104093 1195
104095 1195
104096 1195
104097 1195
104099 1195
104193 1160
104194 1160
104196 1161
104197 1162
104198 1162
104200 1161
104201 1162
104202 1162
104204 1163
104205 1164
104206 1164
104208 1165
104209 1166
104210 1166
104212 1165
104213 1166
104214 1166
104216 1196
104218 1167
104221 1169
104222 1169
104224 1170
104225 1171
104226 1171
104257 1197
104258 1160
104260 1162
104261 1161
104262 1162
104264 1162
104265 1161
104266 1162
104268 1164
104269 1163
104270 1164
104272 1166
104273 1165
104274 1166
104276 1166
104277 1165
104278 1166
104280 1167
104282 1167
104284 1169
104286 1169
104288 1171
104289 1170
104290 1171
104321 1198
104322 1198
104323 1198
104324 1199
104325 1199
104326 1199
104327 1199
104328 1199
104329 1199
104330 1199
104331 1199
104332 1200
104333 1200
104334 1200
104335 1200
104336 1201
104337 1201
104338 1201
104339 1201
104340 1201
104341 1201
104342 1201
104343 1201
104344 1202
104346 1202
104347 1202
104348 1203
104349 1203
104351 1203
104352 1204
104353 1204
104354 1204
104355 1204
104449 1181
104450 1181
104452 1182
104453 1183
104454 1183
104456 1182
104457 1183
104458 1183
104460 1182
104461 1183
104462 1183
104464 1184
104465 1185
104466 1185
104468 1184
104469 1185
104470 1185
104472 1205
104474 1186
104476 1187
104477 1188
104478 1188
104481 1190
104482 1190
104513 1206
104514 1181
104516 1183
104517 1182
104518 1183
104520 1183
104521 1182
104522 1183
104524 1183
104525 1182
104526 1183
104528 1185
104529 1184
104530 1185
104532 1185
104533 1184
104534 1185
104536 1186
104538 1186
104540 1188
104541 1187
104542 1188
104544 1190
104546 1190
104577 1207
104578 1207
104579 1207
104580 1208
104581 1208
104582 1208
104583 1208
104584 1208
104585 1208
104586 1208
104587 1208
104588 1208
104589 1208
104590 1208
104591 1208
104592 1209
104593 1209
104594 1209
104595 1209
104596 1209
104597 1209
104598 1209
104599 1209
104600 1210
104602 1210
104603 1210
104604 1211
104605 1211
104606 1211
104607 1211
104608 1212
104609 1212
104611 1212
116545 1213
116546 1213
116548 1214
116549 1215
116550 1215
116552 1214
116553 1215
116554 1215
116556 1214
116557 1215
116558 1215
116560 1216
116561 1217
116562 1217
116564 1216
116565 1217
116566 1217
116568 1216
116569 1217
116570 1217
116574 1218
116576 1219
116577 1220
116578 1220
116737 1221
116740 1222
116741 1223
116744 1222
116745 1223
116748 1222
116749 1223
116752 1224
116753 1225
116756 1224
116757 1225
116760 1224
116761 1225
116765 1226
116769 1227
116801 1228
116802 1228
116804 1229
116805 1230
116806 1230
116808 1229
116809 1230
116810 1230
116812 1229
116813 1230
116814 1230
116816 1231
116817 1232
116818 1232
116820 1231
116821 1232
116822 1232
116824 1231
116825 1232
116826 1232
116829 1233
116830 1233
116832 1234
116834 1235
120705 1236
120707 1236
120708 1237
120709 1237
120711 1237
120712 1237
120713 1237
120715 1237
120716 1237
120717 1237
120719 1237
120720 1238
120721 1238
120723 1238
120724 1238
120725 1238
120727 1238
120728 1238
120729 1238
120731 1238
120732 1239
120735 1239
120736 1240
120737 1240
120739 1240
120833 1228
120834 1228
120836 1229
120837 1230
120838 1230
120840 1229
120841 1230
120842 1230
120844 1229
120845 1230
120846 1230
120848 1231
120849 1232
120850 1232
120852 1231
120853 1232
120854 1232
120856 1231
120857 1232
120858 1232
120860 1241
120862 1233
120865 1235
120866 1235
120897 1242
120898 1228
120900 1230
120901 1229
120902 1230
120904 1230
120905 1229
120906 1230
120908 1230
120909 1229
120910 1230
120912 1232
120913 1231
120914 1232
120916 1232
120917 1231
120918 1232
120920 1232
120921 1231
120922 1232
120924 1233
120926 1233
120928 1235
120930 1235
120961 1243
120962 1243
120963 1243
120964 1244
120965 1244
120966 1244
120967 1244
120968 1244
120969 1244
120970 1244
120971 1244
120972 1244
120973 1244
120974 1244
120975 1244
120976 1245
120977 1245
120978 1245
120979 1245
120980 1245
120981 1245
120982 1245
120983 1245
120984 1245
120985 1245
120986 1245
120987 1245
120988 1246
120990 1246
120991 1246
120992 1247
120993 1247
120995 1247
133185 1248
133186 1248
133188 1249
133189 1250
133190 1250
133192 1249
133193 1250
133194 1250
133196 1249
133197 1250
133198 1250
133200 1251
133201 1252
133202 1252
133204 1253
133205 1254
133206 1254
133208 1253
133209 1254
133210 1254
133212 1253
133213 1254
133214 1254
133218 1255
137345 1256
137347 1256
137348 1257
137349 1257
137351 1257
137352 1257
137353 1257
137355 1257
137356 1257
137357 1257
137359 1257
137360 1258
137361 1258
137363 1258
137364 1259
137365 1259
137367 1259
137368 1259
137369 1259
137371 1259
137372 1259
137373 1259
137375 1259
137376 1260
137379 1260
1069440 1261
1069443 1261
1069447 1262
1069448 1263
1069451 1263
1069452 1263
1069455 1263
1069456 1263
1069459 1263
1069460 1263
1069463 1263
1069464 1264
1069467 1264
1069468 1264
1069471 1264
1069472 1264
1069475 1264
1069568 1265
1069569 1266
1069570 1266
1069574 1267
1069577 1268
1069578 1268
1069580 1269
1069581 1270
1069582 1270
1069584 1271
1069585 1272
1069586 1272
1069588 1273
1069589 1274
1069590 1274
1069592 1275
1069593 1276
1069594 1276
1069596 1275
1069597 1276
1069598 1276
1069600 1277
1069601 1278
1069602 1278
1069696 1279
1069698 1279
1069699 1279
1069702 1280
1069703 1280
1069704 1281
1069707 1281
1069708 1282
1069710 1282
1069711 1282
1069712 1283
1069714 1283
1069715 1283
1069716 1284
1069718 1284
1069719 1284
1069720 1285
1069722 1285
1069723 1285
1069724 1285
1069726 1285
1069727 1285
1069728 1286
1069730 1286
1069731 1286
1069824 1287
1069825 1288
1069826 1288
1069830 1289
1069832 1290
1069833 1291
1069834 1291
1069837 1292
1069838 1292
1069840 1293
1069841 1294
1069842 1294
1069844 1295
1069845 1296
1069846 1296
1069848 1297
1069849 1298
1069850 1298
1069852 1299
1069853 1300
1069854 1300
1069856 1301
1069857 1302
1069858 1302
1069952 1303
1069954 1303
1069955 1303
1069958 1304
1069959 1304
1069960 1305
1069962 1305
1069963 1305
1069964 1306
1069967 1306
1069968 1307
1069970 1307
1069971 1307
1069972 1308
1069974 1308
1069975 1308
1069976 1309
1069978 1309
1069979 1309
1069980 1310
1069982 1310
1069983 1310
1069984 1311
1069986 1311
1069987 1311
1070080 1312
1070081 1313
1070082 1313
1070086 1314
1070088 1315
1070089 1316
1070090 1316
1070092 1315
1070093 1316
1070094 1316
1070097 1317
1070098 1317
1070100 1318
1070101 1319
1070102 1319
1070104 1320
1070105 1321
1070106 1321
1070108 1322
1070109 1323
1070110 1323
1070112 1322
1070113 1323
1070114 1323
1070208 1324
1070210 1324
1070211 1324
1070214 1325
1070215 1325
1070216 1326
1070218 1326
1070219 1326
1070220 1326
1070222 1326
1070223 1326
1070224 1327
1070227 1327
1070228 1328
1070230 1328
1070231 1328
1070232 1329
1070234 1329
1070235 1329
1070236 1330
1070238 1330
1070239 1330
1070240 1330
1070242 1330
1070243 1330
1070336 1331
1070337 1332
1070338 1332
1070342 1333
1070344 1334
1070345 1335
1070346 1335
1070348 1334
1070349 1335
1070350 1335
1070352 1336
1070353 1337
1070354 1337
1070357 1338
1070358 1338
1070360 1339
1070361 1340
1070362 1340
1070364 1339
1070365 1340
1070366 1340
1070368 1341
1070369 1342
1070370 1342
1070464 1343
1070466 1343
1070467 1343
1070470 1344
1070471 1344
1070472 1345
1070474 1345
1070475 1345
1070476 1345
1070478 1345
1070479 1345
1070480 1346
1070482 1346
1070483 1346
1070484 1347
1070487 1347
1070488 1348
1070490 1348
1070491 1348
1070492 1348
1070494 1348
1070495 1348
1070496 1349
1070498 1349
1070499 1349
1070592 1350
1070593 1351
1070594 1351
1070598 1352
1070600 1353
1070601 1354
1070602 1354
1070604 1353
1070605 1354
1070606 1354
1070608 1355
1070609 1356
1070610 1356
1070612 1355
1070613 1356
1070614 1356
1070617 1357
1070618 1357
1070620 1358
1070621 1359
1070622 1359
1070624 1358
1070625 1359
1070626 1359
1070720 1360
1070722 1360
1070723 1360
1070726 1361
1070727 1361
1070728 1362
1070730 1362
1070731 1362
1070732 1362
1070734 1362
1070735 1362
1070736 1363
1070738 1363
1070739 1363
1070740 1363
1070742 1363
1070743 1363
1070744 1364
1070747 1364
1070748 1365
1070750 1365
1070751 1365
1070752 1365
1070754 1365
1070755 1365
1070848 1366
1070849 1367
1070850 1367
1070854 1368
1070856 1369
1070857 1370
1070858 1370
1070860 1369
1070861 1370
1070862 1370
1070864 1369
1070865 1370
1070866 1370
1070868 1371
1070869 1372
1070870 1372
1070872 1371
1070873 1372
1070874 1372
1070877 1373
1070878 1373
1070880 1374
1070881 1375
1070882 1375
1070976 1376
1070978 1376
1070979 1376
1070982 1377
1070983 1377
1070984 1378
1070986 1378
1070987 1378
1070988 1378
1070990 1378
1070991 1378
1070992 1378
1070994 1378
1070995 1378
1070996 1379
1070998 1379
1070999 1379
1071000 1379
1071002 1379
1071003 1379
1071004 1380
1071007 1380
1071008 1381
1071010 1381
1071011 1381
1071104 1382
1071105 1383
1071106 1383
1071110 1384
1071112 1385
1071113 1386
1071114 1386
1071116 1385
1071117 1386
1071118 1386
1071120 1387
1071121 1388
1071122 1388
1071124 1389
1071125 1390
1071126 1390
1071128 1389
1071129 1390
1071130 1390
1071132 1389
1071133 1390
1071134 1390
1071137 1391
1071138 1391
1071232 1392
1071234 1392
1071235 1392
1071238 1393
1071239 1393
1071240 1394
1071242 1394
1071243 1394
1071244 1394
1071246 1394
1071247 1394
1071248 1395
1071250 1395
1071251 1395
1071252 1396
1071254 1396
1071255 1396
1071256 1396
1071258 1396
1071259 1396
1071260 1396
1071262 1396
1071263 1396
1071264 1397
1071267 1397
1081920 1398
1081921 1399
1081922 1399
1081925 1400
1081926 1400
1081930 1401
1081932 1402
1081933 1403
1081934 1403
1081936 1404
1081937 1405
1081938 1405
1081940 1406
1081941 1407
1081942 1407
1081944 1408
1081945 1409
1081946 1409
1081948 1408
1081949 1409
1081950 1409
1081952 1410
1081953 1411
1081954 1411
1082112 1412
1082113 1413
1082117 1414
1082121 1415
1082125 1416
1082128 1417
1082129 1418
1082132 1419
1082133 1420
1082136 1421
1082137 1422
1082140 1423
1082141 1424
1082144 1425
1082145 1426
1082176 1427
1082177 1428
1082178 1428
1082181 1429
1082182 1429
1082185 1430
1082186 1430
1082188 1431
1082190 1432
1082192 1433
1082193 1434
1082194 1434
1082196 1435
1082197 1436
1082198 1436
1082200 1437
1082201 1438
1082202 1438
1082204 1439
1082205 1440
1082206 1440
1082208 1441
1082209 1442
1082210 1442
1082368 1443
1082369 1444
1082373 1445
1082377 1446
1082380 1447
1082381 1448
1082385 1449
1082388 1450
1082389 1451
1082392 1452
1082393 1453
1082396 1454
1082397 1455
1082400 1456
1082401 1457
1082432 1458
1082433 1459
1082434 1459
1082437 1460
1082438 1460
1082441 1461
1082442 1461
1082444 1462
1082445 1463
1082446 1463
1082448 1464
1082450 1465
1082452 1466
1082453 1467
1082454 1467
1082456 1468
1082457 1469
1082458 1469
1082460 1470
1082461 1471
1082462 1471
1082464 1472
1082465 1473
1082466 1473
1082624 1474
1082625 1475
1082629 1476
1082633 1477
1082636 1478
1082637 1479
1082640 1480
1082641 1481
1082645 1482
1082648 1483
1082649 1484
1082652 1485
1082653 1486
1082656 1487
1082657 1488
1082688 1489
1082689 1490
1082690 1490
1082693 1491
1082694 1491
1082697 1492
1082698 1492
1082700 1493
1082701 1494
1082702 1494
1082704 1495
1082705 1496
1082706 1496
1082708 1497
1082710 1498
1082712 1499
1082713 1500
1082714 1500
1082716 1501
1082717 1502
1082718 1502
1082720 1503
1082721 1504
1082722 1504
1082880 1505
1082881 1506
1082885 1507
1082889 1508
1082892 1509
1082893 1510
1082896 1511
1082897 1512
1082900 1513
1082901 1514
1082905 1515
1082908 1516
1082909 1517
1082912 1518
1082913 1519
1082944 1520
1082945 1521
1082946 1521
1082949 1522
1082950 1522
1082953 1523
1082954 1523
1082956 1524
1082957 1525
1082958 1525
1082960 1526
1082961 1527
1082962 1527
1082964 1528
1082965 1529
1082966 1529
1082968 1530
1082970 1531
1082972 1532
1082973 1533
1082974 1533
1082976 1534
1082977 1535
1082978 1535
1083136 1536
1083137 1537
1083141 1538
1083145 1539
1083148 1540
1083149 1541
1083152 1542
1083153 1543
1083156 1544
1083157 1545
1083160 1546
1083161 1547
1083165 1548
1083168 1549
1083169 1550
1083200 1551
1083201 1552
1083202 1552
1083205 1553
1083206 1553
1083209 1554
1083210 1554
1083212 1555
1083213 1556
1083214 1556
1083216 1557
1083217 1558
1083218 1558
1083220 1559
1083221 1560
1083222 1560
1083224 1561
1083225 1562
1083226 1562
1083228 1563
1083230 1564
1083232 1565
1083233 1566
1083234 1566
1083392 1567
1083393 1568
1083397 1569
1083401 1570
1083404 1571
1083405 1572
1083408 1573
1083409 1574
1083412 1575
1083413 1576
1083416 1577
1083417 1578
1083420 1577
1083421 1578
1083425 1579
1083456 1580
1083457 1581
1083458 1581
1083461 1582
1083462 1582
1083465 1583
1083466 1583
1083468 1584
1083469 1585
1083470 1585
1083472 1586
1083473 1587
1083474 1587
1083476 1588
1083477 1589
1083478 1589
1083480 1590
1083481 1591
1083482 1591
1083484 1590
1083485 1591
1083486 1591
1083488 1592
1083490 1593
1086080 1594
1086081 1594
1086083 1594
1086085 1595
1086087 1595
1086088 1596
1086091 1596
1086092 1597
1086093 1597
1086095 1597
1086096 1598
1086097 1598
1086099 1598
1086100 1599
1086101 1599
1086103 1599
1086104 1600
1086105 1600
1086107 1600
1086108 1600
1086109 1600
1086111 1600
1086112 1601
1086113 1601
1086115 1601
1086208 1427
1086209 1428
1086210 1428
1086213 1429
1086214 1429
1086216 1602
1086218 1430
1086221 1432
1086222 1432
1086224 1433
1086225 1434
1086226 1434
1086228 1435
1086229 1436
1086230 1436
1086232 1437
1086233 1438
1086234 1438
1086236 1439
1086237 1440
1086238 1440
1086240 1441
1086241 1442
1086242 1442
1086272 1428
1086273 1427
1086274 1428
1086277 1603
1086278 1429
1086280 1430
1086282 1430
1086284 1432
1086286 1432
1086288 1434
1086289 1433
1086290 1434
1086292 1436
1086293 1435
1086294 1436
1086296 1438
1086297 1437
1086298 1438
1086300 1440
1086301 1439
1086302 1440
1086304 1442
1086305 1441
1086306 1442
1086336 1604
1086337 1604
1086338 1604
1086339 1604
1086341 1605
1086342 1605
1086343 1605
1086344 1606
1086346 1606
1086347 1606
1086348 1607
1086349 1607
1086351 1607
1086352 1608
1086353 1608
1086354 1608
1086355 1608
1086356 1609
1086357 1609
1086358 1609
1086359 1609
1086360 1610
1086361 1610
1086362 1610
1086363 1610
1086364 1611
1086365 1611
1086366 1611
1086367 1611
1086368 1612
1086369 1612
1086370 1612
1086371 1612
1086464 1458
1086465 1459
1086466 1459
1086469 1460
1086470 1460
1086472 1613
1086474 1461
1086476 1462
1086477 1463
1086478 1463
1086481 1465
1086482 1465
1086484 1466
1086485 1467
1086486 1467
1086488 1468
1086489 1469
1086490 1469
1086492 1470
1086493 1471
1086494 1471
1086496 1472
1086497 1473
1086498 1473
1086528 1459
1086529 1458
1086530 1459
1086533 1614
1086534 1460
1086536 1461
1086538 1461
1086540 1463
1086541 1462
1086542 1463
1086544 1465
1086546 1465
1086548 1467
1086549 1466
1086550 1467
1086552 1469
1086553 1468
1086554 1469
1086556 1471
1086557 1470
1086558 1471
1086560 1473
1086561 1472
1086562 1473
1086592 1615
1086593 1615
1086594 1615
1086595 1615
1086597 1616
1086598 1616
1086599 1616
1086600 1617
1086602 1617
1086603 1617
1086604 1618
1086605 1618
1086606 1618
1086607 1618
1086608 1619
1086609 1619
1086611 1619
1086612 1620
1086613 1620
1086614 1620
1086615 1620
1086616 1621
1086617 1621
1086618 1621
1086619 1621
1086620 1622
1086621 1622
1086622 1622
1086623 1622
1086624 1623
1086625 1623
1086626 1623
1086627 1623
1086720 1489
1086721 1490
1086722 1490
1086725 1491
1086726 1491
1086728 1624
1086730 1492
1086732 1493
1086733 1494
1086734 1494
1086736 1495
1086737 1496
1086738 1496
1086741 1498
1086742 1498
1086744 1499
1086745 1500
1086746 1500
1086748 1501
1086749 1502
1086750 1502
1086752 1503
1086753 1504
1086754 1504
1086784 1490
1086785 1489
1086786 1490
1086789 1625
1086790 1491
1086792 1492
1086794 1492
1086796 1494
1086797 1493
1086798 1494
1086800 1496
1086801 1495
1086802 1496
1086804 1498
1086806 1498
1086808 1500
1086809 1499
1086810 1500
1086812 1502
1086813 1501
1086814 1502
1086816 1504
1086817 1503
1086818 1504
1086848 1626
1086849 1626
1086850 1626
1086851 1626
1086853 1627
1086854 1627
1086855 1627
1086856 1628
1086858 1628
1086859 1628
1086860 1629
1086861 1629
1086862 1629
1086863 1629
1086864 1630
1086865 1630
1086866 1630
1086867 1630
1086868 1631
1086869 1631
1086871 1631
1086872 1632
1086873 1632
1086874 1632
1086875 1632
1086876 1633
1086877 1633
1086878 1633
1086879 1633
1086880 1634
1086881 1634
1086882 1634
1086883 1634
1086976 1520
1086977 1521
1086978 1521
1086981 1522
1086982 1522
1086984 1635
1086986 1523
1086988 1524
1086989 1525
1086990 1525
1086992 1526
1086993 1527
1086994 1527
1086996 1528
1086997 1529
1086998 1529
1087001 1531
1087002 1531
1087004 1532
1087005 1533
1087006 1533
1087008 1534
1087009 1535
1087010 1535
1087040 1521
1087041 1520
1087042 1521
1087045 1636
1087046 1522
1087048 1523
1087050 1523
1087052 1525
1087053 1524
1087054 1525
1087056 1527
1087057 1526
1087058 1527
1087060 1529
1087061 1528
1087062 1529
1087064 1531
1087066 1531
1087068 1533
1087069 1532
1087070 1533
1087072 1535
1087073 1534
1087074 1535
1087104 1637
1087105 1637
1087106 1637
1087107 1637
1087109 1638
1087110 1638
1087111 1638
1087112 1639
1087114 1639
1087115 1639
1087116 1640
1087117 1640
1087118 1640
1087119 1640
1087120 1641
1087121 1641
1087122 1641
1087123 1641
1087124 1642
1087125 1642
1087126 1642
1087127 1642
1087128 1643
1087129 1643
1087131 1643
1087132 1644
1087133 1644
1087134 1644
1087135 1644
1087136 1645
1087137 1645
1087138 1645
1087139 1645
1087232 1551
1087233 1552
1087234 1552
1087237 1553
1087238 1553
1087240 1646
1087242 1554
1087244 1555
1087245 1556
1087246 1556
1087248 1557
1087249 1558
1087250 1558
1087252 1559
1087253 1560
1087254 1560
1087256 1561
1087257 1562
1087258 1562
1087261 1564
1087262 1564
1087264 1565
1087265 1566
1087266 1566
1087296 1552
1087297 1551
1087298 1552
1087301 1647
1087302 1553
1087304 1554
1087306 1554
1087308 1556
1087309 1555
1087310 1556
1087312 1558
1087313 1557
1087314 1558
1087316 1560
1087317 1559
1087318 1560
1087320 1562
1087321 1561
1087322 1562
1087324 1564
1087326 1564
1087328 1566
1087329 1565
1087330 1566
1087360 1648
1087361 1648
1087362 1648
1087363 1648
1087365 1649
1087366 1649
1087367 1649
1087368 1650
1087370 1650
1087371 1650
1087372 1651
1087373 1651
1087374 1651
1087375 1651
1087376 1652
1087377 1652
1087378 1652
1087379 1652
1087380 1653
1087381 1653
1087382 1653
1087383 1653
1087384 1654
1087385 1654
1087386 1654
1087387 1654
1087388 1655
1087389 1655
1087391 1655
1087392 1656
1087393 1656
1087394 1656
1087395 1656
1087488 1580
1087489 1581
1087490 1581
1087493 1582
1087494 1582
1087496 1657
1087498 1583
1087500 1584
1087501 1585
1087502 1585
1087504 1586
1087505 1587
1087506 1587
1087508 1588
1087509 1589
1087510 1589
1087512 1590
1087513 1591
1087514 1591
1087516 1590
1087517 1591
1087518 1591
1087521 1593
1087522 1593
1087552 1581
1087553 1580
1087554 1581
1087557 1658
1087558 1582
1087560 1583
1087562 1583
1087564 1585
1087565 1584
1087566 1585
1087568 1587
1087569 1586
1087570 1587
1087572 1589
1087573 1588
1087574 1589
1087576 1591
1087577 1590
1087578 1591
1087580 1591
1087581 1590
1087582 1591
1087584 1593
1087586 1593
1087616 1659
1087617 1659
1087618 1659
1087619 1659
1087621 1660
1087622 1660
1087623 1660
1087624 1661
1087626 1661
1087627 1661
1087628 1662
1087629 1662
1087630 1662
1087631 1662
1087632 1663
1087633 1663
1087634 1663
1087635 1663
1087636 1664
1087637 1664
1087638 1664
1087639 1664
1087640 1665
1087641 1665
1087642 1665
1087643 1665
1087644 1665
1087645 1665
1087646 1665
1087647 1665
1087648 1666
1087649 1666
1087651 1666
1098560 1667
1098561 1668
1098562 1668
1098565 1669
1098566 1669
1098568 1670
1098569 1671
1098570 1671
1098574 1672
1098576 1673
1098577 1674
1098578 1674
1098580 1675
1098581 1676
1098582 1676
1098584 1677
1098585 1678
1098586 1678
1098588 1679
1098589 1680
1098590 1680
1098592 1681
1098593 1682
1098594 1682
1098752 1683
1098753 1684
1098757 1685
1098760 1686
1098761 1687
1098765 1688
1098769 1689
1098772 1690
1098773 1691
1098776 1692
1098777 1693
1098780 1694
1098781 1695
1098784 1696
1098785 1697
1098816 1698
1098817 1699
1098818 1699
1098821 1700
1098822 1700
1098824 1701
1098825 1702
1098826 1702
1098829 1703
1098830 1703
1098832 1704
1098834 1705
1098836 1706
1098837 1707
1098838 1707
1098840 1708
1098841 1709
1098842 1709
1098844 1710
1098845 1711
1098846 1711
1098848 1712
1098849 1713
1098850 1713
1099008 1714
1099009 1715
1099013 1716
1099016 1717
1099017 1718
1099021 1719
1099024 1720
1099025 1721
1099029 1722
1099032 1723
1099033 1724
1099036 1725
1099037 1726
1099040 1727
1099041 1728
1099072 1729
1099073 1730
1099074 1730
1099077 1731
1099078 1731
1099080 1732
1099081 1733
1099082 1733
1099085 1734
1099086 1734
1099088 1735
1099089 1736
1099090 1736
1099092 1737
1099094 1738
1099096 1739
1099097 1740
1099098 1740
1099100 1741
1099101 1742
1099102 1742
1099104 1743
1099105 1744
1099106 1744
1099264 1745
1099265 1746
1099269 1747
1099272 1748
1099273 1749
1099277 1750
1099280 1751
1099281 1752
1099284 1753
1099285 1754
1099289 1755
1099292 1756
1099293 1757
1099296 1756
1099297 1757
1099328 1758
1099329 1759
1099330 1759
1099333 1760
1099334 1760
1099336 1761
1099337 1762
1099338 1762
1099341 1763
1099342 1763
1099344 1764
1099345 1765
1099346 1765
1099348 1766
1099349 1767
1099350 1767
1099352 1768
1099354 1769
1099356 1770
1099357 1771
1099358 1771
1099360 1770
1099361 1771
1099362 1771
1099520 1772
1099521 1773
1099525 1774
1099528 1775
1099529 1776
1099533 1777
1099536 1778
1099537 1779
1099540 1780
1099541 1781
1099544 1782
1099545 1783
1099549 1784
1099552 1785
1099553 1786
1099584 1787
1099585 1788
1099586 1788
1099589 1789
1099590 1789
1099592 1790
1099593 1791
1099594 1791
1099597 1792
1099598 1792
1099600 1793
1099601 1794
1099602 1794
1099604 1795
1099605 1796
1099606 1796
1099608 1797
1099609 1798
1099610 1798
1099612 1799
1099614 1800
1099616 1801
1099617 1802
1099618 1802
1099776 1803
1099777 1804
1099781 1805
1099784 1806
1099785 1807
1099789 1808
1099792 1809
1099793 1810
1099796 1811
1099797 1812
1099800 1813
1099801 1814
1099804 1813
1099805 1814
1099809 1815
1099840 1816
1099841 1817
1099842 1817
1099845 1818
1099846 1818
1099848 1819
1099849 1820
1099850 1820
1099853 1821
1099854 1821
1099856 1822
1099857 1823
1099858 1823
1099860 1824
1099861 1825
1099862 1825
1099864 1826
1099865 1827
1099866 1827
1099868 1826
1099869 1827
1099870 1827
1099872 1828
1099874 1829
1102720 1830
1102721 1830
1102723 1830
1102725 1831
1102727 1831
1102728 1832
1102729 1832
1102731 1832
1102732 1833
1102735 1833
1102736 1834
1102737 1834
1102739 1834
1102740 1835
1102741 1835
1102743 1835
1102744 1836
1102745 1836
1102747 1836
1102748 1837
1102749 1837
1102751 1837
1102752 1838
1102753 1838
1102755 1838
1102848 1698
1102849 1699
1102850 1699
1102853 1700
1102854 1700
1102856 1701
1102857 1702
1102858 1702
1102860 1839
1102862 1703
1102865 1705
1102866 1705
1102868 1706
1102869 1707
1102870 1707
1102872 1708
1102873 1709
1102874 1709
1102876 1710
1102877 1711
1102878 1711
1102880 1712
1102881 1713
1102882 1713
1102912 1699
1102913 1698
1102914 1699
1102917 1840
1102918 1700
1102920 1702
1102921 1701
1102922 1702
1102924 1703
1102926 1703
1102928 1705
1102930 1705
1102932 1707
1102933 1706
1102934 1707
1102936 1709
1102937 1708
1102938 1709
1102940 1711
1102941 1710
1102942 1711
1102944 1713
1102945 1712
1102946 1713
1102976 1841
1102977 1841
1102978 1841
1102979 1841
1102981 1842
1102982 1842
1102983 1842
1102984 1843
1102985 1843
1102986 1843
1102987 1843
1102988 1844
1102990 1844
1102991 1844
1102992 1845
1102993 1845
1102995 1845
1102996 1846
1102997 1846
1102998 1846
1102999 1846
1103000 1847
1103001 1847
1103002 1847
1103003 1847
1103004 1848
1103005 1848
1103006 1848
1103007 1848
1103008 1849
1103009 1849
1103010 1849
1103011 1849
1103104 1729
1103105 1730
1103106 1730
1103109 1731
1103110 1731
1103112 1732
1103113 1733
1103114 1733
1103116 1850
1103118 1734
1103120 1735
1103121 1736
1103122 1736
1103125 1738
1103126 1738
1103128 1739
1103129 1740
1103130 1740
1103132 1741
1103133 1742
1103134 1742
1103136 1743
1103137 1744
1103138 1744
1103168 1730
1103169 1729
1103170 1730
1103173 1851
1103174 1731
1103176 1733
1103177 1732
1103178 1733
1103180 1734
1103182 1734
1103184 1736
1103185 1735
1103186 1736
1103188 1738
1103190 1738
1103192 1740
1103193 1739
1103194 1740
1103196 1742
1103197 1741
1103198 1742
1103200 1744
1103201 1743
1103202 1744
1103232 1852
1103233 1852
1103234 1852
1103235 1852
1103237 1853
1103238 1853
1103239 1853
1103240 1854
1103241 1854
1103242 1854
1103243 1854
1103244 1855
1103246 1855
1103247 1855
1103248 1856
1103249 1856
1103250 1856
1103251 1856
1103252 1857
1103253 1857
1103255 1857
1103256 1858
1103257 1858
1103258 1858
1103259 1858
1103260 1859
1103261 1859
1103262 1859
1103263 1859
1103264 1860
1103265 1860
1103266 1860
1103267 1860
1103360 1758
1103361 1759
1103362 1759
1103365 1760
1103366 1760
1103368 1761
1103369 1762
1103370 1762
1103372 1861
1103374 1763
1103376 1764
1103377 1765
1103378 1765
1103380 1766
1103381 1767
1103382 1767
1103385 1769
1103386 1769
1103388 1770
1103389 1771
1103390 1771
1103392 1770
1103393 1771
1103394 1771
1103424 1759
1103425 1758
1103426 1759
1103429 1862
1103430 1760
1103432 1762
1103433 1761
1103434 1762
1103436 1763
1103438 1763
1103440 1765
1103441 1764
1103442 1765
1103444 1767
1103445 1766
1103446 1767
1103448 1769
1103450 1769
1103452 1771
1103453 1770
1103454 1771
1103456 1771
1103457 1770
1103458 1771
1103488 1863
1103489 1863
1103490 1863
1103491 1863
1103493 1864
1103494 1864
1103495 1864
1103496 1865
1103497 1865
1103498 1865
1103499 1865
1103500 1866
1103502 1866
1103503 1866
1103504 1867
1103505 1867
1103506 1867
1103507 1867
1103508 1868
1103509 1868
1103510 1868
1103511 1868
1103512 1869
1103513 1869
1103515 1869
1103516 1870
1103517 1870
1103518 1870
1103519 1870
1103520 1870
1103521 1870
1103522 1870
1103523 1870
1103616 1787
1103617 1788
1103618 1788
1103621 1789
1103622 1789
1103624 1790
1103625 1791
1103626 1791
1103628 1871
1103630 1792
1103632 1793
1103633 1794
1103634 1794
1103636 1795
1103637 1796
1103638 1796
1103640 1797
1103641 1798
1103642 1798
1103645 1800
1103646 1800
1103648 1801
1103649 1802
1103650 1802
1103680 1788
1103681 1787
1103682 1788
1103685 1872
1103686 1789
1103688 1791
1103689 1790
1103690 1791
1103692 1792
1103694 1792
1103696 1794
1103697 1793
1103698 1794
1103700 1796
1103701 1795
1103702 1796
1103704 1798
1103705 1797
1103706 1798
1103708 1800
1103710 1800
1103712 1802
1103713 1801
1103714 1802
1103744 1873
1103745 1873
1103746 1873
1103747 1873
1103749 1874
1103750 1874
1103751 1874
1103752 1875
1103753 1875
1103754 1875
1103755 1875
1103756 1876
1103758 1876
1103759 1876
1103760 1877
1103761 1877
1103762 1877
1103763 1877
1103764 1878
1103765 1878
1103766 1878
1103767 1878
1103768 1879
1103769 1879
1103770 1879
1103771 1879
1103772 1880
1103773 1880
1103775 1880
1103776 1881
1103777 1881
1103778 1881
1103779 1881
1103872 1816
1103873 1817
1103874 1817
1103877 1818
1103878 1818
1103880 1819
1103881 1820
1103882 1820
1103884 1882
1103886 1821
1103888 1822
1103889 1823
1103890 1823
1103892 1824
1103893 1825
1103894 1825
1103896 1826
1103897 1827
1103898 1827
1103900 1826
1103901 1827
1103902 1827
1103905 1829
1103906 1829
1103936 1817
1103937 1816
1103938 1817
1103941 1883
1103942 1818
1103944 1820
1103945 1819
1103946 1820
1103948 1821
1103950 1821
1103952 1823
1103953 1822
1103954 1823
1103956 1825
1103957 1824
1103958 1825
1103960 1827
1103961 1826
1103962 1827
1103964 1827
1103965 1826
1103966 1827
1103968 1829
1103970 1829
1104000 1884
1104001 1884
1104002 1884
1104003 1884
1104005 1885
1104006 1885
1104007 1885
1104008 1886
1104009 1886
1104010 1886
1104011 1886
1104012 1887
1104014 1887
1104015 1887
1104016 1888
1104017 1888
1104018 1888
1104019 1888
1104020 1889
1104021 1889
1104022 1889
1104023 1889
1104024 1890
1104025 1890
1104026 1890
1104027 1890
1104028 1890
1104029 1890
1104030 1890
1104031 1890
1104032 1891
1104033 1891
1104035 1891
1115200 1892
1115201 1893
1115202 1893
1115205 1894
1115206 1894
1115208 1895
1115209 1896
1115210 1896
1115212 1895
1115213 1896
1115214 1896
1115218 1897
1115220 1898
1115221 1899
1115222 1899
1115224 1900
1115225 1901
1115226 1901
1115228 1902
1115229 1903
1115230 1903
1115232 1902
1115233 1903
1115234 1903
1115392 1904
1115393 1905
1115397 1906
1115400 1907
1115401 1908
1115404 1909
1115405 1910
1115409 1911
1115413 1912
1115416 1913
1115417 1914
1115420 1913
1115421 1914
1115424 1915
1115425 1916
1115456 1917
1115457 1918
1115458 1918
1115461 1919
1115462 1919
1115464 1920
1115465 1921
1115466 1921
1115468 1922
1115469 1923
1115470 1923
1115473 1924
1115474 1924
1115476 1925
1115478 1926
1115480 1927
1115481 1928
1115482 1928
1115484 1927
1115485 1928
1115486 1928
1115488 1929
1115489 1930
1115490 1930
1115648 1931
1115649 1932
1115653 1933
1115656 1934
1115657 1935
1115660 1936
1115661 1937
1115665 1938
1115668 1939
1115669 1940
1115673 1941
1115676 1942
1115677 1943
1115680 1944
1115681 1945
1115712 1946
1115713 1947
1115714 1947
1115717 1948
1115718 1948
1115720 1949
1115721 1950
1115722 1950
1115724 1951
1115725 1952
1115726 1952
1115729 1953
1115730 1953
1115732 1954
1115733 1955
1115734 1955
1115736 1956
1115738 1957
1115740 1958
1115741 1959
1115742 1959
1115744 1960
1115745 1961
1115746 1961
1115904 1962
1115905 1963
1115909 1964
1115912 1965
1115913 1966
1115916 1967
1115917 1968
1115921 1969
1115924 1970
1115925 1971
1115928 1972
1115929 1973
1115933 1974
1115936 1975
1115937 1976
1115968 1977
1115969 1978
1115970 1978
1115973 1979
1115974 1979
1115976 1980
1115977 1981
1115978 1981
1115980 1982
1115981 1983
1115982 1983
1115985 1984
1115986 1984
1115988 1985
1115989 1986
1115990 1986
1115992 1987
1115993 1988
1115994 1988
1115996 1989
1115998 1990
1116000 1991
1116001 1992
1116002 1992
1116160 1993
1116161 1994
1116165 1995
1116168 1996
1116169 1997
1116172 1996
1116173 1997
1116177 1998
1116180 1999
1116181 2000
1116184 2001
1116185 2002
1116188 2003
1116189 2004
1116193 2005
1116224 2006
1116225 2007
1116226 2007
1116229 2008
1116230 2008
1116232 2009
1116233 2010
1116234 2010
1116236 2009
1116237 2010
1116238 2010
1116241 2011
1116242 2011
1116244 2012
1116245 2013
1116246 2013
1116248 2014
1116249 2015
1116250 2015
1116252 2016
1116253 2017
1116254 2017
1116256 2018
1116258 2019
1119360 2020
1119361 2020
1119363 2020
1119365 2021
1119367 2021
1119368 2022
1119369 2022
1119371 2022
1119372 2022
1119373 2022
1119375 2022
1119376 2023
1119379 2023
1119380 2024
1119381 2024
1119383 2024
1119384 2025
1119385 2025
1119387 2025
1119388 2026
1119389 2026
1119391 2026
1119392 2026
1119393 2026
1119395 2026
1119488 1917
1119489 1918
1119490 1918
1119493 1919
1119494 1919
1119496 1920
1119497 1921
1119498 1921
1119500 1922
1119501 1923
1119502 1923
1119504 2027
1119506 1924
1119509 1926
1119510 1926
1119512 1927
1119513 1928
1119514 1928
1119516 1927
1119517 1928
1119518 1928
1119520 1929
1119521 1930
1119522 1930
1119552 1918
1119553 1917
1119554 1918
1119557 2028
1119558 1919
1119560 1921
1119561 1920
1119562 1921
1119564 1923
1119565 1922
1119566 1923
1119568 1924
1119570 1924
1119572 1926
1119574 1926
1119576 1928
1119577 1927
1119578 1928
1119580 1928
1119581 1927
1119582 1928
1119584 1930
1119585 1929
1119586 1930
1119616 2029
1119617 2029
1119618 2029
1119619 2029
1119621 2030
1119622 2030
1119623 2030
1119624 2031
1119625 2031
1119626 2031
1119627 2031
1119628 2032
1119629 2032
1119630 2032
1119631 2032
1119632 2033
1119634 2033
1119635 2033
1119636 2034
1119637 2034
1119639 2034
1119640 2035
1119641 2035
1119642 2035
1119643 2035
1119644 2035
1119645 2035
1119646 2035
1119647 2035
1119648 2036
1119649 2036
1119650 2036
1119651 2036
1119744 1946
1119745 1947
1119746 1947
1119749 1948
1119750 1948
1119752 1949
1119753 1950
1119754 1950
1119756 1951
1119757 1952
1119758 1952
1119760 2037
1119762 1953
1119764 1954
1119765 1955
1119766 1955
1119769 1957
1119770 1957
1119772 1958
1119773 1959
1119774 1959
1119776 1960
1119777 1961
1119778 1961
1119808 1947
1119809 1946
1119810 1947
1119813 2038
1119814 1948
1119816 1950
1119817 1949
1119818 1950
1119820 1952
1119821 1951
1119822 1952
1119824 1953
1119826 1953
1119828 1955
1119829 1954
1119830 1955
1119832 1957
1119834 1957
1119836 1959
1119837 1958
1119838 1959
1119840 1961
1119841 1960
1119842 1961
1119872 2039
1119873 2039
1119874 2039
1119875 2039
1119877 2040
1119878 2040
1119879 2040
1119880 2041
1119881 2041
1119882 2041
1119883 2041
1119884 2042
1119885 2042
1119886 2042
1119887 2042
1119888 2043
1119890 2043
1119891 2043
1119892 2044
1119893 2044
1119894 2044
1119895 2044
1119896 2045
1119897 2045
1119899 2045
1119900 2046
1119901 2046
1119902 2046
1119903 2046
1119904 2047
1119905 2047
1119906 2047
1119907 2047
1120000 1977
1120001 1978
1120002 1978
1120005 1979
1120006 1979
1120008 1980
1120009 1981
1120010 1981
1120012 1982
1120013 1983
1120014 1983
1120016 2048
1120018 1984
1120020 1985
1120021 1986
1120022 1986
1120024 1987
1120025 1988
1120026 1988
1120029 1990
1120030 1990
1120032 1991
1120033 1992
1120034 1992
1120064 1978
1120065 1977
1120066 1978
1120069 2049
1120070 1979
1120072 1981
1120073 1980
1120074 1981
1120076 1983
1120077 1982
1120078 1983
1120080 1984
1120082 1984
1120084 1986
1120085 1985
1120086 1986
1120088 1988
1120089 1987
1120090 1988
1120092 1990
1120094 1990
1120096 1992
1120097 1991
1120098 1992
1120128 2050
1120129 2050
1120130 2050
1120131 2050
1120133 2051
1120134 2051
1120135 2051
1120136 2052
1120137 2052
1120138 2052
1120139 2052
1120140 2053
1120141 2053
1120142 2053
1120143 2053
1120144 2054
1120146 2054
1120147 2054
1120148 2055
1120149 2055
1120150 2055
1120151 2055
1120152 2056
1120153 2056
1120154 2056
1120155 2056
1120156 2057
1120157 2057
1120159 2057
1120160 2058
1120161 2058
1120162 2058
1120163 2058
1120256 2006
1120257 2007
1120258 2007
1120261 2008
1120262 2008
1120264 2009
1120265 2010
1120266 2010
1120268 2009
1120269 2010
1120270 2010
1120272 2059
1120274 2011
1120276 2012
1120277 2013
1120278 2013
1120280 2014
1120281 2015
1120282 2015
1120284 2016
1120285 2017
1120286 2017
1120289 2019
1120290 2019
1120320 2007
1120321 2006
1120322 2007
1120325 2060
1120326 2008
1120328 2010
1120329 2009
1120330 2010
1120332 2010
1120333 2009
1120334 2010
1120336 2011
1120338 2011
1120340 2013
1120341 2012
1120342 2013
1120344 2015
1120345 2014
1120346 2015
1120348 2017
1120349 2016
1120350 2017
1120352 2019
1120354 2019
1120384 2061
1120385 2061
1120386 2061
1120387 2061
1120389 2062
1120390 2062
1120391 2062
1120392 2063
1120393 2063
1120394 2063
1120395 2063
1120396 2063
1120397 2063
1120398 2063
1120399 2063
1120400 2064
1120402 2064
1120403 2064
1120404 2065
1120405 2065
1120406 2065
1120407 2065
1120408 2066
1120409 2066
1120410 2066
1120411 2066
1120412 2067
1120413 2067
1120414 2067
1120415 2067
1120416 2068
1120417 2068
1120419 2068
1131840 2069
1131841 2070
1131842 2070
1131845 2071
1131846 2071
1131848 2072
1131849 2073
1131850 2073
1131852 2072
1131853 2073
1131854 2073
1131856 2074
1131857 2075
1131858 2075
1131862 2076
1131864 2077
1131865 2078
1131866 2078
1131868 2077
1131869 2078
1131870 2078
1131872 2079
1131873 2080
1131874 2080
1132032 2081
1132033 2082
1132037 2083
1132040 2084
1132041 2085
1132044 2084
1132045 2085
1132048 2086
1132049 2087
1132053 2088
1132057 2089
1132060 2090
1132061 2091
1132064 2092
1132065 2093
1132096 2094
1132097 2095
1132098 2095
1132101 2096
1132102 2096
1132104 2097
1132105 2098
1132106 2098
1132108 2097
1132109 2098
1132110 2098
1132112 2099
1132113 2100
1132114 2100
1132117 2101
1132118 2101
1132120 2102
1132122 2103
1132124 2104
1132125 2105
1132126 2105
1132128 2106
1132129 2107
1132130 2107
1132288 2108
1132289 2109
1132293 2110
1132296 2111
1132297 2112
1132300 2113
1132301 2114
1132304 2115
1132305 2116
1132309 2117
1132312 2118
1132313 2119
1132317 2120
1132320 2121
1132321 2122
1132352 2123
1132353 2124
1132354 2124
1132357 2125
1132358 2125
1132360 2126
1132361 2127
1132362 2127
1132364 2128
1132365 2129
1132366 2129
1132368 2130
1132369 2131
1132370 2131
1132373 2132
1132374 2132
1132376 2133
1132377 2134
1132378 2134
1132380 2135
1132382 2136
1132384 2137
1132385 2138
1132386 2138
1132544 2139
1132545 2140
1132549 2141
1132552 2142
1132553 2143
1132556 2142
1132557 2143
1132560 2144
1132561 2145
1132565 2146
1132568 2147
1132569 2148
1132572 2147
1132573 2148
1132577 2149
1132608 2150
1132609 2151
1132610 2151
1132613 2152
1132614 2152
1132616 2153
1132617 2154
1132618 2154
1132620 2153
1132621 2154
1132622 2154
1132624 2155
1132625 2156
1132626 2156
1132629 2157
1132630 2157
1132632 2158
1132633 2159
1132634 2159
1132636 2158
1132637 2159
1132638 2159
1132640 2160
1132642 2161
1136000 2162
1136001 2162
1136003 2162
1136005 2163
1136007 2163
1136008 2164
1136009 2164
1136011 2164
1136012 2164
1136013 2164
1136015 2164
1136016 2165
1136017 2165
1136019 2165
1136020 2166
1136023 2166
1136024 2167
1136025 2167
1136027 2167
1136028 2167
1136029 2167
1136031 2167
1136032 2168
1136033 2168
1136035 2168
1136128 2094
1136129 2095
1136130 2095
1136133 2096
1136134 2096
1136136 2097
1136137 2098
1136138 2098
1136140 2097
1136141 2098
1136142 2098
1136144 2099
1136145 2100
1136146 2100
1136148 2169
1136150 2101
1136153 2103
1136154 2103
1136156 2104
1136157 2105
1136158 2105
1136160 2106
1136161 2107
1136162 2107
1136192 2095
1136193 2094
1136194 2095
1136197 2170
1136198 2096
1136200 2098
1136201 2097
1136202 2098
1136204 2098
1136205 2097
1136206 2098
1136208 2100
1136209 2099
1136210 2100
1136212 2101
1136214 2101
1136216 2103
1136218 2103
1136220 2105
1136221 2104
1136222 2105
1136224 2107
1136225 2106
1136226 2107
1136256 2171
1136257 2171
1136258 2171
1136259 2171
1136261 2172
1136262 2172
1136263 2172
1136264 2173
1136265 2173
1136266 2173
1136267 2173
1136268 2173
1136269 2173
1136270 2173
1136271 2173
1136272 2174
1136273 2174
1136274 2174
1136275 2174
1136276 2175
1136278 2175
1136279 2175
1136280 2176
1136281 2176
1136283 2176
1136284 2177
1136285 2177
1136286 2177
1136287 2177
1136288 2178
1136289 2178
1136290 2178
1136291 2178
1136384 2123
1136385 2124
1136386 2124
1136389 2125
1136390 2125
1136392 2126
1136393 2127
1136394 2127
1136396 2128
1136397 2129
1136398 2129
1136400 2130
1136401 2131
1136402 2131
1136404 2179
1136406 2132
1136408 2133
1136409 2134
1136410 2134
1136413 2136
1136414 2136
1136416 2137
1136417 2138
1136418 2138
1136448 2124
1136449 2123
1136450 2124
1136453 2180
1136454 2125
1136456 2127
1136457 2126
1136458 2127
1136460 2129
1136461 2128
1136462 2129
1136464 2131
1136465 2130
1136466 2131
1136468 2132
1136470 2132
1136472 2134
1136473 2133
1136474 2134
1136476 2136
1136478 2136
1136480 2138
1136481 2137
1136482 2138
1136512 2181
1136513 2181
1136514 2181
1136515 2181
1136517 2182
1136518 2182
1136519 2182
1136520 2183
1136521 2183
1136522 2183
1136523 2183
1136524 2184
1136525 2184
1136526 2184
1136527 2184
1136528 2185
1136529 2185
1136530 2185
1136531 2185
1136532 2186
1136534 2186
1136535 2186
1136536 2187
1136537 2187
1136538 2187
1136539 2187
1136540 2188
1136541 2188
1136543 2188
1136544 2189
1136545 2189
1136546 2189
1136547 2189
1136640 2150
1136641 2151
1136642 2151
1136645 2152
1136646 2152
1136648 2153
1136649 2154
1136650 2154
1136652 2153
1136653 2154
1136654 2154
1136656 2155
1136657 2156
1136658 2156
1136660 2190
1136662 2157
1136664 2158
1136665 2159
1136666 2159
1136668 2158
1136669 2159
1136670 2159
1136673 2161
1136674 2161
1136704 2151
1136705 2150
1136706 2151
1136709 2191
1136710 2152
1136712 2154
1136713 2153
1136714 2154
1136716 2154
1136717 2153
1136718 2154
1136720 2156
1136721 2155
1136722 2156
1136724 2157
1136726 2157
1136728 2159
1136729 2158
1136730 2159
1136732 2159
1136733 2158
1136734 2159
1136736 2161
1136738 2161
1136768 2192
1136769 2192
1136770 2192
1136771 2192
1136773 2193
1136774 2193
1136775 2193
1136776 2194
1136777 2194
1136778 2194
1136779 2194
1136780 2194
1136781 2194
1136782 2194
1136783 2194
1136784 2195
1136785 2195
1136786 2195
1136787 2195
1136788 2196
1136790 2196
1136791 2196
1136792 2197
1136793 2197
1136794 2197
1136795 2197
1136796 2197
1136797 2197
1136798 2197
1136799 2197
1136800 2198
1136801 2198
1136803 2198
1148480 2199
1148481 2200
1148482 2200
1148485 2201
1148486 2201
1148488 2202
1148489 2203
1148490 2203
1148492 2202
1148493 2203
1148494 2203
1148496 2204
1148497 2205
1148498 2205
1148500 2204
1148501 2205
1148502 2205
1148506 2206
1148508 2207
1148509 2208
1148510 2208
1148512 2207
1148513 2208
1148514 2208
1148672 2209
1148673 2210
1148677 2211
1148680 2212
1148681 2213
1148684 2214
1148685 2215
1148688 2216
1148689 2217
1148692 2216
1148693 2217
1148697 2218
1148701 2219
1148704 2220
1148705 2221
1148736 2222
1148737 2223
1148738 2223
1148741 2224
1148742 2224
1148744 2225
1148745 2226
1148746 2226
1148748 2227
1148749 2228
1148750 2228
1148752 2229
1148753 2230
1148754 2230
1148756 2229
1148757 2230
1148758 2230
1148761 2231
1148762 2231
1148764 2232
1148766 2233
1148768 2234
1148769 2235
1148770 2235
1148928 2236
1148929 2237
1148933 2238
1148936 2239
1148937 2240
1148940 2239
1148941 2240
1148944 2241
1148945 2242
1148948 2241
1148949 2242
1148953 2243
1148956 2244
1148957 2245
1148961 2246
1148992 2247
1148993 2248
1148994 2248
1148997 2249
1148998 2249
1149000 2250
1149001 2251
1149002 2251
1149004 2250
1149005 2251
1149006 2251
1149008 2252
1149009 2253
1149010 2253
1149012 2252
1149013 2253
1149014 2253
1149017 2254
1149018 2254
1149020 2255
1149021 2256
1149022 2256
1149024 2257
1149026 2258
1152640 2259
1152641 2259
1152643 2259
1152645 2260
1152647 2260
1152648 2261
1152649 2261
1152651 2261
1152652 2261
1152653 2261
1152655 2261
1152656 2262
1152657 2262
1152659 2262
1152660 2262
1152661 2262
1152663 2262
1152664 2263
1152667 2263
1152668 2264
1152669 2264
1152671 2264
1152672 2264
1152673 2264
1152675 2264
1152768 2222
1152769 2223
1152770 2223
1152773 2224
1152774 2224
1152776 2225
1152777 2226
1152778 2226
1152780 2227
1152781 2228
1152782 2228
1152784 2229
1152785 2230
1152786 2230
1152788 2229
1152789 2230
1152790 2230
1152792 2265
1152794 2231
1152797 2233
1152798 2233
1152800 2234
1152801 2235
1152802 2235
1152832 2223
1152833 2222
1152834 2223
1152837 2266
1152838 2224
1152840 2226
1152841 2225
1152842 2226
1152844 2228
1152845 2227
1152846 2228
1152848 2230
1152849 2229
1152850 2230
1152852 2230
1152853 2229
1152854 2230
1152856 2231
1152858 2231
1152860 2233
1152862 2233
1152864 2235
1152865 2234
1152866 2235
1152896 2267
1152897 2267
1152898 2267
1152899 2267
1152901 2268
1152902 2268
1152903 2268
1152904 2269
1152905 2269
1152906 2269
1152907 2269
1152908 2270
1152909 2270
1152910 2270
1152911 2270
1152912 2271
1152913 2271
1152914 2271
1152915 2271
1152916 2271
1152917 2271
1152918 2271
1152919 2271
1152920 2272
1152922 2272
1152923 2272
1152924 2273
1152925 2273
1152927 2273
1152928 2274
1152929 2274
1152930 2274
1152931 2274
1153024 2247
1153025 2248
1153026 2248
1153029 2249
1153030 2249
1153032 2250
1153033 2251
1153034 2251
1153036 2250
1153037 2251
1153038 2251
1153040 2252
1153041 2253
1153042 2253
1153044 2252
1153045 2253
1153046 2253
1153048 2275
1153050 2254
1153052 2255
1153053 2256
1153054 2256
1153057 2258
1153058 2258
1153088 2248
1153089 2247
1153090 2248
1153093 2276
1153094 2249
1153096 2251
1153097 2250
1153098 2251
1153100 2251
1153101 2250
1153102 2251
1153104 2253
1153105 2252
1153106 2253
1153108 2253
1153109 2252
1153110 2253
1153112 2254
1153114 2254
1153116 2256
1153117 2255
1153118 2256
1153120 2258
1153122 2258
1153152 2277
1153153 2277
1153154 2277
1153155 2277
1153157 2278
1153158 2278
1153159 2278
1153160 2279
1153161 2279
1153162 2279
1153163 2279
1153164 2279
1153165 2279
1153166 2279
1153167 2279
1153168 2280
1153169 2280
1153170 2280
1153171 2280
1153172 2280
1153173 2280
1153174 2280
1153175 2280
1153176 2281
1153178 2281
1153179 2281
1153180 2282
1153181 2282
1153182 2282
1153183 2282
1153184 2283
1153185 2283
1153187 2283
1165120 2284
1165121 2285
1165122 2285
1165125 2286
1165126 2286
1165128 2287
1165129 2288
1165130 2288
1165132 2287
1165133 2288
1165134 2288
1165136 2287
1165137 2288
1165138 2288
1165140 2289
1165141 2290
1165142 2290
1165144 2289
1165145 2290
1165146 2290
1165150 2291
1165152 2292
1165153 2293
1165154 2293
1165312 2294
1165313 2295
1165317 2296
1165320 2297
1165321 2298
1165324 2297
1165325 2298
1165328 2297
1165329 2298
1165332 2299
1165333 2300
1165336 2299
1165337 2300
1165341 2301
1165345 2302
1165376 2303
1165377 2304
1165378 2304
1165381 2305
1165382 2305
1165384 2306
1165385 2307
1165386 2307
1165388 2306
1165389 2307
1165390 2307
1165392 2306
1165393 2307
1165394 2307
1165396 2308
1165397 2309
1165398 2309
1165400 2308
1165401 2309
1165402 2309
1165405 2310
1165406 2310
1165408 2311
1165410 2312
1169280 2313
1169281 2313
1169283 2313
1169285 2314
1169287 2314
1169288 2315
1169289 2315
1169291 2315
1169292 2315
1169293 2315
1169295 2315
1169296 2315
1169297 2315
1169299 2315
1169300 2316
1169301 2316
1169303 2316
1169304 2316
1169305 2316
1169307 2316
1169308 2317
1169311 2317
1169312 2318
1169313 2318
1169315 2318
1169408 2303
1169409 2304
1169410 2304
1169413 2305
1169414 2305
1169416 2306
1169417 2307
1169418 2307
1169420 2306
1169421 2307
1169422 2307
1169424 2306
1169425 2307
1169426 2307
1169428 2308
1169429 2309
1169430 2309
1169432 2308
1169433 2309
1169434 2309
1169436 2319
1169438 2310
1169441 2312
1169442 2312
1169472 2304
1169473 2303
1169474 2304
1169477 2320
1169478 2305
1169480 2307
1169481 2306
1169482 2307
1169484 2307
1169485 2306
1169486 2307
1169488 2307
1169489 2306
1169490 2307
1169492 2309
1169493 2308
1169494 2309
1169496 2309
1169497 2308
1169498 2309
1169500 2310
1169502 2310
1169504 2312
1169506 2312
1169536 2321
1169537 2321
1169538 2321
1169539 2321
1169541 2322
1169542 2322
1169543 2322
1169544 2323
1169545 2323
1169546 2323
1169547 2323
1169548 2323
1169549 2323
1169550 2323
1169551 2323
1169552 2323
1169553 2323
1169554 2323
1169555 2323
1169556 2324
1169557 2324
1169558 2324
1169559 2324
1169560 2324
1169561 2324
1169562 2324
1169563 2324
1169564 2325
1169566 2325
1169567 2325
1169568 2326
1169569 2326
1169571 2326
1181760 2327
1181761 2328
1181762 2328
1181765 2329
1181766 2329
1181768 2330
1181769 2331
1181770 2331
1181772 2330
1181773 2331
1181774 2331
1181776 2332
1181777 2333
1181778 2333
1181780 2334
1181781 2335
1181782 2335
1181784 2334
1181785 2335
1181786 2335
1181788 2334
1181789 2335
1181790 2335
1181794 2336
1185920 2337
1185921 2337
1185923 2337
1185925 2338
1185927 2338
1185928 2339
1185929 2339
1185931 2339
1185932 2339
1185933 2339
1185935 2339
1185936 2340
1185937 2340
1185939 2340
1185940 2341
1185941 2341
1185943 2341
1185944 2341
1185945 2341
1185947 2341
1185948 2341
1185949 2341
1185951 2341
1185952 2342
1185955 2342
2134656 2343
2134659 2343
2134660 2343
2134663 2343
2134667 2344
2134668 2345
2134671 2345
2134672 2345
2134675 2345
2134676 2345
2134679 2345
2134680 2346
2134683 2346
2134684 2346
2134687 2346
2134688 2346
2134691 2346
2134784 2347
2134785 2348
2134786 2348
2134788 2349
2134789 2350
2134790 2350
2134794 2351
2134797 2352
2134798 2352
2134800 2353
2134801 2354
2134802 2354
2134804 2355
2134805 2356
2134806 2356
2134808 2357
2134809 2358
2134810 2358
2134812 2359
2134813 2360
2134814 2360
2134816 2361
2134817 2362
2134818 2362
2134912 2363
2134914 2363
2134915 2363
2134916 2364
2134918 2364
2134919 2364
2134922 2365
2134923 2365
2134924 2366
2134927 2366
2134928 2367
2134930 2367
2134931 2367
2134932 2368
2134934 2368
2134935 2368
2134936 2369
2134938 2369
2134939 2369
2134940 2370
2134942 2370
2134943 2370
2134944 2371
2134946 2371
2134947 2371
2135040 2372
2135041 2373
2135042 2373
2135044 2374
2135045 2375
2135046 2375
2135050 2376
2135052 2377
2135053 2378
2135054 2378
2135057 2379
2135058 2379
2135060 2380
2135061 2381
2135062 2381
2135064 2382
2135065 2383
2135066 2383
2135068 2384
2135069 2385
2135070 2385
2135072 2384
2135073 2385
2135074 2385
2135168 2386
2135170 2386
2135171 2386
2135172 2387
2135174 2387
2135175 2387
2135178 2388
2135179 2388
2135180 2389
2135182 2389
2135183 2389
2135184 2390
2135187 2390
2135188 2391
2135190 2391
2135191 2391
2135192 2392
2135194 2392
2135195 2392
2135196 2393
2135198 2393
2135199 2393
2135200 2393
2135202 2393
2135203 2393
2135296 2394
2135297 2395
2135298 2395
2135300 2396
2135301 2397
2135302 2397
2135306 2398
2135308 2399
2135309 2400
2135310 2400
2135312 2399
2135313 2400
2135314 2400
2135317 2401
2135318 2401
2135320 2402
2135321 2403
2135322 2403
2135324 2404
2135325 2405
2135326 2405
2135328 2406
2135329 2407
2135330 2407
2135424 2408
2135426 2408
2135427 2408
2135428 2409
2135430 2409
2135431 2409
2135434 2410
2135435 2410
2135436 2411
2135438 2411
2135439 2411
2135440 2411
2135442 2411
2135443 2411
2135444 2412
2135447 2412
2135448 2413
2135450 2413
2135451 2413
2135452 2414
2135454 2414
2135455 2414
2135456 2415
2135458 2415
2135459 2415
2135552 2416
2135553 2417
2135554 2417
2135556 2416
2135557 2417
2135558 2417
2135562 2418
2135564 2419
2135565 2420
2135566 2420
2135568 2419
2135569 2420
2135570 2420
2135572 2421
2135573 2422
2135574 2422
2135577 2423
2135578 2423
2135580 2424
2135581 2425
2135582 2425
2135584 2424
2135585 2425
2135586 2425
2135680 2426
2135682 2426
2135683 2426
2135684 2426
2135686 2426
2135687 2426
2135690 2427
2135691 2427
2135692 2428
2135694 2428
2135695 2428
2135696 2428
2135698 2428
2135699 2428
2135700 2429
2135702 2429
2135703 2429
2135704 2430
2135707 2430
2135708 2431
2135710 2431
2135711 2431
2135712 2431
2135714 2431
2135715 2431
2135808 2432
2135809 2433
2135810 2433
2135812 2432
2135813 2433
2135814 2433
2135818 2434
2135820 2435
2135821 2436
2135822 2436
2135824 2435
2135825 2436
2135826 2436
2135828 2437
2135829 2438
2135830 2438
2135832 2437
2135833 2438
2135834 2438
2135837 2439
2135838 2439
2135840 2440
2135841 2441
2135842 2441
2135936 2442
2135938 2442
2135939 2442
2135940 2442
2135942 2442
2135943 2442
2135946 2443
2135947 2443
2135948 2444
2135950 2444
2135951 2444
2135952 2444
2135954 2444
2135955 2444
2135956 2445
2135958 2445
2135959 2445
2135960 2445
2135962 2445
2135963 2445
2135964 2446
2135967 2446
2135968 2447
2135970 2447
2135971 2447
2136064 2448
2136065 2449
2136066 2449
2136068 2448
2136069 2449
2136070 2449
2136074 2450
2136076 2451
2136077 2452
2136078 2452
2136080 2453
2136081 2454
2136082 2454
2136084 2453
2136085 2454
2136086 2454
2136088 2455
2136089 2456
2136090 2456
2136092 2455
2136093 2456
2136094 2456
2136097 2457
2136098 2457
2136192 2458
2136194 2458
2136195 2458
2136196 2458
2136198 2458
2136199 2458
2136202 2459
2136203 2459
2136204 2460
2136206 2460
2136207 2460
2136208 2461
2136210 2461
2136211 2461
2136212 2461
2136214 2461
2136215 2461
2136216 2462
2136218 2462
2136219 2462
2136220 2462
2136222 2462
2136223 2462
2136224 2463
2136227 2463
2147136 2464
2147137 2465
2147138 2465
2147140 2466
2147141 2467
2147142 2467
2147145 2468
2147146 2468
2147150 2469
2147152 2470
2147153 2471
2147154 2471
2147156 2472
2147157 2473
2147158 2473
2147160 2474
2147161 2475
2147162 2475
2147164 2476
2147165 2477
2147166 2477
2147168 2478
2147169 2479
2147170 2479
2147328 2480
2147329 2481
2147332 2482
2147333 2483
2147337 2484
2147341 2485
2147345 2486
2147348 2487
2147349 2488
2147352 2489
2147353 2490
2147356 2491
2147357 2492
2147360 2491
2147361 2492
2147392 2493
2147393 2494
2147394 2494
2147396 2495
2147397 2496
2147398 2496
2147401 2497
2147402 2497
2147405 2498
2147406 2498
2147408 2499
2147410 2500
2147412 2501
2147413 2502
2147414 2502
2147416 2503
2147417 2504
2147418 2504
2147420 2505
2147421 2506
2147422 2506
2147424 2505
2147425 2506
2147426 2506
2147584 2507
2147585 2508
2147588 2509
2147589 2510
2147593 2511
2147597 2512
2147600 2513
2147601 2514
2147605 2515
2147608 2516
2147609 2517
2147612 2518
2147613 2519
2147616 2520
2147617 2521
2147648 2522
2147649 2523
2147650 2523
2147652 2524
2147653 2525
2147654 2525
2147657 2526
2147658 2526
2147661 2527
2147662 2527
2147664 2528
2147665 2529
2147666 2529
2147668 2530
2147670 2531
2147672 2532
2147673 2533
2147674 2533
2147676 2534
2147677 2535
2147678 2535
2147680 2536
2147681 2537
2147682 2537
2147840 2538
2147841 2539
2147844 2538
2147845 2539
2147849 2540
2147853 2541
2147856 2542
2147857 2543
2147860 2544
2147861 2545
2147865 2546
2147868 2547
2147869 2548
2147872 2547
2147873 2548
2147904 2549
2147905 2550
2147906 2550
2147908 2549
2147909 2550
2147910 2550
2147913 2551
2147914 2551
2147917 2552
2147918 2552
2147920 2553
2147921 2554
2147922 2554
2147924 2555
2147925 2556
2147926 2556
2147928 2557
2147930 2558
2147932 2559
2147933 2560
2147934 2560
2147936 2559
2147937 2560
2147938 2560
2148096 2561
2148097 2562
2148100 2563
2148101 2564
2148105 2565
2148109 2566
2148112 2567
2148113 2568
2148116 2569
2148117 2570
2148120 2571
2148121 2572
2148125 2573
2148128 2574
2148129 2575
2148160 2576
2148161 2577
2148162 2577
2148164 2578
2148165 2579
2148166 2579
2148169 2580
2148170 2580
2148173 2581
2148174 2581
2148176 2582
2148177 2583
2148178 2583
2148180 2584
2148181 2585
2148182 2585
2148184 2586
2148185 2587
2148186 2587
2148188 2588
2148190 2589
2148192 2590
2148193 2591
2148194 2591
2148352 2592
2148353 2593
2148356 2594
2148357 2595
2148361 2596
2148365 2597
2148368 2598
2148369 2599
2148372 2598
2148373 2599
2148376 2600
2148377 2601
2148380 2602
2148381 2603
2148385 2604
2148416 2605
2148417 2606
2148418 2606
2148420 2607
2148421 2608
2148422 2608
2148425 2609
2148426 2609
2148429 2610
2148430 2610
2148432 2611
2148433 2612
2148434 2612
2148436 2611
2148437 2612
2148438 2612
2148440 2613
2148441 2614
2148442 2614
2148444 2615
2148445 2616
2148446 2616
2148448 2617
2148450 2618
2151296 2619
2151297 2619
2151299 2619
2151300 2620
2151301 2620
2151303 2620
2151305 2621
2151307 2621
2151308 2622
2151311 2622
2151312 2623
2151313 2623
2151315 2623
2151316 2624
2151317 2624
2151319 2624
2151320 2625
2151321 2625
2151323 2625
2151324 2626
2151325 2626
2151327 2626
2151328 2627
2151329 2627
2151331 2627
2151424 2493
2151425 2494
2151426 2494
2151428 2495
2151429 2496
2151430 2496
2151433 2497
2151434 2497
2151436 2628
2151438 2498
2151441 2500
2151442 2500
2151444 2501
2151445 2502
2151446 2502
2151448 2503
2151449 2504
2151450 2504
2151452 2505
2151453 2506
2151454 2506
2151456 2505
2151457 2506
2151458 2506
2151488 2494
2151489 2493
2151490 2494
2151492 2496
2151493 2495
2151494 2496
2151497 2629
2151498 2497
2151500 2498
2151502 2498
2151504 2500
2151506 2500
2151508 2502
2151509 2501
2151510 2502
2151512 2504
2151513 2503
2151514 2504
2151516 2506
2151517 2505
2151518 2506
2151520 2506
2151521 2505
2151522 2506
2151552 2630
2151553 2630
2151554 2630
2151555 2630
2151556 2631
2151557 2631
2151558 2631
2151559 2631
2151561 2632
2151562 2632
2151563 2632
2151564 2633
2151566 2633
2151567 2633
2151568 2634
2151569 2634
2151571 2634
2151572 2635
2151573 2635
2151574 2635
2151575 2635
2151576 2636
2151577 2636
2151578 2636
2151579 2636
2151580 2637
2151581 2637
2151582 2637
2151583 2637
2151584 2637
2151585 2637
2151586 2637
2151587 2637
2151680 2522
2151681 2523
2151682 2523
2151684 2524
2151685 2525
2151686 2525
2151689 2526
2151690 2526
2151692 2638
2151694 2527
2151696 2528
2151697 2529
2151698 2529
2151701 2531
2151702 2531
2151704 2532
2151705 2533
2151706 2533
2151708 2534
2151709 2535
2151710 2535
2151712 2536
2151713 2537
2151714 2537
2151744 2523
2151745 2522
2151746 2523
2151748 2525
2151749 2524
2151750 2525
2151753 2639
2151754 2526
2151756 2527
2151758 2527
2151760 2529
2151761 2528
2151762 2529
2151764 2531
2151766 2531
2151768 2533
2151769 2532
2151770 2533
2151772 2535
2151773 2534
2151774 2535
2151776 2537
2151777 2536
2151778 2537
2151808 2640
2151809 2640
2151810 2640
2151811 2640
2151812 2641
2151813 2641
2151814 2641
2151815 2641
2151817 2642
2151818 2642
2151819 2642
2151820 2643
2151822 2643
2151823 2643
2151824 2644
2151825 2644
2151826 2644
2151827 2644
2151828 2645
2151829 2645
2151831 2645
2151832 2646
2151833 2646
2151834 2646
2151835 2646
2151836 2647
2151837 2647
2151838 2647
2151839 2647
2151840 2648
2151841 2648
2151842 2648
2151843 2648
2151936 2549
2151937 2550
2151938 2550
2151940 2549
2151941 2550
2151942 2550
2151945 2551
2151946 2551
2151948 2649
2151950 2552
2151952 2553
2151953 2554
2151954 2554
2151956 2555
2151957 2556
2151958 2556
2151961 2558
2151962 2558
2151964 2559
2151965 2560
2151966 2560
2151968 2559
2151969 2560
2151970 2560
2152000 2550
2152001 2549
2152002 2550
2152004 2550
2152005 2549
2152006 2550
2152009 2650
2152010 2551
2152012 2552
2152014 2552
2152016 2554
2152017 2553
2152018 2554
2152020 2556
2152021 2555
2152022 2556
2152024 2558
2152026 2558
2152028 2560
2152029 2559
2152030 2560
2152032 2560
2152033 2559
2152034 2560
2152064 2651
2152065 2651
2152066 2651
2152067 2651
2152068 2651
2152069 2651
2152070 2651
2152071 2651
2152073 2652
2152074 2652
2152075 2652
2152076 2653
2152078 2653
2152079 2653
2152080 2654
2152081 2654
2152082 2654
2152083 2654
2152084 2655
2152085 2655
2152086 2655
2152087 2655
2152088 2656
2152089 2656
2152091 2656
2152092 2657
2152093 2657
2152094 2657
2152095 2657
2152096 2657
2152097 2657
2152098 2657
2152099 2657
2152192 2576
2152193 2577
2152194 2577
2152196 2578
2152197 2579
2152198 2579
2152201 2580
2152202 2580
2152204 2658
2152206 2581
2152208 2582
2152209 2583
2152210 2583
2152212 2584
2152213 2585
2152214 2585
2152216 2586
2152217 2587
2152218 2587
2152221 2589
2152222 2589
2152224 2590
2152225 2591
2152226 2591
2152256 2577
2152257 2576
2152258 2577
2152260 2579
2152261 2578
2152262 2579
2152265 2659
2152266 2580
2152268 2581
2152270 2581
2152272 2583
2152273 2582
2152274 2583
2152276 2585
2152277 2584
2152278 2585
2152280 2587
2152281 2586
2152282 2587
2152284 2589
2152286 2589
2152288 2591
2152289 2590
2152290 2591
2152320 2660
2152321 2660
2152322 2660
2152323 2660
2152324 2661
2152325 2661
2152326 2661
2152327 2661
2152329 2662
2152330 2662
2152331 2662
2152332 2663
2152334 2663
2152335 2663
2152336 2664
2152337 2664
2152338 2664
2152339 2664
2152340 2665
2152341 2665
2152342 2665
2152343 2665
2152344 2666
2152345 2666
2152346 2666
2152347 2666
2152348 2667
2152349 2667
2152351 2667
2152352 2668
2152353 2668
2152354 2668
2152355 2668
2152448 2605
2152449 2606
2152450 2606
2152452 2607
2152453 2608
2152454 2608
2152457 2609
2152458 2609
2152460 2669
2152462 2610
2152464 2611
2152465 2612
2152466 2612
2152468 2611
2152469 2612
2152470 2612
2152472 2613
2152473 2614
2152474 2614
2152476 2615
2152477 2616
2152478 2616
2152481 2618
2152482 2618
2152512 2606
2152513 2605
2152514 2606
2152516 2608
2152517 2607
2152518 2608
2152521 2670
2152522 2609
2152524 2610
2152526 2610
2152528 2612
2152529 2611
2152530 2612
2152532 2612
2152533 2611
2152534 2612
2152536 2614
2152537 2613
2152538 2614
2152540 2616
2152541 2615
2152542 2616
2152544 2618
2152546 2618
2152576 2671
2152577 2671
2152578 2671
2152579 2671
2152580 2672
2152581 2672
2152582 2672
2152583 2672
2152585 2673
2152586 2673
2152587 2673
2152588 2674
2152590 2674
2152591 2674
2152592 2675
2152593 2675
2152594 2675
2152595 2675
2152596 2675
2152597 2675
2152598 2675
2152599 2675
2152600 2676
2152601 2676
2152602 2676
2152603 2676
2152604 2677
2152605 2677
2152606 2677
2152607 2677
2152608 2678
2152609 2678
2152611 2678
2163776 2679
2163777 2680
2163778 2680
2163780 2681
2163781 2682
2163782 2682
2163785 2683
2163786 2683
2163788 2684
2163789 2685
2163790 2685
2163794 2686
2163796 2687
2163797 2688
2163798 2688
2163800 2689
2163801 2690
2163802 2690
2163804 2691
2163805 2692
2163806 2692
2163808 2691
2163809 2692
2163810 2692
2163968 2693
2163969 2694
2163972 2695
2163973 2696
2163977 2697
2163980 2698
2163981 2699
2163985 2700
2163989 2701
2163992 2702
2163993 2703
2163996 2704
2163997 2705
2164000 2706
2164001 2707
2164032 2708
2164033 2709
2164034 2709
2164036 2710
2164037 2711
2164038 2711
2164041 2712
2164042 2712
2164044 2713
2164045 2714
2164046 2714
2164049 2715
2164050 2715
2164052 2716
2164054 2717
2164056 2718
2164057 2719
2164058 2719
2164060 2720
2164061 2721
2164062 2721
2164064 2722
2164065 2723
2164066 2723
2164224 2724
2164225 2725
2164228 2726
2164229 2727
2164233 2728
2164236 2729
2164237 2730
2164241 2731
2164244 2732
2164245 2733
2164249 2734
2164252 2735
2164253 2736
2164256 2737
2164257 2738
2164288 2739
2164289 2740
2164290 2740
2164292 2741
2164293 2742
2164294 2742
2164297 2743
2164298 2743
2164300 2744
2164301 2745
2164302 2745
2164305 2746
2164306 2746
2164308 2747
2164309 2748
2164310 2748
2164312 2749
2164314 2750
2164316 2751
2164317 2752
2164318 2752
2164320 2753
2164321 2754
2164322 2754
2164480 2755
2164481 2756
2164484 2757
2164485 2758
2164489 2759
2164492 2760
2164493 2761
2164497 2762
2164500 2763
2164501 2764
2164504 2765
2164505 2766
2164509 2767
2164512 2768
2164513 2769
2164544 2770
2164545 2771
2164546 2771
2164548 2772
2164549 2773
2164550 2773
2164553 2774
2164554 2774
2164556 2775
2164557 2776
2164558 2776
2164561 2777
2164562 2777
2164564 2778
2164565 2779
2164566 2779
2164568 2780
2164569 2781
2164570 2781
2164572 2782
2164574 2783
2164576 2784
2164577 2785
2164578 2785
2164736 2786
2164737 2787
2164740 2786
2164741 2787
2164745 2788
2164748 2789
2164749 2790
2164753 2791
2164756 2792
2164757 2793
2164760 2794
2164761 2795
2164764 2796
2164765 2797
2164769 2798
2164800 2799
2164801 2800
2164802 2800
2164804 2799
2164805 2800
2164806 2800
2164809 2801
2164810 2801
2164812 2802
2164813 2803
2164814 2803
2164817 2804
2164818 2804
2164820 2805
2164821 2806
2164822 2806
2164824 2807
2164825 2808
2164826 2808
2164828 2809
2164829 2810
2164830 2810
2164832 2811
2164834 2812
2167936 2813
2167937 2813
2167939 2813
2167940 2814
2167941 2814
2167943 2814
2167945 2815
2167947 2815
2167948 2816
2167949 2816
2167951 2816
2167952 2817
2167955 2817
2167956 2818
2167957 2818
2167959 2818
2167960 2819
2167961 2819
2167963 2819
2167964 2820
2167965 2820
2167967 2820
2167968 2820
2167969 2820
2167971 2820
2168064 2708
2168065 2709
2168066 2709
2168068 2710
2168069 2711
2168070 2711
2168073 2712
2168074 2712
2168076 2713
2168077 2714
2168078 2714
2168080 2821
2168082 2715
2168085 2717
2168086 2717
2168088 2718
2168089 2719
2168090 2719
2168092 2720
2168093 2721
2168094 2721
2168096 2722
2168097 2723
2168098 2723
2168128 2709
2168129 2708
2168130 2709
2168132 2711
2168133 2710
2168134 2711
2168137 2822
2168138 2712
2168140 2714
2168141 2713
2168142 2714
2168144 2715
2168146 2715
2168148 2717
2168150 2717
2168152 2719
2168153 2718
2168154 2719
2168156 2721
2168157 2720
2168158 2721
2168160 2723
2168161 2722
2168162 2723
2168192 2823
2168193 2823
2168194 2823
2168195 2823
2168196 2824
2168197 2824
2168198 2824
2168199 2824
2168201 2825
2168202 2825
2168203 2825
2168204 2826
2168205 2826
2168206 2826
2168207 2826
2168208 2827
2168210 2827
2168211 2827
2168212 2828
2168213 2828
2168215 2828
2168216 2829
2168217 2829
2168218 2829
2168219 2829
2168220 2830
2168221 2830
2168222 2830
2168223 2830
2168224 2831
2168225 2831
2168226 2831
2168227 2831
2168320 2739
2168321 2740
2168322 2740
2168324 2741
2168325 2742
2168326 2742
2168329 2743
2168330 2743
2168332 2744
2168333 2745
2168334 2745
2168336 2832
2168338 2746
2168340 2747
2168341 2748
2168342 2748
2168345 2750
2168346 2750
2168348 2751
2168349 2752
2168350 2752
2168352 2753
2168353 2754
2168354 2754
2168384 2740
2168385 2739
2168386 2740
2168388 2742
2168389 2741
2168390 2742
2168393 2833
2168394 2743
2168396 2745
2168397 2744
2168398 2745
2168400 2746
2168402 2746
2168404 2748
2168405 2747
2168406 2748
2168408 2750
2168410 2750
2168412 2752
2168413 2751
2168414 2752
2168416 2754
2168417 2753
2168418 2754
2168448 2834
2168449 2834
2168450 2834
2168451 2834
2168452 2835
2168453 2835
2168454 2835
2168455 2835
2168457 2836
2168458 2836
2168459 2836
2168460 2837
2168461 2837
2168462 2837
2168463 2837
2168464 2838
2168466 2838
2168467 2838
2168468 2839
2168469 2839
2168470 2839
2168471 2839
2168472 2840
2168473 2840
2168475 2840
2168476 2841
2168477 2841
2168478 2841
2168479 2841
2168480 2842
2168481 2842
2168482 2842
2168483 2842
2168576 2770
2168577 2771
2168578 2771
2168580 2772
2168581 2773
2168582 2773
2168585 2774
2168586 2774
2168588 2775
2168589 2776
2168590 2776
2168592 2843
2168594 2777
2168596 2778
2168597 2779
2168598 2779
2168600 2780
2168601 2781
2168602 2781
2168605 2783
2168606 2783
2168608 2784
2168609 2785
2168610 2785
2168640 2771
2168641 2770
2168642 2771
2168644 2773
2168645 2772
2168646 2773
2168649 2844
2168650 2774
2168652 2776
2168653 2775
2168654 2776
2168656 2777
2168658 2777
2168660 2779
2168661 2778
2168662 2779
2168664 2781
2168665 2780
2168666 2781
2168668 2783
2168670 2783
2168672 2785
2168673 2784
2168674 2785
2168704 2845
2168705 2845
2168706 2845
2168707 2845
2168708 2846
2168709 2846
2168710 2846
2168711 2846
2168713 2847
2168714 2847
2168715 2847
2168716 2848
2168717 2848
2168718 2848
2168719 2848
2168720 2849
2168722 2849
2168723 2849
2168724 2850
2168725 2850
2168726 2850
2168727 2850
2168728 2851
2168729 2851
2168730 2851
2168731 2851
2168732 2852
2168733 2852
2168735 2852
2168736 2853
2168737 2853
2168738 2853
2168739 2853
2168832 2799
2168833 2800
2168834 2800
2168836 2799
2168837 2800
2168838 2800
2168841 2801
2168842 2801
2168844 2802
2168845 2803
2168846 2803
2168848 2854
2168850 2804
2168852 2805
2168853 2806
2168854 2806
2168856 2807
2168857 2808
2168858 2808
2168860 2809
2168861 2810
2168862 2810
2168865 2812
2168866 2812
2168896 2800
2168897 2799
2168898 2800
2168900 2800
2168901 2799
2168902 2800
2168905 2855
2168906 2801
2168908 2803
2168909 2802
2168910 2803
2168912 2804
2168914 2804
2168916 2806
2168917 2805
2168918 2806
2168920 2808
2168921 2807
2168922 2808
2168924 2810
2168925 2809
2168926 2810
2168928 2812
2168930 2812
2168960 2856
2168961 2856
2168962 2856
2168963 2856
2168964 2856
2168965 2856
2168966 2856
2168967 2856
2168969 2857
2168970 2857
2168971 2857
2168972 2858
2168973 2858
2168974 2858
2168975 2858
2168976 2859
2168978 2859
2168979 2859
2168980 2860
2168981 2860
2168982 2860
2168983 2860
2168984 2861
2168985 2861
2168986 2861
2168987 2861
2168988 2862
2168989 2862
2168990 2862
2168991 2862
2168992 2863
2168993 2863
2168995 2863
2180416 2864
2180417 2865
2180418 2865
2180420 2866
2180421 2867
2180422 2867
2180425 2868
2180426 2868
2180428 2869
2180429 2870
2180430 2870
2180432 2869
2180433 2870
2180434 2870
2180438 2871
2180440 2872
2180441 2873
2180442 2873
2180444 2874
2180445 2875
2180446 2875
2180448 2876
2180449 2877
2180450 2877
2180608 2878
2180609 2879
2180612 2880
2180613 2881
2180617 2882
2180620 2883
2180621 2884
2180624 2885
2180625 2886
2180629 2887
2180633 2888
2180636 2889
2180637 2890
2180640 2891
2180641 2892
2180672 2893
2180673 2894
2180674 2894
2180676 2895
2180677 2896
2180678 2896
2180681 2897
2180682 2897
2180684 2898
2180685 2899
2180686 2899
2180688 2900
2180689 2901
2180690 2901
2180693 2902
2180694 2902
2180696 2903
2180698 2904
2180700 2905
2180701 2906
2180702 2906
2180704 2907
2180705 2908
2180706 2908
2180864 2909
2180865 2910
2180868 2911
2180869 2912
2180873 2913
2180876 2914
2180877 2915
2180880 2916
2180881 2917
2180885 2918
2180888 2919
2180889 2920
2180893 2921
2180896 2922
2180897 2923
2180928 2924
2180929 2925
2180930 2925
2180932 2926
2180933 2927
2180934 2927
2180937 2928
2180938 2928
2180940 2929
2180941 2930
2180942 2930
2180944 2931
2180945 2932
2180946 2932
2180949 2933
2180950 2933
2180952 2934
2180953 2935
2180954 2935
2180956 2936
2180958 2937
2180960 2938
2180961 2939
2180962 2939
2181120 2940
2181121 2941
2181124 2942
2181125 2943
2181129 2944
2181132 2945
2181133 2946
2181136 2945
2181137 2946
2181141 2947
2181144 2948
2181145 2949
2181148 2950
2181149 2951
2181153 2952
2181184 2953
2181185 2954
2181186 2954
2181188 2955
2181189 2956
2181190 2956
2181193 2957
2181194 2957
2181196 2958
2181197 2959
2181198 2959
2181200 2958
2181201 2959
2181202 2959
2181205 2960
2181206 2960
2181208 2961
2181209 2962
2181210 2962
2181212 2963
2181213 2964
2181214 2964
2181216 2965
2181218 2966
2184576 2967
2184577 2967
2184579 2967
2184580 2968
2184581 2968
2184583 2968
2184585 2969
2184587 2969
2184588 2970
2184589 2970
2184591 2970
2184592 2970
2184593 2970
2184595 2970
2184596 2971
2184599 2971
2184600 2972
2184601 2972
2184603 2972
2184604 2973
2184605 2973
2184607 2973
2184608 2974
2184609 2974
2184611 2974
2184704 2893
2184705 2894
2184706 2894
2184708 2895
2184709 2896
2184710 2896
2184713 2897
2184714 2897
2184716 2898
2184717 2899
2184718 2899
2184720 2900
2184721 2901
2184722 2901
2184724 2975
2184726 2902
2184729 2904
2184730 2904
2184732 2905
2184733 2906
2184734 2906
2184736 2907
2184737 2908
2184738 2908
2184768 2894
2184769 2893
2184770 2894
2184772 2896
2184773 2895
2184774 2896
2184777 2976
2184778 2897
2184780 2899
2184781 2898
2184782 2899
2184784 2901
2184785 2900
2184786 2901
2184788 2902
2184790 2902
2184792 2904
2184794 2904
2184796 2906
2184797 2905
2184798 2906
2184800 2908
2184801 2907
2184802 2908
2184832 2977
2184833 2977
2184834 2977
2184835 2977
2184836 2978
2184837 2978
2184838 2978
2184839 2978
2184841 2979
2184842 2979
2184843 2979
2184844 2980
2184845 2980
2184846 2980
2184847 2980
2184848 2981
2184849 2981
2184850 2981
2184851 2981
2184852 2982
2184854 2982
2184855 2982
2184856 2983
2184857 2983
2184859 2983
2184860 2984
2184861 2984
2184862 2984
2184863 2984
2184864 2985
2184865 2985
2184866 2985
2184867 2985
2184960 2924
2184961 2925
2184962 2925
2184964 2926
2184965 2927
2184966 2927
2184969 2928
2184970 2928
2184972 2929
2184973 2930
2184974 2930
2184976 2931
2184977 2932
2184978 2932
2184980 2986
2184982 2933
2184984 2934
2184985 2935
2184986 2935
2184989 2937
2184990 2937
2184992 2938
2184993 2939
2184994 2939
2185024 2925
2185025 2924
2185026 2925
2185028 2927
2185029 2926
2185030 2927
2185033 2987
2185034 2928
2185036 2930
2185037 2929
2185038 2930
2185040 2932
2185041 2931
2185042 2932
2185044 2933
2185046 2933
2185048 2935
2185049 2934
2185050 2935
2185052 2937
2185054 2937
2185056 2939
2185057 2938
2185058 2939
2185088 2988
2185089 2988
2185090 2988
2185091 2988
2185092 2989
2185093 2989
2185094 2989
2185095 2989
2185097 2990
2185098 2990
2185099 2990
2185100 2991
2185101 2991
2185102 2991
2185103 2991
2185104 2992
2185105 2992
2185106 2992
2185107 2992
2185108 2993
2185110 2993
2185111 2993
2185112 2994
2185113 2994
2185114 2994
2185115 2994
2185116 2995
2185117 2995
2185119 2995
2185120 2996
2185121 2996
2185122 2996
2185123 2996
2185216 2953
2185217 2954
2185218 2954
2185220 2955
2185221 2956
2185222 2956
2185225 2957
2185226 2957
2185228 2958
2185229 2959
2185230 2959
2185232 2958
2185233 2959
2185234 2959
2185236 2997
2185238 2960
2185240 2961
2185241 2962
2185242 2962
2185244 2963
2185245 2964
2185246 2964
2185249 2966
2185250 2966
2185280 2954
2185281 2953
2185282 2954
2185284 2956
2185285 2955
2185286 2956
2185289 2998
2185290 2957
2185292 2959
2185293 2958
2185294 2959
2185296 2959
2185297 2958
2185298 2959
2185300 2960
2185302 2960
2185304 2962
2185305 2961
2185306 2962
2185308 2964
2185309 2963
2185310 2964
2185312 2966
2185314 2966
2185344 2999
2185345 2999
2185346 2999
2185347 2999
2185348 3000
2185349 3000
2185350 3000
2185351 3000
2185353 3001
2185354 3001
2185355 3001
2185356 3002
2185357 3002
2185358 3002
2185359 3002
2185360 3002
2185361 3002
2185362 3002
2185363 3002
2185364 3003
2185366 3003
2185367 3003
2185368 3004
2185369 3004
2185370 3004
2185371 3004
2185372 3005
2185373 3005
2185374 3005
2185375 3005
2185376 3006
2185377 3006
2185379 3006
2197056 3007
2197057 3008
2197058 3008
2197060 3007
2197061 3008
2197062 3008
2197065 3009
2197066 3009
2197068 3010
2197069 3011
2197070 3011
2197072 3010
2197073 3011
2197074 3011
2197076 3012
2197077 3013
2197078 3013
2197082 3014
2197084 3015
2197085 3016
2197086 3016
2197088 3015
2197089 3016
2197090 3016
2197248 3017
2197249 3018
2197252 3017
2197253 3018
2197257 3019
2197260 3020
2197261 3021
2197264 3020
2197265 3021
2197268 3022
2197269 3023
2197273 3024
2197277 3025
2197280 3026
2197281 3027
2197312 3028
2197313 3029
2197314 3029
2197316 3028
2197317 3029
2197318 3029
2197321 3030
2197322 3030
2197324 3031
2197325 3032
2197326 3032
2197328 3031
2197329 3032
2197330 3032
2197332 3033
2197333 3034
2197334 3034
2197337 3035
2197338 3035
2197340 3036
2197342 3037
2197344 3038
2197345 3039
2197346 3039
2197504 3040
2197505 3041
2197508 3040
2197509 3041
2197513 3042
2197516 3043
2197517 3044
2197520 3043
2197521 3044
2197524 3045
2197525 3046
2197529 3047
2197532 3048
2197533 3049
2197537 3050
2197568 3051
2197569 3052
2197570 3052
2197572 3051
2197573 3052
2197574 3052
2197577 3053
2197578 3053
2197580 3054
2197581 3055
2197582 3055
2197584 3054
2197585 3055
2197586 3055
2197588 3056
2197589 3057
2197590 3057
2197593 3058
2197594 3058
2197596 3059
2197597 3060
2197598 3060
2197600 3061
2197602 3062
2201216 3063
2201217 3063
2201219 3063
2201220 3063
2201221 3063
2201223 3063
2201225 3064
2201227 3064
2201228 3065
2201229 3065
2201231 3065
2201232 3065
2201233 3065
2201235 3065
2201236 3066
2201237 3066
2201239 3066
2201240 3067
2201243 3067
2201244 3068
2201245 3068
2201247 3068
2201248 3068
2201249 3068
2201251 3068
2201344 3028
2201345 3029
2201346 3029
2201348 3028
2201349 3029
2201350 3029
2201353 3030
2201354 3030
2201356 3031
2201357 3032
2201358 3032
2201360 3031
2201361 3032
2201362 3032
2201364 3033
2201365 3034
2201366 3034
2201368 3069
2201370 3035
2201373 3037
2201374 3037
2201376 3038
2201377 3039
2201378 3039
2201408 3029
2201409 3028
2201410 3029
2201412 3029
2201413 3028
2201414 3029
2201417 3070
2201418 3030
2201420 3032
2201421 3031
2201422 3032
2201424 3032
2201425 3031
2201426 3032
2201428 3034
2201429 3033
2201430 3034
2201432 3035
2201434 3035
2201436 3037
2201438 3037
2201440 3039
2201441 3038
2201442 3039
2201472 3071
2201473 3071
2201474 3071
2201475 3071
2201476 3071
2201477 3071
2201478 3071
2201479 3071
2201481 3072
2201482 3072
2201483 3072
2201484 3073
2201485 3073
2201486 3073
2201487 3073
2201488 3073
2201489 3073
2201490 3073
2201491 3073
2201492 3074
2201493 3074
2201494 3074
2201495 3074
2201496 3075
2201498 3075
2201499 3075
2201500 3076
2201501 3076
2201503 3076
2201504 3077
2201505 3077
2201506 3077
2201507 3077
2201600 3051
2201601 3052
2201602 3052
2201604 3051
2201605 3052
2201606 3052
2201609 3053
2201610 3053
2201612 3054
2201613 3055
2201614 3055
2201616 3054
2201617 3055
2201618 3055
2201620 3056
2201621 3057
2201622 3057
2201624 3078
2201626 3058
2201628 3059
2201629 3060
2201630 3060
2201633 3062
2201634 3062
2201664 3052
2201665 3051
2201666 3052
2201668 3052
2201669 3051
2201670 3052
2201673 3079
2201674 3053
2201676 3055
2201677 3054
2201678 3055
2201680 3055
2201681 3054
2201682 3055
2201684 3057
2201685 3056
2201686 3057
2201688 3058
2201690 3058
2201692 3060
2201693 3059
2201694 3060
2201696 3062
2201698 3062
2201728 3080
2201729 3080
2201730 3080
2201731 3080
2201732 3080
2201733 3080
2201734 3080
2201735 3080
2201737 3081
2201738 3081
2201739 3081
2201740 3082
2201741 3082
2201742 3082
2201743 3082
2201744 3082
2201745 3082
2201746 3082
2201747 3082
2201748 3083
2201749 3083
2201750 3083
2201751 3083
2201752 3084
2201754 3084
2201755 3084
2201756 3085
2201757 3085
2201758 3085
2201759 3085
2201760 3086
2201761 3086
2201763 3086
2213696 3087
2213697 3088
2213698 3088
2213700 3087
2213701 3088
2213702 3088
2213705 3089
2213706 3089
2213708 3090
2213709 3091
2213710 3091
2213712 3090
2213713 3091
2213714 3091
2213716 3092
2213717 3093
2213718 3093
2213720 3092
2213721 3093
2213722 3093
2213726 3094
2213728 3095
2213729 3096
2213730 3096
2213888 3097
2213889 3098
2213892 3097
2213893 3098
2213897 3099
2213900 3100
2213901 3101
2213904 3100
2213905 3101
2213908 3102
2213909 3103
2213912 3102
2213913 3103
2213917 3104
2213921 3105
2213952 3106
2213953 3107
2213954 3107
2213956 3106
2213957 3107
2213958 3107
2213961 3108
2213962 3108
2213964 3109
2213965 3110
2213966 3110
2213968 3109
2213969 3110
2213970 3110
2213972 3111
2213973 3112
2213974 3112
2213976 3111
2213977 3112
2213978 3112
2213981 3113
2213982 3113
2213984 3114
2213986 3115
2217856 3116
2217857 3116
2217859 3116
2217860 3116
2217861 3116
2217863 3116
2217865 3117
2217867 3117
2217868 3118
2217869 3118
2217871 3118
2217872 3118
2217873 3118
2217875 3118
2217876 3119
2217877 3119
2217879 3119
2217880 3119
2217881 3119
2217883 3119
2217884 3120
2217887 3120
2217888 3121
2217889 3121
2217891 3121
2217984 3106
2217985 3107
2217986 3107
2217988 3106
2217989 3107
2217990 3107
2217993 3108
2217994 3108
2217996 3109
2217997 3110
2217998 3110
2218000 3109
2218001 3110
2218002 3110
2218004 3111
2218005 3112
2218006 3112
2218008 3111
2218009 3112
2218010 3112
2218012 3122
2218014 3113
2218017 3115
2218018 3115
2218048 3107
2218049 3106
2218050 3107
2218052 3107
2218053 3106
2218054 3107
2218057 3123
2218058 3108
2218060 3110
2218061 3109
2218062 3110
2218064 3110
2218065 3109
2218066 3110
2218068 3112
2218069 3111
2218070 3112
2218072 3112
2218073 3111
2218074 3112
2218076 3113
2218078 3113
2218080 3115
2218082 3115
2218112 3124
2218113 3124
2218114 3124
2218115 3124
2218116 3124
2218117 3124
2218118 3124
2218119 3124
2218121 3125
2218122 3125
2218123 3125
2218124 3126
2218125 3126
2218126 3126
2218127 3126
2218128 3126
2218129 3126
2218130 3126
2218131 3126
2218132 3127
2218133 3127
2218134 3127
2218135 3127
2218136 3127
2218137 3127
2218138 3127
2218139 3127
2218140 3128
2218142 3128
2218143 3128
2218144 3129
2218145 3129
2218147 3129
2230336 3130
2230337 3131
2230338 3131
2230340 3130
2230341 3131
2230342 3131
2230345 3132
2230346 3132
2230348 3133
2230349 3134
2230350 3134
2230352 3135
2230353 3136
2230354 3136
2230356 3135
2230357 3136
2230358 3136
2230360 3137
2230361 3138
2230362 3138
2230364 3137
2230365 3138
2230366 3138
2230370 3139
2234496 3140
2234497 3140
2234499 3140
2234500 3140
2234501 3140
2234503 3140
2234505 3141
2234507 3141
2234508 3142
2234509 3142
2234511 3142
2234512 3143
2234513 3143
2234515 3143
2234516 3143
2234517 3143
2234519 3143
2234520 3144
2234521 3144
2234523 3144
2234524 3144
2234525 3144
2234527 3144
2234528 3145
2234531 3145
3199872 3146
3199875 3146
3199876 3146
3199879 3146
3199880 3147
3199883 3147
3199887 3148
3199888 3149
3199891 3149
3199892 3149
3199895 3149
3199896 3149
3199899 3149
3199900 3150
3199903 3150
3199904 3150
3199907 3150
3200000 3151
3200001 3152
3200002 3152
3200004 3153
3200005 3154
3200006 3154
3200008 3155
3200009 3156
3200010 3156
3200014 3157
3200017 3158
3200018 3158
3200020 3159
3200021 3160
3200022 3160
3200024 3161
3200025 3162
3200026 3162
3200028 3163
3200029 3164
3200030 3164
3200032 3165
3200033 3166
3200034 3166
3200128 3167
3200130 3167
3200131 3167
3200132 3168
3200134 3168
3200135 3168
3200136 3169
3200138 3169
3200139 3169
3200142 3170
3200143 3170
3200144 3171
3200147 3171
3200148 3172
3200150 3172
3200151 3172
3200152 3173
3200154 3173
3200155 3173
3200156 3174
3200158 3174
3200159 3174
3200160 3175
3200162 3175
3200163 3175
3200256 3176
3200257 3177
3200258 3177
3200260 3178
3200261 3179
3200262 3179
3200264 3180
3200265 3181
3200266 3181
3200270 3182
3200272 3183
3200273 3184
3200274 3184
3200277 3185
3200278 3185
3200280 3186
3200281 3187
3200282 3187
3200284 3188
3200285 3189
3200286 3189
3200288 3190
3200289 3191
3200290 3191
3200384 3192
3200386 3192
3200387 3192
3200388 3193
3200390 3193
3200391 3193
3200392 3194
3200394 3194
3200395 3194
3200398 3195
3200399 3195
3200400 3196
3200402 3196
3200403 3196
3200404 3197
3200407 3197
3200408 3198
3200410 3198
3200411 3198
3200412 3199
3200414 3199
3200415 3199
3200416 3200
3200418 3200
3200419 3200
3200512 3201
3200513 3202
3200514 3202
3200516 3201
3200517 3202
3200518 3202
3200520 3203
3200521 3204
3200522 3204
3200526 3205
3200528 3206
3200529 3207
3200530 3207
3200532 3206
3200533 3207
3200534 3207
3200537 3208
3200538 3208
3200540 3209
3200541 3210
3200542 3210
3200544 3211
3200545 3212
3200546 3212
3200640 3213
3200642 3213
3200643 3213
3200644 3213
3200646 3213
3200647 3213
3200648 3214
3200650 3214
3200651 3214
3200654 3215
3200655 3215
3200656 3216
3200658 3216
3200659 3216
3200660 3216
3200662 3216
3200663 3216
3200664 3217
3200667 3217
3200668 3218
3200670 3218
3200671 3218
3200672 3219
3200674 3219
3200675 3219
3200768 3220
3200769 3221
3200770 3221
3200772 3220
3200773 3221
3200774 3221
3200776 3222
3200777 3223
3200778 3223
3200782 3224
3200784 3225
3200785 3226
3200786 3226
3200788 3225
3200789 3226
3200790 3226
3200792 3227
3200793 3228
3200794 3228
3200797 3229
3200798 3229
3200800 3230
3200801 3231
3200802 3231
3200896 3232
3200898 3232
3200899 3232
3200900 3232
3200902 3232
3200903 3232
3200904 3233
3200906 3233
3200907 3233
3200910 3234
3200911 3234
3200912 3235
3200914 3235
3200915 3235
3200916 3235
3200918 3235
3200919 3235
3200920 3236
3200922 3236
3200923 3236
3200924 3237
3200927 3237
3200928 3238
3200930 3238
3200931 3238
3201024 3239
3201025 3240
3201026 3240
3201028 3239
3201029 3240
3201030 3240
3201032 3241
3201033 3242
3201034 3242
3201038 3243
3201040 3244
3201041 3245
3201042 3245
3201044 3244
3201045 3245
3201046 3245
3201048 3246
3201049 3247
3201050 3247
3201052 3246
3201053 3247
3201054 3247
3201057 3248
3201058 3248
3201152 3249
3201154 3249
3201155 3249
3201156 3249
3201158 3249
3201159 3249
3201160 3250
3201162 3250
3201163 3250
3201166 3251
3201167 3251
3201168 3252
3201170 3252
3201171 3252
3201172 3252
3201174 3252
3201175 3252
3201176 3253
3201178 3253
3201179 3253
3201180 3253
3201182 3253
3201183 3253
3201184 3254
3201187 3254
3212352 3255
3212353 3256
3212354 3256
3212356 3257
3212357 3258
3212358 3258
3212360 3259
3212361 3260
3212362 3260
3212365 3261
3212366 3261
3212370 3262
3212372 3263
3212373 3264
3212374 3264
3212376 3265
3212377 3266
3212378 3266
3212380 3267
3212381 3268
3212382 3268
3212384 3269
3212385 3270
3212386 3270
3212544 3271
3212545 3272
3212548 3273
3212549 3274
3212552 3275
3212553 3276
3212557 3277
3212561 3278
3212565 3279
3212568 3280
3212569 3281
3212572 3282
3212573 3283
3212576 3284
3212577 3285
3212608 3286
3212609 3287
3212610 3287
3212612 3288
3212613 3289
3212614 3289
3212616 3290
3212617 3291
3212618 3291
3212621 3292
3212622 3292
3212625 3293
3212626 3293
3212628 3294
3212630 3295
3212632 3296
3212633 3297
3212634 3297
3212636 3298
3212637 3299
3212638 3299
3212640 3300
3212641 3301
3212642 3301
3212800 3302
3212801 3303
3212804 3304
3212805 3305
3212808 3306
3212809 3307
3212813 3308
3212817 3309
3212820 3310
3212821 3311
3212825 3312
3212828 3313
3212829 3314
3212832 3315
3212833 3316
3212864 3317
3212865 3318
3212866 3318
3212868 3319
3212869 3320
3212870 3320
3212872 3321
3212873 3322
3212874 3322
3212877 3323
3212878 3323
3212881 3324
3212882 3324
3212884 3325
3212885 3326
3212886 3326
3212888 3327
3212890 3328
3212892 3329
3212893 3330
3212894 3330
3212896 3331
3212897 3332
3212898 3332
3213056 3333
3213057 3334
3213060 3335
3213061 3336
3213064 3337
3213065 3338
3213069 3339
3213073 3340
3213076 3341
3213077 3342
3213080 3343
3213081 3344
3213085 3345
3213088 3346
3213089 3347
3213120 3348
3213121 3349
3213122 3349
3213124 3350
3213125 3351
3213126 3351
3213128 3352
3213129 3353
3213130 3353
3213133 3354
3213134 3354
3213137 3355
3213138 3355
3213140 3356
3213141 3357
3213142 3357
3213144 3358
3213145 3359
3213146 3359
3213148 3360
3213150 3361
3213152 3362
3213153 3363
3213154 3363
3213312 3364
3213313 3365
3213316 3364
3213317 3365
3213320 3366
3213321 3367
3213325 3368
3213329 3369
3213332 3370
3213333 3371
3213336 3372
3213337 3373
3213340 3374
3213341 3375
3213345 3376
3213376 3377
3213377 3378
3213378 3378
3213380 3377
3213381 3378
3213382 3378
3213384 3379
3213385 3380
3213386 3380
3213389 3381
3213390 3381
3213393 3382
3213394 3382
3213396 3383
3213397 3384
3213398 3384
3213400 3385
3213401 3386
3213402 3386
3213404 3387
3213405 3388
3213406 3388
3213408 3389
3213410 3390
3216512 3391
3216513 3391
3216515 3391
3216516 3392
3216517 3392
3216519 3392
3216520 3393
3216521 3393
3216523 3393
3216525 3394
3216527 3394
3216528 3395
3216531 3395
3216532 3396
3216533 3396
3216535 3396
3216536 3397
3216537 3397
3216539 3397
3216540 3398
3216541 3398
3216543 3398
3216544 3399
3216545 3399
3216547 3399
3216640 3286
3216641 3287
3216642 3287
3216644 3288
3216645 3289
3216646 3289
3216648 3290
3216649 3291
3216650 3291
3216653 3292
3216654 3292
3216656 3400
3216658 3293
3216661 3295
3216662 3295
3216664 3296
3216665 3297
3216666 3297
3216668 3298
3216669 3299
3216670 3299
3216672 3300
3216673 3301
3216674 3301
3216704 3287
3216705 3286
3216706 3287
3216708 3289
3216709 3288
3216710 3289
3216712 3291
3216713 3290
3216714 3291
3216717 3401
3216718 3292
3216720 3293
3216722 3293
3216724 3295
3216726 3295
3216728 3297
3216729 3296
3216730 3297
3216732 3299
3216733 3298
3216734 3299
3216736 3301
3216737 3300
3216738 3301
3216768 3402
3216769 3402
3216770 3402
3216771 3402
3216772 3403
3216773 3403
3216774 3403
3216775 3403
3216776 3404
3216777 3404
3216778 3404
3216779 3404
3216781 3405
3216782 3405
3216783 3405
3216784 3406
3216786 3406
3216787 3406
3216788 3407
3216789 3407
3216791 3407
3216792 3408
3216793 3408
3216794 3408
3216795 3408
3216796 3409
3216797 3409
3216798 3409
3216799 3409
3216800 3410
3216801 3410
3216802 3410
3216803 3410
3216896 3317
3216897 3318
3216898 3318
3216900 3319
3216901 3320
3216902 3320
3216904 3321
3216905 3322
3216906 3322
3216909 3323
3216910 3323
3216912 3411
3216914 3324
3216916 3325
3216917 3326
3216918 3326
3216921 3328
3216922 3328
3216924 3329
3216925 3330
3216926 3330
3216928 3331
3216929 3332
3216930 3332
3216960 3318
3216961 3317
3216962 3318
3216964 3320
3216965 3319
3216966 3320
3216968 3322
3216969 3321
3216970 3322
3216973 3412
3216974 3323
3216976 3324
3216978 3324
3216980 3326
3216981 3325
3216982 3326
3216984 3328
3216986 3328
3216988 3330
3216989 3329
3216990 3330
3216992 3332
3216993 3331
3216994 3332
3217024 3413
3217025 3413
3217026 3413
3217027 3413
3217028 3414
3217029 3414
3217030 3414
3217031 3414
3217032 3415
3217033 3415
3217034 3415
3217035 3415
3217037 3416
3217038 3416
3217039 3416
3217040 3417
3217042 3417
3217043 3417
3217044 3418
3217045 3418
3217046 3418
3217047 3418
3217048 3419
3217049 3419
3217051 3419
3217052 3420
3217053 3420
3217054 3420
3217055 3420
3217056 3421
3217057 3421
3217058 3421
3217059 3421
3217152 3348
3217153 3349
3217154 3349
3217156 3350
3217157 3351
3217158 3351
3217160 3352
3217161 3353
3217162 3353
3217165 3354
3217166 3354
3217168 3422
3217170 3355
3217172 3356
3217173 3357
3217174 3357
3217176 3358
3217177 3359
3217178 3359
3217181 3361
3217182 3361
3217184 3362
3217185 3363
3217186 3363
3217216 3349
3217217 3348
3217218 3349
3217220 3351
3217221 3350
3217222 3351
3217224 3353
3217225 3352
3217226 3353
3217229 3423
3217230 3354
3217232 3355
3217234 3355
3217236 3357
3217237 3356
3217238 3357
3217240 3359
3217241 3358
3217242 3359
3217244 3361
3217246 3361
3217248 3363
3217249 3362
3217250 3363
3217280 3424
3217281 3424
3217282 3424
3217283 3424
3217284 3425
3217285 3425
3217286 3425
3217287 3425
3217288 3426
3217289 3426
3217290 3426
3217291 3426
3217293 3427
3217294 3427
3217295 3427
3217296 3428
3217298 3428
3217299 3428
3217300 3429
3217301 3429
3217302 3429
3217303 3429
3217304 3430
3217305 3430
3217306 3430
3217307 3430
3217308 3431
3217309 3431
3217311 3431
3217312 3432
3217313 3432
3217314 3432
3217315 3432
3217408 3377
3217409 3378
3217410 3378
3217412 3377
3217413 3378
3217414 3378
3217416 3379
3217417 3380
3217418 3380
3217421 3381
3217422 3381
3217424 3433
3217426 3382
3217428 3383
3217429 3384
3217430 3384
3217432 3385
3217433 3386
3217434 3386
3217436 3387
3217437 3388
3217438 3388
3217441 3390
3217442 3390
3217472 3378
3217473 3377
3217474 3378
3217476 3378
3217477 3377
3217478 3378
3217480 3380
3217481 3379
3217482 3380
3217485 3434
3217486 3381
3217488 3382
3217490 3382
3217492 3384
3217493 3383
3217494 3384
3217496 3386
3217497 3385
3217498 3386
3217500 3388
3217501 3387
3217502 3388
3217504 3390
3217506 3390
3217536 3435
3217537 3435
3217538 3435
3217539 3435
3217540 3435
3217541 3435
3217542 3435
3217543 3435
3217544 3436
3217545 3436
3217546 3436
3217547 3436
3217549 3437
3217550 3437
3217551 3437
3217552 3438
3217554 3438
3217555 3438
3217556 3439
3217557 3439
3217558 3439
3217559 3439
3217560 3440
3217561 3440
3217562 3440
3217563 3440
3217564 3441
3217565 3441
3217566 3441
3217567 3441
3217568 3442
3217569 3442
3217571 3442
3228992 3443
3228993 3444
3228994 3444
3228996 3445
3228997 3446
3228998 3446
3229000 3447
3229001 3448
3229002 3448
3229005 3449
3229006 3449
3229008 3450
3229009 3451
3229010 3451
3229014 3452
3229016 3453
3229017 3454
3229018 3454
3229020 3455
3229021 3456
3229022 3456
3229024 3457
3229025 3458
3229026 3458
3229184 3459
3229185 3460
3229188 3461
3229189 3462
3229192 3463
3229193 3464
3229197 3465
3229200 3466
3229201 3467
3229205 3468
3229209 3469
3229212 3470
3229213 3471
3229216 3472
3229217 3473
3229248 3474
3229249 3475
3229250 3475
3229252 3476
3229253 3477
3229254 3477
3229256 3478
3229257 3479
3229258 3479
3229261 3480
3229262 3480
3229264 3481
3229265 3482
3229266 3482
3229269 3483
3229270 3483
3229272 3484
3229274 3485
3229276 3486
3229277 3487
3229278 3487
3229280 3488
3229281 3489
3229282 3489
3229440 3490
3229441 3491
3229444 3492
3229445 3493
3229448 3494
3229449 3495
3229453 3496
3229456 3497
3229457 3498
3229461 3499
3229464 3500
3229465 3501
3229469 3502
3229472 3503
3229473 3504
3229504 3505
3229505 3506
3229506 3506
3229508 3507
3229509 3508
3229510 3508
3229512 3509
3229513 3510
3229514 3510
3229517 3511
3229518 3511
3229520 3512
3229521 3513
3229522 3513
3229525 3514
3229526 3514
3229528 3515
3229529 3516
3229530 3516
3229532 3517
3229534 3518
3229536 3519
3229537 3520
3229538 3520
3229696 3521
3229697 3522
3229700 3523
3229701 3524
3229704 3525
3229705 3526
3229709 3527
3229712 3528
3229713 3529
3229717 3530
3229720 3531
3229721 3532
3229724 3531
3229725 3532
3229729 3533
3229760 3534
3229761 3535
3229762 3535
3229764 3536
3229765 3537
3229766 3537
3229768 3538
3229769 3539
3229770 3539
3229773 3540
3229774 3540
3229776 3541
3229777 3542
3229778 3542
3229781 3543
3229782 3543
3229784 3544
3229785 3545
3229786 3545
3229788 3544
3229789 3545
3229790 3545
3229792 3546
3229794 3547
3233152 3548
3233153 3548
3233155 3548
3233156 3549
3233157 3549
3233159 3549
3233160 3550
3233161 3550
3233163 3550
3233165 3551
3233167 3551
3233168 3552
3233169 3552
3233171 3552
3233172 3553
3233175 3553
3233176 3554
3233177 3554
3233179 3554
3233180 3555
3233181 3555
3233183 3555
3233184 3556
3233185 3556
3233187 3556
3233280 3474
3233281 3475
3233282 3475
3233284 3476
3233285 3477
3233286 3477
3233288 3478
3233289 3479
3233290 3479
3233293 3480
3233294 3480
3233296 3481
3233297 3482
3233298 3482
3233300 3557
3233302 3483
3233305 3485
3233306 3485
3233308 3486
3233309 3487
3233310 3487
3233312 3488
3233313 3489
3233314 3489
3233344 3475
3233345 3474
3233346 3475
3233348 3477
3233349 3476
3233350 3477
3233352 3479
3233353 3478
3233354 3479
3233357 3558
3233358 3480
3233360 3482
3233361 3481
3233362 3482
3233364 3483
3233366 3483
3233368 3485
3233370 3485
3233372 3487
3233373 3486
3233374 3487
3233376 3489
3233377 3488
3233378 3489
3233408 3559
3233409 3559
3233410 3559
3233411 3559
3233412 3560
3233413 3560
3233414 3560
3233415 3560
3233416 3561
3233417 3561
3233418 3561
3233419 3561
3233421 3562
3233422 3562
3233423 3562
3233424 3563
3233425 3563
3233426 3563
3233427 3563
3233428 3564
3233430 3564
3233431 3564
3233432 3565
3233433 3565
3233435 3565
3233436 3566
3233437 3566
3233438 3566
3233439 3566
3233440 3567
3233441 3567
3233442 3567
3233443 3567
3233536 3505
3233537 3506
3233538 3506
3233540 3507
3233541 3508
3233542 3508
3233544 3509
3233545 3510
3233546 3510
3233549 3511
3233550 3511
3233552 3512
3233553 3513
3233554 3513
3233556 3568
3233558 3514
3233560 3515
3233561 3516
3233562 3516
3233565 3518
3233566 3518
3233568 3519
3233569 3520
3233570 3520
3233600 3506
3233601 3505
3233602 3506
3233604 3508
3233605 3507
3233606 3508
3233608 3510
3233609 3509
3233610 3510
3233613 3569
3233614 3511
3233616 3513
3233617 3512
3233618 3513
3233620 3514
3233622 3514
3233624 3516
3233625 3515
3233626 3516
3233628 3518
3233630 3518
3233632 3520
3233633 3519
3233634 3520
3233664 3570
3233665 3570
3233666 3570
3233667 3570
3233668 3571
3233669 3571
3233670 3571
3233671 3571
3233672 3572
3233673 3572
3233674 3572
3233675 3572
3233677 3573
3233678 3573
3233679 3573
3233680 3574
3233681 3574
3233682 3574
3233683 3574
3233684 3575
3233686 3575
3233687 3575
3233688 3576
3233689 3576
3233690 3576
3233691 3576
3233692 3577
3233693 3577
3233695 3577
3233696 3578
3233697 3578
3233698 3578
3233699 3578
3233792 3534
3233793 3535
3233794 3535
3233796 3536
3233797 3537
3233798 3537
3233800 3538
3233801 3539
3233802 3539
3233805 3540
3233806 3540
3233808 3541
3233809 3542
3233810 3542
3233812 3579
3233814 3543
3233816 3544
3233817 3545
3233818 3545
3233820 3544
3233821 3545
3233822 3545
3233825 3547
3233826 3547
3233856 3535
3233857 3534
3233858 3535
3233860 3537
3233861 3536
3233862 3537
3233864 3539
3233865 3538
3233866 3539
3233869 3580
3233870 3540
3233872 3542
3233873 3541
3233874 3542
3233876 3543
3233878 3543
3233880 3545
3233881 3544
3233882 3545
3233884 3545
3233885 3544
3233886 3545
3233888 3547
3233890 3547
3233920 3581
3233921 3581
3233922 3581
3233923 3581
3233924 3582
3233925 3582
3233926 3582
3233927 3582
3233928 3583
3233929 3583
3233930 3583
3233931 3583
3233933 3584
3233934 3584
3233935 3584
3233936 3585
3233937 3585
3233938 3585
3233939 3585
3233940 3586
3233942 3586
3233943 3586
3233944 3587
3233945 3587
3233946 3587
3233947 3587
3233948 3587
3233949 3587
3233950 3587
3233951 3587
3233952 3588
3233953 3588
3233955 3588
3245632 3589
3245633 3590
3245634 3590
3245636 3589
3245637 3590
3245638 3590
3245640 3591
3245641 3592
3245642 3592
3245645 3593
3245646 3593
3245648 3594
3245649 3595
3245650 3595
3245652 3594
3245653 3595
3245654 3595
3245658 3596
3245660 3597
3245661 3598
3245662 3598
3245664 3599
3245665 3600
3245666 3600
3245824 3601
3245825 3602
3245828 3601
3245829 3602
3245832 3603
3245833 3604
3245837 3605
3245840 3606
3245841 3607
3245844 3606
3245845 3607
3245849 3608
3245853 3609
3245856 3610
3245857 3611
3245888 3612
3245889 3613
3245890 3613
3245892 3612
3245893 3613
3245894 3613
3245896 3614
3245897 3615
3245898 3615
3245901 3616
3245902 3616
3245904 3617
3245905 3618
3245906 3618
3245908 3617
3245909 3618
3245910 3618
3245913 3619
3245914 3619
3245916 3620
3245918 3621
3245920 3622
3245921 3623
3245922 3623
3246080 3624
3246081 3625
3246084 3624
3246085 3625
3246088 3626
3246089 3627
3246093 3628
3246096 3629
3246097 3630
3246100 3629
3246101 3630
3246105 3631
3246108 3632
3246109 3633
3246113 3634
3246144 3635
3246145 3636
3246146 3636
3246148 3635
3246149 3636
3246150 3636
3246152 3637
3246153 3638
3246154 3638
3246157 3639
3246158 3639
3246160 3640
3246161 3641
3246162 3641
3246164 3640
3246165 3641
3246166 3641
3246169 3642
3246170 3642
3246172 3643
3246173 3644
3246174 3644
3246176 3645
3246178 3646
3249792 3647
3249793 3647
3249795 3647
3249796 3647
3249797 3647
3249799 3647
3249800 3648
3249801 3648
3249803 3648
3249805 3649
3249807 3649
3249808 3650
3249809 3650
3249811 3650
3249812 3650
3249813 3650
3249815 3650
3249816 3651
3249819 3651
3249820 3652
3249821 3652
3249823 3652
3249824 3653
3249825 3653
3249827 3653
3249920 3612
3249921 3613
3249922 3613
3249924 3612
3249925 3613
3249926 3613
3249928 3614
3249929 3615
3249930 3615
3249933 3616
3249934 3616
3249936 3617
3249937 3618
3249938 3618
3249940 3617
3249941 3618
3249942 3618
3249944 3654
3249946 3619
3249949 3621
3249950 3621
3249952 3622
3249953 3623
3249954 3623
3249984 3613
3249985 3612
3249986 3613
3249988 3613
3249989 3612
3249990 3613
3249992 3615
3249993 3614
3249994 3615
3249997 3655
3249998 3616
3250000 3618
3250001 3617
3250002 3618
3250004 3618
3250005 3617
3250006 3618
3250008 3619
3250010 3619
3250012 3621
3250014 3621
3250016 3623
3250017 3622
3250018 3623
3250048 3656
3250049 3656
3250050 3656
3250051 3656
3250052 3656
3250053 3656
3250054 3656
3250055 3656
3250056 3657
3250057 3657
3250058 3657
3250059 3657
3250061 3658
3250062 3658
3250063 3658
3250064 3659
3250065 3659
3250066 3659
3250067 3659
3250068 3659
3250069 3659
3250070 3659
3250071 3659
3250072 3660
3250074 3660
3250075 3660
3250076 3661
3250077 3661
3250079 3661
3250080 3662
3250081 3662
3250082 3662
3250083 3662
3250176 3635
3250177 3636
3250178 3636
3250180 3635
3250181 3636
3250182 3636
3250184 3637
3250185 3638
3250186 3638
3250189 3639
3250190 3639
3250192 3640
3250193 3641
3250194 3641
3250196 3640
3250197 3641
3250198 3641
3250200 3663
3250202 3642
3250204 3643
3250205 3644
3250206 3644
3250209 3646
3250210 3646
3250240 3636
3250241 3635
3250242 3636
3250244 3636
3250245 3635
3250246 3636
3250248 3638
3250249 3637
3250250 3638
3250253 3664
3250254 3639
3250256 3641
3250257 3640
3250258 3641
3250260 3641
3250261 3640
3250262 3641
3250264 3642
3250266 3642
3250268 3644
3250269 3643
3250270 3644
3250272 3646
3250274 3646
3250304 3665
3250305 3665
3250306 3665
3250307 3665
3250308 3665
3250309 3665
3250310 3665
3250311 3665
3250312 3666
3250313 3666
3250314 3666
3250315 3666
3250317 3667
3250318 3667
3250319 3667
3250320 3668
3250321 3668
3250322 3668
3250323 3668
3250324 3668
3250325 3668
3250326 3668
3250327 3668
3250328 3669
3250330 3669
3250331 3669
3250332 3670
3250333 3670
3250334 3670
3250335 3670
3250336 3671
3250337 3671
3250339 3671
3262272 3672
3262273 3673
3262274 3673
3262276 3672
3262277 3673
3262278 3673
3262280 3674
3262281 3675
3262282 3675
3262285 3676
3262286 3676
3262288 3677
3262289 3678
3262290 3678
3262292 3677
3262293 3678
3262294 3678
3262296 3679
3262297 3680
3262298 3680
3262302 3681
3262304 3682
3262305 3683
3262306 3683
3262464 3684
3262465 3685
3262468 3684
3262469 3685
3262472 3686
3262473 3687
3262477 3688
3262480 3689
3262481 3690
3262484 3689
3262485 3690
3262488 3691
3262489 3692
3262493 3693
3262497 3694
3262528 3695
3262529 3696
3262530 3696
3262532 3695
3262533 3696
3262534 3696
3262536 3697
3262537 3698
3262538 3698
3262541 3699
3262542 3699
3262544 3700
3262545 3701
3262546 3701
3262548 3700
3262549 3701
3262550 3701
3262552 3702
3262553 3703
3262554 3703
3262557 3704
3262558 3704
3262560 3705
3262562 3706
3266432 3707
3266433 3707
3266435 3707
3266436 3707
3266437 3707
3266439 3707
3266440 3708
3266441 3708
3266443 3708
3266445 3709
3266447 3709
3266448 3710
3266449 3710
3266451 3710
3266452 3710
3266453 3710
3266455 3710
3266456 3711
3266457 3711
3266459 3711
3266460 3712
3266463 3712
3266464 3713
3266465 3713
3266467 3713
3266560 3695
3266561 3696
3266562 3696
3266564 3695
3266565 3696
3266566 3696
3266568 3697
3266569 3698
3266570 3698
3266573 3699
3266574 3699
3266576 3700
3266577 3701
3266578 3701
3266580 3700
3266581 3701
3266582 3701
3266584 3702
3266585 3703
3266586 3703
3266588 3714
3266590 3704
3266593 3706
3266594 3706
3266624 3696
3266625 3695
3266626 3696
3266628 3696
3266629 3695
3266630 3696
3266632 3698
3266633 3697
3266634 3698
3266637 3715
3266638 3699
3266640 3701
3266641 3700
3266642 3701
3266644 3701
3266645 3700
3266646 3701
3266648 3703
3266649 3702
3266650 3703
3266652 3704
3266654 3704
3266656 3706
3266658 3706
3266688 3716
3266689 3716
3266690 3716
3266691 3716
3266692 3716
3266693 3716
3266694 3716
3266695 3716
3266696 3717
3266697 3717
3266698 3717
3266699 3717
3266701 3718
3266702 3718
3266703 3718
3266704 3719
3266705 3719
3266706 3719
3266707 3719
3266708 3719
3266709 3719
3266710 3719
3266711 3719
3266712 3720
3266713 3720
3266714 3720
3266715 3720
3266716 3721
3266718 3721
3266719 3721
3266720 3722
3266721 3722
3266723 3722
3278912 3723
3278913 3724
3278914 3724
3278916 3723
3278917 3724
3278918 3724
3278920 3725
3278921 3726
3278922 3726
3278925 3727
3278926 3727
3278928 3728
3278929 3729
3278930 3729
3278932 3728
3278933 3729
3278934 3729
3278936 3730
3278937 3731
3278938 3731
3278940 3730
3278941 3731
3278942 3731
3278946 3732
3283072 3733
3283073 3733
3283075 3733
3283076 3733
3283077 3733
3283079 3733
3283080 3734
3283081 3734
3283083 3734
3283085 3735
3283087 3735
3283088 3736
3283089 3736
3283091 3736
3283092 3736
3283093 3736
3283095 3736
3283096 3737
3283097 3737
3283099 3737
3283100 3737
3283101 3737
3283103 3737
3283104 3738
3283107 3738
4265088 3739
4265091 3739
4265092 3739
4265095 3739
4265096 3740
4265099 3740
4265100 3740
4265103 3740
4265107 3741
4265108 3742
4265111 3742
4265112 3742
4265115 3742
4265116 3743
4265119 3743
4265120 3743
4265123 3743
4265216 3744
4265217 3745
4265218 3745
4265220 3746
4265221 3747
4265222 3747
4265224 3748
4265225 3749
4265226 3749
4265228 3750
4265229 3751
4265230 3751
4265234 3752
4265237 3753
4265238 3753
4265240 3754
4265241 3755
4265242 3755
4265244 3756
4265245 3757
4265246 3757
4265248 3758
4265249 3759
4265250 3759
4265344 3760
4265346 3760
4265347 3760
4265348 3761
4265350 3761
4265351 3761
4265352 3762
4265354 3762
4265355 3762
4265356 3763
4265358 3763
4265359 3763
4265362 3764
4265363 3764
4265364 3765
4265367 3765
4265368 3766
4265370 3766
4265371 3766
4265372 3767
4265374 3767
4265375 3767
4265376 3768
4265378 3768
4265379 3768
4265472 3769
4265473 3770
4265474 3770
4265476 3769
4265477 3770
4265478 3770
4265480 3771
4265481 3772
4265482 3772
4265484 3773
4265485 3774
4265486 3774
4265490 3775
4265492 3776
4265493 3777
4265494 3777
4265497 3778
4265498 3778
4265500 3779
4265501 3780
4265502 3780
4265504 3781
4265505 3782
4265506 3782
4265600 3783
4265602 3783
4265603 3783
4265604 3783
4265606 3783
4265607 3783
4265608 3784
4265610 3784
4265611 3784
4265612 3785
4265614 3785
4265615 3785
4265618 3786
4265619 3786
4265620 3787
4265622 3787
4265623 3787
4265624 3788
4265627 3788
4265628 3789
4265630 3789
4265631 3789
4265632 3790
4265634 3790
4265635 3790
4265728 3791
4265729 3792
4265730 3792
4265732 3791
4265733 3792
4265734 3792
4265736 3793
4265737 3794
4265738 3794
4265740 3795
4265741 3796
4265742 3796
4265746 3797
4265748 3798
4265749 3799
4265750 3799
4265752 3798
4265753 3799
4265754 3799
4265757 3800
4265758 3800
4265760 3801
4265761 3802
4265762 3802
4265856 3803
4265858 3803
4265859 3803
4265860 3803
4265862 3803
4265863 3803
4265864 3804
4265866 3804
4265867 3804
4265868 3805
4265870 3805
4265871 3805
4265874 3806
4265875 3806
4265876 3807
4265878 3807
4265879 3807
4265880 3807
4265882 3807
4265883 3807
4265884 3808
4265887 3808
4265888 3809
4265890 3809
4265891 3809
4265984 3810
4265985 3811
4265986 3811
4265988 3810
4265989 3811
4265990 3811
4265992 3812
4265993 3813
4265994 3813
4265996 3812
4265997 3813
4265998 3813
4266002 3814
4266004 3815
4266005 3816
4266006 3816
4266008 3815
4266009 3816
4266010 3816
4266012 3817
4266013 3818
4266014 3818
4266017 3819
4266018 3819
4266112 3820
4266114 3820
4266115 3820
4266116 3820
4266118 3820
4266119 3820
4266120 3821
4266122 3821
4266123 3821
4266124 3821
4266126 3821
4266127 3821
4266130 3822
4266131 3822
4266132 3823
4266134 3823
4266135 3823
4266136 3823
4266138 3823
4266139 3823
4266140 3824
4266142 3824
4266143 3824
4266144 3825
4266147 3825
4277568 3826
4277569 3827
4277570 3827
4277572 3828
4277573 3829
4277574 3829
4277576 3830
4277577 3831
4277578 3831
4277580 3832
4277581 3833
4277582 3833
4277585 3834
4277586 3834
4277590 3835
4277592 3836
4277593 3837
4277594 3837
4277596 3838
4277597 3839
4277598 3839
4277600 3840
4277601 3841
4277602 3841
4277760 3842
4277761 3843
4277764 3844
4277765 3845
4277768 3846
4277769 3847
4277772 3848
4277773 3849
4277777 3850
4277781 3851
4277785 3852
4277788 3853
4277789 3854
4277792 3855
4277793 3856
4277824 3857
4277825 3858
4277826 3858
4277828 3859
4277829 3860
4277830 3860
4277832 3861
4277833 3862
4277834 3862
4277836 3863
4277837 3864
4277838 3864
4277841 3865
4277842 3865
4277845 3866
4277846 3866
4277848 3867
4277850 3868
4277852 3869
4277853 3870
4277854 3870
4277856 3871
4277857 3872
4277858 3872
4278016 3873
4278017 3874
4278020 3875
4278021 3876
4278024 3877
4278025 3878
4278028 3879
4278029 3880
4278033 3881
4278037 3882
4278040 3883
4278041 3884
4278045 3885
4278048 3886
4278049 3887
4278080 3888
4278081 3889
4278082 3889
4278084 3890
4278085 3891
4278086 3891
4278088 3892
4278089 3893
4278090 3893
4278092 3894
4278093 3895
4278094 3895
4278097 3896
4278098 3896
4278101 3897
4278102 3897
4278104 3898
4278105 3899
4278106 3899
4278108 3900
4278110 3901
4278112 3902
4278113 3903
4278114 3903
4278272 3904
4278273 3905
4278276 3906
4278277 3907
4278280 3908
4278281 3909
4278284 3908
4278285 3909
4278289 3910
4278293 3911
4278296 3912
4278297 3913
4278300 3914
4278301 3915
4278305 3916
4278336 3917
4278337 3918
4278338 3918
4278340 3919
4278341 3920
4278342 3920
4278344 3921
4278345 3922
4278346 3922
4278348 3921
4278349 3922
4278350 3922
4278353 3923
4278354 3923
4278357 3924
4278358 3924
4278360 3925
4278361 3926
4278362 3926
4278364 3927
4278365 3928
4278366 3928
4278368 3929
4278370 3930
4281728 3931
4281729 3931
4281731 3931
4281732 3932
4281733 3932
4281735 3932
4281736 3933
4281737 3933
4281739 3933
4281740 3934
4281741 3934
4281743 3934
4281745 3935
4281747 3935
4281748 3936
4281751 3936
4281752 3937
4281753 3937
4281755 3937
4281756 3938
4281757 3938
4281759 3938
4281760 3939
4281761 3939
4281763 3939
4281856 3857
4281857 3858
4281858 3858
4281860 3859
4281861 3860
4281862 3860
4281864 3861
4281865 3862
4281866 3862
4281868 3863
4281869 3864
4281870 3864
4281873 3865
4281874 3865
4281876 3940
4281878 3866
4281881 3868
4281882 3868
4281884 3869
4281885 3870
4281886 3870
4281888 3871
4281889 3872
4281890 3872
4281920 3858
4281921 3857
4281922 3858
4281924 3860
4281925 3859
4281926 3860
4281928 3862
4281929 3861
4281930 3862
4281932 3864
4281933 3863
4281934 3864
4281937 3941
4281938 3865
4281940 3866
4281942 3866
4281944 3868
4281946 3868
4281948 3870
4281949 3869
4281950 3870
4281952 3872
4281953 3871
4281954 3872
4281984 3942
4281985 3942
4281986 3942
4281987 3942
4281988 3943
4281989 3943
4281990 3943
4281991 3943
4281992 3944
4281993 3944
4281994 3944
4281995 3944
4281996 3945
4281997 3945
4281998 3945
4281999 3945
4282001 3946
4282002 3946
4282003 3946
4282004 3947
4282006 3947
4282007 3947
4282008 3948
4282009 3948
4282011 3948
4282012 3949
4282013 3949
4282014 3949
4282015 3949
4282016 3950
4282017 3950
4282018 3950
4282019 3950
4282112 3888
4282113 3889
4282114 3889
4282116 3890
4282117 3891
4282118 3891
4282120 3892
4282121 3893
4282122 3893
4282124 3894
4282125 3895
4282126 3895
4282129 3896
4282130 3896
4282132 3951
4282134 3897
4282136 3898
4282137 3899
4282138 3899
4282141 3901
4282142 3901
4282144 3902
4282145 3903
4282146 3903
4282176 3889
4282177 3888
4282178 3889
4282180 3891
4282181 3890
4282182 3891
4282184 3893
4282185 3892
4282186 3893
4282188 3895
4282189 3894
4282190 3895
4282193 3952
4282194 3896
4282196 3897
4282198 3897
4282200 3899
4282201 3898
4282202 3899
4282204 3901
4282206 3901
4282208 3903
4282209 3902
4282210 3903
4282240 3953
4282241 3953
4282242 3953
4282243 3953
4282244 3954
4282245 3954
4282246 3954
4282247 3954
4282248 3955
4282249 3955
4282250 3955
4282251 3955
4282252 3956
4282253 3956
4282254 3956
4282255 3956
4282257 3957
4282258 3957
4282259 3957
4282260 3958
4282262 3958
4282263 3958
4282264 3959
4282265 3959
4282266 3959
4282267 3959
4282268 3960
4282269 3960
4282271 3960
4282272 3961
4282273 3961
4282274 3961
4282275 3961
4282368 3917
4282369 3918
4282370 3918
4282372 3919
4282373 3920
4282374 3920
4282376 3921
4282377 3922
4282378 3922
4282380 3921
4282381 3922
4282382 3922
4282385 3923
4282386 3923
4282388 3962
4282390 3924
4282392 3925
4282393 3926
4282394 3926
4282396 3927
4282397 3928
4282398 3928
4282401 3930
4282402 3930
4282432 3918
4282433 3917
4282434 3918
4282436 3920
4282437 3919
4282438 3920
4282440 3922
4282441 3921
4282442 3922
4282444 3922
4282445 3921
4282446 3922
4282449 3963
4282450 3923
4282452 3924
4282454 3924
4282456 3926
4282457 3925
4282458 3926
4282460 3928
4282461 3927
4282462 3928
4282464 3930
4282466 3930
4282496 3964
4282497 3964
4282498 3964
4282499 3964
4282500 3965
4282501 3965
4282502 3965
4282503 3965
4282504 3966
4282505 3966
4282506 3966
4282507 3966
4282508 3966
4282509 3966
4282510 3966
4282511 3966
4282513 3967
4282514 3967
4282515 3967
4282516 3968
4282518 3968
4282519 3968
4282520 3969
4282521 3969
4282522 3969
4282523 3969
4282524 3970
4282525 3970
4282526 3970
4282527 3970
4282528 3971
4282529 3971
4282531 3971
4294208 3972
4294209 3973
4294210 3973
4294212 3972
4294213 3973
4294214 3973
4294216 3974
4294217 3975
4294218 3975
4294220 3976
4294221 3977
4294222 3977
4294225 3978
4294226 3978
4294228 3979
4294229 3980
4294230 3980
4294234 3981
4294236 3982
4294237 3983
4294238 3983
4294240 3984
4294241 3985
4294242 3985
4294400 3986
4294401 3987
4294404 3986
4294405 3987
4294408 3988
4294409 3989
4294412 3990
4294413 3991
4294417 3992
4294420 3993
4294421 3994
4294425 3995
4294429 3996
4294432 3997
4294433 3998
4294464 3999
4294465 4000
4294466 4000
4294468 3999
4294469 4000
4294470 4000
4294472 4001
4294473 4002
4294474 4002
4294476 4003
4294477 4004
4294478 4004
4294481 4005
4294482 4005
4294484 4006
4294485 4007
4294486 4007
4294489 4008
4294490 4008
4294492 4009
4294494 4010
4294496 4011
4294497 4012
4294498 4012
4294656 4013
4294657 4014
4294660 4013
4294661 4014
4294664 4015
4294665 4016
4294668 4017
4294669 4018
4294673 4019
4294676 4020
4294677 4021
4294681 4022
4294684 4023
4294685 4024
4294689 4025
4294720 4026
4294721 4027
4294722 4027
4294724 4026
4294725 4027
4294726 4027
4294728 4028
4294729 4029
4294730 4029
4294732 4030
4294733 4031
4294734 4031
4294737 4032
4294738 4032
4294740 4033
4294741 4034
4294742 4034
4294745 4035
4294746 4035
4294748 4036
4294749 4037
4294750 4037
4294752 4038
4294754 4039
4298368 4040
4298369 4040
4298371 4040
4298372 4040
4298373 4040
4298375 4040
4298376 4041
4298377 4041
4298379 4041
4298380 4042
4298381 4042
4298383 4042
4298385 4043
4298387 4043
4298388 4044
4298389 4044
4298391 4044
4298392 4045
4298395 4045
4298396 4046
4298397 4046
4298399 4046
4298400 4047
4298401 4047
4298403 4047
4298496 3999
4298497 4000
4298498 4000
4298500 3999
4298501 4000
4298502 4000
4298504 4001
4298505 4002
4298506 4002
4298508 4003
4298509 4004
4298510 4004
4298513 4005
4298514 4005
4298516 4006
4298517 4007
4298518 4007
4298520 4048
4298522 4008
4298525 4010
4298526 4010
4298528 4011
4298529 4012
4298530 4012
4298560 4000
4298561 3999
4298562 4000
4298564 4000
4298565 3999
4298566 4000
4298568 4002
4298569 4001
4298570 4002
4298572 4004
4298573 4003
4298574 4004
4298577 4049
4298578 4005
4298580 4007
4298581 4006
4298582 4007
4298584 4008
4298586 4008
4298588 4010
4298590 4010
4298592 4012
4298593 4011
4298594 4012
4298624 4050
4298625 4050
4298626 4050
4298627 4050
4298628 4050
4298629 4050
4298630 4050
4298631 4050
4298632 4051
4298633 4051
4298634 4051
4298635 4051
4298636 4052
4298637 4052
4298638 4052
4298639 4052
4298641 4053
4298642 4053
4298643 4053
4298644 4054
4298645 4054
4298646 4054
4298647 4054
4298648 4055
4298650 4055
4298651 4055
4298652 4056
4298653 4056
4298655 4056
4298656 4057
4298657 4057
4298658 4057
4298659 4057
4298752 4026
4298753 4027
4298754 4027
4298756 4026
4298757 4027
4298758 4027
4298760 4028
4298761 4029
4298762 4029
4298764 4030
4298765 4031
4298766 4031
4298769 4032
4298770 4032
4298772 4033
4298773 4034
4298774 4034
4298776 4058
4298778 4035
4298780 4036
4298781 4037
4298782 4037
4298785 4039
4298786 4039
4298816 4027
4298817 4026
4298818 4027
4298820 4027
4298821 4026
4298822 4027
4298824 4029
4298825 4028
4298826 4029
4298828 4031
4298829 4030
4298830 4031
4298833 4059
4298834 4032
4298836 4034
4298837 4033
4298838 4034
4298840 4035
4298842 4035
4298844 4037
4298845 4036
4298846 4037
4298848 4039
4298850 4039
4298880 4060
4298881 4060
4298882 4060
4298883 4060
4298884 4060
4298885 4060
4298886 4060
4298887 4060
4298888 4061
4298889 4061
4298890 4061
4298891 4061
4298892 4062
4298893 4062
4298894 4062
4298895 4062
4298897 4063
4298898 4063
4298899 4063
4298900 4064
4298901 4064
4298902 4064
4298903 4064
4298904 4065
4298906 4065
4298907 4065
4298908 4066
4298909 4066
4298910 4066
4298911 4066
4298912 4067
4298913 4067
4298915 4067
4310848 4068
4310849 4069
4310850 4069
4310852 4068
4310853 4069
4310854 4069
4310856 4070
4310857 4071
4310858 4071
4310860 4072
4310861 4073
4310862 4073
4310865 4074
4310866 4074
4310868 4075
4310869 4076
4310870 4076
4310872 4075
4310873 4076
4310874 4076
4310878 4077
4310880 4078
4310881 4079
4310882 4079
4311040 4080
4311041 4081
4311044 4080
4311045 4081
4311048 4082
4311049 4083
4311052 4084
4311053 4085
4311057 4086
4311060 4087
4311061 4088
4311064 4087
4311065 4088
4311069 4089
4311073 4090
4311104 4091
4311105 4092
4311106 4092
4311108 4091
4311109 4092
4311110 4092
4311112 4093
4311113 4094
4311114 4094
4311116 4095
4311117 4096
4311118 4096
4311121 4097
4311122 4097
4311124 4098
4311125 4099
4311126 4099
4311128 4098
4311129 4099
4311130 4099
4311133 4100
4311134 4100
4311136 4101
4311138 4102
4315008 4103
4315009 4103
4315011 4103
4315012 4103
4315013 4103
4315015 4103
4315016 4104
4315017 4104
4315019 4104
4315020 4105
4315021 4105
4315023 4105
4315025 4106
4315027 4106
4315028 4107
4315029 4107
4315031 4107
4315032 4107
4315033 4107
4315035 4107
4315036 4108
4315039 4108
4315040 4109
4315041 4109
4315043 4109
4315136 4091
4315137 4092
4315138 4092
4315140 4091
4315141 4092
4315142 4092
4315144 4093
4315145 4094
4315146 4094
4315148 4095
4315149 4096
4315150 4096
4315153 4097
4315154 4097
4315156 4098
4315157 4099
4315158 4099
4315160 4098
4315161 4099
4315162 4099
4315164 4110
4315166 4100
4315169 4102
4315170 4102
4315200 4092
4315201 4091
4315202 4092
4315204 4092
4315205 4091
4315206 4092
4315208 4094
4315209 4093
4315210 4094
4315212 4096
4315213 4095
4315214 4096
4315217 4111
4315218 4097
4315220 4099
4315221 4098
4315222 4099
4315224 4099
4315225 4098
4315226 4099
4315228 4100
4315230 4100
4315232 4102
4315234 4102
4315264 4112
4315265 4112
4315266 4112
4315267 4112
4315268 4112
4315269 4112
4315270 4112
4315271 4112
4315272 4113
4315273 4113
4315274 4113
4315275 4113
4315276 4114
4315277 4114
4315278 4114
4315279 4114
4315281 4115
4315282 4115
4315283 4115
4315284 4116
4315285 4116
4315286 4116
4315287 4116
4315288 4116
4315289 4116
4315290 4116
4315291 4116
4315292 4117
4315294 4117
4315295 4117
4315296 4118
4315297 4118
4315299 4118
4327488 4119
4327489 4120
4327490 4120
4327492 4119
4327493 4120
4327494 4120
4327496 4121
4327497 4122
4327498 4122
4327500 4121
4327501 4122
4327502 4122
4327505 4123
4327506 4123
4327508 4124
4327509 4125
4327510 4125
4327512 4124
4327513 4125
4327514 4125
4327516 4126
4327517 4127
4327518 4127
4327522 4128
4331648 4129
4331649 4129
4331651 4129
4331652 4129
4331653 4129
4331655 4129
4331656 4130
4331657 4130
4331659 4130
4331660 4130
4331661 4130
4331663 4130
4331665 4131
4331667 4131
4331668 4132
4331669 4132
4331671 4132
4331672 4132
4331673 4132
4331675 4132
4331676 4133
4331677 4133
4331679 4133
4331680 4134
4331683 4134
5330304 4135
5330307 4135
5330308 4135
5330311 4135
5330312 4135
5330315 4135
5330316 4136
5330319 4136
5330320 4136
5330323 4136
5330327 4137
5330328 4138
5330331 4138
5330332 4138
5330335 4138
5330336 4139
5330339 4139
5330432 4140
5330433 4141
5330434 4141
5330436 4140
5330437 4141
5330438 4141
5330440 4142
5330441 4143
5330442 4143
5330444 4144
5330445 4145
5330446 4145
5330448 4146
5330449 4147
5330450 4147
5330454 4148
5330457 4149
5330458 4149
5330460 4150
5330461 4151
5330462 4151
5330464 4152
5330465 4153
5330466 4153
5330560 4154
5330562 4154
5330563 4154
5330564 4154
5330566 4154
5330567 4154
5330568 4155
5330570 4155
5330571 4155
5330572 4156
5330574 4156
5330575 4156
5330576 4157
5330578 4157
5330579 4157
5330582 4158
5330583 4158
5330584 4159
5330587 4159
5330588 4160
5330590 4160
5330591 4160
5330592 4161
5330594 4161
5330595 4161
5330688 4162
5330689 4163
5330690 4163
5330692 4162
5330693 4163
5330694 4163
5330696 4162
5330697 4163
5330698 4163
5330700 4164
5330701 4165
5330702 4165
5330704 4166
5330705 4167
5330706 4167
5330710 4168
5330712 4169
5330713 4170
5330714 4170
5330717 4171
5330718 4171
5330720 4172
5330721 4173
5330722 4173
5330816 4174
5330818 4174
5330819 4174
5330820 4174
5330822 4174
5330823 4174
5330824 4174
5330826 4174
5330827 4174
5330828 4175
5330830 4175
5330831 4175
5330832 4176
5330834 4176
5330835 4176
5330838 4177
5330839 4177
5330840 4178
5330842 4178
5330843 4178
5330844 4179
5330847 4179
5330848 4180
5330850 4180
5330851 4180
5330944 4181
5330945 4182
5330946 4182
5330948 4181
5330949 4182
5330950 4182
5330952 4181
5330953 4182
5330954 4182
5330956 4183
5330957 4184
5330958 4184
5330960 4185
5330961 4186
5330962 4186
5330966 4187
5330968 4188
5330969 4189
5330970 4189
5330972 4188
5330973 4189
5330974 4189
5330977 4190
5330978 4190
5331072 4191
5331074 4191
5331075 4191
5331076 4191
5331078 4191
5331079 4191
5331080 4191
5331082 4191
5331083 4191
5331084 4192
5331086 4192
5331087 4192
5331088 4193
5331090 4193
5331091 4193
5331094 4194
5331095 4194
5331096 4195
5331098 4195
5331099 4195
5331100 4195
5331102 4195
5331103 4195
5331104 4196
5331107 4196
5342784 4197
5342785 4198
5342786 4198
5342788 4197
5342789 4198
5342790 4198
5342792 4199
5342793 4200
5342794 4200
5342796 4201
5342797 4202
5342798 4202
5342800 4203
5342801 4204
5342802 4204
5342805 4205
5342806 4205
5342810 4206
5342812 4207
5342813 4208
5342814 4208
5342816 4209
5342817 4210
5342818 4210
5342976 4211
5342977 4212
5342980 4211
5342981 4212
5342984 4213
5342985 4214
5342988 4215
5342989 4216
5342992 4217
5342993 4218
5342997 4219
5343001 4220
5343005 4221
5343008 4222
5343009 4223
5343040 4224
5343041 4225
5343042 4225
5343044 4224
5343045 4225
5343046 4225
5343048 4226
5343049 4227
5343050 4227
5343052 4228
5343053 4229
5343054 4229
5343056 4230
5343057 4231
5343058 4231
5343061 4232
5343062 4232
5343065 4233
5343066 4233
5343068 4234
5343070 4235
5343072 4236
5343073 4237
5343074 4237
5343232 4238
5343233 4239
5343236 4238
5343237 4239
5343240 4240
5343241 4241
5343244 4242
5343245 4243
5343248 4244
5343249 4245
5343253 4246
5343257 4247
5343260 4248
5343261 4249
5343265 4250
5343296 4251
5343297 4252
5343298 4252
5343300 4251
5343301 4252
5343302 4252
5343304 4253
5343305 4254
5343306 4254
5343308 4255
5343309 4256
5343310 4256
5343312 4257
5343313 4258
5343314 4258
5343317 4259
5343318 4259
5343321 4260
5343322 4260
5343324 4261
5343325 4262
5343326 4262
5343328 4263
5343330 4264
5346944 4265
5346945 4265
5346947 4265
5346948 4265
5346949 4265
5346951 4265
5346952 4266
5346953 4266
5346955 4266
5346956 4267
5346957 4267
5346959 4267
5346960 4268
5346961 4268
5346963 4268
5346965 4269
5346967 4269
5346968 4270
5346971 4270
5346972 4271
5346973 4271
5346975 4271
5346976 4272
5346977 4272
5346979 4272
5347072 4224
5347073 4225
5347074 4225
5347076 4224
5347077 4225
5347078 4225
5347080 4226
5347081 4227
5347082 4227
5347084 4228
5347085 4229
5347086 4229
5347088 4230
5347089 4231
5347090 4231
5347093 4232
5347094 4232
5347096 4273
5347098 4233
5347101 4235
5347102 4235
5347104 4236
5347105 4237
5347106 4237
5347136 4225
5347137 4224
5347138 4225
5347140 4225
5347141 4224
5347142 4225
5347144 4227
5347145 4226
5347146 4227
5347148 4229
5347149 4228
5347150 4229
5347152 4231
5347153 4230
5347154 4231
5347157 4274
5347158 4232
5347160 4233
5347162 4233
5347164 4235
5347166 4235
5347168 4237
5347169 4236
5347170 4237
5347200 4275
5347201 4275
5347202 4275
5347203 4275
5347204 4275
5347205 4275
5347206 4275
5347207 4275
5347208 4276
5347209 4276
5347210 4276
5347211 4276
5347212 4277
5347213 4277
5347214 4277
5347215 4277
5347216 4278
5347217 4278
5347218 4278
5347219 4278
5347221 4279
5347222 4279
5347223 4279
5347224 4280
5347226 4280
5347227 4280
5347228 4281
5347229 4281
5347231 4281
5347232 4282
5347233 4282
5347234 4282
5347235 4282
5347328 4251
5347329 4252
5347330 4252
5347332 4251
5347333 4252
5347334 4252
5347336 4253
5347337 4254
5347338 4254
5347340 4255
5347341 4256
5347342 4256
5347344 4257
5347345 4258
5347346 4258
5347349 4259
5347350 4259
5347352 4283
5347354 4260
5347356 4261
5347357 4262
5347358 4262
5347361 4264
5347362 4264
5347392 4252
5347393 4251
5347394 4252
5347396 4252
5347397 4251
5347398 4252
5347400 4254
5347401 4253
5347402 4254
5347404 4256
5347405 4255
5347406 4256
5347408 4258
5347409 4257
5347410 4258
5347413 4284
5347414 4259
5347416 4260
5347418 4260
5347420 4262
5347421 4261
5347422 4262
5347424 4264
5347426 4264
5347456 4285
5347457 4285
5347458 4285
5347459 4285
5347460 4285
5347461 4285
5347462 4285
5347463 4285
5347464 4286
5347465 4286
5347466 4286
5347467 4286
5347468 4287
5347469 4287
5347470 4287
5347471 4287
5347472 4288
5347473 4288
5347474 4288
5347475 4288
5347477 4289
5347478 4289
5347479 4289
5347480 4290
5347482 4290
5347483 4290
5347484 4291
5347485 4291
5347486 4291
5347487 4291
5347488 4292
5347489 4292
5347491 4292
5359424 4293
5359425 4294
5359426 4294
5359428 4293
5359429 4294
5359430 4294
5359432 4293
5359433 4294
5359434 4294
5359436 4295
5359437 4296
5359438 4296
5359440 4297
5359441 4298
5359442 4298
5359445 4299
5359446 4299
5359448 4300
5359449 4301
5359450 4301
5359454 4302
5359456 4303
5359457 4304
5359458 4304
5359616 4305
5359617 4306
5359620 4305
5359621 4306
5359624 4305
5359625 4306
5359628 4307
5359629 4308
5359632 4309
5359633 4310
5359637 4311
5359640 4312
5359641 4313
5359645 4314
5359649 4315
5359680 4316
5359681 4317
5359682 4317
5359684 4316
5359685 4317
5359686 4317
5359688 4316
5359689 4317
5359690 4317
5359692 4318
5359693 4319
5359694 4319
5359696 4320
5359697 4321
5359698 4321
5359701 4322
5359702 4322
5359704 4323
5359705 4324
5359706 4324
5359709 4325
5359710 4325
5359712 4326
5359714 4327
5363584 4328
5363585 4328
5363587 4328
5363588 4328
5363589 4328
5363591 4328
5363592 4328
5363593 4328
5363595 4328
5363596 4329
5363597 4329
5363599 4329
5363600 4330
5363601 4330
5363603 4330
5363605 4331
5363607 4331
5363608 4332
5363609 4332
5363611 4332
5363612 4333
5363615 4333
5363616 4334
5363617 4334
5363619 4334
5363712 4316
5363713 4317
5363714 4317
5363716 4316
5363717 4317
5363718 4317
5363720 4316
5363721 4317
5363722 4317
5363724 4318
5363725 4319
5363726 4319
5363728 4320
5363729 4321
5363730 4321
5363733 4322
5363734 4322
5363736 4323
5363737 4324
5363738 4324
5363740 4335
5363742 4325
5363745 4327
5363746 4327
5363776 4317
5363777 4316
5363778 4317
5363780 4317
5363781 4316
5363782 4317
5363784 4317
5363785 4316
5363786 4317
5363788 4319
5363789 4318
5363790 4319
5363792 4321
5363793 4320
5363794 4321
5363797 4336
5363798 4322
5363800 4324
5363801 4323
5363802 4324
5363804 4325
5363806 4325
5363808 4327
5363810 4327
5363840 4337
5363841 4337
5363842 4337
5363843 4337
5363844 4337
5363845 4337
5363846 4337
5363847 4337
5363848 4337
5363849 4337
5363850 4337
5363851 4337
5363852 4338
5363853 4338
5363854 4338
5363855 4338
5363856 4339
5363857 4339
5363858 4339
5363859 4339
5363861 4340
5363862 4340
5363863 4340
5363864 4341
5363865 4341
5363866 4341
5363867 4341
5363868 4342
5363870 4342
5363871 4342
5363872 4343
5363873 4343
5363875 4343
5376064 4344
5376065 4345
5376066 4345
5376068 4344
5376069 4345
5376070 4345
5376072 4344
5376073 4345
5376074 4345
5376076 4346
5376077 4347
5376078 4347
5376080 4348
5376081 4349
5376082 4349
5376085 4350
5376086 4350
5376088 4351
5376089 4352
5376090 4352
5376092 4351
5376093 4352
5376094 4352
5376098 4353
5380224 4354
5380225 4354
5380227 4354
5380228 4354
5380229 4354
5380231 4354
5380232 4354
5380233 4354
5380235 4354
5380236 4355
5380237 4355
5380239 4355
5380240 4356
5380241 4356
5380243 4356
5380245 4357
5380247 4357
5380248 4358
5380249 4358
5380251 4358
5380252 4358
5380253 4358
5380255 4358
5380256 4359
5380259 4359
6395520 4360
6395523 4360
6395524 4360
6395527 4360
6395528 4360
6395531 4360
6395532 4361
6395535 4361
6395536 4361
6395539 4361
6395540 4361
6395543 4361
6395547 4362
6395548 4363
6395551 4363
6395552 4363
6395555 4363
6395648 4364
6395649 4365
6395650 4365
6395652 4364
6395653 4365
6395654 4365
6395656 4364
6395657 4365
6395658 4365
6395660 4366
6395661 4367
6395662 4367
6395664 4368
6395665 4369
6395666 4369
6395668 4368
6395669 4369
6395670 4369
6395674 4370
6395677 4371
6395678 4371
6395680 4372
6395681 4373
6395682 4373
6395776 4374
6395778 4374
6395779 4374
6395780 4374
6395782 4374
6395783 4374
6395784 4374
6395786 4374
6395787 4374
6395788 4375
6395790 4375
6395791 4375
6395792 4376
6395794 4376
6395795 4376
6395796 4376
6395798 4376
6395799 4376
6395802 4377
6395803 4377
6395804 4378
6395807 4378
6395808 4379
6395810 4379
6395811 4379
6395904 4380
6395905 4381
6395906 4381
6395908 4380
6395909 4381
6395910 4381
6395912 4380
6395913 4381
6395914 4381
6395916 4382
6395917 4383
6395918 4383
6395920 4384
6395921 4385
6395922 4385
6395924 4384
6395925 4385
6395926 4385
6395930 4386
6395932 4387
6395933 4388
6395934 4388
6395937 4389
6395938 4389
6396032 4390
6396034 4390
6396035 4390
6396036 4390
6396038 4390
6396039 4390
6396040 4390
6396042 4390
6396043 4390
6396044 4391
6396046 4391
6396047 4391
6396048 4392
6396050 4392
6396051 4392
6396052 4392
6396054 4392
6396055 4392
6396058 4393
6396059 4393
6396060 4394
6396062 4394
6396063 4394
6396064 4395
6396067 4395
6408000 4396
6408001 4397
6408002 4397
6408004 4396
6408005 4397
6408006 4397
6408008 4396
6408009 4397
6408010 4397
6408012 4398
6408013 4399
6408014 4399
6408016 4400
6408017 4401
6408018 4401
6408020 4400
6408021 4401
6408022 4401
6408025 4402
6408026 4402
6408030 4403
6408032 4404
6408033 4405
6408034 4405
6408192 4406
6408193 4407
6408196 4406
6408197 4407
6408200 4406
6408201 4407
6408204 4408
6408205 4409
6408208 4410
6408209 4411
6408212 4410
6408213 4411
6408217 4412
6408221 4413
6408225 4414
6408256 4415
6408257 4416
6408258 4416
6408260 4415
6408261 4416
6408262 4416
6408264 4415
6408265 4416
6408266 4416
6408268 4417
6408269 4418
6408270 4418
6408272 4419
6408273 4420
6408274 4420
6408276 4419
6408277 4420
6408278 4420
6408281 4421
6408282 4421
6408285 4422
6408286 4422
6408288 4423
6408290 4424
6412160 4425
6412161 4425
6412163 4425
6412164 4425
6412165 4425
6412167 4425
6412168 4425
6412169 4425
6412171 4425
6412172 4426
6412173 4426
6412175 4426
6412176 4427
6412177 4427
6412179 4427
6412180 4427
6412181 4427
6412183 4427
6412185 4428
6412187 4428
6412188 4429
6412191 4429
6412192 4430
6412193 4430
6412195 4430
6412288 4415
6412289 4416
6412290 4416
6412292 4415
6412293 4416
6412294 4416
6412296 4415
6412297 4416
6412298 4416
6412300 4417
6412301 4418
6412302 4418
6412304 4419
6412305 4420
6412306 4420
6412308 4419
6412309 4420
6412310 4420
6412313 4421
6412314 4421
6412316 4431
6412318 4422
6412321 4424
6412322 4424
6412352 4416
6412353 4415
6412354 4416
6412356 4416
6412357 4415
6412358 4416
6412360 4416
6412361 4415
6412362 4416
6412364 4418
6412365 4417
6412366 4418
6412368 4420
6412369 4419
6412370 4420
6412372 4420
6412373 4419
6412374 4420
6412377 4432
6412378 4421
6412380 4422
6412382 4422
6412384 4424
6412386 4424
6412416 4433
6412417 4433
6412418 4433
6412419 4433
6412420 4433
6412421 4433
6412422 4433
6412423 4433
6412424 4433
6412425 4433
6412426 4433
6412427 4433
6412428 4434
6412429 4434
6412430 4434
6412431 4434
6412432 4435
6412433 4435
6412434 4435
6412435 4435
6412436 4435
6412437 4435
6412438 4435
6412439 4435
6412441 4436
6412442 4436
6412443 4436
6412444 4437
6412446 4437
6412447 4437
6412448 4438
6412449 4438
6412451 4438
6424640 4439
6424641 4440
6424642 4440
6424644 4439
6424645 4440
6424646 4440
6424648 4439
6424649 4440
6424650 4440
6424652 4441
6424653 4442
6424654 4442
6424656 4443
6424657 4444
6424658 4444
6424660 4443
6424661 4444
6424662 4444
6424665 4445
6424666 4445
6424668 4446
6424669 4447
6424670 4447
6424674 4448
6428800 4449
6428801 4449
6428803 4449
6428804 4449
6428805 4449
6428807 4449
6428808 4449
6428809 4449
6428811 4449
6428812 4450
6428813 4450
6428815 4450
6428816 4451
6428817 4451
6428819 4451
6428820 4451
6428821 4451
6428823 4451
6428825 4452
6428827 4452
6428828 4453
6428829 4453
6428831 4453
6428832 4454
6428835 4454
7460736 4455
7460739 4455
7460740 4455
7460743 4455
7460744 4455
7460747 4455
7460748 4455
7460751 4455
7460752 4456
7460755 4456
7460756 4456
7460759 4456
7460760 4456
7460763 4456
7460767 4457
7460768 4458
7460771 4458
7460864 4459
7460865 4460
7460866 4460
7460868 4459
7460869 4460
7460870 4460
7460872 4459
7460873 4460
7460874 4460
7460876 4459
7460877 4460
7460878 4460
7460880 4461
7460881 4462
7460882 4462
7460884 4461
7460885 4462
7460886 4462
7460888 4461
7460889 4462
7460890 4462
7460894 4463
7460897 4464
7460898 4464
7460992 4465
7460994 4465
7460995 4465
7460996 4465
7460998 4465
7460999 4465
7461000 4465
7461002 4465
7461003 4465
7461004 4465
7461006 4465
7461007 4465
7461008 4466
7461010 4466
7461011 4466
7461012 4466
7461014 4466
7461015 4466
7461016 4466
7461018 4466
7461019 4466
7461022 4467
7461023 4467
7461024 4468
7461027 4468
7473216 4469
7473217 4470
7473218 4470
7473220 4469
7473221 4470
7473222 4470
7473224 4469
7473225 4470
7473226 4470
7473228 4469
7473229 4470
7473230 4470
7473232 4471
7473233 4472
7473234 4472
7473236 4471
7473237 4472
7473238 4472
7473240 4471
7473241 4472
7473242 4472
7473245 4473
7473246 4473
7473250 4474
7477376 4475
7477377 4475
7477379 4475
7477380 4475
7477381 4475
7477383 4475
7477384 4475
7477385 4475
7477387 4475
7477388 4475
7477389 4475
7477391 4475
7477392 4476
7477393 4476
7477395 4476
7477396 4476
7477397 4476
7477399 4476
7477400 4476
7477401 4476
7477403 4476
7477405 4477
7477407 4477
7477408 4478
7477411 4478
8525952 4479
8525955 4479
8525956 4479
8525959 4479
8525960 4479
8525963 4479
8525964 4479
8525967 4479
8525968 4480
8525971 4480
8525972 4480
8525975 4480
8525976 4480
8525979 4480
8525980 4480
8525983 4480
8525987 4481
river 13761
4227 0
4228 1
4231 1
4232 1
4235 1
4236 1
4239 1
4240 1
4243 1
4244 2
4247 2
4248 2
4251 2
4252 2
4255 2
4256 2
4259 2
4354 3
4357 4
4358 4
4360 5
4361 6
4362 6
4364 5
4365 6
4366 6
4368 7
4369 8
4370 8
4372 9
4373 10
4374 10
4376 11
4377 12
4378 12
4380 11
4381 12
4382 12
4384 13
4385 14
4386 14
4482 15
4483 15
4484 16
4487 16
4488 17
4490 17
4491 17
4492 17
4494 17
4495 17
4496 18
4498 18
4499 18
4500 19
4502 19
4503 19
4504 20
4506 20
4507 20
4508 20
4510 20
4511 20
4512 21
4514 21
4515 21
4610 22
4612 23
4613 24
4614 24
4617 25
4618 25
4620 26
4621 27
4622 27
4624 28
4625 29
4626 29
4628 30
4629 31
4630 31
4632 32
4633 33
4634 33
4636 32
4637 33
4638 33
4640 34
4641 35
4642 35
4738 36
4739 36
4740 37
4742 37
4743 37
4744 38
4747 38
4748 39
4750 39
4751 39
4752 40
4754 40
4755 40
4756 41
4758 41
4759 41
4760 42
4762 42
4763 42
4764 42
4766 42
4767 42
4768 43
4770 43
4771 43
4866 44
4868 45
4869 46
4870 46
4872 45
4873 46
4874 46
4877 47
4878 47
4880 48
4881 49
4882 49
4884 50
4885 51
4886 51
4888 50
4889 51
4890 51
4892 52
4893 53
4894 53
4896 54
4897 55
4898 55
4994 56
4995 56
4996 57
4998 57
4999 57
5000 57
5002 57
5003 57
5004 58
5007 58
5008 59
5010 59
5011 59
5012 60
5014 60
5015 60
5016 60
5018 60
5019 60
5020 61
5022 61
5023 61
5024 62
5026 62
5027 62
5122 63
5124 64
5125 65
5126 65
5128 64
5129 65
5130 65
5132 66
5133 67
5134 67
5137 68
5138 68
5140 69
5141 70
5142 70
5144 69
5145 70
5146 70
5148 71
5149 72
5150 72
5152 71
5153 72
5154 72
5250 73
5251 73
5252 74
5254 74
5255 74
5256 74
5258 74
5259 74
5260 75
5262 75
5263 75
5264 76
5267 76
5268 77
5270 77
5271 77
5272 77
5274 77
5275 77
5276 78
5278 78
5279 78
5280 78
5282 78
5283 78
5378 79
5380 80
5381 81
5382 81
5384 80
5385 81
5386 81
5388 82
5389 83
5390 83
5392 82
5393 83
5394 83
5397 84
5398 84
5400 85
5401 86
5402 86
5404 85
5405 86
5406 86
5408 87
5409 88
5410 88
5506 89
5507 89
5508 90
5510 90
5511 90
5512 90
5514 90
5515 90
5516 91
5518 91
5519 91
5520 91
5522 91
5523 91
5524 92
5527 92
5528 93
5530 93
5531 93
5532 93
5534 93
5535 93
5536 94
5538 94
5539 94
5634 95
5636 96
5637 97
5638 97
5640 96
5641 97
5642 97
5644 96
5645 97
5646 97
5648 98
5649 99
5650 99
5652 98
5653 99
5654 99
5657 100
5658 100
5660 101
5661 102
5662 102
5664 101
5665 102
5666 102
5762 103
5763 103
5764 104
5766 104
5767 104
5768 104
5770 104
5771 104
5772 104
5774 104
5775 104
5776 105
5778 105
5779 105
5780 105
5782 105
5783 105
5784 106
5787 106
5788 107
5790 107
5791 107
5792 107
5794 107
5795 107
5890 108
5892 109
5893 110
5894 110
5896 109
5897 110
5898 110
5900 109
5901 110
5902 110
5904 111
5905 112
5906 112
5908 111
5909 112
5910 112
5912 111
5913 112
5914 112
5917 113
5918 113
5920 114
5921 115
5922 115
6018 116
6019 116
6020 117
6022 117
6023 117
6024 117
6026 117
6027 117
6028 117
6030 117
6031 117
6032 118
6034 118
6035 118
6036 118
6038 118
6039 118
6040 118
6042 118
6043 118
6044 119
6047 119
6048 120
6050 120
6051 120
6146 121
6148 122
6149 123
6150 123
6152 122
6153 123
6154 123
6156 122
6157 123
6158 123
6160 124
6161 125
6162 125
6164 126
6165 127
6166 127
6168 126
6169 127
6170 127
6172 126
6173 127
6174 127
6177 128
6178 128
6274 129
6275 129
6276 130
6278 130
6279 130
6280 130
6282 130
6283 130
6284 130
6286 130
6287 130
6288 131
6290 131
6291 131
6292 132
6294 132
6295 132
6296 132
6298 132
6299 132
6300 132
6302 132
6303 132
6304 133
6307 133
16705 134
16706 134
16710 135
16712 136
16713 137
16714 137
16716 136
16717 137
16718 137
16720 138
16721 139
16722 139
16724 140
16725 141
16726 141
16728 142
16729 143
16730 143
16732 142
16733 143
16734 143
16736 144
16737 145
16738 145
16897 146
16901 147
16905 148
16908 149
16909 150
16912 151
16913 152
16916 153
16917 154
16920 155
16921 156
16924 155
16925 156
16928 157
16929 158
16961 159
16962 159
16965 160
16966 160
16968 161
16970 162
16972 163
16973 164
16974 164
16976 165
16977 166
16978 166
16980 167
16981 168
16982 168
16984 169
16985 170
16986 170
16988 169
16989 170
16990 170
16992 171
16993 172
16994 172
17153 173
17157 174
17160 175
17161 176
17165 177
17168 178
17169 179
17172 180
17173 181
17176 182
17177 183
17180 184
17181 185
17184 186
17185 187
17217 188
17218 188
17221 189
17222 189
17224 190
17225 191
17226 191
17228 192
17230 193
17232 194
17233 195
17234 195
17236 196
17237 197
17238 197
17240 198
17241 199
17242 199
17244 200
17245 201
17246 201
17248 202
17249 203
17250 203
17409 204
17413 205
17416 206
17417 207
17420 206
17421 207
17425 208
17428 209
17429 210
17432 211
17433 212
17436 213
17437 214
17440 215
17441 216
17473 217
17474 217
17477 218
17478 218
17480 219
17481 220
17482 220
17484 219
17485 220
17486 220
17488 221
17490 222
17492 223
17493 224
17494 224
17496 225
17497 226
17498 226
17500 227
17501 228
17502 228
17504 229
17505 230
17506 230
17665 231
17669 232
17672 233
17673 234
17676 233
17677 234
17680 235
17681 236
17685 237
17688 238
17689 239
17692 238
17693 239
17696 240
17697 241
17729 242
17730 242
17733 243
17734 243
17736 244
17737 245
17738 245
17740 244
17741 245
17742 245
17744 246
17745 247
17746 247
17748 248
17750 249
17752 250
17753 251
17754 251
17756 250
17757 251
17758 251
17760 252
17761 253
17762 253
17921 254
17925 255
17928 256
17929 257
17932 256
17933 257
17936 258
17937 259
17940 260
17941 261
17945 262
17948 263
17949 264
17952 265
17953 266
17985 267
17986 267
17989 268
17990 268
17992 269
17993 270
17994 270
17996 269
17997 270
17998 270
18000 271
18001 272
18002 272
18004 273
18005 274
18006 274
18008 275
18010 276
18012 277
18013 278
18014 278
18016 279
18017 280
18018 280
18177 281
18181 282
18184 283
18185 284
18188 283
18189 284
18192 285
18193 286
18196 287
18197 288
18200 287
18201 288
18205 289
18208 290
18209 291
18241 292
18242 292
18245 293
18246 293
18248 294
18249 295
18250 295
18252 294
18253 295
18254 295
18256 296
18257 297
18258 297
18260 298
18261 299
18262 299
18264 298
18265 299
18266 299
18268 300
18270 301
18272 302
18273 303
18274 303
18433 304
18437 305
18440 306
18441 307
18444 306
18445 307
18448 308
18449 309
18452 310
18453 311
18456 310
18457 311
18460 310
18461 311
18465 312
18497 313
18498 313
18501 314
18502 314
18504 315
18505 316
18506 316
18508 315
18509 316
18510 316
18512 317
18513 318
18514 318
18516 319
18517 320
18518 320
18520 319
18521 320
18522 320
18524 319
18525 320
18526 320
18528 321
18530 322
20865 323
20867 323
20868 324
20871 324
20872 325
20873 325
20875 325
20876 325
20877 325
20879 325
20880 326
20881 326
20883 326
20884 327
20885 327
20887 327
20888 328
20889 328
20891 328
20892 328
20893 328
20895 328
20896 329
20897 329
20899 329
20993 159
20994 159
20996 330
20998 160
21001 162
21002 162
21004 163
21005 164
21006 164
21008 165
21009 166
21010 166
21012 167
21013 168
21014 168
21016 169
21017 170
21018 170
21020 169
21021 170
21022 170
21024 171
21025 172
21026 172
21057 331
21058 159
21060 160
21062 160
21064 162
21066 162
21068 164
21069 163
21070 164
21072 166
21073 165
21074 166
21076 168
21077 167
21078 168
21080 170
21081 169
21082 170
21084 170
21085 169
21086 170
21088 172
21089 171
21090 172
21121 332
21122 332
21123 332
21124 333
21126 333
21127 333
21128 334
21129 334
21131 334
21132 335
21133 335
21134 335
21135 335
21136 336
21137 336
21138 336
21139 336
21140 337
21141 337
21142 337
21143 337
21144 338
21145 338
21146 338
21147 338
21148 338
21149 338
21150 338
21151 338
21152 339
21153 339
21154 339
21155 339
21249 188
21250 188
21252 340
21254 189
21256 190
21257 191
21258 191
21261 193
21262 193
21264 194
21265 195
21266 195
21268 196
21269 197
21270 197
21272 198
21273 199
21274 199
21276 200
21277 201
21278 201
21280 202
21281 203
21282 203
21313 341
21314 188
21316 189
21318 189
21320 191
21321 190
21322 191
21324 193
21326 193
21328 195
21329 194
21330 195
21332 197
21333 196
21334 197
21336 199
21337 198
21338 199
21340 201
21341 200
21342 201
21344 203
21345 202
21346 203
21377 342
21378 342
21379 342
21380 343
21382 343
21383 343
21384 344
21385 344
21386 344
21387 344
21388 345
21389 345
21391 345
21392 346
21393 346
21394 346
21395 346
21396 347
21397 347
21398 347
21399 347
21400 348
21401 348
21402 348
21403 348
21404 349
21405 349
21406 349
21407 349
21408 350
21409 350
21410 350
21411 350
21505 217
21506 217
21508 351
21510 218
21512 219
21513 220
21514 220
21516 219
21517 220
21518 220
21521 222
21522 222
21524 223
21525 224
21526 224
21528 225
21529 226
21530 226
21532 227
21533 228
21534 228
21536 229
21537 230
21538 230
21569 352
21570 217
21572 218
21574 218
21576 220
21577 219
21578 220
21580 220
21581 219
21582 220
21584 222
21586 222
21588 224
21589 223
21590 224
21592 226
21593 225
21594 226
21596 228
21597 227
21598 228
21600 230
21601 229
21602 230
21633 353
21634 353
21635 353
21636 354
21638 354
21639 354
21640 355
21641 355
21642 355
21643 355
21644 355
21645 355
21646 355
21647 355
21648 356
21649 356
21651 356
21652 357
21653 357
21654 357
21655 357
21656 358
21657 358
21658 358
21659 358
21660 359
21661 359
21662 359
21663 359
21664 360
21665 360
21666 360
21667 360
21761 242
21762 242
21764 361
21766 243
21768 244
21769 245
21770 245
21772 244
21773 245
21774 245
21776 246
21777 247
21778 247
21781 249
21782 249
21784 250
21785 251
21786 251
21788 250
21789 251
21790 251
21792 252
21793 253
21794 253
21825 362
21826 242
21828 243
21830 243
21832 245
21833 244
21834 245
21836 245
21837 244
21838 245
21840 247
21841 246
21842 247
21844 249
21846 249
21848 251
21849 250
21850 251
21852 251
21853 250
21854 251
21856 253
21857 252
21858 253
21889 363
21890 363
21891 363
21892 364
21894 364
21895 364
21896 365
21897 365
21898 365
21899 365
21900 365
21901 365
21902 365
21903 365
21904 366
21905 366
21906 366
21907 366
21908 367
21909 367
21911 367
21912 368
21913 368
21914 368
21915 368
21916 368
21917 368
21918 368
21919 368
21920 369
21921 369
21922 369
21923 369
22017 267
22018 267
22020 370
22022 268
22024 269
22025 270
22026 270
22028 269
22029 270
22030 270
22032 271
22033 272
22034 272
22036 273
22037 274
22038 274
22041 276
22042 276
22044 277
22045 278
22046 278
22048 279
22049 280
22050 280
22081 371
22082 267
22084 268
22086 268
22088 270
22089 269
22090 270
22092 270
22093 269
22094 270
22096 272
22097 271
22098 272
22100 274
22101 273
22102 274
22104 276
22106 276
22108 278
22109 277
22110 278
22112 280
22113 279
22114 280
22145 372
22146 372
22147 372
22148 373
22150 373
22151 373
22152 374
22153 374
22154 374
22155 374
22156 374
22157 374
22158 374
22159 374
22160 375
22161 375
22162 375
22163 375
22164 376
22165 376
22166 376
22167 376
22168 377
22169 377
22171 377
22172 378
22173 378
22174 378
22175 378
22176 379
22177 379
22178 379
22179 379
22273 292
22274 292
22276 380
22278 293
22280 294
22281 295
22282 295
22284 294
22285 295
22286 295
22288 296
22289 297
22290 297
22292 298
22293 299
22294 299
22296 298
22297 299
22298 299
22301 301
22302 301
22304 302
22305 303
22306 303
22337 381
22338 292
22340 293
22342 293
22344 295
22345 294
22346 295
22348 295
22349 294
22350 295
22352 297
22353 296
22354 297
22356 299
22357 298
22358 299
22360 299
22361 298
22362 299
22364 301
22366 301
22368 303
22369 302
22370 303
22401 382
22402 382
22403 382
22404 383
22406 383
22407 383
22408 384
22409 384
22410 384
22411 384
22412 384
22413 384
22414 384
22415 384
22416 385
22417 385
22418 385
22419 385
22420 386
22421 386
22422 386
22423 386
22424 386
22425 386
22426 386
22427 386
22428 387
22429 387
22431 387
22432 388
22433 388
22434 388
22435 388
22529 313
22530 313
22532 389
22534 314
22536 315
22537 316
22538 316
22540 315
22541 316
22542 316
22544 317
22545 318
22546 318
22548 319
22549 320
22550 320
22552 319
22553 320
22554 320
22556 319
22557 320
22558 320
22561 322
22562 322
22593 390
22594 313
22596 314
22598 314
22600 316
22601 315
22602 316
22604 316
22605 315
22606 316
22608 318
22609 317
22610 318
22612 320
22613 319
22614 320
22616 320
22617 319
22618 320
22620 320
22621 319
22622 320
22624 322
22626 322
22657 391
22658 391
22659 391
22660 392
22662 392
22663 392
22664 393
22665 393
22666 393
22667 393
22668 393
22669 393
22670 393
22671 393
22672 394
22673 394
22674 394
22675 394
22676 395
22677 395
22678 395
22679 395
22680 395
22681 395
22682 395
22683 395
22684 395
22685 395
22686 395
22687 395
22688 396
22689 396
22691 396
33345 397
33346 397
33348 398
33349 399
33350 399
33354 400
33356 401
33357 402
33358 402
33360 403
33361 404
33362 404
33364 405
33365 406
33366 406
33368 407
33369 408
33370 408
33372 407
33373 408
33374 408
33376 409
33377 410
33378 410
33537 411
33540 412
33541 413
33545 414
33549 415
33552 416
33553 417
33556 418
33557 419
33560 420
33561 421
33564 422
33565 423
33568 424
33569 425
33601 426
33602 426
33604 427
33605 428
33606 428
33609 429
33610 429
33612 430
33614 431
33616 432
33617 433
33618 433
33620 434
33621 435
33622 435
33624 436
33625 437
33626 437
33628 438
33629 439
33630 439
33632 440
33633 441
33634 441
33793 442
33796 443
33797 444
33801 445
33804 446
33805 447
33809 448
33812 449
33813 450
33816 451
33817 452
33820 453
33821 454
33824 455
33825 456
33857 457
33858 457
33860 458
33861 459
33862 459
33865 460
33866 460
33868 461
33869 462
33870 462
33872 463
33874 464
33876 465
33877 466
33878 466
33880 467
33881 468
33882 468
33884 469
33885 470
33886 470
33888 471
33889 472
33890 472
34049 473
34052 474
34053 475
34057 476
34060 477
34061 478
34064 479
34065 480
34069 481
34072 482
34073 483
34076 484
34077 485
34080 486
34081 487
34113 488
34114 488
34116 489
34117 490
34118 490
34121 491
34122 491
34124 492
34125 493
34126 493
34128 494
34129 495
34130 495
34132 496
34134 497
34136 498
34137 499
34138 499
34140 500
34141 501
34142 501
34144 502
34145 503
34146 503
34305 504
34308 505
34309 506
34313 507
34316 508
34317 509
34320 510
34321 511
34324 512
34325 513
34329 514
34332 515
34333 516
34336 517
34337 518
34369 519
34370 519
34372 520
34373 521
34374 521
34377 522
34378 522
34380 523
34381 524
34382 524
34384 525
34385 526
34386 526
34388 527
34389 528
34390 528
34392 529
34394 530
34396 531
34397 532
34398 532
34400 533
34401 534
34402 534
34561 535
34564 536
34565 537
34569 538
34572 539
34573 540
34576 541
34577 542
34580 543
34581 544
34584 543
34585 544
34589 545
34592 546
34593 547
34625 548
34626 548
34628 549
34629 550
34630 550
34633 551
34634 551
34636 552
34637 553
34638 553
34640 554
34641 555
34642 555
34644 556
34645 557
34646 557
34648 556
34649 557
34650 557
34652 558
34654 559
34656 560
34657 561
34658 561
34817 562
34820 563
34821 564
34825 565
34828 566
34829 567
34832 568
34833 569
34836 570
34837 571
34840 572
34841 573
34844 572
34845 573
34849 574
34881 575
34882 575
34884 576
34885 577
34886 577
34889 578
34890 578
34892 579
34893 580
34894 580
34896 581
34897 582
34898 582
34900 583
34901 584
34902 584
34904 585
34905 586
34906 586
34908 585
34909 586
34910 586
34912 587
34914 588
37505 589
37507 589
37508 590
37509 590
37511 590
37512 591
37515 591
37516 592
37517 592
37519 592
37520 593
37521 593
37523 593
37524 594
37525 594
37527 594
37528 595
37529 595
37531 595
37532 595
37533 595
37535 595
37536 596
37537 596
37539 596
37633 426
37634 426
37636 427
37637 428
37638 428
37640 597
37642 429
37645 431
37646 431
37648 432
37649 433
37650 433
37652 434
37653 435
37654 435
37656 436
37657 437
37658 437
37660 438
37661 439
37662 439
37664 440
37665 441
37666 441
37697 598
37698 426
37700 428
37701 427
37702 428
37704 429
37706 429
37708 431
37710 431
37712 433
37713 432
37714 433
37716 435
37717 434
37718 435
37720 437
37721 436
37722 437
37724 439
37725 438
37726 439
37728 441
37729 440
37730 441
37761 599
37762 599
37763 599
37764 600
37765 600
37766 600
37767 600
37768 601
37770 601
37771 601
37772 602
37773 602
37775 602
37776 603
37777 603
37778 603
37779 603
37780 604
37781 604
37782 604
37783 604
37784 605
37785 605
37786 605
37787 605
37788 606
37789 606
37790 606
37791 606
37792 607
37793 607
37794 607
37795 607
37889 457
37890 457
37892 458
37893 459
37894 459
37896 608
37898 460
37900 461
37901 462
37902 462
37905 464
37906 464
37908 465
37909 466
37910 466
37912 467
37913 468
37914 468
37916 469
37917 470
37918 470
37920 471
37921 472
37922 472
37953 609
37954 457
37956 459
37957 458
37958 459
37960 460
37962 460
37964 462
37965 461
37966 462
37968 464
37970 464
37972 466
37973 465
37974 466
37976 468
37977 467
37978 468
37980 470
37981 469
37982 470
37984 472
37985 471
37986 472
38017 610
38018 610
38019 610
38020 611
38021 611
38022 611
38023 611
38024 612
38026 612
38027 612
38028 613
38029 613
38030 613
38031 613
38032 614
38033 614
38035 614
38036 615
38037 615
38038 615
38039 615
38040 616
38041 616
38042 616
38043 616
38044 617
38045 617
38046 617
38047 617
38048 618
38049 618
38050 618
38051 618
38145 488
38146 488
38148 489
38149 490
38150 490
38152 619
38154 491
38156 492
38157 493
38158 493
38160 494
38161 495
38162 495
38165 497
38166 497
38168 498
38169 499
38170 499
38172 500
38173 501
38174 501
38176 502
38177 503
38178 503
38209 620
38210 488
38212 490
38213 489
38214 490
38216 491
38218 491
38220 493
38221 492
38222 493
38224 495
38225 494
38226 495
38228 497
38230 497
38232 499
38233 498
38234 499
38236 501
38237 500
38238 501
38240 503
38241 502
38242 503
38273 621
38274 621
38275 621
38276 622
38277 622
38278 622
38279 622
38280 623
38282 623
38283 623
38284 624
38285 624
38286 624
38287 624
38288 625
38289 625
38290 625
38291 625
38292 626
38293 626
38295 626
38296 627
38297 627
38298 627
38299 627
38300 628
38301 628
38302 628
38303 628
38304 629
38305 629
38306 629
38307 629
38401 519
38402 519
38404 520
38405 521
38406 521
38408 630
38410 522
38412 523
38413 524
38414 524
38416 525
38417 526
38418 526
38420 527
38421 528
38422 528
38425 530
38426 530
38428 531
38429 532
38430 532
38432 533
38433 534
38434 534
38465 631
38466 519
38468 521
38469 520
38470 521
38472 522
38474 522
38476 524
38477 523
38478 524
38480 526
38481 525
38482 526
38484 528
38485 527
38486 528
38488 530
38490 530
38492 532
38493 531
38494 532
38496 534
38497 533
38498 534
38529 632
38530 632
38531 632
38532 633
38533 633
38534 633
38535 633
38536 634
38538 634
38539 634
38540 635
38541 635
38542 635
38543 635
38544 636
38545 636
38546 636
38547 636
38548 637
38549 637
38550 637
38551 637
38552 638
38553 638
38555 638
38556 639
38557 639
38558 639
38559 639
38560 640
38561 640
38562 640
38563 640
38657 548
38658 548
38660 549
38661 550
38662 550
38664 641
38666 551
38668 552
38669 553
38670 553
38672 554
38673 555
38674 555
38676 556
38677 557
38678 557
38680 556
38681 557
38682 557
38685 559
38686 559
38688 560
38689 561
38690 561
38721 642
38722 548
38724 550
38725 549
38726 550
38728 551
38730 551
38732 553
38733 552
38734 553
38736 555
38737 554
38738 555
38740 557
38741 556
38742 557
38744 557
38745 556
38746 557
38748 559
38750 559
38752 561
38753 560
38754 561
38785 643
38786 643
38787 643
38788 644
38789 644
38790 644
38791 644
38792 645
38794 645
38795 645
38796 646
38797 646
38798 646
38799 646
38800 647
38801 647
38802 647
38803 647
38804 648
38805 648
38806 648
38807 648
38808 648
38809 648
38810 648
38811 648
38812 649
38813 649
38815 649
38816 650
38817 650
38818 650
38819 650
38913 575
38914 575
38916 576
38917 577
38918 577
38920 651
38922 578
38924 579
38925 580
38926 580
38928 581
38929 582
38930 582
38932 583
38933 584
38934 584
38936 585
38937 586
38938 586
38940 585
38941 586
38942 586
38945 588
38946 588
38977 652
38978 575
38980 577
38981 576
38982 577
38984 578
38986 578
38988 580
38989 579
38990 580
38992 582
38993 581
38994 582
38996 584
38997 583
38998 584
39000 586
39001 585
39002 586
39004 586
39005 585
39006 586
39008 588
39010 588
39041 653
39042 653
39043 653
39044 654
39045 654
39046 654
39047 654
39048 655
39050 655
39051 655
39052 656
39053 656
39054 656
39055 656
39056 657
39057 657
39058 657
39059 657
39060 658
39061 658
39062 658
39063 658
39064 659
39065 659
39066 659
39067 659
39068 659
39069 659
39070 659
39071 659
39072 660
39073 660
39075 660
49985 661
49986 661
49988 662
49989 663
49990 663
49992 662
49993 663
49994 663
49998 664
50000 665
50001 666
50002 666
50004 667
50005 668
50006 668
50008 667
50009 668
50010 668
50012 669
50013 670
50014 670
50016 671
50017 672
50018 672
50177 673
50180 674
50181 675
50184 676
50185 677
50189 678
50193 679
50196 680
50197 681
50200 680
50201 681
50204 682
50205 683
50208 682
50209 683
50241 684
50242 684
50244 685
50245 686
50246 686
50248 687
50249 688
50250 688
50253 689
50254 689
50256 690
50258 691
50260 692
50261 693
50262 693
50264 692
50265 693
50266 693
50268 694
50269 695
50270 695
50272 694
50273 695
50274 695
50433 696
50436 697
50437 698
50440 699
50441 700
50445 701
50448 702
50449 703
50453 704
50456 705
50457 706
50460 707
50461 708
50464 709
50465 710
50497 711
50498 711
50500 712
50501 713
50502 713
50504 714
50505 715
50506 715
50509 716
50510 716
50512 717
50513 718
50514 718
50516 719
50518 720
50520 721
50521 722
50522 722
50524 723
50525 724
50526 724
50528 725
50529 726
50530 726
50689 727
50692 728
50693 729
50696 730
50697 731
50701 732
50704 733
50705 734
50708 735
50709 736
50713 737
50716 738
50717 739
50720 738
50721 739
50753 740
50754 740
50756 741
50757 742
50758 742
50760 743
50761 744
50762 744
50765 745
50766 745
50768 746
50769 747
50770 747
50772 748
50773 749
50774 749
50776 750
50778 751
50780 752
50781 753
50782 753
50784 752
50785 753
50786 753
50945 754
50948 755
50949 756
50952 755
50953 756
50957 757
50960 758
50961 759
50964 760
50965 761
50968 762
50969 763
50973 764
50976 765
50977 766
51009 767
51010 767
51012 768
51013 769
51014 769
51016 768
51017 769
51018 769
51021 770
51022 770
51024 771
51025 772
51026 772
51028 773
51029 774
51030 774
51032 775
51033 776
51034 776
51036 777
51038 778
51040 779
51041 780
51042 780
51201 781
51204 782
51205 783
51208 782
51209 783
51213 784
51216 785
51217 786
51220 787
51221 788
51224 789
51225 790
51228 789
51229 790
51233 791
51265 792
51266 792
51268 793
51269 794
51270 794
51272 793
51273 794
51274 794
51277 795
51278 795
51280 796
51281 797
51282 797
51284 798
51285 799
51286 799
51288 800
51289 801
51290 801
51292 800
51293 801
51294 801
51296 802
51298 803
54145 804
54147 804
54148 805
54149 805
54151 805
54152 805
54153 805
54155 805
54156 806
54159 806
54160 807
54161 807
54163 807
54164 808
54165 808
54167 808
54168 808
54169 808
54171 808
54172 809
54173 809
54175 809
54176 810
54177 810
54179 810
54273 684
54274 684
54276 685
54277 686
54278 686
54280 687
54281 688
54282 688
54284 811
54286 689
54289 691
54290 691
54292 692
54293 693
54294 693
54296 692
54297 693
54298 693
54300 694
54301 695
54302 695
54304 694
54305 695
54306 695
54337 812
54338 684
54340 686
54341 685
54342 686
54344 688
54345 687
54346 688
54348 689
54350 689
54352 691
54354 691
54356 693
54357 692
54358 693
54360 693
54361 692
54362 693
54364 695
54365 694
54366 695
54368 695
54369 694
54370 695
54401 813
54402 813
54403 813
54404 814
54405 814
54406 814
54407 814
54408 815
54409 815
54410 815
54411 815
54412 816
54414 816
54415 816
54416 817
54417 817
54419 817
54420 818
54421 818
54422 818
54423 818
54424 818
54425 818
54426 818
54427 818
54428 819
54429 819
54430 819
54431 819
54432 819
54433 819
54434 819
54435 819
54529 711
54530 711
54532 712
54533 713
54534 713
54536 714
54537 715
54538 715
54540 820
54542 716
54544 717
54545 718
54546 718
54549 720
54550 720
54552 721
54553 722
54554 722
54556 723
54557 724
54558 724
54560 725
54561 726
54562 726
54593 821
54594 711
54596 713
54597 712
54598 713
54600 715
54601 714
54602 715
54604 716
54606 716
54608 718
54609 717
54610 718
54612 720
54614 720
54616 722
54617 721
54618 722
54620 724
54621 723
54622 724
54624 726
54625 725
54626 726
54657 822
54658 822
54659 822
54660 823
54661 823
54662 823
54663 823
54664 824
54665 824
54666 824
54667 824
54668 825
54670 825
54671 825
54672 826
54673 826
54674 826
54675 826
54676 827
54677 827
54679 827
54680 828
54681 828
54682 828
54683 828
54684 829
54685 829
54686 829
54687 829
54688 830
54689 830
54690 830
54691 830
54785 740
54786 740
54788 741
54789 742
54790 742
54792 743
54793 744
54794 744
54796 831
54798 745
54800 746
54801 747
54802 747
54804 748
54805 749
54806 749
54809 751
54810 751
54812 752
54813 753
54814 753
54816 752
54817 753
54818 753
54849 832
54850 740
54852 742
54853 741
54854 742
54856 744
54857 743
54858 744
54860 745
54862 745
54864 747
54865 746
54866 747
54868 749
54869 748
54870 749
54872 751
54874 751
54876 753
54877 752
54878 753
54880 753
54881 752
54882 753
54913 833
54914 833
54915 833
54916 834
54917 834
54918 834
54919 834
54920 835
54921 835
54922 835
54923 835
54924 836
54926 836
54927 836
54928 837
54929 837
54930 837
54931 837
54932 838
54933 838
54934 838
54935 838
54936 839
54937 839
54939 839
54940 840
54941 840
54942 840
54943 840
54944 840
54945 840
54946 840
54947 840
55041 767
55042 767
55044 768
55045 769
55046 769
55048 768
55049 769
55050 769
55052 841
55054 770
55056 771
55057 772
55058 772
55060 773
55061 774
55062 774
55064 775
55065 776
55066 776
55069 778
55070 778
55072 779
55073 780
55074 780
55105 842
55106 767
55108 769
55109 768
55110 769
55112 769
55113 768
55114 769
55116 770
55118 770
55120 772
55121 771
55122 772
55124 774
55125 773
55126 774
55128 776
55129 775
55130 776
55132 778
55134 778
55136 780
55137 779
55138 780
55169 843
55170 843
55171 843
55172 844
55173 844
55174 844
55175 844
55176 844
55177 844
55178 844
55179 844
55180 845
55182 845
55183 845
55184 846
55185 846
55186 846
55187 846
55188 847
55189 847
55190 847
55191 847
55192 848
55193 848
55194 848
55195 848
55196 849
55197 849
55199 849
55200 850
55201 850
55202 850
55203 850
55297 792
55298 792
55300 793
55301 794
55302 794
55304 793
55305 794
55306 794
55308 851
55310 795
55312 796
55313 797
55314 797
55316 798
55317 799
55318 799
55320 800
55321 801
55322 801
55324 800
55325 801
55326 801
55329 803
55330 803
55361 852
55362 792
55364 794
55365 793
55366 794
55368 794
55369 793
55370 794
55372 795
55374 795
55376 797
55377 796
55378 797
55380 799
55381 798
55382 799
55384 801
55385 800
55386 801
55388 801
55389 800
55390 801
55392 803
55394 803
55425 853
55426 853
55427 853
55428 854
55429 854
55430 854
55431 854
55432 854
55433 854
55434 854
55435 854
55436 855
55438 855
55439 855
55440 856
55441 856
55442 856
55443 856
55444 857
55445 857
55446 857
55447 857
55448 858
55449 858
55450 858
55451 858
55452 858
55453 858
55454 858
55455 858
55456 859
55457 859
55459 859
66625 860
66626 860
66628 861
66629 862
66630 862
66632 861
66633 862
66634 862
66636 863
66637 864
66638 864
66642 865
66644 866
66645 867
66646 867
66648 866
66649 867
66650 867
66652 868
66653 869
66654 869
66656 868
66657 869
66658 869
66817 870
66820 871
66821 872
66824 871
66825 872
66828 873
66829 874
66833 875
66837 876
66840 877
66841 878
66844 879
66845 880
66848 881
66849 882
66881 883
66882 883
66884 884
66885 885
66886 885
66888 884
66889 885
66890 885
66892 886
66893 887
66894 887
66897 888
66898 888
66900 889
66902 890
66904 891
66905 892
66906 892
66908 893
66909 894
66910 894
66912 895
66913 896
66914 896
67073 897
67076 898
67077 899
67080 900
67081 901
67084 902
67085 903
67089 904
67092 905
67093 906
67097 907
67100 908
67101 909
67104 910
67105 911
67137 912
67138 912
67140 913
67141 914
67142 914
67144 915
67145 916
67146 916
67148 917
67149 918
67150 918
67153 919
67154 919
67156 920
67157 921
67158 921
67160 922
67162 923
67164 924
67165 925
67166 925
67168 926
67169 927
67170 927
67329 928
67332 929
67333 930
67336 929
67337 930
67340 931
67341 932
67345 933
67348 934
67349 935
67352 934
67353 935
67357 936
67360 937
67361 938
67393 939
67394 939
67396 940
67397 941
67398 941
67400 940
67401 941
67402 941
67404 942
67405 943
67406 943
67409 944
67410 944
67412 945
67413 946
67414 946
67416 945
67417 946
67418 946
67420 947
67422 948
67424 949
67425 950
67426 950
67585 951
67588 952
67589 953
67592 952
67593 953
67596 954
67597 955
67601 956
67604 957
67605 958
67608 957
67609 958
67612 959
67613 960
67617 961
67649 962
67650 962
67652 963
67653 964
67654 964
67656 963
67657 964
67658 964
67660 965
67661 966
67662 966
67665 967
67666 967
67668 968
67669 969
67670 969
67672 968
67673 969
67674 969
67676 970
67677 971
67678 971
67680 972
67682 973
70785 974
70787 974
70788 975
70789 975
70791 975
70792 975
70793 975
70795 975
70796 976
70797 976
70799 976
70800 977
70803 977
70804 978
70805 978
70807 978
70808 978
70809 978
70811 978
70812 979
70813 979
70815 979
70816 979
70817 979
70819 979
70913 883
70914 883
70916 884
70917 885
70918 885
70920 884
70921 885
70922 885
70924 886
70925 887
70926 887
70928 980
70930 888
70933 890
70934 890
70936 891
70937 892
70938 892
70940 893
70941 894
70942 894
70944 895
70945 896
70946 896
70977 981
70978 883
70980 885
70981 884
70982 885
70984 885
70985 884
70986 885
70988 887
70989 886
70990 887
70992 888
70994 888
70996 890
70998 890
71000 892
71001 891
71002 892
71004 894
71005 893
71006 894
71008 896
71009 895
71010 896
71041 982
71042 982
71043 982
71044 983
71045 983
71046 983
71047 983
71048 983
71049 983
71050 983
71051 983
71052 984
71053 984
71054 984
71055 984
71056 985
71058 985
71059 985
71060 986
71061 986
71063 986
71064 987
71065 987
71066 987
71067 987
71068 988
71069 988
71070 988
71071 988
71072 989
71073 989
71074 989
71075 989
71169 912
71170 912
71172 913
71173 914
71174 914
71176 915
71177 916
71178 916
71180 917
71181 918
71182 918
71184 990
71186 919
71188 920
71189 921
71190 921
71193 923
71194 923
71196 924
71197 925
71198 925
71200 926
71201 927
71202 927
71233 991
71234 912
71236 914
71237 913
71238 914
71240 916
71241 915
71242 916
71244 918
71245 917
71246 918
71248 919
71250 919
71252 921
71253 920
71254 921
71256 923
71258 923
71260 925
71261 924
71262 925
71264 927
71265 926
71266 927
71297 992
71298 992
71299 992
71300 993
71301 993
71302 993
71303 993
71304 994
71305 994
71306 994
71307 994
71308 995
71309 995
71310 995
71311 995
71312 996
71314 996
71315 996
71316 997
71317 997
71318 997
71319 997
71320 998
71321 998
71323 998
71324 999
71325 999
71326 999
71327 999
71328 1000
71329 1000
71330 1000
71331 1000
71425 939
71426 939
71428 940
71429 941
71430 941
71432 940
71433 941
71434 941
71436 942
71437 943
71438 943
71440 1001
71442 944
71444 945
71445 946
71446 946
71448 945
71449 946
71450 946
71453 948
71454 948
71456 949
71457 950
71458 950
71489 1002
71490 939
71492 941
71493 940
71494 941
71496 941
71497 940
71498 941
71500 943
71501 942
71502 943
71504 944
71506 944
71508 946
71509 945
71510 946
71512 946
71513 945
71514 946
71516 948
71518 948
71520 950
71521 949
71522 950
71553 1003
71554 1003
71555 1003
71556 1004
71557 1004
71558 1004
71559 1004
71560 1004
71561 1004
71562 1004
71563 1004
71564 1005
71565 1005
71566 1005
71567 1005
71568 1006
71570 1006
71571 1006
71572 1007
71573 1007
71574 1007
71575 1007
71576 1007
71577 1007
71578 1007
71579 1007
71580 1008
71581 1008
71583 1008
71584 1009
71585 1009
71586 1009
71587 1009
71681 962
71682 962
71684 963
71685 964
71686 964
71688 963
71689 964
71690 964
71692 965
71693 966
71694 966
71696 1010
71698 967
71700 968
71701 969
71702 969
71704 968
71705 969
71706 969
71708 970
71709 971
71710 971
71713 973
71714 973
71745 1011
71746 962
71748 964
71749 963
71750 964
71752 964
71753 963
71754 964
71756 966
71757 965
71758 966
71760 967
71762 967
71764 969
71765 968
71766 969
71768 969
71769 968
71770 969
71772 971
71773 970
71774 971
71776 973
71778 973
71809 1012
71810 1012
71811 1012
71812 1013
71813 1013
71814 1013
71815 1013
71816 1013
71817 1013
71818 1013
71819 1013
71820 1014
71821 1014
71822 1014
71823 1014
71824 1015
71826 1015
71827 1015
71828 1016
71829 1016
71830 1016
71831 1016
71832 1016
71833 1016
71834 1016
71835 1016
71836 1017
71837 1017
71838 1017
71839 1017
71840 1018
71841 1018
71843 1018
83265 1019
83266 1019
83268 1020
83269 1021
83270 1021
83272 1020
83273 1021
83274 1021
83276 1022
83277 1023
83278 1023
83280 1022
83281 1023
83282 1023
83286 1024
83288 1025
83289 1026
83290 1026
83292 1025
83293 1026
83294 1026
83296 1027
83297 1028
83298 1028
83457 1029
83460 1030
83461 1031
83464 1032
83465 1033
83468 1034
83469 1035
83472 1036
83473 1037
83477 1038
83481 1039
83484 1040
83485 1041
83488 1042
83489 1043
83521 1044
83522 1044
83524 1045
83525 1046
83526 1046
83528 1047
83529 1048
83530 1048
83532 1049
83533 1050
83534 1050
83536 1051
83537 1052
83538 1052
83541 1053
83542 1053
83544 1054
83546 1055
83548 1056
83549 1057
83550 1057
83552 1058
83553 1059
83554 1059
83713 1060
83716 1061
83717 1062
83720 1061
83721 1062
83724 1063
83725 1064
83728 1065
83729 1066
83733 1067
83736 1068
83737 1069
83741 1070
83744 1071
83745 1072
83777 1073
83778 1073
83780 1074
83781 1075
83782 1075
83784 1074
83785 1075
83786 1075
83788 1076
83789 1077
83790 1077
83792 1078
83793 1079
83794 1079
83797 1080
83798 1080
83800 1081
83801 1082
83802 1082
83804 1083
83806 1084
83808 1085
83809 1086
83810 1086
83969 1087
83972 1088
83973 1089
83976 1088
83977 1089
83980 1090
83981 1091
83984 1090
83985 1091
83989 1092
83992 1093
83993 1094
83996 1093
83997 1094
84001 1095
84033 1096
84034 1096
84036 1097
84037 1098
84038 1098
84040 1097
84041 1098
84042 1098
84044 1099
84045 1100
84046 1100
84048 1099
84049 1100
84050 1100
84053 1101
84054 1101
84056 1102
84057 1103
84058 1103
84060 1102
84061 1103
84062 1103
84064 1104
84066 1105
87425 1106
87427 1106
87428 1107
87429 1107
87431 1107
87432 1107
87433 1107
87435 1107
87436 1108
87437 1108
87439 1108
87440 1108
87441 1108
87443 1108
87444 1109
87447 1109
87448 1110
87449 1110
87451 1110
87452 1110
87453 1110
87455 1110
87456 1111
87457 1111
87459 1111
87553 1044
87554 1044
87556 1045
87557 1046
87558 1046
87560 1047
87561 1048
87562 1048
87564 1049
87565 1050
87566 1050
87568 1051
87569 1052
87570 1052
87572 1112
87574 1053
87577 1055
87578 1055
87580 1056
87581 1057
87582 1057
87584 1058
87585 1059
87586 1059
87617 1113
87618 1044
87620 1046
87621 1045
87622 1046
87624 1048
87625 1047
87626 1048
87628 1050
87629 1049
87630 1050
87632 1052
87633 1051
87634 1052
87636 1053
87638 1053
87640 1055
87642 1055
87644 1057
87645 1056
87646 1057
87648 1059
87649 1058
87650 1059
87681 1114
87682 1114
87683 1114
87684 1115
87685 1115
87686 1115
87687 1115
87688 1116
87689 1116
87690 1116
87691 1116
87692 1117
87693 1117
87694 1117
87695 1117
87696 1118
87697 1118
87698 1118
87699 1118
87700 1119
87702 1119
87703 1119
87704 1120
87705 1120
87707 1120
87708 1121
87709 1121
87710 1121
87711 1121
87712 1122
87713 1122
87714 1122
87715 1122
87809 1073
87810 1073
87812 1074
87813 1075
87814 1075
87816 1074
87817 1075
87818 1075
87820 1076
87821 1077
87822 1077
87824 1078
87825 1079
87826 1079
87828 1123
87830 1080
87832 1081
87833 1082
87834 1082
87837 1084
87838 1084
87840 1085
87841 1086
87842 1086
87873 1124
87874 1073
87876 1075
87877 1074
87878 1075
87880 1075
87881 1074
87882 1075
87884 1077
87885 1076
87886 1077
87888 1079
87889 1078
87890 1079
87892 1080
87894 1080
87896 1082
87897 1081
87898 1082
87900 1084
87902 1084
87904 1086
87905 1085
87906 1086
87937 1125
87938 1125
87939 1125
87940 1126
87941 1126
87942 1126
87943 1126
87944 1126
87945 1126
87946 1126
87947 1126
87948 1127
87949 1127
87950 1127
87951 1127
87952 1128
87953 1128
87954 1128
87955 1128
87956 1129
87958 1129
87959 1129
87960 1130
87961 1130
87962 1130
87963 1130
87964 1131
87965 1131
87967 1131
87968 1132
87969 1132
87970 1132
87971 1132
88065 1096
88066 1096
88068 1097
88069 1098
88070 1098
88072 1097
88073 1098
88074 1098
88076 1099
88077 1100
88078 1100
88080 1099
88081 1100
88082 1100
88084 1133
88086 1101
88088 1102
88089 1103
88090 1103
88092 1102
88093 1103
88094 1103
88097 1105
88098 1105
88129 1134
88130 1096
88132 1098
88133 1097
88134 1098
88136 1098
88137 1097
88138 1098
88140 1100
88141 1099
88142 1100
88144 1100
88145 1099
88146 1100
88148 1101
88150 1101
88152 1103
88153 1102
88154 1103
88156 1103
88157 1102
88158 1103
88160 1105
88162 1105
88193 1135
88194 1135
88195 1135
88196 1136
88197 1136
88198 1136
88199 1136
88200 1136
88201 1136
88202 1136
88203 1136
88204 1137
88205 1137
88206 1137
88207 1137
88208 1137
88209 1137
88210 1137
88211 1137
88212 1138
88214 1138
88215 1138
88216 1139
88217 1139
88218 1139
88219 1139
88220 1139
88221 1139
88222 1139
88223 1139
88224 1140
88225 1140
88227 1140
99905 1141
99906 1141
99908 1142
99909 1143
99910 1143
99912 1142
99913 1143
99914 1143
99916 1142
99917 1143
99918 1143
99920 1144
99921 1145
99922 1145
99924 1144
99925 1145
99926 1145
99930 1146
99932 1147
99933 1148
99934 1148
99936 1147
99937 1148
99938 1148
100097 1149
100100 1150
100101 1151
100104 1150
100105 1151
100108 1152
100109 1153
100112 1154
100113 1155
100116 1154
100117 1155
100121 1156
100125 1157
100128 1158
100129 1159
100161 1160
100162 1160
100164 1161
100165 1162
100166 1162
100168 1161
100169 1162
100170 1162
100172 1163
100173 1164
100174 1164
100176 1165
100177 1166
100178 1166
100180 1165
100181 1166
100182 1166
100185 1167
100186 1167
100188 1168
100190 1169
100192 1170
100193 1171
100194 1171
100353 1172
100356 1173
100357 1174
100360 1173
100361 1174
100364 1173
100365 1174
100368 1175
100369 1176
100372 1175
100373 1176
100377 1177
100380 1178
100381 1179
100385 1180
100417 1181
100418 1181
100420 1182
100421 1183
100422 1183
100424 1182
100425 1183
100426 1183
100428 1182
100429 1183
100430 1183
100432 1184
100433 1185
100434 1185
100436 1184
100437 1185
100438 1185
100441 1186
100442 1186
100444 1187
100445 1188
100446 1188
100448 1189
100450 1190
104065 1191
104067 1191
104068 1192
104069 1192
104071 1192
104072 1192
104073 1192
104075 1192
104076 1192
104077 1192
104079 1192
104080 1193
104081 1193
104083 1193
104084 1193
104085 1193
104087 1193
104088 1194
104091 1194
104092 1195
104093 1195
104095 1195
104096 1195
104097 1195
104099 1195
104193 1160
104194 1160
104196 1161
104197 1162
104198 1162
104200 1161
104201 1162
104202 1162
104204 1163
104205 1164
104206 1164
104208 1165
104209 1166
104210 1166
104212 1165
104213 1166
104214 1166
104216 1196
104218 1167
104221 1169
104222 1169
104224 1170
104225 1171
104226 1171
104257 1197
104258 1160
104260 1162
104261 1161
104262 1162
104264 1162
104265 1161
104266 1162
104268 1164
104269 1163
104270 1164
104272 1166
104273 1165
104274 1166
104276 1166
104277 1165
104278 1166
104280 1167
104282 1167
104284 1169
104286 1169
104288 1171
104289 1170
104290 1171
104321 1198
104322 1198
104323 1198
104324 1199
104325 1199
104326 1199
104327 1199
104328 1199
104329 1199
104330 1199
104331 1199
104332 1200
104333 1200
104334 1200
104335 1200
104336 1201
104337 1201
104338 1201
104339 1201
104340 1201
104341 1201
104342 1201
104343 1201
104344 1202
104346 1202
104347 1202
104348 1203
104349 1203
104351 1203
104352 1204
104353 1204
104354 1204
104355 1204
104449 1181
104450 1181
104452 1182
104453 1183
104454 1183
104456 1182
104457 1183
104458 1183
104460 1182
104461 1183
104462 1183
104464 1184
104465 1185
104466 1185
104468 1184
104469 1185
104470 1185
104472 1205
104474 1186
104476 1187
104477 1188
104478 1188
104481 1190
104482 1190
104513 1206
104514 1181
104516 1183
104517 1182
104518 1183
104520 1183
104521 1182
104522 1183
104524 1183
104525 1182
104526 1183
104528 1185
104529 1184
104530 1185
104532 1185
104533 1184
104534 1185
104536 1186
104538 1186
104540 1188
104541 1187
104542 1188
104544 1190
104546 1190
104577 1207
104578 1207
104579 1207
104580 1208
104581 1208
104582 1208
104583 1208
104584 1208
104585 1208
104586 1208
104587 1208
104588 1208
104589 1208
104590 1208
104591 1208
104592 1209
104593 1209
104594 1209
104595 1209
104596 1209
104597 1209
104598 1209
104599 1209
104600 1210
104602 1210
104603 1210
104604 1211
104605 1211
104606 1211
104607 1211
104608 1212
104609 1212
104611 1212
116545 1213
116546 1213
116548 1214
116549 1215
116550 1215
116552 1214
116553 1215
116554 1215
116556 1214
116557 1215
116558 1215
116560 1216
116561 1217
116562 1217
116564 1216
116565 1217
116566 1217
116568 1216
116569 1217
116570 1217
116574 1218
116576 1219
116577 1220
116578 1220
116737 1221
116740 1222
116741 1223
116744 1222
116745 1223
116748 1222
116749 1223
116752 1224
116753 1225
116756 1224
116757 1225
116760 1224
116761 1225
116765 1226
116769 1227
116801 1228
116802 1228
116804 1229
116805 1230
116806 1230
116808 1229
116809 1230
116810 1230
116812 1229
116813 1230
116814 1230
116816 1231
116817 1232
116818 1232
116820 1231
116821 1232
116822 1232
116824 1231
116825 1232
116826 1232
116829 1233
116830 1233
116832 1234
116834 1235
120705 1236
120707 1236
120708 1237
120709 1237
120711 1237
120712 1237
120713 1237
120715 1237
120716 1237
120717 1237
120719 1237
120720 1238
120721 1238
120723 1238
120724 1238
120725 1238
120727 1238
120728 1238
120729 1238
120731 1238
120732 1239
120735 1239
120736 1240
120737 1240
120739 1240
120833 1228
120834 1228
120836 1229
120837 1230
120838 1230
120840 1229
120841 1230
120842 1230
120844 1229
120845 1230
120846 1230
120848 1231
120849 1232
120850 1232
120852 1231
120853 1232
120854 1232
120856 1231
120857 1232
120858 1232
120860 1241
120862 1233
120865 1235
120866 1235
120897 1242
120898 1228
120900 1230
120901 1229
120902 1230
120904 1230
120905 1229
120906 1230
120908 1230
120909 1229
120910 1230
120912 1232
120913 1231
120914 1232
120916 1232
120917 1231
120918 1232
120920 1232
120921 1231
120922 1232
120924 1233
120926 1233
120928 1235
120930 1235
120961 1243
120962 1243
120963 1243
120964 1244
120965 1244
120966 1244
120967 1244
120968 1244
120969 1244
120970 1244
120971 1244
120972 1244
120973 1244
120974 1244
120975 1244
120976 1245
120977 1245
120978 1245
120979 1245
120980 1245
120981 1245
120982 1245
120983 1245
120984 1245
120985 1245
120986 1245
120987 1245
120988 1246
120990 1246
120991 1246
120992 1247
120993 1247
120995 1247
133185 1248
133186 1248
133188 1249
133189 1250
133190 1250
133192 1249
133193 1250
133194 1250
133196 1249
133197 1250
133198 1250
133200 1251
133201 1252
133202 1252
133204 1253
133205 1254
133206 1254
133208 1253
133209 1254
133210 1254
133212 1253
133213 1254
133214 1254
133218 1255
137345 1256
137347 1256
137348 1257
137349 1257
137351 1257
137352 1257
137353 1257
137355 1257
137356 1257
137357 1257
137359 1257
137360 1258
137361 1258
137363 1258
137364 1259
137365 1259
137367 1259
137368 1259
137369 1259
137371 1259
137372 1259
137373 1259
137375 1259
137376 1260
137379 1260
1069440 1261
1069443 1261
1069447 1262
1069448 1263
1069451 1263
1069452 1263
1069455 1263
1069456 1263
1069459 1263
1069460 1263
1069463 1263
1069464 1264
1069467 1264
1069468 1264
1069471 1264
1069472 1264
1069475 1264
1069568 1265
1069569 1266
1069570 1266
1069574 1267
1069577 1268
1069578 1268
1069580 1269
1069581 1270
1069582 1270
1069584 1271
1069585 1272
1069586 1272
1069588 1273
1069589 1274
1069590 1274
1069592 1275
1069593 1276
1069594 1276
1069596 1275
1069597 1276
1069598 1276
1069600 1277
1069601 1278
1069602 1278
1069696 1279
1069698 1279
1069699 1279
1069702 1280
1069703 1280
1069704 1281
1069707 1281
1069708 1282
1069710 1282
1069711 1282
1069712 1283
1069714 1283
1069715 1283
1069716 1284
1069718 1284
1069719 1284
1069720 1285
1069722 1285
1069723 1285
1069724 1285
1069726 1285
1069727 1285
1069728 1286
1069730 1286
1069731 1286
1069824 1287
1069825 1288
1069826 1288
1069830 1289
1069832 1290
1069833 1291
1069834 1291
1069837 1292
1069838 1292
1069840 1293
1069841 1294
1069842 1294
1069844 1295
1069845 1296
1069846 1296
1069848 1297
1069849 1298
1069850 1298
1069852 1299
1069853 1300
1069854 1300
1069856 1301
1069857 1302
1069858 1302
1069952 1303
1069954 1303
1069955 1303
1069958 1304
1069959 1304
1069960 1305
1069962 1305
1069963 1305
1069964 1306
1069967 1306
1069968 1307
1069970 1307
1069971 1307
1069972 1308
1069974 1308
1069975 1308
1069976 1309
1069978 1309
1069979 1309
1069980 1310
1069982 1310
1069983 1310
1069984 1311
1069986 1311
1069987 1311
1070080 1312
1070081 1313
1070082 1313
1070086 1314
1070088 1315
1070089 1316
1070090 1316
1070092 1315
1070093 1316
1070094 1316
1070097 1317
1070098 1317
1070100 1318
1070101 1319
1070102 1319
1070104 1320
1070105 1321
1070106 1321
1070108 1322
1070109 1323
1070110 1323
1070112 1322
1070113 1323
1070114 1323
1070208 1324
1070210 1324
1070211 1324
1070214 1325
1070215 1325
1070216 1326
1070218 1326
1070219 1326
1070220 1326
1070222 1326
1070223 1326
1070224 1327
1070227 1327
1070228 1328
1070230 1328
1070231 1328
1070232 1329
1070234 1329
1070235 1329
1070236 1330
1070238 1330
1070239 1330
1070240 1330
1070242 1330
1070243 1330
1070336 1331
1070337 1332
1070338 1332
1070342 1333
1070344 1334
1070345 1335
1070346 1335
1070348 1334
1070349 1335
1070350 1335
1070352 1336
1070353 1337
1070354 1337
1070357 1338
1070358 1338
1070360 1339
1070361 1340
1070362 1340
1070364 1339
1070365 1340
1070366 1340
1070368 1341
1070369 1342
1070370 1342
1070464 1343
1070466 1343
1070467 1343
1070470 1344
1070471 1344
1070472 1345
1070474 1345
1070475 1345
1070476 1345
1070478 1345
1070479 1345
1070480 1346
1070482 1346
1070483 1346
1070484 1347
1070487 1347
1070488 1348
1070490 1348
1070491 1348
1070492 1348
1070494 1348
1070495 1348
1070496 1349
1070498 1349
1070499 1349
1070592 1350
1070593 1351
1070594 1351
1070598 1352
1070600 1353
1070601 1354
1070602 1354
1070604 1353
1070605 1354
1070606 1354
1070608 1355
1070609 1356
1070610 1356
1070612 1355
1070613 1356
1070614 1356
1070617 1357
1070618 1357
1070620 1358
1070621 1359
1070622 1359
1070624 1358
1070625 1359
1070626 1359
1070720 1360
1070722 1360
1070723 1360
1070726 1361
1070727 1361
1070728 1362
1070730 1362
1070731 1362
1070732 1362
1070734 1362
1070735 1362
1070736 1363
1070738 1363
1070739 1363
1070740 1363
1070742 1363
1070743 1363
1070744 1364
1070747 1364
1070748 1365
1070750 1365
1070751 1365
1070752 1365
1070754 1365
1070755 1365
1070848 1366
1070849 1367
1070850 1367
1070854 1368
1070856 1369
1070857 1370
1070858 1370
1070860 1369
1070861 1370
1070862 1370
1070864 1369
1070865 1370
1070866 1370
1070868 1371
1070869 1372
1070870 1372
1070872 1371
1070873 1372
1070874 1372
1070877 1373
1070878 1373
1070880 1374
1070881 1375
1070882 1375
1070976 1376
1070978 1376
1070979 1376
1070982 1377
1070983 1377
1070984 1378
1070986 1378
1070987 1378
1070988 1378
1070990 1378
1070991 1378
1070992 1378
1070994 1378
1070995 1378
1070996 1379
1070998 1379
1070999 1379
1071000 1379
1071002 1379
1071003 1379
1071004 1380
1071007 1380
1071008 1381
1071010 1381
1071011 1381
1071104 1382
1071105 1383
1071106 1383
1071110 1384
1071112 1385
1071113 1386
1071114 1386
1071116 1385
1071117 1386
1071118 1386
1071120 1387
1071121 1388
1071122 1388
1071124 1389
1071125 1390
1071126 1390
1071128 1389
1071129 1390
1071130 1390
1071132 1389
1071133 1390
1071134 1390
1071137 1391
1071138 1391
1071232 1392
1071234 1392
1071235 1392
1071238 1393
1071239 1393
1071240 1394
1071242 1394
1071243 1394
1071244 1394
1071246 1394
1071247 1394
1071248 1395
1071250 1395
1071251 1395
1071252 1396
1071254 1396
1071255 1396
1071256 1396
1071258 1396
1071259 1396
1071260 1396
1071262 1396
1071263 1396
1071264 1397
1071267 1397
1081920 1398
1081921 1399
1081922 1399
1081925 1400
1081926 1400
1081930 1401
1081932 1402
1081933 1403
1081934 1403
1081936 1404
1081937 1405
1081938 1405
1081940 1406
1081941 1407
1081942 1407
1081944 1408
1081945 1409
1081946 1409
1081948 1408
1081949 1409
1081950 1409
1081952 1410
1081953 1411
1081954 1411
1082112 1412
1082113 1413
1082117 1414
1082121 1415
1082125 1416
1082128 1417
1082129 1418
1082132 1419
1082133 1420
1082136 1421
1082137 1422
1082140 1423
1082141 1424
1082144 1425
1082145 1426
1082176 1427
1082177 1428
1082178 1428
1082181 1429
1082182 1429
1082185 1430
1082186 1430
1082188 1431
1082190 1432
1082192 1433
1082193 1434
1082194 1434
1082196 1435
1082197 1436
1082198 1436
1082200 1437
1082201 1438
1082202 1438
1082204 1439
1082205 1440
1082206 1440
1082208 1441
1082209 1442
1082210 1442
1082368 1443
1082369 1444
1082373 1445
1082377 1446
1082380 1447
1082381 1448
1082385 1449
1082388 1450
1082389 1451
1082392 1452
1082393 1453
1082396 1454
1082397 1455
1082400 1456
1082401 1457
1082432 1458
1082433 1459
1082434 1459
1082437 1460
1082438 1460
1082441 1461
1082442 1461
1082444 1462
1082445 1463
1082446 1463
1082448 1464
1082450 1465
1082452 1466
1082453 1467
1082454 1467
1082456 1468
1082457 1469
1082458 1469
1082460 1470
1082461 1471
1082462 1471
1082464 1472
1082465 1473
1082466 1473
1082624 1474
1082625 1475
1082629 1476
1082633 1477
1082636 1478
1082637 1479
1082640 1480
1082641 1481
1082645 1482
1082648 1483
1082649 1484
1082652 1485
1082653 1486
1082656 1487
1082657 1488
1082688 1489
1082689 1490
1082690 1490
1082693 1491
1082694 1491
1082697 1492
1082698 1492
1082700 1493
1082701 1494
1082702 1494
1082704 1495
1082705 1496
1082706 1496
1082708 1497
1082710 1498
1082712 1499
1082713 1500
1082714 1500
1082716 1501
1082717 1502
1082718 1502
1082720 1503
1082721 1504
1082722 1504
1082880 1505
1082881 1506
1082885 1507
1082889 1508
1082892 1509
1082893 1510
1082896 1511
1082897 1512
1082900 1513
1082901 1514
1082905 1515
1082908 1516
1082909 1517
1082912 1518
1082913 1519
1082944 1520
1082945 1521
1082946 1521
1082949 1522
1082950 1522
1082953 1523
1082954 1523
1082956 1524
1082957 1525
1082958 1525
1082960 1526
1082961 1527
1082962 1527
1082964 1528
1082965 1529
1082966 1529
1082968 1530
1082970 1531
1082972 1532
1082973 1533
1082974 1533
1082976 1534
1082977 1535
1082978 1535
1083136 1536
1083137 1537
1083141 1538
1083145 1539
1083148 1540
1083149 1541
1083152 1542
1083153 1543
1083156 1544
1083157 1545
1083160 1546
1083161 1547
1083165 1548
1083168 1549
1083169 1550
1083200 1551
1083201 1552
1083202 1552
1083205 1553
1083206 1553
1083209 1554
1083210 1554
1083212 1555
1083213 1556
1083214 1556
1083216 1557
1083217 1558
1083218 1558
1083220 1559
1083221 1560
1083222 1560
1083224 1561
1083225 1562
1083226 1562
1083228 1563
1083230 1564
1083232 1565
1083233 1566
1083234 1566
1083392 1567
1083393 1568
1083397 1569
1083401 1570
1083404 1571
1083405 1572
1083408 1573
1083409 1574
1083412 1575
1083413 1576
1083416 1577
1083417 1578
1083420 1577
1083421 1578
1083425 1579
1083456 1580
1083457 1581
1083458 1581
1083461 1582
1083462 1582
1083465 1583
1083466 1583
1083468 1584
1083469 1585
1083470 1585
1083472 1586
1083473 1587
1083474 1587
1083476 1588
1083477 1589
1083478 1589
1083480 1590
1083481 1591
1083482 1591
1083484 1590
1083485 1591
1083486 1591
1083488 1592
1083490 1593
1086080 1594
1086081 1594
1086083 1594
1086085 1595
1086087 1595
1086088 1596
1086091 1596
1086092 1597
1086093 1597
1086095 1597
1086096 1598
1086097 1598
1086099 1598
1086100 1599
1086101 1599
1086103 1599
1086104 1600
1086105 1600
1086107 1600
1086108 1600
1086109 1600
1086111 1600
1086112 1601
1086113 1601
1086115 1601
1086208 1427
1086209 1428
1086210 1428
1086213 1429
1086214 1429
1086216 1602
1086218 1430
1086221 1432
1086222 1432
1086224 1433
1086225 1434
1086226 1434
1086228 1435
1086229 1436
1086230 1436
1086232 1437
1086233 1438
1086234 1438
1086236 1439
1086237 1440
1086238 1440
1086240 1441
1086241 1442
1086242 1442
1086272 1428
1086273 1427
1086274 1428
1086277 1603
1086278 1429
1086280 1430
1086282 1430
1086284 1432
1086286 1432
1086288 1434
1086289 1433
1086290 1434
1086292 1436
1086293 1435
1086294 1436
1086296 1438
1086297 1437
1086298 1438
1086300 1440
1086301 1439
1086302 1440
1086304 1442
1086305 1441
1086306 1442
1086336 1604
1086337 1604
1086338 1604
1086339 1604
1086341 1605
1086342 1605
1086343 1605
1086344 1606
1086346 1606
1086347 1606
1086348 1607
1086349 1607
1086351 1607
1086352 1608
1086353 1608
1086354 1608
1086355 1608
1086356 1609
1086357 1609
1086358 1609
1086359 1609
1086360 1610
1086361 1610
1086362 1610
1086363 1610
1086364 1611
1086365 1611
1086366 1611
1086367 1611
1086368 1612
1086369 1612
1086370 1612
1086371 1612
1086464 1458
1086465 1459
1086466 1459
1086469 1460
1086470 1460
1086472 1613
1086474 1461
1086476 1462
1086477 1463
1086478 1463
1086481 1465
1086482 1465
1086484 1466
1086485 1467
1086486 1467
1086488 1468
1086489 1469
1086490 1469
1086492 1470
1086493 1471
1086494 1471
1086496 1472
1086497 1473
1086498 1473
1086528 1459
1086529 1458
1086530 1459
1086533 1614
1086534 1460
1086536 1461
1086538 1461
1086540 1463
1086541 1462
1086542 1463
1086544 1465
1086546 1465
1086548 1467
1086549 1466
1086550 1467
1086552 1469
1086553 1468
1086554 1469
1086556 1471
1086557 1470
1086558 1471
1086560 1473
1086561 1472
1086562 1473
1086592 1615
1086593 1615
1086594 1615
1086595 1615
1086597 1616
1086598 1616
1086599 1616
1086600 1617
1086602 1617
1086603 1617
1086604 1618
1086605 1618
1086606 1618
1086607 1618
1086608 1619
1086609 1619
1086611 1619
1086612 1620
1086613 1620
1086614 1620
1086615 1620
1086616 1621
1086617 1621
1086618 1621
1086619 1621
1086620 1622
1086621 1622
1086622 1622
1086623 1622
1086624 1623
1086625 1623
1086626 1623
1086627 1623
1086720 1489
1086721 1490
1086722 1490
1086725 1491
1086726 1491
1086728 1624
1086730 1492
1086732 1493
1086733 1494
1086734 1494
1086736 1495
1086737 1496
1086738 1496
1086741 1498
1086742 1498
1086744 1499
1086745 1500
1086746 1500
1086748 1501
1086749 1502
1086750 1502
1086752 1503
1086753 1504
1086754 1504
1086784 1490
1086785 1489
1086786 1490
1086789 1625
1086790 1491
1086792 1492
1086794 1492
1086796 1494
1086797 1493
1086798 1494
1086800 1496
1086801 1495
1086802 1496
1086804 1498
1086806 1498
1086808 1500
1086809 1499
1086810 1500
1086812 1502
1086813 1501
1086814 1502
1086816 1504
1086817 1503
1086818 1504
1086848 1626
1086849 1626
1086850 1626
1086851 1626
1086853 1627
1086854 1627
1086855 1627
1086856 1628
1086858 1628
1086859 1628
1086860 1629
1086861 1629
1086862 1629
1086863 1629
1086864 1630
1086865 1630
1086866 1630
1086867 1630
1086868 1631
1086869 1631
1086871 1631
1086872 1632
1086873 1632
1086874 1632
1086875 1632
1086876 1633
1086877 1633
1086878 1633
1086879 1633
1086880 1634
1086881 1634
1086882 1634
1086883 1634
1086976 1520
1086977 1521
1086978 1521
1086981 1522
1086982 1522
1086984 1635
1086986 1523
1086988 1524
1086989 1525
1086990 1525
1086992 1526
1086993 1527
1086994 1527
1086996 1528
1086997 1529
1086998 1529
1087001 1531
1087002 1531
1087004 1532
1087005 1533
1087006 1533
1087008 1534
1087009 1535
1087010 1535
1087040 1521
1087041 1520
1087042 1521
1087045 1636
1087046 1522
1087048 1523
1087050 1523
1087052 1525
1087053 1524
1087054 1525
1087056 1527
1087057 1526
1087058 1527
1087060 1529
1087061 1528
1087062 1529
1087064 1531
1087066 1531
1087068 1533
1087069 1532
1087070 1533
1087072 1535
1087073 1534
1087074 1535
1087104 1637
1087105 1637
1087106 1637
1087107 1637
1087109 1638
1087110 1638
1087111 1638
1087112 1639
1087114 1639
1087115 1639
1087116 1640
1087117 1640
1087118 1640
1087119 1640
1087120 1641
1087121 1641
1087122 1641
1087123 1641
1087124 1642
1087125 1642
1087126 1642
1087127 1642
1087128 1643
1087129 1643
1087131 1643
1087132 1644
1087133 1644
1087134 1644
1087135 1644
1087136 1645
1087137 1645
1087138 1645
1087139 1645
1087232 1551
1087233 1552
1087234 1552
1087237 1553
1087238 1553
1087240 1646
1087242 1554
1087244 1555
1087245 1556
1087246 1556
1087248 1557
1087249 1558
1087250 1558
1087252 1559
1087253 1560
1087254 1560
1087256 1561
1087257 1562
1087258 1562
1087261 1564
1087262 1564
1087264 1565
1087265 1566
1087266 1566
1087296 1552
1087297 1551
1087298 1552
1087301 1647
1087302 1553
1087304 1554
1087306 1554
1087308 1556
1087309 1555
1087310 1556
1087312 1558
1087313 1557
1087314 1558
1087316 1560
1087317 1559
1087318 1560
1087320 1562
1087321 1561
1087322 1562
1087324 1564
1087326 1564
1087328 1566
1087329 1565
1087330 1566
1087360 1648
1087361 1648
1087362 1648
1087363 1648
1087365 1649
1087366 1649
1087367 1649
1087368 1650
1087370 1650
1087371 1650
1087372 1651
1087373 1651
1087374 1651
1087375 1651
1087376 1652
1087377 1652
1087378 1652
1087379 1652
1087380 1653
1087381 1653
1087382 1653
1087383 1653
1087384 1654
1087385 1654
1087386 1654
1087387 1654
1087388 1655
1087389 1655
1087391 1655
1087392 1656
1087393 1656
1087394 1656
1087395 1656
1087488 1580
1087489 1581
1087490 1581
1087493 1582
1087494 1582
1087496 1657
1087498 1583
1087500 1584
1087501 1585
1087502 1585
1087504 1586
1087505 1587
1087506 1587
1087508 1588
1087509 1589
1087510 1589
1087512 1590
1087513 1591
1087514 1591
1087516 1590
1087517 1591
1087518 1591
1087521 1593
1087522 1593
1087552 1581
1087553 1580
1087554 1581
1087557 1658
1087558 1582
1087560 1583
1087562 1583
1087564 1585
1087565 1584
1087566 1585
1087568 1587
1087569 1586
1087570 1587
1087572 1589
1087573 1588
1087574 1589
1087576 1591
1087577 1590
1087578 1591
1087580 1591
1087581 1590
1087582 1591
1087584 1593
1087586 1593
1087616 1659
1087617 1659
1087618 1659
1087619 1659
1087621 1660
1087622 1660
1087623 1660
1087624 1661
1087626 1661
1087627 1661
1087628 1662
1087629 1662
1087630 1662
1087631 1662
1087632 1663
1087633 1663
1087634 1663
1087635 1663
1087636 1664
1087637 1664
1087638 1664
1087639 1664
1087640 1665
1087641 1665
1087642 1665
1087643 1665
1087644 1665
1087645 1665
1087646 1665
1087647 1665
1087648 1666
1087649 1666
1087651 1666
1098560 1667
1098561 1668
1098562 1668
1098565 1669
1098566 1669
1098568 1670
1098569 1671
1098570 1671
1098574 1672
1098576 1673
1098577 1674
1098578 1674
1098580 1675
1098581 1676
1098582 1676
1098584 1677
1098585 1678
1098586 1678
1098588 1679
1098589 1680
1098590 1680
1098592 1681
1098593 1682
1098594 1682
1098752 1683
1098753 1684
1098757 1685
1098760 1686
1098761 1687
1098765 1688
1098769 1689
1098772 1690
1098773 1691
1098776 1692
1098777 1693
1098780 1694
1098781 1695
1098784 1696
1098785 1697
1098816 1698
1098817 1699
1098818 1699
1098821 1700
1098822 1700
1098824 1701
1098825 1702
1098826 1702
1098829 1703
1098830 1703
1098832 1704
1098834 1705
1098836 1706
1098837 1707
1098838 1707
1098840 1708
1098841 1709
1098842 1709
1098844 1710
1098845 1711
1098846 1711
1098848 1712
1098849 1713
1098850 1713
1099008 1714
1099009 1715
1099013 1716
1099016 1717
1099017 1718
1099021 1719
1099024 1720
1099025 1721
1099029 1722
1099032 1723
1099033 1724
1099036 1725
1099037 1726
1099040 1727
1099041 1728
1099072 1729
1099073 1730
1099074 1730
1099077 1731
1099078 1731
1099080 1732
1099081 1733
1099082 1733
1099085 1734
1099086 1734
1099088 1735
1099089 1736
1099090 1736
1099092 1737
1099094 1738
1099096 1739
1099097 1740
1099098 1740
1099100 1741
1099101 1742
1099102 1742
1099104 1743
1099105 1744
1099106 1744
1099264 1745
1099265 1746
1099269 1747
1099272 1748
1099273 1749
1099277 1750
1099280 1751
1099281 1752
1099284 1753
1099285 1754
1099289 1755
1099292 1756
1099293 1757
1099296 1756
1099297 1757
1099328 1758
1099329 1759
1099330 1759
1099333 1760
1099334 1760
1099336 1761
1099337 1762
1099338 1762
1099341 1763
1099342 1763
1099344 1764
1099345 1765
1099346 1765
1099348 1766
1099349 1767
1099350 1767
1099352 1768
1099354 1769
1099356 1770
1099357 1771
1099358 1771
1099360 1770
1099361 1771
1099362 1771
1099520 1772
1099521 1773
1099525 1774
1099528 1775
1099529 1776
1099533 1777
1099536 1778
1099537 1779
1099540 1780
1099541 1781
1099544 1782
1099545 1783
1099549 1784
1099552 1785
1099553 1786
1099584 1787
1099585 1788
1099586 1788
1099589 1789
1099590 1789
1099592 1790
1099593 1791
1099594 1791
1099597 1792
1099598 1792
1099600 1793
1099601 1794
1099602 1794
1099604 1795
1099605 1796
1099606 1796
1099608 1797
1099609 1798
1099610 1798
1099612 1799
1099614 1800
1099616 1801
1099617 1802
1099618 1802
1099776 1803
1099777 1804
1099781 1805
1099784 1806
1099785 1807
1099789 1808
1099792 1809
1099793 1810
1099796 1811
1099797 1812
1099800 1813
1099801 1814
1099804 1813
1099805 1814
1099809 1815
1099840 1816
1099841 1817
1099842 1817
1099845 1818
1099846 1818
1099848 1819
1099849 1820
1099850 1820
1099853 1821
1099854 1821
1099856 1822
1099857 1823
1099858 1823
1099860 1824
1099861 1825
1099862 1825
1099864 1826
1099865 1827
1099866 1827
1099868 1826
1099869 1827
1099870 1827
1099872 1828
1099874 1829
1102720 1830
1102721 1830
1102723 1830
1102725 1831
1102727 1831
1102728 1832
1102729 1832
1102731 1832
1102732 1833
1102735 1833
1102736 1834
1102737 1834
1102739 1834
1102740 1835
1102741 1835
1102743 1835
1102744 1836
1102745 1836
1102747 1836
1102748 1837
1102749 1837
1102751 1837
1102752 1838
1102753 1838
1102755 1838
1102848 1698
1102849 1699
1102850 1699
1102853 1700
1102854 1700
1102856 1701
1102857 1702
1102858 1702
1102860 1839
1102862 1703
1102865 1705
1102866 1705
1102868 1706
1102869 1707
1102870 1707
1102872 1708
1102873 1709
1102874 1709
1102876 1710
1102877 1711
1102878 1711
1102880 1712
1102881 1713
1102882 1713
1102912 1699
1102913 1698
1102914 1699
1102917 1840
1102918 1700
1102920 1702
1102921 1701
1102922 1702
1102924 1703
1102926 1703
1102928 1705
1102930 1705
1102932 1707
1102933 1706
1102934 1707
1102936 1709
1102937 1708
1102938 1709
1102940 1711
1102941 1710
1102942 1711
1102944 1713
1102945 1712
1102946 1713
1102976 1841
1102977 1841
1102978 1841
1102979 1841
1102981 1842
1102982 1842
1102983 1842
1102984 1843
1102985 1843
1102986 1843
1102987 1843
1102988 1844
1102990 1844
1102991 1844
1102992 1845
1102993 1845
1102995 1845
1102996 1846
1102997 1846
1102998 1846
1102999 1846
1103000 1847
1103001 1847
1103002 1847
1103003 1847
1103004 1848
1103005 1848
1103006 1848
1103007 1848
1103008 1849
1103009 1849
1103010 1849
1103011 1849
1103104 1729
1103105 1730
1103106 1730
1103109 1731
1103110 1731
1103112 1732
1103113 1733
1103114 1733
1103116 1850
1103118 1734
1103120 1735
1103121 1736
1103122 1736
1103125 1738
1103126 1738
1103128 1739
1103129 1740
1103130 1740
1103132 1741
1103133 1742
1103134 1742
1103136 1743
1103137 1744
1103138 1744
1103168 1730
1103169 1729
1103170 1730
1103173 1851
1103174 1731
1103176 1733
1103177 1732
1103178 1733
1103180 1734
1103182 1734
1103184 1736
1103185 1735
1103186 1736
1103188 1738
1103190 1738
1103192 1740
1103193 1739
1103194 1740
1103196 1742
1103197 1741
1103198 1742
1103200 1744
1103201 1743
1103202 1744
1103232 1852
1103233 1852
1103234 1852
1103235 1852
1103237 1853
1103238 1853
1103239 1853
1103240 1854
1103241 1854
1103242 1854
1103243 1854
1103244 1855
1103246 1855
1103247 1855
1103248 1856
1103249 1856
1103250 1856
1103251 1856
1103252 1857
1103253 1857
1103255 1857
1103256 1858
1103257 1858
1103258 1858
1103259 1858
1103260 1859
1103261 1859
1103262 1859
1103263 1859
1103264 1860
1103265 1860
1103266 1860
1103267 1860
1103360 1758
1103361 1759
1103362 1759
1103365 1760
1103366 1760
1103368 1761
1103369 1762
1103370 1762
1103372 1861
1103374 1763
1103376 1764
1103377 1765
1103378 1765
1103380 1766
1103381 1767
1103382 1767
1103385 1769
1103386 1769
1103388 1770
1103389 1771
1103390 1771
1103392 1770
1103393 1771
1103394 1771
1103424 1759
1103425 1758
1103426 1759
1103429 1862
1103430 1760
1103432 1762
1103433 1761
1103434 1762
1103436 1763
1103438 1763
1103440 1765
1103441 1764
1103442 1765
1103444 1767
1103445 1766
1103446 1767
1103448 1769
1103450 1769
1103452 1771
1103453 1770
1103454 1771
1103456 1771
1103457 1770
1103458 1771
1103488 1863
1103489 1863
1103490 1863
1103491 1863
1103493 1864
1103494 1864
1103495 1864
1103496 1865
1103497 1865
1103498 1865
1103499 1865
1103500 1866
1103502 1866
1103503 1866
1103504 1867
1103505 1867
1103506 1867
1103507 1867
1103508 1868
1103509 1868
1103510 1868
1103511 1868
1103512 1869
1103513 1869
1103515 1869
1103516 1870
1103517 1870
1103518 1870
1103519 1870
1103520 1870
1103521 1870
1103522 1870
1103523 1870
1103616 1787
1103617 1788
1103618 1788
1103621 1789
1103622 1789
1103624 1790
1103625 1791
1103626 1791
1103628 1871
1103630 1792
1103632 1793
1103633 1794
1103634 1794
1103636 1795
1103637 1796
1103638 1796
1103640 1797
1103641 1798
1103642 1798
1103645 1800
1103646 1800
1103648 1801
1103649 1802
1103650 1802
1103680 1788
1103681 1787
1103682 1788
1103685 1872
1103686 1789
1103688 1791
1103689 1790
1103690 1791
1103692 1792
1103694 1792
1103696 1794
1103697 1793
1103698 1794
1103700 1796
1103701 1795
1103702 1796
1103704 1798
1103705 1797
1103706 1798
1103708 1800
1103710 1800
1103712 1802
1103713 1801
1103714 1802
1103744 1873
1103745 1873
1103746 1873
1103747 1873
1103749 1874
1103750 1874
1103751 1874
1103752 1875
1103753 1875
1103754 1875
1103755 1875
1103756 1876
1103758 1876
1103759 1876
1103760 1877
1103761 1877
1103762 1877
1103763 1877
1103764 1878
1103765 1878
1103766 1878
1103767 1878
1103768 1879
1103769 1879
1103770 1879
1103771 1879
1103772 1880
1103773 1880
1103775 1880
1103776 1881
1103777 1881
1103778 1881
1103779 1881
1103872 1816
1103873 1817
1103874 1817
1103877 1818
1103878 1818
1103880 1819
1103881 1820
1103882 1820
1103884 1882
1103886 1821
1103888 1822
1103889 1823
1103890 1823
1103892 1824
1103893 1825
1103894 1825
1103896 1826
1103897 1827
1103898 1827
1103900 1826
1103901 1827
1103902 1827
1103905 1829
1103906 1829
1103936 1817
1103937 1816
1103938 1817
1103941 1883
1103942 1818
1103944 1820
1103945 1819
1103946 1820
1103948 1821
1103950 1821
1103952 1823
1103953 1822
1103954 1823
1103956 1825
1103957 1824
1103958 1825
1103960 1827
1103961 1826
1103962 1827
1103964 1827
1103965 1826
1103966 1827
1103968 1829
1103970 1829
1104000 1884
1104001 1884
1104002 1884
1104003 1884
1104005 1885
1104006 1885
1104007 1885
1104008 1886
1104009 1886
1104010 1886
1104011 1886
1104012 1887
1104014 1887
1104015 1887
1104016 1888
1104017 1888
1104018 1888
1104019 1888
1104020 1889
1104021 1889
1104022 1889
1104023 1889
1104024 1890
1104025 1890
1104026 1890
1104027 1890
1104028 1890
1104029 1890
1104030 1890
1104031 1890
1104032 1891
1104033 1891
1104035 1891
1115200 1892
1115201 1893
1115202 1893
1115205 1894
1115206 1894
1115208 1895
1115209 1896
1115210 1896
1115212 1895
1115213 1896
1115214 1896
1115218 1897
1115220 1898
1115221 1899
1115222 1899
1115224 1900
1115225 1901
1115226 1901
1115228 1902
1115229 1903
1115230 1903
1115232 1902
1115233 1903
1115234 1903
1115392 1904
1115393 1905
1115397 1906
1115400 1907
1115401 1908
1115404 1909
1115405 1910
1115409 1911
1115413 1912
1115416 1913
1115417 1914
1115420 1913
1115421 1914
1115424 1915
1115425 1916
1115456 1917
1115457 1918
1115458 1918
1115461 1919
1115462 1919
1115464 1920
1115465 1921
1115466 1921
1115468 1922
1115469 1923
1115470 1923
1115473 1924
1115474 1924
1115476 1925
1115478 1926
1115480 1927
1115481 1928
1115482 1928
1115484 1927
1115485 1928
1115486 1928
1115488 1929
1115489 1930
1115490 1930
1115648 1931
1115649 1932
1115653 1933
1115656 1934
1115657 1935
1115660 1936
1115661 1937
1115665 1938
1115668 1939
1115669 1940
1115673 1941
1115676 1942
1115677 1943
1115680 1944
1115681 1945
1115712 1946
1115713 1947
1115714 1947
1115717 1948
1115718 1948
1115720 1949
1115721 1950
1115722 1950
1115724 1951
1115725 1952
1115726 1952
1115729 1953
1115730 1953
1115732 1954
1115733 1955
1115734 1955
1115736 1956
1115738 1957
1115740 1958
1115741 1959
1115742 1959
1115744 1960
1115745 1961
1115746 1961
1115904 1962
1115905 1963
1115909 1964
1115912 1965
1115913 1966
1115916 1967
1115917 1968
1115921 1969
1115924 1970
1115925 1971
1115928 1972
1115929 1973
1115933 1974
1115936 1975
1115937 1976
1115968 1977
1115969 1978
1115970 1978
1115973 1979
1115974 1979
1115976 1980
1115977 1981
1115978 1981
1115980 1982
1115981 1983
1115982 1983
1115985 1984
1115986 1984
1115988 1985
1115989 1986
1115990 1986
1115992 1987
1115993 1988
1115994 1988
1115996 1989
1115998 1990
1116000 1991
1116001 1992
1116002 1992
1116160 1993
1116161 1994
1116165 1995
1116168 1996
1116169 1997
1116172 1996
1116173 1997
1116177 1998
1116180 1999
1116181 2000
1116184 2001
1116185 2002
1116188 2003
1116189 2004
1116193 2005
1116224 2006
1116225 2007
1116226 2007
1116229 2008
1116230 2008
1116232 2009
1116233 2010
1116234 2010
1116236 2009
1116237 2010
1116238 2010
1116241 2011
1116242 2011
1116244 2012
1116245 2013
1116246 2013
1116248 2014
1116249 2015
1116250 2015
1116252 2016
1116253 2017
1116254 2017
1116256 2018
1116258 2019
1119360 2020
1119361 2020
1119363 2020
1119365 2021
1119367 2021
1119368 2022
1119369 2022
1119371 2022
1119372 2022
1119373 2022
1119375 2022
1119376 2023
1119379 2023
1119380 2024
1119381 2024
1119383 2024
1119384 2025
1119385 2025
1119387 2025
1119388 2026
1119389 2026
1119391 2026
1119392 2026
1119393 2026
1119395 2026
1119488 1917
1119489 1918
1119490 1918
1119493 1919
1119494 1919
1119496 1920
1119497 1921
1119498 1921
1119500 1922
1119501 1923
1119502 1923
1119504 2027
1119506 1924
1119509 1926
1119510 1926
1119512 1927
1119513 1928
1119514 1928
1119516 1927
1119517 1928
1119518 1928
1119520 1929
1119521 1930
1119522 1930
1119552 1918
1119553 1917
1119554 1918
1119557 2028
1119558 1919
1119560 1921
1119561 1920
1119562 1921
1119564 1923
1119565 1922
1119566 1923
1119568 1924
1119570 1924
1119572 1926
1119574 1926
1119576 1928
1119577 1927
1119578 1928
1119580 1928
1119581 1927
1119582 1928
1119584 1930
1119585 1929
1119586 1930
1119616 2029
1119617 2029
1119618 2029
1119619 2029
1119621 2030
1119622 2030
1119623 2030
1119624 2031
1119625 2031
1119626 2031
1119627 2031
1119628 2032
1119629 2032
1119630 2032
1119631 2032
1119632 2033
1119634 2033
1119635 2033
1119636 2034
1119637 2034
1119639 2034
1119640 2035
1119641 2035
1119642 2035
1119643 2035
1119644 2035
1119645 2035
1119646 2035
1119647 2035
1119648 2036
1119649 2036
1119650 2036
1119651 2036
1119744 1946
1119745 1947
1119746 1947
1119749 1948
1119750 1948
1119752 1949
1119753 1950
1119754 1950
1119756 1951
1119757 1952
1119758 1952
1119760 2037
1119762 1953
1119764 1954
1119765 1955
1119766 1955
1119769 1957
1119770 1957
1119772 1958
1119773 1959
1119774 1959
1119776 1960
1119777 1961
1119778 1961
1119808 1947
1119809 1946
1119810 1947
1119813 2038
1119814 1948
1119816 1950
1119817 1949
1119818 1950
1119820 1952
1119821 1951
1119822 1952
1119824 1953
1119826 1953
1119828 1955
1119829 1954
1119830 1955
1119832 1957
1119834 1957
1119836 1959
1119837 1958
1119838 1959
1119840 1961
1119841 1960
1119842 1961
1119872 2039
1119873 2039
1119874 2039
1119875 2039
1119877 2040
1119878 2040
1119879 2040
1119880 2041
1119881 2041
1119882 2041
1119883 2041
1119884 2042
1119885 2042
1119886 2042
1119887 2042
1119888 2043
1119890 2043
1119891 2043
1119892 2044
1119893 2044
1119894 2044
1119895 2044
1119896 2045
1119897 2045
1119899 2045
1119900 2046
1119901 2046
1119902 2046
1119903 2046
1119904 2047
1119905 2047
1119906 2047
1119907 2047
1120000 1977
1120001 1978
1120002 1978
1120005 1979
1120006 1979
1120008 1980
1120009 1981
1120010 1981
1120012 1982
1120013 1983
1120014 1983
1120016 2048
1120018 1984
1120020 1985
1120021 1986
1120022 1986
1120024 1987
1120025 1988
1120026 1988
1120029 1990
1120030 1990
1120032 1991
1120033 1992
1120034 1992
1120064 1978
1120065 1977
1120066 1978
1120069 2049
1120070 1979
1120072 1981
1120073 1980
1120074 1981
1120076 1983
1120077 1982
1120078 1983
1120080 1984
1120082 1984
1120084 1986
1120085 1985
1120086 1986
1120088 1988
1120089 1987
1120090 1988
1120092 1990
1120094 1990
1120096 1992
1120097 1991
1120098 1992
1120128 2050
1120129 2050
1120130 2050
1120131 2050
1120133 2051
1120134 2051
1120135 2051
1120136 2052
1120137 2052
1120138 2052
1120139 2052
1120140 2053
1120141 2053
1120142 2053
1120143 2053
1120144 2054
1120146 2054
1120147 2054
1120148 2055
1120149 2055
1120150 2055
1120151 2055
1120152 2056
1120153 2056
1120154 2056
1120155 2056
1120156 2057
1120157 2057
1120159 2057
1120160 2058
1120161 2058
1120162 2058
1120163 2058
1120256 2006
1120257 2007
1120258 2007
1120261 2008
1120262 2008
1120264 2009
1120265 2010
1120266 2010
1120268 2009
1120269 2010
1120270 2010
1120272 2059
1120274 2011
1120276 2012
1120277 2013
1120278 2013
1120280 2014
1120281 2015
1120282 2015
1120284 2016
1120285 2017
1120286 2017
1120289 2019
1120290 2019
1120320 2007
1120321 2006
1120322 2007
1120325 2060
1120326 2008
1120328 2010
1120329 2009
1120330 2010
1120332 2010
1120333 2009
1120334 2010
1120336 2011
1120338 2011
1120340 2013
1120341 2012
1120342 2013
1120344 2015
1120345 2014
1120346 2015
1120348 2017
1120349 2016
1120350 2017
1120352 2019
1120354 2019
1120384 2061
1120385 2061
1120386 2061
1120387 2061
1120389 2062
1120390 2062
1120391 2062
1120392 2063
1120393 2063
1120394 2063
1120395 2063
1120396 2063
1120397 2063
1120398 2063
1120399 2063
1120400 2064
1120402 2064
1120403 2064
1120404 2065
1120405 2065
1120406 2065
1120407 2065
1120408 2066
1120409 2066
1120410 2066
1120411 2066
1120412 2067
1120413 2067
1120414 2067
1120415 2067
1120416 2068
1120417 2068
1120419 2068
1131840 2069
1131841 2070
1131842 2070
1131845 2071
1131846 2071
1131848 2072
1131849 2073
1131850 2073
1131852 2072
1131853 2073
1131854 2073
1131856 2074
1131857 2075
1131858 2075
1131862 2076
1131864 2077
1131865 2078
1131866 2078
1131868 2077
1131869 2078
1131870 2078
1131872 2079
1131873 2080
1131874 2080
1132032 2081
1132033 2082
1132037 2083
1132040 2084
1132041 2085
1132044 2084
1132045 2085
1132048 2086
1132049 2087
1132053 2088
1132057 2089
1132060 2090
1132061 2091
1132064 2092
1132065 2093
1132096 2094
1132097 2095
1132098 2095
1132101 2096
1132102 2096
1132104 2097
1132105 2098
1132106 2098
1132108 2097
1132109 2098
1132110 2098
1132112 2099
1132113 2100
1132114 2100
1132117 2101
1132118 2101
1132120 2102
1132122 2103
1132124 2104
1132125 2105
1132126 2105
1132128 2106
1132129 2107
1132130 2107
1132288 2108
1132289 2109
1132293 2110
1132296 2111
1132297 2112
1132300 2113
1132301 2114
1132304 2115
1132305 2116
1132309 2117
1132312 2118
1132313 2119
1132317 2120
1132320 2121
1132321 2122
1132352 2123
1132353 2124
1132354 2124
1132357 2125
1132358 2125
1132360 2126
1132361 2127
1132362 2127
1132364 2128
1132365 2129
1132366 2129
1132368 2130
1132369 2131
1132370 2131
1132373 2132
1132374 2132
1132376 2133
1132377 2134
1132378 2134
1132380 2135
1132382 2136
1132384 2137
1132385 2138
1132386 2138
1132544 2139
1132545 2140
1132549 2141
1132552 2142
1132553 2143
1132556 2142
1132557 2143
1132560 2144
1132561 2145
1132565 2146
1132568 2147
1132569 2148
1132572 2147
1132573 2148
1132577 2149
1132608 2150
1132609 2151
1132610 2151
1132613 2152
1132614 2152
1132616 2153
1132617 2154
1132618 2154
1132620 2153
1132621 2154
1132622 2154
1132624 2155
1132625 2156
1132626 2156
1132629 2157
1132630 2157
1132632 2158
1132633 2159
1132634 2159
1132636 2158
1132637 2159
1132638 2159
1132640 2160
1132642 2161
1136000 2162
1136001 2162
1136003 2162
1136005 2163
1136007 2163
1136008 2164
1136009 2164
1136011 2164
1136012 2164
1136013 2164
1136015 2164
1136016 2165
1136017 2165
1136019 2165
1136020 2166
1136023 2166
1136024 2167
1136025 2167
1136027 2167
1136028 2167
1136029 2167
1136031 2167
1136032 2168
1136033 2168
1136035 2168
1136128 2094
1136129 2095
1136130 2095
1136133 2096
1136134 2096
1136136 2097
1136137 2098
1136138 2098
1136140 2097
1136141 2098
1136142 2098
1136144 2099
1136145 2100
1136146 2100
1136148 2169
1136150 2101
1136153 2103
1136154 2103
1136156 2104
1136157 2105
1136158 2105
1136160 2106
1136161 2107
1136162 2107
1136192 2095
1136193 2094
1136194 2095
1136197 2170
1136198 2096
1136200 2098
1136201 2097
1136202 2098
1136204 2098
1136205 2097
1136206 2098
1136208 2100
1136209 2099
1136210 2100
1136212 2101
1136214 2101
1136216 2103
1136218 2103
1136220 2105
1136221 2104
1136222 2105
1136224 2107
1136225 2106
1136226 2107
1136256 2171
1136257 2171
1136258 2171
1136259 2171
1136261 2172
1136262 2172
1136263 2172
1136264 2173
1136265 2173
1136266 2173
1136267 2173
1136268 2173
1136269 2173
1136270 2173
1136271 2173
1136272 2174
1136273 2174
1136274 2174
1136275 2174
1136276 2175
1136278 2175
1136279 2175
1136280 2176
1136281 2176
1136283 2176
1136284 2177
1136285 2177
1136286 2177
1136287 2177
1136288 2178
1136289 2178
1136290 2178
1136291 2178
1136384 2123
1136385 2124
1136386 2124
1136389 2125
1136390 2125
1136392 2126
1136393 2127
1136394 2127
1136396 2128
1136397 2129
1136398 2129
1136400 2130
1136401 2131
1136402 2131
1136404 2179
1136406 2132
1136408 2133
1136409 2134
1136410 2134
1136413 2136
1136414 2136
1136416 2137
1136417 2138
1136418 2138
1136448 2124
1136449 2123
1136450 2124
1136453 2180
1136454 2125
1136456 2127
1136457 2126
1136458 2127
1136460 2129
1136461 2128
1136462 2129
1136464 2131
1136465 2130
1136466 2131
1136468 2132
1136470 2132
1136472 2134
1136473 2133
1136474 2134
1136476 2136
1136478 2136
1136480 2138
1136481 2137
1136482 2138
1136512 2181
1136513 2181
1136514 2181
1136515 2181
1136517 2182
1136518 2182
1136519 2182
1136520 2183
1136521 2183
1136522 2183
1136523 2183
1136524 2184
1136525 2184
1136526 2184
1136527 2184
1136528 2185
1136529 2185
1136530 2185
1136531 2185
1136532 2186
1136534 2186
1136535 2186
1136536 2187
1136537 2187
1136538 2187
1136539 2187
1136540 2188
1136541 2188
1136543 2188
1136544 2189
1136545 2189
1136546 2189
1136547 2189
1136640 2150
1136641 2151
1136642 2151
1136645 2152
1136646 2152
1136648 2153
1136649 2154
1136650 2154
1136652 2153
1136653 2154
1136654 2154
1136656 2155
1136657 2156
1136658 2156
1136660 2190
1136662 2157
1136664 2158
1136665 2159
1136666 2159
1136668 2158
1136669 2159
1136670 2159
1136673 2161
1136674 2161
1136704 2151
1136705 2150
1136706 2151
1136709 2191
1136710 2152
1136712 2154
1136713 2153
1136714 2154
1136716 2154
1136717 2153
1136718 2154
1136720 2156
1136721 2155
1136722 2156
1136724 2157
1136726 2157
1136728 2159
1136729 2158
1136730 2159
1136732 2159
1136733 2158
1136734 2159
1136736 2161
1136738 2161
1136768 2192
1136769 2192
1136770 2192
1136771 2192
1136773 2193
1136774 2193
1136775 2193
1136776 2194
1136777 2194
1136778 2194
1136779 2194
1136780 2194
1136781 2194
1136782 2194
1136783 2194
1136784 2195
1136785 2195
1136786 2195
1136787 2195
1136788 2196
1136790 2196
1136791 2196
1136792 2197
1136793 2197
1136794 2197
1136795 2197
1136796 2197
1136797 2197
1136798 2197
1136799 2197
1136800 2198
1136801 2198
1136803 2198
1148480 2199
1148481 2200
1148482 2200
1148485 2201
1148486 2201
1148488 2202
1148489 2203
1148490 2203
1148492 2202
1148493 2203
1148494 2203
1148496 2204
1148497 2205
1148498 2205
1148500 2204
1148501 2205
1148502 2205
1148506 2206
1148508 2207
1148509 2208
1148510 2208
1148512 2207
1148513 2208
1148514 2208
1148672 2209
1148673 2210
1148677 2211
1148680 2212
1148681 2213
1148684 2214
1148685 2215
1148688 2216
1148689 2217
1148692 2216
1148693 2217
1148697 2218
1148701 2219
1148704 2220
1148705 2221
1148736 2222
1148737 2223
1148738 2223
1148741 2224
1148742 2224
1148744 2225
1148745 2226
1148746 2226
1148748 2227
1148749 2228
1148750 2228
1148752 2229
1148753 2230
1148754 2230
1148756 2229
1148757 2230
1148758 2230
1148761 2231
1148762 2231
1148764 2232
1148766 2233
1148768 2234
1148769 2235
1148770 2235
1148928 2236
1148929 2237
1148933 2238
1148936 2239
1148937 2240
1148940 2239
1148941 2240
1148944 2241
1148945 2242
1148948 2241
1148949 2242
1148953 2243
1148956 2244
1148957 2245
1148961 2246
1148992 2247
1148993 2248
1148994 2248
1148997 2249
1148998 2249
1149000 2250
1149001 2251
1149002 2251
1149004 2250
1149005 2251
1149006 2251
1149008 2252
1149009 2253
1149010 2253
1149012 2252
1149013 2253
1149014 2253
1149017 2254
1149018 2254
1149020 2255
1149021 2256
1149022 2256
1149024 2257
1149026 2258
1152640 2259
1152641 2259
1152643 2259
1152645 2260
1152647 2260
1152648 2261
1152649 2261
1152651 2261
1152652 2261
1152653 2261
1152655 2261
1152656 2262
1152657 2262
1152659 2262
1152660 2262
1152661 2262
1152663 2262
1152664 2263
1152667 2263
1152668 2264
1152669 2264
1152671 2264
1152672 2264
1152673 2264
1152675 2264
1152768 2222
1152769 2223
1152770 2223
1152773 2224
1152774 2224
1152776 2225
1152777 2226
1152778 2226
1152780 2227
1152781 2228
1152782 2228
1152784 2229
1152785 2230
1152786 2230
1152788 2229
1152789 2230
1152790 2230
1152792 2265
1152794 2231
1152797 2233
1152798 2233
1152800 2234
1152801 2235
1152802 2235
1152832 2223
1152833 2222
1152834 2223
1152837 2266
1152838 2224
1152840 2226
1152841 2225
1152842 2226
1152844 2228
1152845 2227
1152846 2228
1152848 2230
1152849 2229
1152850 2230
1152852 2230
1152853 2229
1152854 2230
1152856 2231
1152858 2231
1152860 2233
1152862 2233
1152864 2235
1152865 2234
1152866 2235
1152896 2267
1152897 2267
1152898 2267
1152899 2267
1152901 2268
1152902 2268
1152903 2268
1152904 2269
1152905 2269
1152906 2269
1152907 2269
1152908 2270
1152909 2270
1152910 2270
1152911 2270
1152912 2271
1152913 2271
1152914 2271
1152915 2271
1152916 2271
1152917 2271
1152918 2271
1152919 2271
1152920 2272
1152922 2272
1152923 2272
1152924 2273
1152925 2273
1152927 2273
1152928 2274
1152929 2274
1152930 2274
1152931 2274
1153024 2247
1153025 2248
1153026 2248
1153029 2249
1153030 2249
1153032 2250
1153033 2251
1153034 2251
1153036 2250
1153037 2251
1153038 2251
1153040 2252
1153041 2253
1153042 2253
1153044 2252
1153045 2253
1153046 2253
1153048 2275
1153050 2254
1153052 2255
1153053 2256
1153054 2256
1153057 2258
1153058 2258
1153088 2248
1153089 2247
1153090 2248
1153093 2276
1153094 2249
1153096 2251
1153097 2250
1153098 2251
1153100 2251
1153101 2250
1153102 2251
1153104 2253
1153105 2252
1153106 2253
1153108 2253
1153109 2252
1153110 2253
1153112 2254
1153114 2254
1153116 2256
1153117 2255
1153118 2256
1153120 2258
1153122 2258
1153152 2277
1153153 2277
1153154 2277
1153155 2277
1153157 2278
1153158 2278
1153159 2278
1153160 2279
1153161 2279
1153162 2279
1153163 2279
1153164 2279
1153165 2279
1153166 2279
1153167 2279
1153168 2280
1153169 2280
1153170 2280
1153171 2280
1153172 2280
1153173 2280
1153174 2280
1153175 2280
1153176 2281
1153178 2281
1153179 2281
1153180 2282
1153181 2282
1153182 2282
1153183 2282
1153184 2283
1153185 2283
1153187 2283
1165120 2284
1165121 2285
1165122 2285
1165125 2286
1165126 2286
1165128 2287
1165129 2288
1165130 2288
1165132 2287
1165133 2288
1165134 2288
1165136 2287
1165137 2288
1165138 2288
1165140 2289
1165141 2290
1165142 2290
1165144 2289
1165145 2290
1165146 2290
1165150 2291
1165152 2292
1165153 2293
1165154 2293
1165312 2294
1165313 2295
1165317 2296
1165320 2297
1165321 2298
1165324 2297
1165325 2298
1165328 2297
1165329 2298
1165332 2299
1165333 2300
1165336 2299
1165337 2300
1165341 2301
1165345 2302
1165376 2303
1165377 2304
1165378 2304
1165381 2305
1165382 2305
1165384 2306
1165385 2307
1165386 2307
1165388 2306
1165389 2307
1165390 2307
1165392 2306
1165393 2307
1165394 2307
1165396 2308
1165397 2309
1165398 2309
1165400 2308
1165401 2309
1165402 2309
1165405 2310
1165406 2310
1165408 2311
1165410 2312
1169280 2313
1169281 2313
1169283 2313
1169285 2314
1169287 2314
1169288 2315
1169289 2315
1169291 2315
1169292 2315
1169293 2315
1169295 2315
1169296 2315
1169297 2315
1169299 2315
1169300 2316
1169301 2316
1169303 2316
1169304 2316
1169305 2316
1169307 2316
1169308 2317
1169311 2317
1169312 2318
1169313 2318
1169315 2318
1169408 2303
1169409 2304
1169410 2304
1169413 2305
1169414 2305
1169416 2306
1169417 2307
1169418 2307
1169420 2306
1169421 2307
1169422 2307
1169424 2306
1169425 2307
1169426 2307
1169428 2308
1169429 2309
1169430 2309
1169432 2308
1169433 2309
1169434 2309
1169436 2319
1169438 2310
1169441 2312
1169442 2312
1169472 2304
1169473 2303
1169474 2304
1169477 2320
1169478 2305
1169480 2307
1169481 2306
1169482 2307
1169484 2307
1169485 2306
1169486 2307
1169488 2307
1169489 2306
1169490 2307
1169492 2309
1169493 2308
1169494 2309
1169496 2309
1169497 2308
1169498 2309
1169500 2310
1169502 2310
1169504 2312
1169506 2312
1169536 2321
1169537 2321
1169538 2321
1169539 2321
1169541 2322
1169542 2322
1169543 2322
1169544 2323
1169545 2323
1169546 2323
1169547 2323
1169548 2323
1169549 2323
1169550 2323
1169551 2323
1169552 2323
1169553 2323
1169554 2323
1169555 2323
1169556 2324
1169557 2324
1169558 2324
1169559 2324
1169560 2324
1169561 2324
1169562 2324
1169563 2324
1169564 2325
1169566 2325
1169567 2325
1169568 2326
1169569 2326
1169571 2326
1181760 2327
1181761 2328
1181762 2328
1181765 2329
1181766 2329
1181768 2330
1181769 2331
1181770 2331
1181772 2330
1181773 2331
1181774 2331
1181776 2332
1181777 2333
1181778 2333
1181780 2334
1181781 2335
1181782 2335
1181784 2334
1181785 2335
1181786 2335
1181788 2334
1181789 2335
1181790 2335
1181794 2336
1185920 2337
1185921 2337
1185923 2337
1185925 2338
1185927 2338
1185928 2339
1185929 2339
1185931 2339
1185932 2339
1185933 2339
1185935 2339
1185936 2340
1185937 2340
1185939 2340
1185940 2341
1185941 2341
1185943 2341
1185944 2341
1185945 2341
1185947 2341
1185948 2341
1185949 2341
1185951 2341
1185952 2342
1185955 2342
2134656 2343
2134659 2343
2134660 2343
2134663 2343
2134667 2344
2134668 2345
2134671 2345
2134672 2345
2134675 2345
2134676 2345
2134679 2345
2134680 2346
2134683 2346
2134684 2346
2134687 2346
2134688 2346
2134691 2346
2134784 2347
2134785 2348
2134786 2348
2134788 2349
2134789 2350
2134790 2350
2134794 2351
2134797 2352
2134798 2352
2134800 2353
2134801 2354
2134802 2354
2134804 2355
2134805 2356
2134806 2356
2134808 2357
2134809 2358
2134810 2358
2134812 2359
2134813 2360
2134814 2360
2134816 2361
2134817 2362
2134818 2362
2134912 2363
2134914 2363
2134915 2363
2134916 2364
2134918 2364
2134919 2364
2134922 2365
2134923 2365
2134924 2366
2134927 2366
2134928 2367
2134930 2367
2134931 2367
2134932 2368
2134934 2368
2134935 2368
2134936 2369
2134938 2369
2134939 2369
2134940 2370
2134942 2370
2134943 2370
2134944 2371
2134946 2371
2134947 2371
2135040 2372
2135041 2373
2135042 2373
2135044 2374
2135045 2375
2135046 2375
2135050 2376
2135052 2377
2135053 2378
2135054 2378
2135057 2379
2135058 2379
2135060 2380
2135061 2381
2135062 2381
2135064 2382
2135065 2383
2135066 2383
2135068 2384
2135069 2385
2135070 2385
2135072 2384
2135073 2385
2135074 2385
2135168 2386
2135170 2386
2135171 2386
2135172 2387
2135174 2387
2135175 2387
2135178 2388
2135179 2388
2135180 2389
2135182 2389
2135183 2389
2135184 2390
2135187 2390
2135188 2391
2135190 2391
2135191 2391
2135192 2392
2135194 2392
2135195 2392
2135196 2393
2135198 2393
2135199 2393
2135200 2393
2135202 2393
2135203 2393
2135296 2394
2135297 2395
2135298 2395
2135300 2396
2135301 2397
2135302 2397
2135306 2398
2135308 2399
2135309 2400
2135310 2400
2135312 2399
2135313 2400
2135314 2400
2135317 2401
2135318 2401
2135320 2402
2135321 2403
2135322 2403
2135324 2404
2135325 2405
2135326 2405
2135328 2406
2135329 2407
2135330 2407
2135424 2408
2135426 2408
2135427 2408
2135428 2409
2135430 2409
2135431 2409
2135434 2410
2135435 2410
2135436 2411
2135438 2411
2135439 2411
2135440 2411
2135442 2411
2135443 2411
2135444 2412
2135447 2412
2135448 2413
2135450 2413
2135451 2413
2135452 2414
2135454 2414
2135455 2414
2135456 2415
2135458 2415
2135459 2415
2135552 2416
2135553 2417
2135554 2417
2135556 2416
2135557 2417
2135558 2417
2135562 2418
2135564 2419
2135565 2420
2135566 2420
2135568 2419
2135569 2420
2135570 2420
2135572 2421
2135573 2422
2135574 2422
2135577 2423
2135578 2423
2135580 2424
2135581 2425
2135582 2425
2135584 2424
2135585 2425
2135586 2425
2135680 2426
2135682 2426
2135683 2426
2135684 2426
2135686 2426
2135687 2426
2135690 2427
2135691 2427
2135692 2428
2135694 2428
2135695 2428
2135696 2428
2135698 2428
2135699 2428
2135700 2429
2135702 2429
2135703 2429
2135704 2430
2135707 2430
2135708 2431
2135710 2431
2135711 2431
2135712 2431
2135714 2431
2135715 2431
2135808 2432
2135809 2433
2135810 2433
2135812 2432
2135813 2433
2135814 2433
2135818 2434
2135820 2435
2135821 2436
2135822 2436
2135824 2435
2135825 2436
2135826 2436
2135828 2437
2135829 2438
2135830 2438
2135832 2437
2135833 2438
2135834 2438
2135837 2439
2135838 2439
2135840 2440
2135841 2441
2135842 2441
2135936 2442
2135938 2442
2135939 2442
2135940 2442
2135942 2442
2135943 2442
2135946 2443
2135947 2443
2135948 2444
2135950 2444
2135951 2444
2135952 2444
2135954 2444
2135955 2444
2135956 2445
2135958 2445
2135959 2445
2135960 2445
2135962 2445
2135963 2445
2135964 2446
2135967 2446
2135968 2447
2135970 2447
2135971 2447
2136064 2448
2136065 2449
2136066 2449
2136068 2448
2136069 2449
2136070 2449
2136074 2450
2136076 2451
2136077 2452
2136078 2452
2136080 2453
2136081 2454
2136082 2454
2136084 2453
2136085 2454
2136086 2454
2136088 2455
2136089 2456
2136090 2456
2136092 2455
2136093 2456
2136094 2456
2136097 2457
2136098 2457
2136192 2458
2136194 2458
2136195 2458
2136196 2458
2136198 2458
2136199 2458
2136202 2459
2136203 2459
2136204 2460
2136206 2460
2136207 2460
2136208 2461
2136210 2461
2136211 2461
2136212 2461
2136214 2461
2136215 2461
2136216 2462
2136218 2462
2136219 2462
2136220 2462
2136222 2462
2136223 2462
2136224 2463
2136227 2463
2147136 2464
2147137 2465
2147138 2465
2147140 2466
2147141 2467
2147142 2467
2147145 2468
2147146 2468
2147150 2469
2147152 2470
2147153 2471
2147154 2471
2147156 2472
2147157 2473
2147158 2473
2147160 2474
2147161 2475
2147162 2475
2147164 2476
2147165 2477
2147166 2477
2147168 2478
2147169 2479
2147170 2479
2147328 2480
2147329 2481
2147332 2482
2147333 2483
2147337 2484
2147341 2485
2147345 2486
2147348 2487
2147349 2488
2147352 2489
2147353 2490
2147356 2491
2147357 2492
2147360 2491
2147361 2492
2147392 2493
2147393 2494
2147394 2494
2147396 2495
2147397 2496
2147398 2496
2147401 2497
2147402 2497
2147405 2498
2147406 2498
2147408 2499
2147410 2500
2147412 2501
2147413 2502
2147414 2502
2147416 2503
2147417 2504
2147418 2504
2147420 2505
2147421 2506
2147422 2506
2147424 2505
2147425 2506
2147426 2506
2147584 2507
2147585 2508
2147588 2509
2147589 2510
2147593 2511
2147597 2512
2147600 2513
2147601 2514
2147605 2515
2147608 2516
2147609 2517
2147612 2518
2147613 2519
2147616 2520
2147617 2521
2147648 2522
2147649 2523
2147650 2523
2147652 2524
2147653 2525
2147654 2525
2147657 2526
2147658 2526
2147661 2527
2147662 2527
2147664 2528
2147665 2529
2147666 2529
2147668 2530
2147670 2531
2147672 2532
2147673 2533
2147674 2533
2147676 2534
2147677 2535
2147678 2535
2147680 2536
2147681 2537
2147682 2537
2147840 2538
2147841 2539
2147844 2538
2147845 2539
2147849 2540
2147853 2541
2147856 2542
2147857 2543
2147860 2544
2147861 2545
2147865 2546
2147868 2547
2147869 2548
2147872 2547
2147873 2548
2147904 2549
2147905 2550
2147906 2550
2147908 2549
2147909 2550
2147910 2550
2147913 2551
2147914 2551
2147917 2552
2147918 2552
2147920 2553
2147921 2554
2147922 2554
2147924 2555
2147925 2556
2147926 2556
2147928 2557
2147930 2558
2147932 2559
2147933 2560
2147934 2560
2147936 2559
2147937 2560
2147938 2560
2148096 2561
2148097 2562
2148100 2563
2148101 2564
2148105 2565
2148109 2566
2148112 2567
2148113 2568
2148116 2569
2148117 2570
2148120 2571
2148121 2572
2148125 2573
2148128 2574
2148129 2575
2148160 2576
2148161 2577
2148162 2577
2148164 2578
2148165 2579
2148166 2579
2148169 2580
2148170 2580
2148173 2581
2148174 2581
2148176 2582
2148177 2583
2148178 2583
2148180 2584
2148181 2585
2148182 2585
2148184 2586
2148185 2587
2148186 2587
2148188 2588
2148190 2589
2148192 2590
2148193 2591
2148194 2591
2148352 2592
2148353 2593
2148356 2594
2148357 2595
2148361 2596
2148365 2597
2148368 2598
2148369 2599
2148372 2598
2148373 2599
2148376 2600
2148377 2601
2148380 2602
2148381 2603
2148385 2604
2148416 2605
2148417 2606
2148418 2606
2148420 2607
2148421 2608
2148422 2608
2148425 2609
2148426 2609
2148429 2610
2148430 2610
2148432 2611
2148433 2612
2148434 2612
2148436 2611
2148437 2612
2148438 2612
2148440 2613
2148441 2614
2148442 2614
2148444 2615
2148445 2616
2148446 2616
2148448 2617
2148450 2618
2151296 2619
2151297 2619
2151299 2619
2151300 2620
2151301 2620
2151303 2620
2151305 2621
2151307 2621
2151308 2622
2151311 2622
2151312 2623
2151313 2623
2151315 2623
2151316 2624
2151317 2624
2151319 2624
2151320 2625
2151321 2625
2151323 2625
2151324 2626
2151325 2626
2151327 2626
2151328 2627
2151329 2627
2151331 2627
2151424 2493
2151425 2494
2151426 2494
2151428 2495
2151429 2496
2151430 2496
2151433 2497
2151434 2497
2151436 2628
2151438 2498
2151441 2500
2151442 2500
2151444 2501
2151445 2502
2151446 2502
2151448 2503
2151449 2504
2151450 2504
2151452 2505
2151453 2506
2151454 2506
2151456 2505
2151457 2506
2151458 2506
2151488 2494
2151489 2493
2151490 2494
2151492 2496
2151493 2495
2151494 2496
2151497 2629
2151498 2497
2151500 2498
2151502 2498
2151504 2500
2151506 2500
2151508 2502
2151509 2501
2151510 2502
2151512 2504
2151513 2503
2151514 2504
2151516 2506
2151517 2505
2151518 2506
2151520 2506
2151521 2505
2151522 2506
2151552 2630
2151553 2630
2151554 2630
2151555 2630
2151556 2631
2151557 2631
2151558 2631
2151559 2631
2151561 2632
2151562 2632
2151563 2632
2151564 2633
2151566 2633
2151567 2633
2151568 2634
2151569 2634
2151571 2634
2151572 2635
2151573 2635
2151574 2635
2151575 2635
2151576 2636
2151577 2636
2151578 2636
2151579 2636
2151580 2637
2151581 2637
2151582 2637
2151583 2637
2151584 2637
2151585 2637
2151586 2637
2151587 2637
2151680 2522
2151681 2523
2151682 2523
2151684 2524
2151685 2525
2151686 2525
2151689 2526
2151690 2526
2151692 2638
2151694 2527
2151696 2528
2151697 2529
2151698 2529
2151701 2531
2151702 2531
2151704 2532
2151705 2533
2151706 2533
2151708 2534
2151709 2535
2151710 2535
2151712 2536
2151713 2537
2151714 2537
2151744 2523
2151745 2522
2151746 2523
2151748 2525
2151749 2524
2151750 2525
2151753 2639
2151754 2526
2151756 2527
2151758 2527
2151760 2529
2151761 2528
2151762 2529
2151764 2531
2151766 2531
2151768 2533
2151769 2532
2151770 2533
2151772 2535
2151773 2534
2151774 2535
2151776 2537
2151777 2536
2151778 2537
2151808 2640
2151809 2640
2151810 2640
2151811 2640
2151812 2641
2151813 2641
2151814 2641
2151815 2641
2151817 2642
2151818 2642
2151819 2642
2151820 2643
2151822 2643
2151823 2643
2151824 2644
2151825 2644
2151826 2644
2151827 2644
2151828 2645
2151829 2645
2151831 2645
2151832 2646
2151833 2646
2151834 2646
2151835 2646
2151836 2647
2151837 2647
2151838 2647
2151839 2647
2151840 2648
2151841 2648
2151842 2648
2151843 2648
2151936 2549
2151937 2550
2151938 2550
2151940 2549
2151941 2550
2151942 2550
2151945 2551
2151946 2551
2151948 2649
2151950 2552
2151952 2553
2151953 2554
2151954 2554
2151956 2555
2151957 2556
2151958 2556
2151961 2558
2151962 2558
2151964 2559
2151965 2560
2151966 2560
2151968 2559
2151969 2560
2151970 2560
2152000 2550
2152001 2549
2152002 2550
2152004 2550
2152005 2549
2152006 2550
2152009 2650
2152010 2551
2152012 2552
2152014 2552
2152016 2554
2152017 2553
2152018 2554
2152020 2556
2152021 2555
2152022 2556
2152024 2558
2152026 2558
2152028 2560
2152029 2559
2152030 2560
2152032 2560
2152033 2559
2152034 2560
2152064 2651
2152065 2651
2152066 2651
2152067 2651
2152068 2651
2152069 2651
2152070 2651
2152071 2651
2152073 2652
2152074 2652
2152075 2652
2152076 2653
2152078 2653
2152079 2653
2152080 2654
2152081 2654
2152082 2654
2152083 2654
2152084 2655
2152085 2655
2152086 2655
2152087 2655
2152088 2656
2152089 2656
2152091 2656
2152092 2657
2152093 2657
2152094 2657
2152095 2657
2152096 2657
2152097 2657
2152098 2657
2152099 2657
2152192 2576
2152193 2577
2152194 2577
2152196 2578
2152197 2579
2152198 2579
2152201 2580
2152202 2580
2152204 2658
2152206 2581
2152208 2582
2152209 2583
2152210 2583
2152212 2584
2152213 2585
2152214 2585
2152216 2586
2152217 2587
2152218 2587
2152221 2589
2152222 2589
2152224 2590
2152225 2591
2152226 2591
2152256 2577
2152257 2576
2152258 2577
2152260 2579
2152261 2578
2152262 2579
2152265 2659
2152266 2580
2152268 2581
2152270 2581
2152272 2583
2152273 2582
2152274 2583
2152276 2585
2152277 2584
2152278 2585
2152280 2587
2152281 2586
2152282 2587
2152284 2589
2152286 2589
2152288 2591
2152289 2590
2152290 2591
2152320 2660
2152321 2660
2152322 2660
2152323 2660
2152324 2661
2152325 2661
2152326 2661
2152327 2661
2152329 2662
2152330 2662
2152331 2662
2152332 2663
2152334 2663
2152335 2663
2152336 2664
2152337 2664
2152338 2664
2152339 2664
2152340 2665
2152341 2665
2152342 2665
2152343 2665
2152344 2666
2152345 2666
2152346 2666
2152347 2666
2152348 2667
2152349 2667
2152351 2667
2152352 2668
2152353 2668
2152354 2668
2152355 2668
2152448 2605
2152449 2606
2152450 2606
2152452 2607
2152453 2608
2152454 2608
2152457 2609
2152458 2609
2152460 2669
2152462 2610
2152464 2611
2152465 2612
2152466 2612
2152468 2611
2152469 2612
2152470 2612
2152472 2613
2152473 2614
2152474 2614
2152476 2615
2152477 2616
2152478 2616
2152481 2618
2152482 2618
2152512 2606
2152513 2605
2152514 2606
2152516 2608
2152517 2607
2152518 2608
2152521 2670
2152522 2609
2152524 2610
2152526 2610
2152528 2612
2152529 2611
2152530 2612
2152532 2612
2152533 2611
2152534 2612
2152536 2614
2152537 2613
2152538 2614
2152540 2616
2152541 2615
2152542 2616
2152544 2618
2152546 2618
2152576 2671
2152577 2671
2152578 2671
2152579 2671
2152580 2672
2152581 2672
2152582 2672
2152583 2672
2152585 2673
2152586 2673
2152587 2673
2152588 2674
2152590 2674
2152591 2674
2152592 2675
2152593 2675
2152594 2675
2152595 2675
2152596 2675
2152597 2675
2152598 2675
2152599 2675
2152600 2676
2152601 2676
2152602 2676
2152603 2676
2152604 2677
2152605 2677
2152606 2677
2152607 2677
2152608 2678
2152609 2678
2152611 2678
2163776 2679
2163777 2680
2163778 2680
2163780 2681
2163781 2682
2163782 2682
2163785 2683
2163786 2683
2163788 2684
2163789 2685
2163790 2685
2163794 2686
2163796 2687
2163797 2688
2163798 2688
2163800 2689
2163801 2690
2163802 2690
2163804 2691
2163805 2692
2163806 2692
2163808 2691
2163809 2692
2163810 2692
2163968 2693
2163969 2694
2163972 2695
2163973 2696
2163977 2697
2163980 2698
2163981 2699
2163985 2700
2163989 2701
2163992 2702
2163993 2703
2163996 2704
2163997 2705
2164000 2706
2164001 2707
2164032 2708
2164033 2709
2164034 2709
2164036 2710
2164037 2711
2164038 2711
2164041 2712
2164042 2712
2164044 2713
2164045 2714
2164046 2714
2164049 2715
2164050 2715
2164052 2716
2164054 2717
2164056 2718
2164057 2719
2164058 2719
2164060 2720
2164061 2721
2164062 2721
2164064 2722
2164065 2723
2164066 2723
2164224 2724
2164225 2725
2164228 2726
2164229 2727
2164233 2728
2164236 2729
2164237 2730
2164241 2731
2164244 2732
2164245 2733
2164249 2734
2164252 2735
2164253 2736
2164256 2737
2164257 2738
2164288 2739
2164289 2740
2164290 2740
2164292 2741
2164293 2742
2164294 2742
2164297 2743
2164298 2743
2164300 2744
2164301 2745
2164302 2745
2164305 2746
2164306 2746
2164308 2747
2164309 2748
2164310 2748
2164312 2749
2164314 2750
2164316 2751
2164317 2752
2164318 2752
2164320 2753
2164321 2754
2164322 2754
2164480 2755
2164481 2756
2164484 2757
2164485 2758
2164489 2759
2164492 2760
2164493 2761
2164497 2762
2164500 2763
2164501 2764
2164504 2765
2164505 2766
2164509 2767
2164512 2768
2164513 2769
2164544 2770
2164545 2771
2164546 2771
2164548 2772
2164549 2773
2164550 2773
2164553 2774
2164554 2774
2164556 2775
2164557 2776
2164558 2776
2164561 2777
2164562 2777
2164564 2778
2164565 2779
2164566 2779
2164568 2780
2164569 2781
2164570 2781
2164572 2782
2164574 2783
2164576 2784
2164577 2785
2164578 2785
2164736 2786
2164737 2787
2164740 2786
2164741 2787
2164745 2788
2164748 2789
2164749 2790
2164753 2791
2164756 2792
2164757 2793
2164760 2794
2164761 2795
2164764 2796
2164765 2797
2164769 2798
2164800 2799
2164801 2800
2164802 2800
2164804 2799
2164805 2800
2164806 2800
2164809 2801
2164810 2801
2164812 2802
2164813 2803
2164814 2803
2164817 2804
2164818 2804
2164820 2805
2164821 2806
2164822 2806
2164824 2807
2164825 2808
2164826 2808
2164828 2809
2164829 2810
2164830 2810
2164832 2811
2164834 2812
2167936 2813
2167937 2813
2167939 2813
2167940 2814
2167941 2814
2167943 2814
2167945 2815
2167947 2815
2167948 2816
2167949 2816
2167951 2816
2167952 2817
2167955 2817
2167956 2818
2167957 2818
2167959 2818
2167960 2819
2167961 2819
2167963 2819
2167964 2820
2167965 2820
2167967 2820
2167968 2820
2167969 2820
2167971 2820
2168064 2708
2168065 2709
2168066 2709
2168068 2710
2168069 2711
2168070 2711
2168073 2712
2168074 2712
2168076 2713
2168077 2714
2168078 2714
2168080 2821
2168082 2715
2168085 2717
2168086 2717
2168088 2718
2168089 2719
2168090 2719
2168092 2720
2168093 2721
2168094 2721
2168096 2722
2168097 2723
2168098 2723
2168128 2709
2168129 2708
2168130 2709
2168132 2711
2168133 2710
2168134 2711
2168137 2822
2168138 2712
2168140 2714
2168141 2713
2168142 2714
2168144 2715
2168146 2715
2168148 2717
2168150 2717
2168152 2719
2168153 2718
2168154 2719
2168156 2721
2168157 2720
2168158 2721
2168160 2723
2168161 2722
2168162 2723
2168192 2823
2168193 2823
2168194 2823
2168195 2823
2168196 2824
2168197 2824
2168198 2824
2168199 2824
2168201 2825
2168202 2825
2168203 2825
2168204 2826
2168205 2826
2168206 2826
2168207 2826
2168208 2827
2168210 2827
2168211 2827
2168212 2828
2168213 2828
2168215 2828
2168216 2829
2168217 2829
2168218 2829
2168219 2829
2168220 2830
2168221 2830
2168222 2830
2168223 2830
2168224 2831
2168225 2831
2168226 2831
2168227 2831
2168320 2739
2168321 2740
2168322 2740
2168324 2741
2168325 2742
2168326 2742
2168329 2743
2168330 2743
2168332 2744
2168333 2745
2168334 2745
2168336 2832
2168338 2746
2168340 2747
2168341 2748
2168342 2748
2168345 2750
2168346 2750
2168348 2751
2168349 2752
2168350 2752
2168352 2753
2168353 2754
2168354 2754
2168384 2740
2168385 2739
2168386 2740
2168388 2742
2168389 2741
2168390 2742
2168393 2833
2168394 2743
2168396 2745
2168397 2744
2168398 2745
2168400 2746
2168402 2746
2168404 2748
2168405 2747
2168406 2748
2168408 2750
2168410 2750
2168412 2752
2168413 2751
2168414 2752
2168416 2754
2168417 2753
2168418 2754
2168448 2834
2168449 2834
2168450 2834
2168451 2834
2168452 2835
2168453 2835
2168454 2835
2168455 2835
2168457 2836
2168458 2836
2168459 2836
2168460 2837
2168461 2837
2168462 2837
2168463 2837
2168464 2838
2168466 2838
2168467 2838
2168468 2839
2168469 2839
2168470 2839
2168471 2839
2168472 2840
2168473 2840
2168475 2840
2168476 2841
2168477 2841
2168478 2841
2168479 2841
2168480 2842
2168481 2842
2168482 2842
2168483 2842
2168576 2770
2168577 2771
2168578 2771
2168580 2772
2168581 2773
2168582 2773
2168585 2774
2168586 2774
2168588 2775
2168589 2776
2168590 2776
2168592 2843
2168594 2777
2168596 2778
2168597 2779
2168598 2779
2168600 2780
2168601 2781
2168602 2781
2168605 2783
2168606 2783
2168608 2784
2168609 2785
2168610 2785
2168640 2771
2168641 2770
2168642 2771
2168644 2773
2168645 2772
2168646 2773
2168649 2844
2168650 2774
2168652 2776
2168653 2775
2168654 2776
2168656 2777
2168658 2777
2168660 2779
2168661 2778
2168662 2779
2168664 2781
2168665 2780
2168666 2781
2168668 2783
2168670 2783
2168672 2785
2168673 2784
2168674 2785
2168704 2845
2168705 2845
2168706 2845
2168707 2845
2168708 2846
2168709 2846
2168710 2846
2168711 2846
2168713 2847
2168714 2847
2168715 2847
2168716 2848
2168717 2848
2168718 2848
2168719 2848
2168720 2849
2168722 2849
2168723 2849
2168724 2850
2168725 2850
2168726 2850
2168727 2850
2168728 2851
2168729 2851
2168730 2851
2168731 2851
2168732 2852
2168733 2852
2168735 2852
2168736 2853
2168737 2853
2168738 2853
2168739 2853
2168832 2799
2168833 2800
2168834 2800
2168836 2799
2168837 2800
2168838 2800
2168841 2801
2168842 2801
2168844 2802
2168845 2803
2168846 2803
2168848 2854
2168850 2804
2168852 2805
2168853 2806
2168854 2806
2168856 2807
2168857 2808
2168858 2808
2168860 2809
2168861 2810
2168862 2810
2168865 2812
2168866 2812
2168896 2800
2168897 2799
2168898 2800
2168900 2800
2168901 2799
2168902 2800
2168905 2855
2168906 2801
2168908 2803
2168909 2802
2168910 2803
2168912 2804
2168914 2804
2168916 2806
2168917 2805
2168918 2806
2168920 2808
2168921 2807
2168922 2808
2168924 2810
2168925 2809
2168926 2810
2168928 2812
2168930 2812
2168960 2856
2168961 2856
2168962 2856
2168963 2856
2168964 2856
2168965 2856
2168966 2856
2168967 2856
2168969 2857
2168970 2857
2168971 2857
2168972 2858
2168973 2858
2168974 2858
2168975 2858
2168976 2859
2168978 2859
2168979 2859
2168980 2860
2168981 2860
2168982 2860
2168983 2860
2168984 2861
2168985 2861
2168986 2861
2168987 2861
2168988 2862
2168989 2862
2168990 2862
2168991 2862
2168992 2863
2168993 2863
2168995 2863
2180416 2864
2180417 2865
2180418 2865
2180420 2866
2180421 2867
2180422 2867
2180425 2868
2180426 2868
2180428 2869
2180429 2870
2180430 2870
2180432 2869
2180433 2870
2180434 2870
2180438 2871
2180440 2872
2180441 2873
2180442 2873
2180444 2874
2180445 2875
2180446 2875
2180448 2876
2180449 2877
2180450 2877
2180608 2878
2180609 2879
2180612 2880
2180613 2881
2180617 2882
2180620 2883
2180621 2884
2180624 2885
2180625 2886
2180629 2887
2180633 2888
2180636 2889
2180637 2890
2180640 2891
2180641 2892
2180672 2893
2180673 2894
2180674 2894
2180676 2895
2180677 2896
2180678 2896
2180681 2897
2180682 2897
2180684 2898
2180685 2899
2180686 2899
2180688 2900
2180689 2901
2180690 2901
2180693 2902
2180694 2902
2180696 2903
2180698 2904
2180700 2905
2180701 2906
2180702 2906
2180704 2907
2180705 2908
2180706 2908
2180864 2909
2180865 2910
2180868 2911
2180869 2912
2180873 2913
2180876 2914
2180877 2915
2180880 2916
2180881 2917
2180885 2918
2180888 2919
2180889 2920
2180893 2921
2180896 2922
2180897 2923
2180928 2924
2180929 2925
2180930 2925
2180932 2926
2180933 2927
2180934 2927
2180937 2928
2180938 2928
2180940 2929
2180941 2930
2180942 2930
2180944 2931
2180945 2932
2180946 2932
2180949 2933
2180950 2933
2180952 2934
2180953 2935
2180954 2935
2180956 2936
2180958 2937
2180960 2938
2180961 2939
2180962 2939
2181120 2940
2181121 2941
2181124 2942
2181125 2943
2181129 2944
2181132 2945
2181133 2946
2181136 2945
2181137 2946
2181141 2947
2181144 2948
2181145 2949
2181148 2950
2181149 2951
2181153 2952
2181184 2953
2181185 2954
2181186 2954
2181188 2955
2181189 2956
2181190 2956
2181193 2957
2181194 2957
2181196 2958
2181197 2959
2181198 2959
2181200 2958
2181201 2959
2181202 2959
2181205 2960
2181206 2960
2181208 2961
2181209 2962
2181210 2962
2181212 2963
2181213 2964
2181214 2964
2181216 2965
2181218 2966
2184576 2967
2184577 2967
2184579 2967
2184580 2968
2184581 2968
2184583 2968
2184585 2969
2184587 2969
2184588 2970
2184589 2970
2184591 2970
2184592 2970
2184593 2970
2184595 2970
2184596 2971
2184599 2971
2184600 2972
2184601 2972
2184603 2972
2184604 2973
2184605 2973
2184607 2973
2184608 2974
2184609 2974
2184611 2974
2184704 2893
2184705 2894
2184706 2894
2184708 2895
2184709 2896
2184710 2896
2184713 2897
2184714 2897
2184716 2898
2184717 2899
2184718 2899
2184720 2900
2184721 2901
2184722 2901
2184724 2975
2184726 2902
2184729 2904
2184730 2904
2184732 2905
2184733 2906
2184734 2906
2184736 2907
2184737 2908
2184738 2908
2184768 2894
2184769 2893
2184770 2894
2184772 2896
2184773 2895
2184774 2896
2184777 2976
2184778 2897
2184780 2899
2184781 2898
2184782 2899
2184784 2901
2184785 2900
2184786 2901
2184788 2902
2184790 2902
2184792 2904
2184794 2904
2184796 2906
2184797 2905
2184798 2906
2184800 2908
2184801 2907
2184802 2908
2184832 2977
2184833 2977
2184834 2977
2184835 2977
2184836 2978
2184837 2978
2184838 2978
2184839 2978
2184841 2979
2184842 2979
2184843 2979
2184844 2980
2184845 2980
2184846 2980
2184847 2980
2184848 2981
2184849 2981
2184850 2981
2184851 2981
2184852 2982
2184854 2982
2184855 2982
2184856 2983
2184857 2983
2184859 2983
2184860 2984
2184861 2984
2184862 2984
2184863 2984
2184864 2985
2184865 2985
2184866 2985
2184867 2985
2184960 2924
2184961 2925
2184962 2925
2184964 2926
2184965 2927
2184966 2927
2184969 2928
2184970 2928
2184972 2929
2184973 2930
2184974 2930
2184976 2931
2184977 2932
2184978 2932
2184980 2986
2184982 2933
2184984 2934
2184985 2935
2184986 2935
2184989 2937
2184990 2937
2184992 2938
2184993 2939
2184994 2939
2185024 2925
2185025 2924
2185026 2925
2185028 2927
2185029 2926
2185030 2927
2185033 2987
2185034 2928
2185036 2930
2185037 2929
2185038 2930
2185040 2932
2185041 2931
2185042 2932
2185044 2933
2185046 2933
2185048 2935
2185049 2934
2185050 2935
2185052 2937
2185054 2937
2185056 2939
2185057 2938
2185058 2939
2185088 2988
2185089 2988
2185090 2988
2185091 2988
2185092 2989
2185093 2989
2185094 2989
2185095 2989
2185097 2990
2185098 2990
2185099 2990
2185100 2991
2185101 2991
2185102 2991
2185103 2991
2185104 2992
2185105 2992
2185106 2992
2185107 2992
2185108 2993
2185110 2993
2185111 2993
2185112 2994
2185113 2994
2185114 2994
2185115 2994
2185116 2995
2185117 2995
2185119 2995
2185120 2996
2185121 2996
2185122 2996
2185123 2996
2185216 2953
2185217 2954
2185218 2954
2185220 2955
2185221 2956
2185222 2956
2185225 2957
2185226 2957
2185228 2958
2185229 2959
2185230 2959
2185232 2958
2185233 2959
2185234 2959
2185236 2997
2185238 2960
2185240 2961
2185241 2962
2185242 2962
2185244 2963
2185245 2964
2185246 2964
2185249 2966
2185250 2966
2185280 2954
2185281 2953
2185282 2954
2185284 2956
2185285 2955
2185286 2956
2185289 2998
2185290 2957
2185292 2959
2185293 2958
2185294 2959
2185296 2959
2185297 2958
2185298 2959
2185300 2960
2185302 2960
2185304 2962
2185305 2961
2185306 2962
2185308 2964
2185309 2963
2185310 2964
2185312 2966
2185314 2966
2185344 2999
2185345 2999
2185346 2999
2185347 2999
2185348 3000
2185349 3000
2185350 3000
2185351 3000
2185353 3001
2185354 3001
2185355 3001
2185356 3002
2185357 3002
2185358 3002
2185359 3002
2185360 3002
2185361 3002
2185362 3002
2185363 3002
2185364 3003
2185366 3003
2185367 3003
2185368 3004
2185369 3004
2185370 3004
2185371 3004
2185372 3005
2185373 3005
2185374 3005
2185375 3005
2185376 3006
2185377 3006
2185379 3006
2197056 3007
2197057 3008
2197058 3008
2197060 3007
2197061 3008
2197062 3008
2197065 3009
2197066 3009
2197068 3010
2197069 3011
2197070 3011
2197072 3010
2197073 3011
2197074 3011
2197076 3012
2197077 3013
2197078 3013
2197082 3014
2197084 3015
2197085 3016
2197086 3016
2197088 3015
2197089 3016
2197090 3016
2197248 3017
2197249 3018
2197252 3017
2197253 3018
2197257 3019
2197260 3020
2197261 3021
2197264 3020
2197265 3021
2197268 3022
2197269 3023
2197273 3024
2197277 3025
2197280 3026
2197281 3027
2197312 3028
2197313 3029
2197314 3029
2197316 3028
2197317 3029
2197318 3029
2197321 3030
2197322 3030
2197324 3031
2197325 3032
2197326 3032
2197328 3031
2197329 3032
2197330 3032
2197332 3033
2197333 3034
2197334 3034
2197337 3035
2197338 3035
2197340 3036
2197342 3037
2197344 3038
2197345 3039
2197346 3039
2197504 3040
2197505 3041
2197508 3040
2197509 3041
2197513 3042
2197516 3043
2197517 3044
2197520 3043
2197521 3044
2197524 3045
2197525 3046
2197529 3047
2197532 3048
2197533 3049
2197537 3050
2197568 3051
2197569 3052
2197570 3052
2197572 3051
2197573 3052
2197574 3052
2197577 3053
2197578 3053
2197580 3054
2197581 3055
2197582 3055
2197584 3054
2197585 3055
2197586 3055
2197588 3056
2197589 3057
2197590 3057
2197593 3058
2197594 3058
2197596 3059
2197597 3060
2197598 3060
2197600 3061
2197602 3062
2201216 3063
2201217 3063
2201219 3063
2201220 3063
2201221 3063
2201223 3063
2201225 3064
2201227 3064
2201228 3065
2201229 3065
2201231 3065
2201232 3065
2201233 3065
2201235 3065
2201236 3066
2201237 3066
2201239 3066
2201240 3067
2201243 3067
2201244 3068
2201245 3068
2201247 3068
2201248 3068
2201249 3068
2201251 3068
2201344 3028
2201345 3029
2201346 3029
2201348 3028
2201349 3029
2201350 3029
2201353 3030
2201354 3030
2201356 3031
2201357 3032
2201358 3032
2201360 3031
2201361 3032
2201362 3032
2201364 3033
2201365 3034
2201366 3034
2201368 3069
2201370 3035
2201373 3037
2201374 3037
2201376 3038
2201377 3039
2201378 3039
2201408 3029
2201409 3028
2201410 3029
2201412 3029
2201413 3028
2201414 3029
2201417 3070
2201418 3030
2201420 3032
2201421 3031
2201422 3032
2201424 3032
2201425 3031
2201426 3032
2201428 3034
2201429 3033
2201430 3034
2201432 3035
2201434 3035
2201436 3037
2201438 3037
2201440 3039
2201441 3038
2201442 3039
2201472 3071
2201473 3071
2201474 3071
2201475 3071
2201476 3071
2201477 3071
2201478 3071
2201479 3071
2201481 3072
2201482 3072
2201483 3072
2201484 3073
2201485 3073
2201486 3073
2201487 3073
2201488 3073
2201489 3073
2201490 3073
2201491 3073
2201492 3074
2201493 3074
2201494 3074
2201495 3074
2201496 3075
2201498 3075
2201499 3075
2201500 3076
2201501 3076
2201503 3076
2201504 3077
2201505 3077
2201506 3077
2201507 3077
2201600 3051
2201601 3052
2201602 3052
2201604 3051
2201605 3052
2201606 3052
2201609 3053
2201610 3053
2201612 3054
2201613 3055
2201614 3055
2201616 3054
2201617 3055
2201618 3055
2201620 3056
2201621 3057
2201622 3057
2201624 3078
2201626 3058
2201628 3059
2201629 3060
2201630 3060
2201633 3062
2201634 3062
2201664 3052
2201665 3051
2201666 3052
2201668 3052
2201669 3051
2201670 3052
2201673 3079
2201674 3053
2201676 3055
2201677 3054
2201678 3055
2201680 3055
2201681 3054
2201682 3055
2201684 3057
2201685 3056
2201686 3057
2201688 3058
2201690 3058
2201692 3060
2201693 3059
2201694 3060
2201696 3062
2201698 3062
2201728 3080
2201729 3080
2201730 3080
2201731 3080
2201732 3080
2201733 3080
2201734 3080
2201735 3080
2201737 3081
2201738 3081
2201739 3081
2201740 3082
2201741 3082
2201742 3082
2201743 3082
2201744 3082
2201745 3082
2201746 3082
2201747 3082
2201748 3083
2201749 3083
2201750 3083
2201751 3083
2201752 3084
2201754 3084
2201755 3084
2201756 3085
2201757 3085
2201758 3085
2201759 3085
2201760 3086
2201761 3086
2201763 3086
2213696 3087
2213697 3088
2213698 3088
2213700 3087
2213701 3088
2213702 3088
2213705 3089
2213706 3089
2213708 3090
2213709 3091
2213710 3091
2213712 3090
2213713 3091
2213714 3091
2213716 3092
2213717 3093
2213718 3093
2213720 3092
2213721 3093
2213722 3093
2213726 3094
2213728 3095
2213729 3096
2213730 3096
2213888 3097
2213889 3098
2213892 3097
2213893 3098
2213897 3099
2213900 3100
2213901 3101
2213904 3100
2213905 3101
2213908 3102
2213909 3103
2213912 3102
2213913 3103
2213917 3104
2213921 3105
2213952 3106
2213953 3107
2213954 3107
2213956 3106
2213957 3107
2213958 3107
2213961 3108
2213962 3108
2213964 3109
2213965 3110
2213966 3110
2213968 3109
2213969 3110
2213970 3110
2213972 3111
2213973 3112
2213974 3112
2213976 3111
2213977 3112
2213978 3112
2213981 3113
2213982 3113
2213984 3114
2213986 3115
2217856 3116
2217857 3116
2217859 3116
2217860 3116
2217861 3116
2217863 3116
2217865 3117
2217867 3117
2217868 3118
2217869 3118
2217871 3118
2217872 3118
2217873 3118
2217875 3118
2217876 3119
2217877 3119
2217879 3119
2217880 3119
2217881 3119
2217883 3119
2217884 3120
2217887 3120
2217888 3121
2217889 3121
2217891 3121
2217984 3106
2217985 3107
2217986 3107
2217988 3106
2217989 3107
2217990 3107
2217993 3108
2217994 3108
2217996 3109
2217997 3110
2217998 3110
2218000 3109
2218001 3110
2218002 3110
2218004 3111
2218005 3112
2218006 3112
2218008 3111
2218009 3112
2218010 3112
2218012 3122
2218014 3113
2218017 3115
2218018 3115
2218048 3107
2218049 3106
2218050 3107
2218052 3107
2218053 3106
2218054 3107
2218057 3123
2218058 3108
2218060 3110
2218061 3109
2218062 3110
2218064 3110
2218065 3109
2218066 3110
2218068 3112
2218069 3111
2218070 3112
2218072 3112
2218073 3111
2218074 3112
2218076 3113
2218078 3113
2218080 3115
2218082 3115
2218112 3124
2218113 3124
2218114 3124
2218115 3124
2218116 3124
2218117 3124
2218118 3124
2218119 3124
2218121 3125
2218122 3125
2218123 3125
2218124 3126
2218125 3126
2218126 3126
2218127 3126
2218128 3126
2218129 3126
2218130 3126
2218131 3126
2218132 3127
2218133 3127
2218134 3127
2218135 3127
2218136 3127
2218137 3127
2218138 3127
2218139 3127
2218140 3128
2218142 3128
2218143 3128
2218144 3129
2218145 3129
2218147 3129
2230336 3130
2230337 3131
2230338 3131
2230340 3130
2230341 3131
2230342 3131
2230345 3132
2230346 3132
2230348 3133
2230349 3134
2230350 3134
2230352 3135
2230353 3136
2230354 3136
2230356 3135
2230357 3136
2230358 3136
2230360 3137
2230361 3138
2230362 3138
2230364 3137
2230365 3138
2230366 3138
2230370 3139
2234496 3140
2234497 3140
2234499 3140
2234500 3140
2234501 3140
2234503 3140
2234505 3141
2234507 3141
2234508 3142
2234509 3142
2234511 3142
2234512 3143
2234513 3143
2234515 3143
2234516 3143
2234517 3143
2234519 3143
2234520 3144
2234521 3144
2234523 3144
2234524 3144
2234525 3144
2234527 3144
2234528 3145
2234531 3145
3199872 3146
3199875 3146
3199876 3146
3199879 3146
3199880 3147
3199883 3147
3199887 3148
3199888 3149
3199891 3149
3199892 3149
3199895 3149
3199896 3149
3199899 3149
3199900 3150
3199903 3150
3199904 3150
3199907 3150
3200000 3151
3200001 3152
3200002 3152
3200004 3153
3200005 3154
3200006 3154
3200008 3155
3200009 3156
3200010 3156
3200014 3157
3200017 3158
3200018 3158
3200020 3159
3200021 3160
3200022 3160
3200024 3161
3200025 3162
3200026 3162
3200028 3163
3200029 3164
3200030 3164
3200032 3165
3200033 3166
3200034 3166
3200128 3167
3200130 3167
3200131 3167
3200132 3168
3200134 3168
3200135 3168
3200136 3169
3200138 3169
3200139 3169
3200142 3170
3200143 3170
3200144 3171
3200147 3171
3200148 3172
3200150 3172
3200151 3172
3200152 3173
3200154 3173
3200155 3173
3200156 3174
3200158 3174
3200159 3174
3200160 3175
3200162 3175
3200163 3175
3200256 3176
3200257 3177
3200258 3177
3200260 3178
3200261 3179
3200262 3179
3200264 3180
3200265 3181
3200266 3181
3200270 3182
3200272 3183
3200273 3184
3200274 3184
3200277 3185
3200278 3185
3200280 3186
3200281 3187
3200282 3187
3200284 3188
3200285 3189
3200286 3189
3200288 3190
3200289 3191
3200290 3191
3200384 3192
3200386 3192
3200387 3192
3200388 3193
3200390 3193
3200391 3193
3200392 3194
3200394 3194
3200395 3194
3200398 3195
3200399 3195
3200400 3196
3200402 3196
3200403 3196
3200404 3197
3200407 3197
3200408 3198
3200410 3198
3200411 3198
3200412 3199
3200414 3199
3200415 3199
3200416 3200
3200418 3200
3200419 3200
3200512 3201
3200513 3202
3200514 3202
3200516 3201
3200517 3202
3200518 3202
3200520 3203
3200521 3204
3200522 3204
3200526 3205
3200528 3206
3200529 3207
3200530 3207
3200532 3206
3200533 3207
3200534 3207
3200537 3208
3200538 3208
3200540 3209
3200541 3210
3200542 3210
3200544 3211
3200545 3212
3200546 3212
3200640 3213
3200642 3213
3200643 3213
3200644 3213
3200646 3213
3200647 3213
3200648 3214
3200650 3214
3200651 3214
3200654 3215
3200655 3215
3200656 3216
3200658 3216
3200659 3216
3200660 3216
3200662 3216
3200663 3216
3200664 3217
3200667 3217
3200668 3218
3200670 3218
3200671 3218
3200672 3219
3200674 3219
3200675 3219
3200768 3220
3200769 3221
3200770 3221
3200772 3220
3200773 3221
3200774 3221
3200776 3222
3200777 3223
3200778 3223
3200782 3224
3200784 3225
3200785 3226
3200786 3226
3200788 3225
3200789 3226
3200790 3226
3200792 3227
3200793 3228
3200794 3228
3200797 3229
3200798 3229
3200800 3230
3200801 3231
3200802 3231
3200896 3232
3200898 3232
3200899 3232
3200900 3232
3200902 3232
3200903 3232
3200904 3233
3200906 3233
3200907 3233
3200910 3234
3200911 3234
3200912 3235
3200914 3235
3200915 3235
3200916 3235
3200918 3235
3200919 3235
3200920 3236
3200922 3236
3200923 3236
3200924 3237
3200927 3237
3200928 3238
3200930 3238
3200931 3238
3201024 3239
3201025 3240
3201026 3240
3201028 3239
3201029 3240
3201030 3240
3201032 3241
3201033 3242
3201034 3242
3201038 3243
3201040 3244
3201041 3245
3201042 3245
3201044 3244
3201045 3245
3201046 3245
3201048 3246
3201049 3247
3201050 3247
3201052 3246
3201053 3247
3201054 3247
3201057 3248
3201058 3248
3201152 3249
3201154 3249
3201155 3249
3201156 3249
3201158 3249
3201159 3249
3201160 3250
3201162 3250
3201163 3250
3201166 3251
3201167 3251
3201168 3252
3201170 3252
3201171 3252
3201172 3252
3201174 3252
3201175 3252
3201176 3253
3201178 3253
3201179 3253
3201180 3253
3201182 3253
3201183 3253
3201184 3254
3201187 3254
3212352 3255
3212353 3256
3212354 3256
3212356 3257
3212357 3258
3212358 3258
3212360 3259
3212361 3260
3212362 3260
3212365 3261
3212366 3261
3212370 3262
3212372 3263
3212373 3264
3212374 3264
3212376 3265
3212377 3266
3212378 3266
3212380 3267
3212381 3268
3212382 3268
3212384 3269
3212385 3270
3212386 3270
3212544 3271
3212545 3272
3212548 3273
3212549 3274
3212552 3275
3212553 3276
3212557 3277
3212561 3278
3212565 3279
3212568 3280
3212569 3281
3212572 3282
3212573 3283
3212576 3284
3212577 3285
3212608 3286
3212609 3287
3212610 3287
3212612 3288
3212613 3289
3212614 3289
3212616 3290
3212617 3291
3212618 3291
3212621 3292
3212622 3292
3212625 3293
3212626 3293
3212628 3294
3212630 3295
3212632 3296
3212633 3297
3212634 3297
3212636 3298
3212637 3299
3212638 3299
3212640 3300
3212641 3301
3212642 3301
3212800 3302
3212801 3303
3212804 3304
3212805 3305
3212808 3306
3212809 3307
3212813 3308
3212817 3309
3212820 3310
3212821 3311
3212825 3312
3212828 3313
3212829 3314
3212832 3315
3212833 3316
3212864 3317
3212865 3318
3212866 3318
3212868 3319
3212869 3320
3212870 3320
3212872 3321
3212873 3322
3212874 3322
3212877 3323
3212878 3323
3212881 3324
3212882 3324
3212884 3325
3212885 3326
3212886 3326
3212888 3327
3212890 3328
3212892 3329
3212893 3330
3212894 3330
3212896 3331
3212897 3332
3212898 3332
3213056 3333
3213057 3334
3213060 3335
3213061 3336
3213064 3337
3213065 3338
3213069 3339
3213073 3340
3213076 3341
3213077 3342
3213080 3343
3213081 3344
3213085 3345
3213088 3346
3213089 3347
3213120 3348
3213121 3349
3213122 3349
3213124 3350
3213125 3351
3213126 3351
3213128 3352
3213129 3353
3213130 3353
3213133 3354
3213134 3354
3213137 3355
3213138 3355
3213140 3356
3213141 3357
3213142 3357
3213144 3358
3213145 3359
3213146 3359
3213148 3360
3213150 3361
3213152 3362
3213153 3363
3213154 3363
3213312 3364
3213313 3365
3213316 3364
3213317 3365
3213320 3366
3213321 3367
3213325 3368
3213329 3369
3213332 3370
3213333 3371
3213336 3372
3213337 3373
3213340 3374
3213341 3375
3213345 3376
3213376 3377
3213377 3378
3213378 3378
3213380 3377
3213381 3378
3213382 3378
3213384 3379
3213385 3380
3213386 3380
3213389 3381
3213390 3381
3213393 3382
3213394 3382
3213396 3383
3213397 3384
3213398 3384
3213400 3385
3213401 3386
3213402 3386
3213404 3387
3213405 3388
3213406 3388
3213408 3389
3213410 3390
3216512 3391
3216513 3391
3216515 3391
3216516 3392
3216517 3392
3216519 3392
3216520 3393
3216521 3393
3216523 3393
3216525 3394
3216527 3394
3216528 3395
3216531 3395
3216532 3396
3216533 3396
3216535 3396
3216536 3397
3216537 3397
3216539 3397
3216540 3398
3216541 3398
3216543 3398
3216544 3399
3216545 3399
3216547 3399
3216640 3286
3216641 3287
3216642 3287
3216644 3288
3216645 3289
3216646 3289
3216648 3290
3216649 3291
3216650 3291
3216653 3292
3216654 3292
3216656 3400
3216658 3293
3216661 3295
3216662 3295
3216664 3296
3216665 3297
3216666 3297
3216668 3298
3216669 3299
3216670 3299
3216672 3300
3216673 3301
3216674 3301
3216704 3287
3216705 3286
3216706 3287
3216708 3289
3216709 3288
3216710 3289
3216712 3291
3216713 3290
3216714 3291
3216717 3401
3216718 3292
3216720 3293
3216722 3293
3216724 3295
3216726 3295
3216728 3297
3216729 3296
3216730 3297
3216732 3299
3216733 3298
3216734 3299
3216736 3301
3216737 3300
3216738 3301
3216768 3402
3216769 3402
3216770 3402
3216771 3402
3216772 3403
3216773 3403
3216774 3403
3216775 3403
3216776 3404
3216777 3404
3216778 3404
3216779 3404
3216781 3405
3216782 3405
3216783 3405
3216784 3406
3216786 3406
3216787 3406
3216788 3407
3216789 3407
3216791 3407
3216792 3408
3216793 3408
3216794 3408
3216795 3408
3216796 3409
3216797 3409
3216798 3409
3216799 3409
3216800 3410
3216801 3410
3216802 3410
3216803 3410
3216896 3317
3216897 3318
3216898 3318
3216900 3319
3216901 3320
3216902 3320
3216904 3321
3216905 3322
3216906 3322
3216909 3323
3216910 3323
3216912 3411
3216914 3324
3216916 3325
3216917 3326
3216918 3326
3216921 3328
3216922 3328
3216924 3329
3216925 3330
3216926 3330
3216928 3331
3216929 3332
3216930 3332
3216960 3318
3216961 3317
3216962 3318
3216964 3320
3216965 3319
3216966 3320
3216968 3322
3216969 3321
3216970 3322
3216973 3412
3216974 3323
3216976 3324
3216978 3324
3216980 3326
3216981 3325
3216982 3326
3216984 3328
3216986 3328
3216988 3330
3216989 3329
3216990 3330
3216992 3332
3216993 3331
3216994 3332
3217024 3413
3217025 3413
3217026 3413
3217027 3413
3217028 3414
3217029 3414
3217030 3414
3217031 3414
3217032 3415
3217033 3415
3217034 3415
3217035 3415
3217037 3416
3217038 3416
3217039 3416
3217040 3417
3217042 3417
3217043 3417
3217044 3418
3217045 3418
3217046 3418
3217047 3418
3217048 3419
3217049 3419
3217051 3419
3217052 3420
3217053 3420
3217054 3420
3217055 3420
3217056 3421
3217057 3421
3217058 3421
3217059 3421
3217152 3348
3217153 3349
3217154 3349
3217156 3350
3217157 3351
3217158 3351
3217160 3352
3217161 3353
3217162 3353
3217165 3354
3217166 3354
3217168 3422
3217170 3355
3217172 3356
3217173 3357
3217174 3357
3217176 3358
3217177 3359
3217178 3359
3217181 3361
3217182 3361
3217184 3362
3217185 3363
3217186 3363
3217216 3349
3217217 3348
3217218 3349
3217220 3351
3217221 3350
3217222 3351
3217224 3353
3217225 3352
3217226 3353
3217229 3423
3217230 3354
3217232 3355
3217234 3355
3217236 3357
3217237 3356
3217238 3357
3217240 3359
3217241 3358
3217242 3359
3217244 3361
3217246 3361
3217248 3363
3217249 3362
3217250 3363
3217280 3424
3217281 3424
3217282 3424
3217283 3424
3217284 3425
3217285 3425
3217286 3425
3217287 3425
3217288 3426
3217289 3426
3217290 3426
3217291 3426
3217293 3427
3217294 3427
3217295 3427
3217296 3428
3217298 3428
3217299 3428
3217300 3429
3217301 3429
3217302 3429
3217303 3429
3217304 3430
3217305 3430
3217306 3430
3217307 3430
3217308 3431
3217309 3431
3217311 3431
3217312 3432
3217313 3432
3217314 3432
3217315 3432
3217408 3377
3217409 3378
3217410 3378
3217412 3377
3217413 3378
3217414 3378
3217416 3379
3217417 3380
3217418 3380
3217421 3381
3217422 3381
3217424 3433
3217426 3382
3217428 3383
3217429 3384
3217430 3384
3217432 3385
3217433 3386
3217434 3386
3217436 3387
3217437 3388
3217438 3388
3217441 3390
3217442 3390
3217472 3378
3217473 3377
3217474 3378
3217476 3378
3217477 3377
3217478 3378
3217480 3380
3217481 3379
3217482 3380
3217485 3434
3217486 3381
3217488 3382
3217490 3382
3217492 3384
3217493 3383
3217494 3384
3217496 3386
3217497 3385
3217498 3386
3217500 3388
3217501 3387
3217502 3388
3217504 3390
3217506 3390
3217536 3435
3217537 3435
3217538 3435
3217539 3435
3217540 3435
3217541 3435
3217542 3435
3217543 3435
3217544 3436
3217545 3436
3217546 3436
3217547 3436
3217549 3437
3217550 3437
3217551 3437
3217552 3438
3217554 3438
3217555 3438
3217556 3439
3217557 3439
3217558 3439
3217559 3439
3217560 3440
3217561 3440
3217562 3440
3217563 3440
3217564 3441
3217565 3441
3217566 3441
3217567 3441
3217568 3442
3217569 3442
3217571 3442
3228992 3443
3228993 3444
3228994 3444
3228996 3445
3228997 3446
3228998 3446
3229000 3447
3229001 3448
3229002 3448
3229005 3449
3229006 3449
3229008 3450
3229009 3451
3229010 3451
3229014 3452
3229016 3453
3229017 3454
3229018 3454
3229020 3455
3229021 3456
3229022 3456
3229024 3457
3229025 3458
3229026 3458
3229184 3459
3229185 3460
3229188 3461
3229189 3462
3229192 3463
3229193 3464
3229197 3465
3229200 3466
3229201 3467
3229205 3468
3229209 3469
3229212 3470
3229213 3471
3229216 3472
3229217 3473
3229248 3474
3229249 3475
3229250 3475
3229252 3476
3229253 3477
3229254 3477
3229256 3478
3229257 3479
3229258 3479
3229261 3480
3229262 3480
3229264 3481
3229265 3482
3229266 3482
3229269 3483
3229270 3483
3229272 3484
3229274 3485
3229276 3486
3229277 3487
3229278 3487
3229280 3488
3229281 3489
3229282 3489
3229440 3490
3229441 3491
3229444 3492
3229445 3493
3229448 3494
3229449 3495
3229453 3496
3229456 3497
3229457 3498
3229461 3499
3229464 3500
3229465 3501
3229469 3502
3229472 3503
3229473 3504
3229504 3505
3229505 3506
3229506 3506
3229508 3507
3229509 3508
3229510 3508
3229512 3509
3229513 3510
3229514 3510
3229517 3511
3229518 3511
3229520 3512
3229521 3513
3229522 3513
3229525 3514
3229526 3514
3229528 3515
3229529 3516
3229530 3516
3229532 3517
3229534 3518
3229536 3519
3229537 3520
3229538 3520
3229696 3521
3229697 3522
3229700 3523
3229701 3524
3229704 3525
3229705 3526
3229709 3527
3229712 3528
3229713 3529
3229717 3530
3229720 3531
3229721 3532
3229724 3531
3229725 3532
3229729 3533
3229760 3534
3229761 3535
3229762 3535
3229764 3536
3229765 3537
3229766 3537
3229768 3538
3229769 3539
3229770 3539
3229773 3540
3229774 3540
3229776 3541
3229777 3542
3229778 3542
3229781 3543
3229782 3543
3229784 3544
3229785 3545
3229786 3545
3229788 3544
3229789 3545
3229790 3545
3229792 3546
3229794 3547
3233152 3548
3233153 3548
3233155 3548
3233156 3549
3233157 3549
3233159 3549
3233160 3550
3233161 3550
3233163 3550
3233165 3551
3233167 3551
3233168 3552
3233169 3552
3233171 3552
3233172 3553
3233175 3553
3233176 3554
3233177 3554
3233179 3554
3233180 3555
3233181 3555
3233183 3555
3233184 3556
3233185 3556
3233187 3556
3233280 3474
3233281 3475
3233282 3475
3233284 3476
3233285 3477
3233286 3477
3233288 3478
3233289 3479
3233290 3479
3233293 3480
3233294 3480
3233296 3481
3233297 3482
3233298 3482
3233300 3557
3233302 3483
3233305 3485
3233306 3485
3233308 3486
3233309 3487
3233310 3487
3233312 3488
3233313 3489
3233314 3489
3233344 3475
3233345 3474
3233346 3475
3233348 3477
3233349 3476
3233350 3477
3233352 3479
3233353 3478
3233354 3479
3233357 3558
3233358 3480
3233360 3482
3233361 3481
3233362 3482
3233364 3483
3233366 3483
3233368 3485
3233370 3485
3233372 3487
3233373 3486
3233374 3487
3233376 3489
3233377 3488
3233378 3489
3233408 3559
3233409 3559
3233410 3559
3233411 3559
3233412 3560
3233413 3560
3233414 3560
3233415 3560
3233416 3561
3233417 3561
3233418 3561
3233419 3561
3233421 3562
3233422 3562
3233423 3562
3233424 3563
3233425 3563
3233426 3563
3233427 3563
3233428 3564
3233430 3564
3233431 3564
3233432 3565
3233433 3565
3233435 3565
3233436 3566
3233437 3566
3233438 3566
3233439 3566
3233440 3567
3233441 3567
3233442 3567
3233443 3567
3233536 3505
3233537 3506
3233538 3506
3233540 3507
3233541 3508
3233542 3508
3233544 3509
3233545 3510
3233546 3510
3233549 3511
3233550 3511
3233552 3512
3233553 3513
3233554 3513
3233556 3568
3233558 3514
3233560 3515
3233561 3516
3233562 3516
3233565 3518
3233566 3518
3233568 3519
3233569 3520
3233570 3520
3233600 3506
3233601 3505
3233602 3506
3233604 3508
3233605 3507
3233606 3508
3233608 3510
3233609 3509
3233610 3510
3233613 3569
3233614 3511
3233616 3513
3233617 3512
3233618 3513
3233620 3514
3233622 3514
3233624 3516
3233625 3515
3233626 3516
3233628 3518
3233630 3518
3233632 3520
3233633 3519
3233634 3520
3233664 3570
3233665 3570
3233666 3570
3233667 3570
3233668 3571
3233669 3571
3233670 3571
3233671 3571
3233672 3572
3233673 3572
3233674 3572
3233675 3572
3233677 3573
3233678 3573
3233679 3573
3233680 3574
3233681 3574
3233682 3574
3233683 3574
3233684 3575
3233686 3575
3233687 3575
3233688 3576
3233689 3576
3233690 3576
3233691 3576
3233692 3577
3233693 3577
3233695 3577
3233696 3578
3233697 3578
3233698 3578
3233699 3578
3233792 3534
3233793 3535
3233794 3535
3233796 3536
3233797 3537
3233798 3537
3233800 3538
3233801 3539
3233802 3539
3233805 3540
3233806 3540
3233808 3541
3233809 3542
3233810 3542
3233812 3579
3233814 3543
3233816 3544
3233817 3545
3233818 3545
3233820 3544
3233821 3545
3233822 3545
3233825 3547
3233826 3547
3233856 3535
3233857 3534
3233858 3535
3233860 3537
3233861 3536
3233862 3537
3233864 3539
3233865 3538
3233866 3539
3233869 3580
3233870 3540
3233872 3542
3233873 3541
3233874 3542
3233876 3543
3233878 3543
3233880 3545
3233881 3544
3233882 3545
3233884 3545
3233885 3544
3233886 3545
3233888 3547
3233890 3547
3233920 3581
3233921 3581
3233922 3581
3233923 3581
3233924 3582
3233925 3582
3233926 3582
3233927 3582
3233928 3583
3233929 3583
3233930 3583
3233931 3583
3233933 3584
3233934 3584
3233935 3584
3233936 3585
3233937 3585
3233938 3585
3233939 3585
3233940 3586
3233942 3586
3233943 3586
3233944 3587
3233945 3587
3233946 3587
3233947 3587
3233948 3587
3233949 3587
3233950 3587
3233951 3587
3233952 3588
3233953 3588
3233955 3588
3245632 3589
3245633 3590
3245634 3590
3245636 3589
3245637 3590
3245638 3590
3245640 3591
3245641 3592
3245642 3592
3245645 3593
3245646 3593
3245648 3594
3245649 3595
3245650 3595
3245652 3594
3245653 3595
3245654 3595
3245658 3596
3245660 3597
3245661 3598
3245662 3598
3245664 3599
3245665 3600
3245666 3600
3245824 3601
3245825 3602
3245828 3601
3245829 3602
3245832 3603
3245833 3604
3245837 3605
3245840 3606
3245841 3607
3245844 3606
3245845 3607
3245849 3608
3245853 3609
3245856 3610
3245857 3611
3245888 3612
3245889 3613
3245890 3613
3245892 3612
3245893 3613
3245894 3613
3245896 3614
3245897 3615
3245898 3615
3245901 3616
3245902 3616
3245904 3617
3245905 3618
3245906 3618
3245908 3617
3245909 3618
3245910 3618
3245913 3619
3245914 3619
3245916 3620
3245918 3621
3245920 3622
3245921 3623
3245922 3623
3246080 3624
3246081 3625
3246084 3624
3246085 3625
3246088 3626
3246089 3627
3246093 3628
3246096 3629
3246097 3630
3246100 3629
3246101 3630
3246105 3631
3246108 3632
3246109 3633
3246113 3634
3246144 3635
3246145 3636
3246146 3636
3246148 3635
3246149 3636
3246150 3636
3246152 3637
3246153 3638
3246154 3638
3246157 3639
3246158 3639
3246160 3640
3246161 3641
3246162 3641
3246164 3640
3246165 3641
3246166 3641
3246169 3642
3246170 3642
3246172 3643
3246173 3644
3246174 3644
3246176 3645
3246178 3646
3249792 3647
3249793 3647
3249795 3647
3249796 3647
3249797 3647
3249799 3647
3249800 3648
3249801 3648
3249803 3648
3249805 3649
3249807 3649
3249808 3650
3249809 3650
3249811 3650
3249812 3650
3249813 3650
3249815 3650
3249816 3651
3249819 3651
3249820 3652
3249821 3652
3249823 3652
3249824 3653
3249825 3653
3249827 3653
3249920 3612
3249921 3613
3249922 3613
3249924 3612
3249925 3613
3249926 3613
3249928 3614
3249929 3615
3249930 3615
3249933 3616
3249934 3616
3249936 3617
3249937 3618
3249938 3618
3249940 3617
3249941 3618
3249942 3618
3249944 3654
3249946 3619
3249949 3621
3249950 3621
3249952 3622
3249953 3623
3249954 3623
3249984 3613
3249985 3612
3249986 3613
3249988 3613
3249989 3612
3249990 3613
3249992 3615
3249993 3614
3249994 3615
3249997 3655
3249998 3616
3250000 3618
3250001 3617
3250002 3618
3250004 3618
3250005 3617
3250006 3618
3250008 3619
3250010 3619
3250012 3621
3250014 3621
3250016 3623
3250017 3622
3250018 3623
3250048 3656
3250049 3656
3250050 3656
3250051 3656
3250052 3656
3250053 3656
3250054 3656
3250055 3656
3250056 3657
3250057 3657
3250058 3657
3250059 3657
3250061 3658
3250062 3658
3250063 3658
3250064 3659
3250065 3659
3250066 3659
3250067 3659
3250068 3659
3250069 3659
3250070 3659
3250071 3659
3250072 3660
3250074 3660
3250075 3660
3250076 3661
3250077 3661
3250079 3661
3250080 3662
3250081 3662
3250082 3662
3250083 3662
3250176 3635
3250177 3636
3250178 3636
3250180 3635
3250181 3636
3250182 3636
3250184 3637
3250185 3638
3250186 3638
3250189 3639
3250190 3639
3250192 3640
3250193 3641
3250194 3641
3250196 3640
3250197 3641
3250198 3641
3250200 3663
3250202 3642
3250204 3643
3250205 3644
3250206 3644
3250209 3646
3250210 3646
3250240 3636
3250241 3635
3250242 3636
3250244 3636
3250245 3635
3250246 3636
3250248 3638
3250249 3637
3250250 3638
3250253 3664
3250254 3639
3250256 3641
3250257 3640
3250258 3641
3250260 3641
3250261 3640
3250262 3641
3250264 3642
3250266 3642
3250268 3644
3250269 3643
3250270 3644
3250272 3646
3250274 3646
3250304 3665
3250305 3665
3250306 3665
3250307 3665
3250308 3665
3250309 3665
3250310 3665
3250311 3665
3250312 3666
3250313 3666
3250314 3666
3250315 3666
3250317 3667
3250318 3667
3250319 3667
3250320 3668
3250321 3668
3250322 3668
3250323 3668
3250324 3668
3250325 3668
3250326 3668
3250327 3668
3250328 3669
3250330 3669
3250331 3669
3250332 3670
3250333 3670
3250334 3670
3250335 3670
3250336 3671
3250337 3671
3250339 3671
3262272 3672
3262273 3673
3262274 3673
3262276 3672
3262277 3673
3262278 3673
3262280 3674
3262281 3675
3262282 3675
3262285 3676
3262286 3676
3262288 3677
3262289 3678
3262290 3678
3262292 3677
3262293 3678
3262294 3678
3262296 3679
3262297 3680
3262298 3680
3262302 3681
3262304 3682
3262305 3683
3262306 3683
3262464 3684
3262465 3685
3262468 3684
3262469 3685
3262472 3686
3262473 3687
3262477 3688
3262480 3689
3262481 3690
3262484 3689
3262485 3690
3262488 3691
3262489 3692
3262493 3693
3262497 3694
3262528 3695
3262529 3696
3262530 3696
3262532 3695
3262533 3696
3262534 3696
3262536 3697
3262537 3698
3262538 3698
3262541 3699
3262542 3699
3262544 3700
3262545 3701
3262546 3701
3262548 3700
3262549 3701
3262550 3701
3262552 3702
3262553 3703
3262554 3703
3262557 3704
3262558 3704
3262560 3705
3262562 3706
3266432 3707
3266433 3707
3266435 3707
3266436 3707
3266437 3707
3266439 3707
3266440 3708
3266441 3708
3266443 3708
3266445 3709
3266447 3709
3266448 3710
3266449 3710
3266451 3710
3266452 3710
3266453 3710
3266455 3710
3266456 3711
3266457 3711
3266459 3711
3266460 3712
3266463 3712
3266464 3713
3266465 3713
3266467 3713
3266560 3695
3266561 3696
3266562 3696
3266564 3695
3266565 3696
3266566 3696
3266568 3697
3266569 3698
3266570 3698
3266573 3699
3266574 3699
3266576 3700
3266577 3701
3266578 3701
3266580 3700
3266581 3701
3266582 3701
3266584 3702
3266585 3703
3266586 3703
3266588 3714
3266590 3704
3266593 3706
3266594 3706
3266624 3696
3266625 3695
3266626 3696
3266628 3696
3266629 3695
3266630 3696
3266632 3698
3266633 3697
3266634 3698
3266637 3715
3266638 3699
3266640 3701
3266641 3700
3266642 3701
3266644 3701
3266645 3700
3266646 3701
3266648 3703
3266649 3702
3266650 3703
3266652 3704
3266654 3704
3266656 3706
3266658 3706
3266688 3716
3266689 3716
3266690 3716
3266691 3716
3266692 3716
3266693 3716
3266694 3716
3266695 3716
3266696 3717
3266697 3717
3266698 3717
3266699 3717
3266701 3718
3266702 3718
3266703 3718
3266704 3719
3266705 3719
3266706 3719
3266707 3719
3266708 3719
3266709 3719
3266710 3719
3266711 3719
3266712 3720
3266713 3720
3266714 3720
3266715 3720
3266716 3721
3266718 3721
3266719 3721
3266720 3722
3266721 3722
3266723 3722
3278912 3723
3278913 3724
3278914 3724
3278916 3723
3278917 3724
3278918 3724
3278920 3725
3278921 3726
3278922 3726
3278925 3727
3278926 3727
3278928 3728
3278929 3729
3278930 3729
3278932 3728
3278933 3729
3278934 3729
3278936 3730
3278937 3731
3278938 3731
3278940 3730
3278941 3731
3278942 3731
3278946 3732
3283072 3733
3283073 3733
3283075 3733
3283076 3733
3283077 3733
3283079 3733
3283080 3734
3283081 3734
3283083 3734
3283085 3735
3283087 3735
3283088 3736
3283089 3736
3283091 3736
3283092 3736
3283093 3736
3283095 3736
3283096 3737
3283097 3737
3283099 3737
3283100 3737
3283101 3737
3283103 3737
3283104 3738
3283107 3738
4265088 3739
4265091 3739
4265092 3739
4265095 3739
4265096 3740
4265099 3740
4265100 3740
4265103 3740
4265107 3741
4265108 3742
4265111 3742
4265112 3742
4265115 3742
4265116 3743
4265119 3743
4265120 3743
4265123 3743
4265216 3744
4265217 3745
4265218 3745
4265220 3746
4265221 3747
4265222 3747
4265224 3748
4265225 3749
4265226 3749
4265228 3750
4265229 3751
4265230 3751
4265234 3752
4265237 3753
4265238 3753
4265240 3754
4265241 3755
4265242 3755
4265244 3756
4265245 3757
4265246 3757
4265248 3758
4265249 3759
4265250 3759
4265344 3760
4265346 3760
4265347 3760
4265348 3761
4265350 3761
4265351 3761
4265352 3762
4265354 3762
4265355 3762
4265356 3763
4265358 3763
4265359 3763
4265362 3764
4265363 3764
4265364 3765
4265367 3765
4265368 3766
4265370 3766
4265371 3766
4265372 3767
4265374 3767
4265375 3767
4265376 3768
4265378 3768
4265379 3768
4265472 3769
4265473 3770
4265474 3770
4265476 3769
4265477 3770
4265478 3770
4265480 3771
4265481 3772
4265482 3772
4265484 3773
4265485 3774
4265486 3774
4265490 3775
4265492 3776
4265493 3777
4265494 3777
4265497 3778
4265498 3778
4265500 3779
4265501 3780
4265502 3780
4265504 3781
4265505 3782
4265506 3782
4265600 3783
4265602 3783
4265603 3783
4265604 3783
4265606 3783
4265607 3783
4265608 3784
4265610 3784
4265611 3784
4265612 3785
4265614 3785
4265615 3785
4265618 3786
4265619 3786
4265620 3787
4265622 3787
4265623 3787
4265624 3788
4265627 3788
4265628 3789
4265630 3789
4265631 3789
4265632 3790
4265634 3790
4265635 3790
4265728 3791
4265729 3792
4265730 3792
4265732 3791
4265733 3792
4265734 3792
4265736 3793
4265737 3794
4265738 3794
4265740 3795
4265741 3796
4265742 3796
4265746 3797
4265748 3798
4265749 3799
4265750 3799
4265752 3798
4265753 3799
4265754 3799
4265757 3800
4265758 3800
4265760 3801
4265761 3802
4265762 3802
4265856 3803
4265858 3803
4265859 3803
4265860 3803
4265862 3803
4265863 3803
4265864 3804
4265866 3804
4265867 3804
4265868 3805
4265870 3805
4265871 3805
4265874 3806
4265875 3806
4265876 3807
4265878 3807
4265879 3807
4265880 3807
4265882 3807
4265883 3807
4265884 3808
4265887 3808
4265888 3809
4265890 3809
4265891 3809
4265984 3810
4265985 3811
4265986 3811
4265988 3810
4265989 3811
4265990 3811
4265992 3812
4265993 3813
4265994 3813
4265996 3812
4265997 3813
4265998 3813
4266002 3814
4266004 3815
4266005 3816
4266006 3816
4266008 3815
4266009 3816
4266010 3816
4266012 3817
4266013 3818
4266014 3818
4266017 3819
4266018 3819
4266112 3820
4266114 3820
4266115 3820
4266116 3820
4266118 3820
4266119 3820
4266120 3821
4266122 3821
4266123 3821
4266124 3821
4266126 3821
4266127 3821
4266130 3822
4266131 3822
4266132 3823
4266134 3823
4266135 3823
4266136 3823
4266138 3823
4266139 3823
4266140 3824
4266142 3824
4266143 3824
4266144 3825
4266147 3825
4277568 3826
4277569 3827
4277570 3827
4277572 3828
4277573 3829
4277574 3829
4277576 3830
4277577 3831
4277578 3831
4277580 3832
4277581 3833
4277582 3833
4277585 3834
4277586 3834
4277590 3835
4277592 3836
4277593 3837
4277594 3837
4277596 3838
4277597 3839
4277598 3839
4277600 3840
4277601 3841
4277602 3841
4277760 3842
4277761 3843
4277764 3844
4277765 3845
4277768 3846
4277769 3847
4277772 3848
4277773 3849
4277777 3850
4277781 3851
4277785 3852
4277788 3853
4277789 3854
4277792 3855
4277793 3856
4277824 3857
4277825 3858
4277826 3858
4277828 3859
4277829 3860
4277830 3860
4277832 3861
4277833 3862
4277834 3862
4277836 3863
4277837 3864
4277838 3864
4277841 3865
4277842 3865
4277845 3866
4277846 3866
4277848 3867
4277850 3868
4277852 3869
4277853 3870
4277854 3870
4277856 3871
4277857 3872
4277858 3872
4278016 3873
4278017 3874
4278020 3875
4278021 3876
4278024 3877
4278025 3878
4278028 3879
4278029 3880
4278033 3881
4278037 3882
4278040 3883
4278041 3884
4278045 3885
4278048 3886
4278049 3887
4278080 3888
4278081 3889
4278082 3889
4278084 3890
4278085 3891
4278086 3891
4278088 3892
4278089 3893
4278090 3893
4278092 3894
4278093 3895
4278094 3895
4278097 3896
4278098 3896
4278101 3897
4278102 3897
4278104 3898
4278105 3899
4278106 3899
4278108 3900
4278110 3901
4278112 3902
4278113 3903
4278114 3903
4278272 3904
4278273 3905
4278276 3906
4278277 3907
4278280 3908
4278281 3909
4278284 3908
4278285 3909
4278289 3910
4278293 3911
4278296 3912
4278297 3913
4278300 3914
4278301 3915
4278305 3916
4278336 3917
4278337 3918
4278338 3918
4278340 3919
4278341 3920
4278342 3920
4278344 3921
4278345 3922
4278346 3922
4278348 3921
4278349 3922
4278350 3922
4278353 3923
4278354 3923
4278357 3924
4278358 3924
4278360 3925
4278361 3926
4278362 3926
4278364 3927
4278365 3928
4278366 3928
4278368 3929
4278370 3930
4281728 3931
4281729 3931
4281731 3931
4281732 3932
4281733 3932
4281735 3932
4281736 3933
4281737 3933
4281739 3933
4281740 3934
4281741 3934
4281743 3934
4281745 3935
4281747 3935
4281748 3936
4281751 3936
4281752 3937
4281753 3937
4281755 3937
4281756 3938
4281757 3938
4281759 3938
4281760 3939
4281761 3939
4281763 3939
4281856 3857
4281857 3858
4281858 3858
4281860 3859
4281861 3860
4281862 3860
4281864 3861
4281865 3862
4281866 3862
4281868 3863
4281869 3864
4281870 3864
4281873 3865
4281874 3865
4281876 3940
4281878 3866
4281881 3868
4281882 3868
4281884 3869
4281885 3870
4281886 3870
4281888 3871
4281889 3872
4281890 3872
4281920 3858
4281921 3857
4281922 3858
4281924 3860
4281925 3859
4281926 3860
4281928 3862
4281929 3861
4281930 3862
4281932 3864
4281933 3863
4281934 3864
4281937 3941
4281938 3865
4281940 3866
4281942 3866
4281944 3868
4281946 3868
4281948 3870
4281949 3869
4281950 3870
4281952 3872
4281953 3871
4281954 3872
4281984 3942
4281985 3942
4281986 3942
4281987 3942
4281988 3943
4281989 3943
4281990 3943
4281991 3943
4281992 3944
4281993 3944
4281994 3944
4281995 3944
4281996 3945
4281997 3945
4281998 3945
4281999 3945
4282001 3946
4282002 3946
4282003 3946
4282004 3947
4282006 3947
4282007 3947
4282008 3948
4282009 3948
4282011 3948
4282012 3949
4282013 3949
4282014 3949
4282015 3949
4282016 3950
4282017 3950
4282018 3950
4282019 3950
4282112 3888
4282113 3889
4282114 3889
4282116 3890
4282117 3891
4282118 3891
4282120 3892
4282121 3893
4282122 3893
4282124 3894
4282125 3895
4282126 3895
4282129 3896
4282130 3896
4282132 3951
4282134 3897
4282136 3898
4282137 3899
4282138 3899
4282141 3901
4282142 3901
4282144 3902
4282145 3903
4282146 3903
4282176 3889
4282177 3888
4282178 3889
4282180 3891
4282181 3890
4282182 3891
4282184 3893
4282185 3892
4282186 3893
4282188 3895
4282189 3894
4282190 3895
4282193 3952
4282194 3896
4282196 3897
4282198 3897
4282200 3899
4282201 3898
4282202 3899
4282204 3901
4282206 3901
4282208 3903
4282209 3902
4282210 3903
4282240 3953
4282241 3953
4282242 3953
4282243 3953
4282244 3954
4282245 3954
4282246 3954
4282247 3954
4282248 3955
4282249 3955
4282250 3955
4282251 3955
4282252 3956
4282253 3956
4282254 3956
4282255 3956
4282257 3957
4282258 3957
4282259 3957
4282260 3958
4282262 3958
4282263 3958
4282264 3959
4282265 3959
4282266 3959
4282267 3959
4282268 3960
4282269 3960
4282271 3960
4282272 3961
4282273 3961
4282274 3961
4282275 3961
4282368 3917
4282369 3918
4282370 3918
4282372 3919
4282373 3920
4282374 3920
4282376 3921
4282377 3922
4282378 3922
4282380 3921
4282381 3922
4282382 3922
4282385 3923
4282386 3923
4282388 3962
4282390 3924
4282392 3925
4282393 3926
4282394 3926
4282396 3927
4282397 3928
4282398 3928
4282401 3930
4282402 3930
4282432 3918
4282433 3917
4282434 3918
4282436 3920
4282437 3919
4282438 3920
4282440 3922
4282441 3921
4282442 3922
4282444 3922
4282445 3921
4282446 3922
4282449 3963
4282450 3923
4282452 3924
4282454 3924
4282456 3926
4282457 3925
4282458 3926
4282460 3928
4282461 3927
4282462 3928
4282464 3930
4282466 3930
4282496 3964
4282497 3964
4282498 3964
4282499 3964
4282500 3965
4282501 3965
4282502 3965
4282503 3965
4282504 3966
4282505 3966
4282506 3966
4282507 3966
4282508 3966
4282509 3966
4282510 3966
4282511 3966
4282513 3967
4282514 3967
4282515 3967
4282516 3968
4282518 3968
4282519 3968
4282520 3969
4282521 3969
4282522 3969
4282523 3969
4282524 3970
4282525 3970
4282526 3970
4282527 3970
4282528 3971
4282529 3971
4282531 3971
4294208 3972
4294209 3973
4294210 3973
4294212 3972
4294213 3973
4294214 3973
4294216 3974
4294217 3975
4294218 3975
4294220 3976
4294221 3977
4294222 3977
4294225 3978
4294226 3978
4294228 3979
4294229 3980
4294230 3980
4294234 3981
4294236 3982
4294237 3983
4294238 3983
4294240 3984
4294241 3985
4294242 3985
4294400 3986
4294401 3987
4294404 3986
4294405 3987
4294408 3988
4294409 3989
4294412 3990
4294413 3991
4294417 3992
4294420 3993
4294421 3994
4294425 3995
4294429 3996
4294432 3997
4294433 3998
4294464 3999
4294465 4000
4294466 4000
4294468 3999
4294469 4000
4294470 4000
4294472 4001
4294473 4002
4294474 4002
4294476 4003
4294477 4004
4294478 4004
4294481 4005
4294482 4005
4294484 4006
4294485 4007
4294486 4007
4294489 4008
4294490 4008
4294492 4009
4294494 4010
4294496 4011
4294497 4012
4294498 4012
4294656 4013
4294657 4014
4294660 4013
4294661 4014
4294664 4015
4294665 4016
4294668 4017
4294669 4018
4294673 4019
4294676 4020
4294677 4021
4294681 4022
4294684 4023
4294685 4024
4294689 4025
4294720 4026
4294721 4027
4294722 4027
4294724 4026
4294725 4027
4294726 4027
4294728 4028
4294729 4029
4294730 4029
4294732 4030
4294733 4031
4294734 4031
4294737 4032
4294738 4032
4294740 4033
4294741 4034
4294742 4034
4294745 4035
4294746 4035
4294748 4036
4294749 4037
4294750 4037
4294752 4038
4294754 4039
4298368 4040
4298369 4040
4298371 4040
4298372 4040
4298373 4040
4298375 4040
4298376 4041
4298377 4041
4298379 4041
4298380 4042
4298381 4042
4298383 4042
4298385 4043
4298387 4043
4298388 4044
4298389 4044
4298391 4044
4298392 4045
4298395 4045
4298396 4046
4298397 4046
4298399 4046
4298400 4047
4298401 4047
4298403 4047
4298496 3999
4298497 4000
4298498 4000
4298500 3999
4298501 4000
4298502 4000
4298504 4001
4298505 4002
4298506 4002
4298508 4003
4298509 4004
4298510 4004
4298513 4005
4298514 4005
4298516 4006
4298517 4007
4298518 4007
4298520 4048
4298522 4008
4298525 4010
4298526 4010
4298528 4011
4298529 4012
4298530 4012
4298560 4000
4298561 3999
4298562 4000
4298564 4000
4298565 3999
4298566 4000
4298568 4002
4298569 4001
4298570 4002
4298572 4004
4298573 4003
4298574 4004
4298577 4049
4298578 4005
4298580 4007
4298581 4006
4298582 4007
4298584 4008
4298586 4008
4298588 4010
4298590 4010
4298592 4012
4298593 4011
4298594 4012
4298624 4050
4298625 4050
4298626 4050
4298627 4050
4298628 4050
4298629 4050
4298630 4050
4298631 4050
4298632 4051
4298633 4051
4298634 4051
4298635 4051
4298636 4052
4298637 4052
4298638 4052
4298639 4052
4298641 4053
4298642 4053
4298643 4053
4298644 4054
4298645 4054
4298646 4054
4298647 4054
4298648 4055
4298650 4055
4298651 4055
4298652 4056
4298653 4056
4298655 4056
4298656 4057
4298657 4057
4298658 4057
4298659 4057
4298752 4026
4298753 4027
4298754 4027
4298756 4026
4298757 4027
4298758 4027
4298760 4028
4298761 4029
4298762 4029
4298764 4030
4298765 4031
4298766 4031
4298769 4032
4298770 4032
4298772 4033
4298773 4034
4298774 4034
4298776 4058
4298778 4035
4298780 4036
4298781 4037
4298782 4037
4298785 4039
4298786 4039
4298816 4027
4298817 4026
4298818 4027
4298820 4027
4298821 4026
4298822 4027
4298824 4029
4298825 4028
4298826 4029
4298828 4031
4298829 4030
4298830 4031
4298833 4059
4298834 4032
4298836 4034
4298837 4033
4298838 4034
4298840 4035
4298842 4035
4298844 4037
4298845 4036
4298846 4037
4298848 4039
4298850 4039
4298880 4060
4298881 4060
4298882 4060
4298883 4060
4298884 4060
4298885 4060
4298886 4060
4298887 4060
4298888 4061
4298889 4061
4298890 4061
4298891 4061
4298892 4062
4298893 4062
4298894 4062
4298895 4062
4298897 4063
4298898 4063
4298899 4063
4298900 4064
4298901 4064
4298902 4064
4298903 4064
4298904 4065
4298906 4065
4298907 4065
4298908 4066
4298909 4066
4298910 4066
4298911 4066
4298912 4067
4298913 4067
4298915 4067
4310848 4068
4310849 4069
4310850 4069
4310852 4068
4310853 4069
4310854 4069
4310856 4070
4310857 4071
4310858 4071
4310860 4072
4310861 4073
4310862 4073
4310865 4074
4310866 4074
4310868 4075
4310869 4076
4310870 4076
4310872 4075
4310873 4076
4310874 4076
4310878 4077
4310880 4078
4310881 4079
4310882 4079
4311040 4080
4311041 4081
4311044 4080
4311045 4081
4311048 4082
4311049 4083
4311052 4084
4311053 4085
4311057 4086
4311060 4087
4311061 4088
4311064 4087
4311065 4088
4311069 4089
4311073 4090
4311104 4091
4311105 4092
4311106 4092
4311108 4091
4311109 4092
4311110 4092
4311112 4093
4311113 4094
4311114 4094
4311116 4095
4311117 4096
4311118 4096
4311121 4097
4311122 4097
4311124 4098
4311125 4099
4311126 4099
4311128 4098
4311129 4099
4311130 4099
4311133 4100
4311134 4100
4311136 4101
4311138 4102
4315008 4103
4315009 4103
4315011 4103
4315012 4103
4315013 4103
4315015 4103
4315016 4104
4315017 4104
4315019 4104
4315020 4105
4315021 4105
4315023 4105
4315025 4106
4315027 4106
4315028 4107
4315029 4107
4315031 4107
4315032 4107
4315033 4107
4315035 4107
4315036 4108
4315039 4108
4315040 4109
4315041 4109
4315043 4109
4315136 4091
4315137 4092
4315138 4092
4315140 4091
4315141 4092
4315142 4092
4315144 4093
4315145 4094
4315146 4094
4315148 4095
4315149 4096
4315150 4096
4315153 4097
4315154 4097
4315156 4098
4315157 4099
4315158 4099
4315160 4098
4315161 4099
4315162 4099
4315164 4110
4315166 4100
4315169 4102
4315170 4102
4315200 4092
4315201 4091
4315202 4092
4315204 4092
4315205 4091
4315206 4092
4315208 4094
4315209 4093
4315210 4094
4315212 4096
4315213 4095
4315214 4096
4315217 4111
4315218 4097
4315220 4099
4315221 4098
4315222 4099
4315224 4099
4315225 4098
4315226 4099
4315228 4100
4315230 4100
4315232 4102
4315234 4102
4315264 4112
4315265 4112
4315266 4112
4315267 4112
4315268 4112
4315269 4112
4315270 4112
4315271 4112
4315272 4113
4315273 4113
4315274 4113
4315275 4113
4315276 4114
4315277 4114
4315278 4114
4315279 4114
4315281 4115
4315282 4115
4315283 4115
4315284 4116
4315285 4116
4315286 4116
4315287 4116
4315288 4116
4315289 4116
4315290 4116
4315291 4116
4315292 4117
4315294 4117
4315295 4117
4315296 4118
4315297 4118
4315299 4118
4327488 4119
4327489 4120
4327490 4120
4327492 4119
4327493 4120
4327494 4120
4327496 4121
4327497 4122
4327498 4122
4327500 4121
4327501 4122
4327502 4122
4327505 4123
4327506 4123
4327508 4124
4327509 4125
4327510 4125
4327512 4124
4327513 4125
4327514 4125
4327516 4126
4327517 4127
4327518 4127
4327522 4128
4331648 4129
4331649 4129
4331651 4129
4331652 4129
4331653 4129
4331655 4129
4331656 4130
4331657 4130
4331659 4130
4331660 4130
4331661 4130
4331663 4130
4331665 4131
4331667 4131
4331668 4132
4331669 4132
4331671 4132
4331672 4132
4331673 4132
4331675 4132
4331676 4133
4331677 4133
4331679 4133
4331680 4134
4331683 4134
5330304 4135
5330307 4135
5330308 4135
5330311 4135
5330312 4135
5330315 4135
5330316 4136
5330319 4136
5330320 4136
5330323 4136
5330327 4137
5330328 4138
5330331 4138
5330332 4138
5330335 4138
5330336 4139
5330339 4139
5330432 4140
5330433 4141
5330434 4141
5330436 4140
5330437 4141
5330438 4141
5330440 4142
5330441 4143
5330442 4143
5330444 4144
5330445 4145
5330446 4145
5330448 4146
5330449 4147
5330450 4147
5330454 4148
5330457 4149
5330458 4149
5330460 4150
5330461 4151
5330462 4151
5330464 4152
5330465 4153
5330466 4153
5330560 4154
5330562 4154
5330563 4154
5330564 4154
5330566 4154
5330567 4154
5330568 4155
5330570 4155
5330571 4155
5330572 4156
5330574 4156
5330575 4156
5330576 4157
5330578 4157
5330579 4157
5330582 4158
5330583 4158
5330584 4159
5330587 4159
5330588 4160
5330590 4160
5330591 4160
5330592 4161
5330594 4161
5330595 4161
5330688 4162
5330689 4163
5330690 4163
5330692 4162
5330693 4163
5330694 4163
5330696 4162
5330697 4163
5330698 4163
5330700 4164
5330701 4165
5330702 4165
5330704 4166
5330705 4167
5330706 4167
5330710 4168
5330712 4169
5330713 4170
5330714 4170
5330717 4171
5330718 4171
5330720 4172
5330721 4173
5330722 4173
5330816 4174
5330818 4174
5330819 4174
5330820 4174
5330822 4174
5330823 4174
5330824 4174
5330826 4174
5330827 4174
5330828 4175
5330830 4175
5330831 4175
5330832 4176
5330834 4176
5330835 4176
5330838 4177
5330839 4177
5330840 4178
5330842 4178
5330843 4178
5330844 4179
5330847 4179
5330848 4180
5330850 4180
5330851 4180
5330944 4181
5330945 4182
5330946 4182
5330948 4181
5330949 4182
5330950 4182
5330952 4181
5330953 4182
5330954 4182
5330956 4183
5330957 4184
5330958 4184
5330960 4185
5330961 4186
5330962 4186
5330966 4187
5330968 4188
5330969 4189
5330970 4189
5330972 4188
5330973 4189
5330974 4189
5330977 4190
5330978 4190
5331072 4191
5331074 4191
5331075 4191
5331076 4191
5331078 4191
5331079 4191
5331080 4191
5331082 4191
5331083 4191
5331084 4192
5331086 4192
5331087 4192
5331088 4193
5331090 4193
5331091 4193
5331094 4194
5331095 4194
5331096 4195
5331098 4195
5331099 4195
5331100 4195
5331102 4195
5331103 4195
5331104 4196
5331107 4196
5342784 4197
5342785 4198
5342786 4198
5342788 4197
5342789 4198
5342790 4198
5342792 4199
5342793 4200
5342794 4200
5342796 4201
5342797 4202
5342798 4202
5342800 4203
5342801 4204
5342802 4204
5342805 4205
5342806 4205
5342810 4206
5342812 4207
5342813 4208
5342814 4208
5342816 4209
5342817 4210
5342818 4210
5342976 4211
5342977 4212
5342980 4211
5342981 4212
5342984 4213
5342985 4214
5342988 4215
5342989 4216
5342992 4217
5342993 4218
5342997 4219
5343001 4220
5343005 4221
5343008 4222
5343009 4223
5343040 4224
5343041 4225
5343042 4225
5343044 4224
5343045 4225
5343046 4225
5343048 4226
5343049 4227
5343050 4227
5343052 4228
5343053 4229
5343054 4229
5343056 4230
5343057 4231
5343058 4231
5343061 4232
5343062 4232
5343065 4233
5343066 4233
5343068 4234
5343070 4235
5343072 4236
5343073 4237
5343074 4237
5343232 4238
5343233 4239
5343236 4238
5343237 4239
5343240 4240
5343241 4241
5343244 4242
5343245 4243
5343248 4244
5343249 4245
5343253 4246
5343257 4247
5343260 4248
5343261 4249
5343265 4250
5343296 4251
5343297 4252
5343298 4252
5343300 4251
5343301 4252
5343302 4252
5343304 4253
5343305 4254
5343306 4254
5343308 4255
5343309 4256
5343310 4256
5343312 4257
5343313 4258
5343314 4258
5343317 4259
5343318 4259
5343321 4260
5343322 4260
5343324 4261
5343325 4262
5343326 4262
5343328 4263
5343330 4264
5346944 4265
5346945 4265
5346947 4265
5346948 4265
5346949 4265
5346951 4265
5346952 4266
5346953 4266
5346955 4266
5346956 4267
5346957 4267
5346959 4267
5346960 4268
5346961 4268
5346963 4268
5346965 4269
5346967 4269
5346968 4270
5346971 4270
5346972 4271
5346973 4271
5346975 4271
5346976 4272
5346977 4272
5346979 4272
5347072 4224
5347073 4225
5347074 4225
5347076 4224
5347077 4225
5347078 4225
5347080 4226
5347081 4227
5347082 4227
5347084 4228
5347085 4229
5347086 4229
5347088 4230
5347089 4231
5347090 4231
5347093 4232
5347094 4232
5347096 4273
5347098 4233
5347101 4235
5347102 4235
5347104 4236
5347105 4237
5347106 4237
5347136 4225
5347137 4224
5347138 4225
5347140 4225
5347141 4224
5347142 4225
5347144 4227
5347145 4226
5347146 4227
5347148 4229
5347149 4228
5347150 4229
5347152 4231
5347153 4230
5347154 4231
5347157 4274
5347158 4232
5347160 4233
5347162 4233
5347164 4235
5347166 4235
5347168 4237
5347169 4236
5347170 4237
5347200 4275
5347201 4275
5347202 4275
5347203 4275
5347204 4275
5347205 4275
5347206 4275
5347207 4275
5347208 4276
5347209 4276
5347210 4276
5347211 4276
5347212 4277
5347213 4277
5347214 4277
5347215 4277
5347216 4278
5347217 4278
5347218 4278
5347219 4278
5347221 4279
5347222 4279
5347223 4279
5347224 4280
5347226 4280
5347227 4280
5347228 4281
5347229 4281
5347231 4281
5347232 4282
5347233 4282
5347234 4282
5347235 4282
5347328 4251
5347329 4252
5347330 4252
5347332 4251
5347333 4252
5347334 4252
5347336 4253
5347337 4254
5347338 4254
5347340 4255
5347341 4256
5347342 4256
5347344 4257
5347345 4258
5347346 4258
5347349 4259
5347350 4259
5347352 4283
5347354 4260
5347356 4261
5347357 4262
5347358 4262
5347361 4264
5347362 4264
5347392 4252
5347393 4251
5347394 4252
5347396 4252
5347397 4251
5347398 4252
5347400 4254
5347401 4253
5347402 4254
5347404 4256
5347405 4255
5347406 4256
5347408 4258
5347409 4257
5347410 4258
5347413 4284
5347414 4259
5347416 4260
5347418 4260
5347420 4262
5347421 4261
5347422 4262
5347424 4264
5347426 4264
5347456 4285
5347457 4285
5347458 4285
5347459 4285
5347460 4285
5347461 4285
5347462 4285
5347463 4285
5347464 4286
5347465 4286
5347466 4286
5347467 4286
5347468 4287
5347469 4287
5347470 4287
5347471 4287
5347472 4288
5347473 4288
5347474 4288
5347475 4288
5347477 4289
5347478 4289
5347479 4289
5347480 4290
5347482 4290
5347483 4290
5347484 4291
5347485 4291
5347486 4291
5347487 4291
5347488 4292
5347489 4292
5347491 4292
5359424 4293
5359425 4294
5359426 4294
5359428 4293
5359429 4294
5359430 4294
5359432 4293
5359433 4294
5359434 4294
5359436 4295
5359437 4296
5359438 4296
5359440 4297
5359441 4298
5359442 4298
5359445 4299
5359446 4299
5359448 4300
5359449 4301
5359450 4301
5359454 4302
5359456 4303
5359457 4304
5359458 4304
5359616 4305
5359617 4306
5359620 4305
5359621 4306
5359624 4305
5359625 4306
5359628 4307
5359629 4308
5359632 4309
5359633 4310
5359637 4311
5359640 4312
5359641 4313
5359645 4314
5359649 4315
5359680 4316
5359681 4317
5359682 4317
5359684 4316
5359685 4317
5359686 4317
5359688 4316
5359689 4317
5359690 4317
5359692 4318
5359693 4319
5359694 4319
5359696 4320
5359697 4321
5359698 4321
5359701 4322
5359702 4322
5359704 4323
5359705 4324
5359706 4324
5359709 4325
5359710 4325
5359712 4326
5359714 4327
5363584 4328
5363585 4328
5363587 4328
5363588 4328
5363589 4328
5363591 4328
5363592 4328
5363593 4328
5363595 4328
5363596 4329
5363597 4329
5363599 4329
5363600 4330
5363601 4330
5363603 4330
5363605 4331
5363607 4331
5363608 4332
5363609 4332
5363611 4332
5363612 4333
5363615 4333
5363616 4334
5363617 4334
5363619 4334
5363712 4316
5363713 4317
5363714 4317
5363716 4316
5363717 4317
5363718 4317
5363720 4316
5363721 4317
5363722 4317
5363724 4318
5363725 4319
5363726 4319
5363728 4320
5363729 4321
5363730 4321
5363733 4322
5363734 4322
5363736 4323
5363737 4324
5363738 4324
5363740 4335
5363742 4325
5363745 4327
5363746 4327
5363776 4317
5363777 4316
5363778 4317
5363780 4317
5363781 4316
5363782 4317
5363784 4317
5363785 4316
5363786 4317
5363788 4319
5363789 4318
5363790 4319
5363792 4321
5363793 4320
5363794 4321
5363797 4336
5363798 4322
5363800 4324
5363801 4323
5363802 4324
5363804 4325
5363806 4325
5363808 4327
5363810 4327
5363840 4337
5363841 4337
5363842 4337
5363843 4337
5363844 4337
5363845 4337
5363846 4337
5363847 4337
5363848 4337
5363849 4337
5363850 4337
5363851 4337
5363852 4338
5363853 4338
5363854 4338
5363855 4338
5363856 4339
5363857 4339
5363858 4339
5363859 4339
5363861 4340
5363862 4340
5363863 4340
5363864 4341
5363865 4341
5363866 4341
5363867 4341
5363868 4342
5363870 4342
5363871 4342
5363872 4343
5363873 4343
5363875 4343
5376064 4344
5376065 4345
5376066 4345
5376068 4344
5376069 4345
5376070 4345
5376072 4344
5376073 4345
5376074 4345
5376076 4346
5376077 4347
5376078 4347
5376080 4348
5376081 4349
5376082 4349
5376085 4350
5376086 4350
5376088 4351
5376089 4352
5376090 4352
5376092 4351
5376093 4352
5376094 4352
5376098 4353
5380224 4354
5380225 4354
5380227 4354
5380228 4354
5380229 4354
5380231 4354
5380232 4354
5380233 4354
5380235 4354
5380236 4355
5380237 4355
5380239 4355
5380240 4356
5380241 4356
5380243 4356
5380245 4357
5380247 4357
5380248 4358
5380249 4358
5380251 4358
5380252 4358
5380253 4358
5380255 4358
5380256 4359
5380259 4359
6395520 4360
6395523 4360
6395524 4360
6395527 4360
6395528 4360
6395531 4360
6395532 4361
6395535 4361
6395536 4361
6395539 4361
6395540 4361
6395543 4361
6395547 4362
6395548 4363
6395551 4363
6395552 4363
6395555 4363
6395648 4364
6395649 4365
6395650 4365
6395652 4364
6395653 4365
6395654 4365
6395656 4364
6395657 4365
6395658 4365
6395660 4366
6395661 4367
6395662 4367
6395664 4368
6395665 4369
6395666 4369
6395668 4368
6395669 4369
6395670 4369
6395674 4370
6395677 4371
6395678 4371
6395680 4372
6395681 4373
6395682 4373
6395776 4374
6395778 4374
6395779 4374
6395780 4374
6395782 4374
6395783 4374
6395784 4374
6395786 4374
6395787 4374
6395788 4375
6395790 4375
6395791 4375
6395792 4376
6395794 4376
6395795 4376
6395796 4376
6395798 4376
6395799 4376
6395802 4377
6395803 4377
6395804 4378
6395807 4378
6395808 4379
6395810 4379
6395811 4379
6395904 4380
6395905 4381
6395906 4381
6395908 4380
6395909 4381
6395910 4381
6395912 4380
6395913 4381
6395914 4381
6395916 4382
6395917 4383
6395918 4383
6395920 4384
6395921 4385
6395922 4385
6395924 4384
6395925 4385
6395926 4385
6395930 4386
6395932 4387
6395933 4388
6395934 4388
6395937 4389
6395938 4389
6396032 4390
6396034 4390
6396035 4390
6396036 4390
6396038 4390
6396039 4390
6396040 4390
6396042 4390
6396043 4390
6396044 4391
6396046 4391
6396047 4391
6396048 4392
6396050 4392
6396051 4392
6396052 4392
6396054 4392
6396055 4392
6396058 4393
6396059 4393
6396060 4394
6396062 4394
6396063 4394
6396064 4395
6396067 4395
6408000 4396
6408001 4397
6408002 4397
6408004 4396
6408005 4397
6408006 4397
6408008 4396
6408009 4397
6408010 4397
6408012 4398
6408013 4399
6408014 4399
6408016 4400
6408017 4401
6408018 4401
6408020 4400
6408021 4401
6408022 4401
6408025 4402
6408026 4402
6408030 4403
6408032 4404
6408033 4405
6408034 4405
6408192 4406
6408193 4407
6408196 4406
6408197 4407
6408200 4406
6408201 4407
6408204 4408
6408205 4409
6408208 4410
6408209 4411
6408212 4410
6408213 4411
6408217 4412
6408221 4413
6408225 4414
6408256 4415
6408257 4416
6408258 4416
6408260 4415
6408261 4416
6408262 4416
6408264 4415
6408265 4416
6408266 4416
6408268 4417
6408269 4418
6408270 4418
6408272 4419
6408273 4420
6408274 4420
6408276 4419
6408277 4420
6408278 4420
6408281 4421
6408282 4421
6408285 4422
6408286 4422
6408288 4423
6408290 4424
6412160 4425
6412161 4425
6412163 4425
6412164 4425
6412165 4425
6412167 4425
6412168 4425
6412169 4425
6412171 4425
6412172 4426
6412173 4426
6412175 4426
6412176 4427
6412177 4427
6412179 4427
6412180 4427
6412181 4427
6412183 4427
6412185 4428
6412187 4428
6412188 4429
6412191 4429
6412192 4430
6412193 4430
6412195 4430
6412288 4415
6412289 4416
6412290 4416
6412292 4415
6412293 4416
6412294 4416
6412296 4415
6412297 4416
6412298 4416
6412300 4417
6412301 4418
6412302 4418
6412304 4419
6412305 4420
6412306 4420
6412308 4419
6412309 4420
6412310 4420
6412313 4421
6412314 4421
6412316 4431
6412318 4422
6412321 4424
6412322 4424
6412352 4416
6412353 4415
6412354 4416
6412356 4416
6412357 4415
6412358 4416
6412360 4416
6412361 4415
6412362 4416
6412364 4418
6412365 4417
6412366 4418
6412368 4420
6412369 4419
6412370 4420
6412372 4420
6412373 4419
6412374 4420
6412377 4432
6412378 4421
6412380 4422
6412382 4422
6412384 4424
6412386 4424
6412416 4433
6412417 4433
6412418 4433
6412419 4433
6412420 4433
6412421 4433
6412422 4433
6412423 4433
6412424 4433
6412425 4433
6412426 4433
6412427 4433
6412428 4434
6412429 4434
6412430 4434
6412431 4434
6412432 4435
6412433 4435
6412434 4435
6412435 4435
6412436 4435
6412437 4435
6412438 4435
6412439 4435
6412441 4436
6412442 4436
6412443 4436
6412444 4437
6412446 4437
6412447 4437
6412448 4438
6412449 4438
6412451 4438
6424640 4439
6424641 4440
6424642 4440
6424644 4439
6424645 4440
6424646 4440
6424648 4439
6424649 4440
6424650 4440
6424652 4441
6424653 4442
6424654 4442
6424656 4443
6424657 4444
6424658 4444
6424660 4443
6424661 4444
6424662 4444
6424665 4445
6424666 4445
6424668 4446
6424669 4447
6424670 4447
6424674 4448
6428800 4449
6428801 4449
6428803 4449
6428804 4449
6428805 4449
6428807 4449
6428808 4449
6428809 4449
6428811 4449
6428812 4450
6428813 4450
6428815 4450
6428816 4451
6428817 4451
6428819 4451
6428820 4451
6428821 4451
6428823 4451
6428825 4452
6428827 4452
6428828 4453
6428829 4453
6428831 4453
6428832 4454
6428835 4454
7460736 4455
7460739 4455
7460740 4455
7460743 4455
7460744 4455
7460747 4455
7460748 4455
7460751 4455
7460752 4456
7460755 4456
7460756 4456
7460759 4456
7460760 4456
7460763 4456
7460767 4457
7460768 4458
7460771 4458
7460864 4459
7460865 4460
7460866 4460
7460868 4459
7460869 4460
7460870 4460
7460872 4459
7460873 4460
7460874 4460
7460876 4459
7460877 4460
7460878 4460
7460880 4461
7460881 4462
7460882 4462
7460884 4461
7460885 4462
7460886 4462
7460888 4461
7460889 4462
7460890 4462
7460894 4463
7460897 4464
7460898 4464
7460992 4465
7460994 4465
7460995 4465
7460996 4465
7460998 4465
7460999 4465
7461000 4465
7461002 4465
7461003 4465
7461004 4465
7461006 4465
7461007 4465
7461008 4466
7461010 4466
7461011 4466
7461012 4466
7461014 4466
7461015 4466
7461016 4466
7461018 4466
7461019 4466
7461022 4467
7461023 4467
7461024 4468
7461027 4468
7473216 4469
7473217 4470
7473218 4470
7473220 4469
7473221 4470
7473222 4470
7473224 4469
7473225 4470
7473226 4470
7473228 4469
7473229 4470
7473230 4470
7473232 4471
7473233 4472
7473234 4472
7473236 4471
7473237 4472
7473238 4472
7473240 4471
7473241 4472
7473242 4472
7473245 4473
7473246 4473
7473250 4474
7477376 4475
7477377 4475
7477379 4475
7477380 4475
7477381 4475
7477383 4475
7477384 4475
7477385 4475
7477387 4475
7477388 4475
7477389 4475
7477391 4475
7477392 4476
7477393 4476
7477395 4476
7477396 4476
7477397 4476
7477399 4476
7477400 4476
7477401 4476
7477403 4476
7477405 4477
7477407 4477
7477408 4478
7477411 4478
8525952 4479
8525955 4479
8525956 4479
8525959 4479
8525960 4479
8525963 4479
8525964 4479
8525967 4479
8525968 4480
8525971 4480
8525972 4480
8525975 4480
8525976 4480
8525979 4480
8525980 4480
8525983 4480
8525987 4481
