gtosd-board-texture-v1
name TXM_monker_like
river-key turn
flop 573
66 0
68 1
70 2
72 3
74 4
76 5
78 6
80 7
82 8
84 9
86 10
88 11
90 12
92 13
94 14
96 15
98 16
261 17
264 18
265 19
268 20
269 21
272 22
273 23
276 24
277 25
280 26
281 27
284 28
285 29
288 30
289 31
326 32
328 33
329 34
330 35
332 36
333 37
334 38
336 39
337 40
338 41
340 42
341 43
342 44
344 45
345 46
346 47
348 48
349 49
350 50
352 51
353 52
354 53
521 54
524 55
525 56
528 57
529 58
532 59
533 60
536 61
537 62
540 63
541 64
544 65
545 66
586 67
588 68
589 69
590 70
592 71
593 72
594 73
596 74
597 75
598 76
600 77
601 78
602 79
604 80
605 81
606 82
608 83
609 84
610 85
781 86
784 87
785 88
788 89
789 90
792 91
793 92
796 93
797 94
800 95
801 96
846 97
848 98
849 99
850 100
852 101
853 102
854 103
856 104
857 105
858 106
860 107
861 108
862 109
864 110
865 111
866 112
1041 113
1044 114
1045 115
1048 116
1049 117
1052 118
1053 119
1056 120
1057 121
1106 122
1108 123
1109 124
1110 125
1112 126
1113 127
1114 128
1116 129
1117 130
1118 131
1120 132
1121 133
1122 134
1301 135
1304 136
1305 137
1308 138
1309 139
1312 140
1313 141
1366 142
1368 143
1369 144
1370 145
1372 146
1373 147
1374 148
1376 149
1377 150
1378 151
1561 152
1564 153
1565 154
1568 155
1569 156
1626 157
1628 158
1629 159
1630 160
1632 161
1633 162
1634 163
1821 164
1824 165
1825 166
1886 167
1888 168
1889 169
1890 170
2081 171
2146 172
16710 173
16712 174
16714 175
16716 176
16718 177
16720 178
16722 179
16724 180
16726 181
16728 182
16730 183
16732 184
16734 185
16736 186
16738 187
16905 188
16908 189
16909 190
16912 191
16913 192
16916 193
16917 194
16920 195
16921 196
16924 197
16925 198
16928 199
16929 200
16970 201
16972 202
16973 203
16974 204
16976 205
16977 206
16978 207
16980 208
16981 209
16982 210
16984 211
16985 212
16986 213
16988 214
16989 215
16990 216
16992 217
16993 218
16994 219
17165 220
17168 221
17169 222
17172 223
17173 224
17176 225
17177 226
17180 227
17181 228
17184 229
17185 230
17230 231
17232 232
17233 233
17234 234
17236 235
17237 236
17238 237
17240 238
17241 239
17242 240
17244 241
17245 242
17246 243
17248 244
17249 245
17250 246
17425 247
17428 248
17429 249
17432 250
17433 251
17436 252
17437 253
17440 254
17441 255
17490 256
17492 257
17493 258
17494 259
17496 260
17497 261
17498 262
17500 263
17501 264
17502 265
17504 266
17505 267
17506 268
17685 269
17688 270
17689 271
17692 272
17693 273
17696 274
17697 275
17750 276
17752 277
17753 278
17754 279
17756 280
17757 281
17758 282
17760 283
17761 284
17762 285
17945 286
17948 287
17949 288
17952 289
17953 290
18010 291
18012 292
18013 293
18014 294
18016 295
18017 296
18018 297
18205 298
18208 299
18209 300
18270 301
18272 302
18273 303
18274 304
18465 305
18530 306
33354 307
33356 308
33358 309
33360 310
33362 311
33364 312
33366 313
33368 314
33370 315
33372 316
33374 317
33376 318
33378 319
33549 320
33552 321
33553 322
33556 323
33557 324
33560 325
33561 326
33564 327
33565 328
33568 329
33569 330
33614 331
33616 332
33617 333
33618 334
33620 335
33621 336
33622 337
33624 338
33625 339
33626 340
33628 341
33629 342
33630 343
33632 344
33633 345
33634 346
33809 347
33812 348
33813 349
33816 350
33817 351
33820 352
33821 353
33824 354
33825 355
33874 356
33876 357
33877 358
33878 359
33880 360
33881 361
33882 362
33884 363
33885 364
33886 365
33888 366
33889 367
33890 368
34069 369
34072 370
34073 371
34076 372
34077 373
34080 374
34081 375
34134 376
34136 377
34137 378
34138 379
34140 380
34141 381
34142 382
34144 383
34145 384
34146 385
34329 386
34332 387
34333 388
34336 389
34337 390
34394 391
34396 392
34397 393
34398 394
34400 395
34401 396
34402 397
34589 398
34592 399
34593 400
34654 401
34656 402
34657 403
34658 404
34849 405
34914 406
49998 407
50000 408
50002 409
50004 410
50006 411
50008 412
50010 413
50012 414
50014 415
50016 416
50018 417
50193 418
50196 419
50197 420
50200 421
50201 422
50204 423
50205 424
50208 425
50209 426
50258 427
50260 428
50261 429
50262 430
50264 431
50265 432
50266 433
50268 434
50269 435
50270 436
50272 437
50273 438
50274 439
50453 440
50456 441
50457 442
50460 443
50461 444
50464 445
50465 446
50518 447
50520 448
50521 449
50522 450
50524 451
50525 452
50526 453
50528 454
50529 455
50530 456
50713 457
50716 458
50717 459
50720 460
50721 461
50778 462
50780 463
50781 464
50782 465
50784 466
50785 467
50786 468
50973 469
50976 470
50977 471
51038 472
51040 473
51041 474
51042 475
51233 476
51298 477
66642 478
66644 479
66646 480
66648 481
66650 482
66652 483
66654 484
66656 485
66658 486
66837 487
66840 488
66841 489
66844 490
66845 491
66848 492
66849 493
66902 494
66904 495
66905 496
66906 497
66908 498
66909 499
66910 500
66912 501
66913 502
66914 503
67097 504
67100 505
67101 506
67104 507
67105 508
67162 509
67164 510
67165 511
67166 512
67168 513
67169 514
67170 515
67357 516
67360 517
67361 518
67422 519
67424 520
67425 521
67426 522
67617 523
67682 524
83286 525
83288 526
83290 527
83292 528
83294 529
83296 530
83298 531
83481 532
83484 533
83485 534
83488 535
83489 536
83546 537
83548 538
83549 539
83550 540
83552 541
83553 542
83554 543
83741 544
83744 545
83745 546
83806 547
83808 548
83809 549
83810 550
84001 551
84066 552
99930 553
99932 554
99934 555
99936 556
99938 557
100125 558
100128 559
100129 560
100190 561
100192 562
100193 563
100194 564
100385 565
100450 566
116574 567
116576 568
116578 569
116769 570
116834 571
133218 572
turn 13761
4227 0
4228 1
4231 2
4232 3
4235 4
4236 5
4239 6
4240 7
4243 8
4244 9
4247 10
4248 11
4251 12
4252 13
4255 14
4256 15
4259 16
4354 1
4357 17
4358 18
4360 19
4361 20
4362 21
4364 22
4365 23
4366 24
4368 25
4369 26
4370 27
4372 28
4373 29
4374 30
4376 31
4377 32
4378 33
4380 34
4381 35
4382 36
4384 37
4385 38
4386 39
4482 1
4483 2
4484 18
4487 40
4488 21
4490 21
4491 41
4492 24
4494 24
4495 42
4496 27
4498 27
4499 43
4500 30
4502 30
4503 44
4504 33
4506 33
4507 45
4508 36
4510 36
4511 46
4512 39
4514 39
4515 47
4610 3
4612 19
4613 20
4614 21
4617 48
4618 49
4620 50
4621 51
4622 52
4624 53
4625 54
4626 55
4628 56
4629 57
4630 58
4632 59
4633 60
4634 61
4636 62
4637 63
4638 64
4640 65
4641 66
4642 67
4738 3
4739 4
4740 21
4742 21
4743 41
4744 49
4747 68
4748 52
4750 52
4751 69
4752 55
4754 55
4755 70
4756 58
4758 58
4759 71
4760 61
4762 61
4763 72
4764 64
4766 64
4767 73
4768 67
4770 67
4771 74
4866 5
4868 22
4869 23
4870 24
4872 50
4873 51
4874 52
4877 75
4878 76
4880 77
4881 78
4882 79
4884 80
4885 81
4886 82
4888 83
4889 84
4890 85
4892 86
4893 87
4894 88
4896 89
4897 90
4898 91
4994 5
4995 6
4996 24
4998 24
4999 42
5000 52
5002 52
5003 69
5004 76
5007 92
5008 79
5010 79
5011 93
5012 82
5014 82
5015 94
5016 85
5018 85
5019 95
5020 88
5022 88
5023 96
5024 91
5026 91
5027 97
5122 7
5124 25
5125 26
5126 27
5128 53
5129 54
5130 55
5132 77
5133 78
5134 79
5137 98
5138 99
5140 100
5141 101
5142 102
5144 103
5145 104
5146 105
5148 106
5149 107
5150 108
5152 109
5153 110
5154 111
5250 7
5251 8
5252 27
5254 27
5255 43
5256 55
5258 55
5259 70
5260 79
5262 79
5263 93
5264 99
5267 112
5268 102
5270 102
5271 113
5272 105
5274 105
5275 114
5276 108
5278 108
5279 115
5280 111
5282 111
5283 116
5378 9
5380 28
5381 29
5382 30
5384 56
5385 57
5386 58
5388 80
5389 81
5390 82
5392 100
5393 101
5394 102
5397 117
5398 118
5400 119
5401 120
5402 121
5404 122
5405 123
5406 124
5408 125
5409 126
5410 127
5506 9
5507 10
5508 30
5510 30
5511 44
5512 58
5514 58
5515 71
5516 82
5518 82
5519 94
5520 102
5522 102
5523 113
5524 118
5527 128
5528 121
5530 121
5531 129
5532 124
5534 124
5535 130
5536 127
5538 127
5539 131
5634 11
5636 31
5637 32
5638 33
5640 59
5641 60
5642 61
5644 83
5645 84
5646 85
5648 103
5649 104
5650 105
5652 119
5653 120
5654 121
5657 132
5658 133
5660 134
5661 135
5662 136
5664 137
5665 138
5666 139
5762 11
5763 12
5764 33
5766 33
5767 45
5768 61
5770 61
5771 72
5772 85
5774 85
5775 95
5776 105
5778 105
5779 114
5780 121
5782 121
5783 129
5784 133
5787 140
5788 136
5790 136
5791 141
5792 139
5794 139
5795 142
5890 13
5892 34
5893 35
5894 36
5896 62
5897 63
5898 64
5900 86
5901 87
5902 88
5904 106
5905 107
5906 108
5908 122
5909 123
5910 124
5912 134
5913 135
5914 136
5917 143
5918 144
5920 145
5921 146
5922 147
6018 13
6019 14
6020 36
6022 36
6023 46
6024 64
6026 64
6027 73
6028 88
6030 88
6031 96
6032 108
6034 108
6035 115
6036 124
6038 124
6039 130
6040 136
6042 136
6043 141
6044 144
6047 148
6048 147
6050 147
6051 149
6146 15
6148 37
6149 38
6150 39
6152 65
6153 66
6154 67
6156 89
6157 90
6158 91
6160 109
6161 110
6162 111
6164 125
6165 126
6166 127
6168 137
6169 138
6170 139
6172 145
6173 146
6174 147
6177 150
6178 151
6274 15
6275 16
6276 39
6278 39
6279 47
6280 67
6282 67
6283 74
6284 91
6286 91
6287 97
6288 111
6290 111
6291 116
6292 127
6294 127
6295 131
6296 139
6298 139
6299 142
6300 147
6302 147
6303 149
6304 151
6307 152
16705 17
16706 18
16710 153
16712 154
16713 155
16714 156
16716 157
16717 158
16718 159
16720 160
16721 161
16722 162
16724 163
16725 164
16726 165
16728 166
16729 167
16730 168
16732 169
16733 170
16734 171
16736 172
16737 173
16738 174
16897 19
16901 154
16905 175
16908 176
16909 177
16912 178
16913 179
16916 180
16917 181
16920 182
16921 183
16924 184
16925 185
16928 186
16929 187
16961 20
16962 21
16965 155
16966 156
16968 175
16970 188
16972 177
16973 189
16974 190
16976 179
16977 191
16978 192
16980 181
16981 193
16982 194
16984 183
16985 195
16986 196
16988 185
16989 197
16990 198
16992 187
16993 199
16994 200
17153 22
17157 157
17160 176
17161 177
17165 201
17168 202
17169 203
17172 204
17173 205
17176 206
17177 207
17180 208
17181 209
17184 210
17185 211
17217 23
17218 24
17221 158
17222 159
17224 177
17225 189
17226 190
17228 201
17230 212
17232 203
17233 213
17234 214
17236 205
17237 215
17238 216
17240 207
17241 217
17242 218
17244 209
17245 219
17246 220
17248 211
17249 221
17250 222
17409 25
17413 160
17416 178
17417 179
17420 202
17421 203
17425 223
17428 224
17429 225
17432 226
17433 227
17436 228
17437 229
17440 230
17441 231
17473 26
17474 27
17477 161
17478 162
17480 179
17481 191
17482 192
17484 203
17485 213
17486 214
17488 223
17490 232
17492 225
17493 233
17494 234
17496 227
17497 235
17498 236
17500 229
17501 237
17502 238
17504 231
17505 239
17506 240
17665 28
17669 163
17672 180
17673 181
17676 204
17677 205
17680 224
17681 225
17685 241
17688 242
17689 243
17692 244
17693 245
17696 246
17697 247
17729 29
17730 30
17733 164
17734 165
17736 181
17737 193
17738 194
17740 205
17741 215
17742 216
17744 225
17745 233
17746 234
17748 241
17750 248
17752 243
17753 249
17754 250
17756 245
17757 251
17758 252
17760 247
17761 253
17762 254
17921 31
17925 166
17928 182
17929 183
17932 206
17933 207
17936 226
17937 227
17940 242
17941 243
17945 255
17948 256
17949 257
17952 258
17953 259
17985 32
17986 33
17989 167
17990 168
17992 183
17993 195
17994 196
17996 207
17997 217
17998 218
18000 227
18001 235
18002 236
18004 243
18005 249
18006 250
18008 255
18010 260
18012 257
18013 261
18014 262
18016 259
18017 263
18018 264
18177 34
18181 169
18184 184
18185 185
18188 208
18189 209
18192 228
18193 229
18196 244
18197 245
18200 256
18201 257
18205 265
18208 266
18209 267
18241 35
18242 36
18245 170
18246 171
18248 185
18249 197
18250 198
18252 209
18253 219
18254 220
18256 229
18257 237
18258 238
18260 245
18261 251
18262 252
18264 257
18265 261
18266 262
18268 265
18270 268
18272 267
18273 269
18274 270
18433 37
18437 172
18440 186
18441 187
18444 210
18445 211
18448 230
18449 231
18452 246
18453 247
18456 258
18457 259
18460 266
18461 267
18465 271
18497 38
18498 39
18501 173
18502 174
18504 187
18505 199
18506 200
18508 211
18509 221
18510 222
18512 231
18513 239
18514 240
18516 247
18517 253
18518 254
18520 259
18521 263
18522 264
18524 267
18525 269
18526 270
18528 271
18530 272
20865 18
20867 40
20868 153
20871 273
20872 156
20873 156
20875 274
20876 159
20877 159
20879 275
20880 162
20881 162
20883 276
20884 165
20885 165
20887 277
20888 168
20889 168
20891 278
20892 171
20893 171
20895 279
20896 174
20897 174
20899 280
20993 20
20994 21
20996 154
20998 156
21001 281
21002 188
21004 177
21005 189
21006 190
21008 179
21009 191
21010 192
21012 181
21013 193
21014 194
21016 183
21017 195
21018 196
21020 185
21021 197
21022 198
21024 187
21025 199
21026 200
21057 19
21058 21
21060 155
21062 156
21064 281
21066 188
21068 189
21069 177
21070 190
21072 191
21073 179
21074 192
21076 193
21077 181
21078 194
21080 195
21081 183
21082 196
21084 197
21085 185
21086 198
21088 199
21089 187
21090 200
21121 21
21122 21
21123 41
21124 156
21126 156
21127 274
21128 188
21129 188
21131 282
21132 190
21133 190
21134 190
21135 283
21136 192
21137 192
21138 192
21139 284
21140 194
21141 194
21142 194
21143 285
21144 196
21145 196
21146 196
21147 286
21148 198
21149 198
21150 198
21151 287
21152 200
21153 200
21154 200
21155 288
21249 23
21250 24
21252 157
21254 159
21256 177
21257 189
21258 190
21261 289
21262 212
21264 203
21265 213
21266 214
21268 205
21269 215
21270 216
21272 207
21273 217
21274 218
21276 209
21277 219
21278 220
21280 211
21281 221
21282 222
21313 22
21314 24
21316 158
21318 159
21320 189
21321 177
21322 190
21324 289
21326 212
21328 213
21329 203
21330 214
21332 215
21333 205
21334 216
21336 217
21337 207
21338 218
21340 219
21341 209
21342 220
21344 221
21345 211
21346 222
21377 24
21378 24
21379 42
21380 159
21382 159
21383 275
21384 190
21385 190
21386 190
21387 283
21388 212
21389 212
21391 290
21392 214
21393 214
21394 214
21395 291
21396 216
21397 216
21398 216
21399 292
21400 218
21401 218
21402 218
21403 293
21404 220
21405 220
21406 220
21407 294
21408 222
21409 222
21410 222
21411 295
21505 26
21506 27
21508 160
21510 162
21512 179
21513 191
21514 192
21516 203
21517 213
21518 214
21521 296
21522 232
21524 225
21525 233
21526 234
21528 227
21529 235
21530 236
21532 229
21533 237
21534 238
21536 231
21537 239
21538 240
21569 25
21570 27
21572 161
21574 162
21576 191
21577 179
21578 192
21580 213
21581 203
21582 214
21584 296
21586 232
21588 233
21589 225
21590 234
21592 235
21593 227
21594 236
21596 237
21597 229
21598 238
21600 239
21601 231
21602 240
21633 27
21634 27
21635 43
21636 162
21638 162
21639 276
21640 192
21641 192
21642 192
21643 284
21644 214
21645 214
21646 214
21647 291
21648 232
21649 232
21651 297
21652 234
21653 234
21654 234
21655 298
21656 236
21657 236
21658 236
21659 299
21660 238
21661 238
21662 238
21663 300
21664 240
21665 240
21666 240
21667 301
21761 29
21762 30
21764 163
21766 165
21768 181
21769 193
21770 194
21772 205
21773 215
21774 216
21776 225
21777 233
21778 234
21781 302
21782 248
21784 243
21785 249
21786 250
21788 245
21789 251
21790 252
21792 247
21793 253
21794 254
21825 28
21826 30
21828 164
21830 165
21832 193
21833 181
21834 194
21836 215
21837 205
21838 216
21840 233
21841 225
21842 234
21844 302
21846 248
21848 249
21849 243
21850 250
21852 251
21853 245
21854 252
21856 253
21857 247
21858 254
21889 30
21890 30
21891 44
21892 165
21894 165
21895 277
21896 194
21897 194
21898 194
21899 285
21900 216
21901 216
21902 216
21903 292
21904 234
21905 234
21906 234
21907 298
21908 248
21909 248
21911 303
21912 250
21913 250
21914 250
21915 304
21916 252
21917 252
21918 252
21919 305
21920 254
21921 254
21922 254
21923 306
22017 32
22018 33
22020 166
22022 168
22024 183
22025 195
22026 196
22028 207
22029 217
22030 218
22032 227
22033 235
22034 236
22036 243
22037 249
22038 250
22041 307
22042 260
22044 257
22045 261
22046 262
22048 259
22049 263
22050 264
22081 31
22082 33
22084 167
22086 168
22088 195
22089 183
22090 196
22092 217
22093 207
22094 218
22096 235
22097 227
22098 236
22100 249
22101 243
22102 250
22104 307
22106 260
22108 261
22109 257
22110 262
22112 263
22113 259
22114 264
22145 33
22146 33
22147 45
22148 168
22150 168
22151 278
22152 196
22153 196
22154 196
22155 286
22156 218
22157 218
22158 218
22159 293
22160 236
22161 236
22162 236
22163 299
22164 250
22165 250
22166 250
22167 304
22168 260
22169 260
22171 308
22172 262
22173 262
22174 262
22175 309
22176 264
22177 264
22178 264
22179 310
22273 35
22274 36
22276 169
22278 171
22280 185
22281 197
22282 198
22284 209
22285 219
22286 220
22288 229
22289 237
22290 238
22292 245
22293 251
22294 252
22296 257
22297 261
22298 262
22301 311
22302 268
22304 267
22305 269
22306 270
22337 34
22338 36
22340 170
22342 171
22344 197
22345 185
22346 198
22348 219
22349 209
22350 220
22352 237
22353 229
22354 238
22356 251
22357 245
22358 252
22360 261
22361 257
22362 262
22364 311
22366 268
22368 269
22369 267
22370 270
22401 36
22402 36
22403 46
22404 171
22406 171
22407 279
22408 198
22409 198
22410 198
22411 287
22412 220
22413 220
22414 220
22415 294
22416 238
22417 238
22418 238
22419 300
22420 252
22421 252
22422 252
22423 305
22424 262
22425 262
22426 262
22427 309
22428 268
22429 268
22431 312
22432 270
22433 270
22434 270
22435 313
22529 38
22530 39
22532 172
22534 174
22536 187
22537 199
22538 200
22540 211
22541 221
22542 222
22544 231
22545 239
22546 240
22548 247
22549 253
22550 254
22552 259
22553 263
22554 264
22556 267
22557 269
22558 270
22561 314
22562 272
22593 37
22594 39
22596 173
22598 174
22600 199
22601 187
22602 200
22604 221
22605 211
22606 222
22608 239
22609 231
22610 240
22612 253
22613 247
22614 254
22616 263
22617 259
22618 264
22620 269
22621 267
22622 270
22624 314
22626 272
22657 39
22658 39
22659 47
22660 174
22662 174
22663 280
22664 200
22665 200
22666 200
22667 288
22668 222
22669 222
22670 222
22671 295
22672 240
22673 240
22674 240
22675 301
22676 254
22677 254
22678 254
22679 306
22680 264
22681 264
22682 264
22683 310
22684 270
22685 270
22686 270
22687 313
22688 272
22689 272
22691 315
33345 48
33346 49
33348 175
33349 281
33350 188
33354 316
33356 317
33357 318
33358 319
33360 320
33361 321
33362 322
33364 323
33365 324
33366 325
33368 326
33369 327
33370 328
33372 329
33373 330
33374 331
33376 332
33377 333
33378 334
33537 50
33540 176
33541 177
33545 317
33549 335
33552 336
33553 337
33556 338
33557 339
33560 340
33561 341
33564 342
33565 343
33568 344
33569 345
33601 51
33602 52
33604 177
33605 189
33606 190
33609 318
33610 319
33612 335
33614 346
33616 337
33617 347
33618 348
33620 339
33621 349
33622 350
33624 341
33625 351
33626 352
33628 343
33629 353
33630 354
33632 345
33633 355
33634 356
33793 53
33796 178
33797 179
33801 320
33804 336
33805 337
33809 357
33812 358
33813 359
33816 360
33817 361
33820 362
33821 363
33824 364
33825 365
33857 54
33858 55
33860 179
33861 191
33862 192
33865 321
33866 322
33868 337
33869 347
33870 348
33872 357
33874 366
33876 359
33877 367
33878 368
33880 361
33881 369
33882 370
33884 363
33885 371
33886 372
33888 365
33889 373
33890 374
34049 56
34052 180
34053 181
34057 323
34060 338
34061 339
34064 358
34065 359
34069 375
34072 376
34073 377
34076 378
34077 379
34080 380
34081 381
34113 57
34114 58
34116 181
34117 193
34118 194
34121 324
34122 325
34124 339
34125 349
34126 350
34128 359
34129 367
34130 368
34132 375
34134 382
34136 377
34137 383
34138 384
34140 379
34141 385
34142 386
34144 381
34145 387
34146 388
34305 59
34308 182
34309 183
34313 326
34316 340
34317 341
34320 360
34321 361
34324 376
34325 377
34329 389
34332 390
34333 391
34336 392
34337 393
34369 60
34370 61
34372 183
34373 195
34374 196
34377 327
34378 328
34380 341
34381 351
34382 352
34384 361
34385 369
34386 370
34388 377
34389 383
34390 384
34392 389
34394 394
34396 391
34397 395
34398 396
34400 393
34401 397
34402 398
34561 62
34564 184
34565 185
34569 329
34572 342
34573 343
34576 362
34577 363
34580 378
34581 379
34584 390
34585 391
34589 399
34592 400
34593 401
34625 63
34626 64
34628 185
34629 197
34630 198
34633 330
34634 331
34636 343
34637 353
34638 354
34640 363
34641 371
34642 372
34644 379
34645 385
34646 386
34648 391
34649 395
34650 396
34652 399
34654 402
34656 401
34657 403
34658 404
34817 65
34820 186
34821 187
34825 332
34828 344
34829 345
34832 364
34833 365
34836 380
34837 381
34840 392
34841 393
34844 400
34845 401
34849 405
34881 66
34882 67
34884 187
34885 199
34886 200
34889 333
34890 334
34892 345
34893 355
34894 356
34896 365
34897 373
34898 374
34900 381
34901 387
34902 388
34904 393
34905 397
34906 398
34908 401
34909 403
34910 404
34912 405
34914 406
37505 49
37507 68
37508 188
37509 188
37511 282
37512 316
37515 407
37516 319
37517 319
37519 408
37520 322
37521 322
37523 409
37524 325
37525 325
37527 410
37528 328
37529 328
37531 411
37532 331
37533 331
37535 412
37536 334
37537 334
37539 413
37633 51
37634 52
37636 177
37637 189
37638 190
37640 317
37642 319
37645 414
37646 346
37648 337
37649 347
37650 348
37652 339
37653 349
37654 350
37656 341
37657 351
37658 352
37660 343
37661 353
37662 354
37664 345
37665 355
37666 356
37697 50
37698 52
37700 189
37701 177
37702 190
37704 318
37706 319
37708 414
37710 346
37712 347
37713 337
37714 348
37716 349
37717 339
37718 350
37720 351
37721 341
37722 352
37724 353
37725 343
37726 354
37728 355
37729 345
37730 356
37761 52
37762 52
37763 69
37764 190
37765 190
37766 190
37767 283
37768 319
37770 319
37771 408
37772 346
37773 346
37775 415
37776 348
37777 348
37778 348
37779 416
37780 350
37781 350
37782 350
37783 417
37784 352
37785 352
37786 352
37787 418
37788 354
37789 354
37790 354
37791 419
37792 356
37793 356
37794 356
37795 420
37889 54
37890 55
37892 179
37893 191
37894 192
37896 320
37898 322
37900 337
37901 347
37902 348
37905 421
37906 366
37908 359
37909 367
37910 368
37912 361
37913 369
37914 370
37916 363
37917 371
37918 372
37920 365
37921 373
37922 374
37953 53
37954 55
37956 191
37957 179
37958 192
37960 321
37962 322
37964 347
37965 337
37966 348
37968 421
37970 366
37972 367
37973 359
37974 368
37976 369
37977 361
37978 370
37980 371
37981 363
37982 372
37984 373
37985 365
37986 374
38017 55
38018 55
38019 70
38020 192
38021 192
38022 192
38023 284
38024 322
38026 322
38027 409
38028 348
38029 348
38030 348
38031 416
38032 366
38033 366
38035 422
38036 368
38037 368
38038 368
38039 423
38040 370
38041 370
38042 370
38043 424
38044 372
38045 372
38046 372
38047 425
38048 374
38049 374
38050 374
38051 426
38145 57
38146 58
38148 181
38149 193
38150 194
38152 323
38154 325
38156 339
38157 349
38158 350
38160 359
38161 367
38162 368
38165 427
38166 382
38168 377
38169 383
38170 384
38172 379
38173 385
38174 386
38176 381
38177 387
38178 388
38209 56
38210 58
38212 193
38213 181
38214 194
38216 324
38218 325
38220 349
38221 339
38222 350
38224 367
38225 359
38226 368
38228 427
38230 382
38232 383
38233 377
38234 384
38236 385
38237 379
38238 386
38240 387
38241 381
38242 388
38273 58
38274 58
38275 71
38276 194
38277 194
38278 194
38279 285
38280 325
38282 325
38283 410
38284 350
38285 350
38286 350
38287 417
38288 368
38289 368
38290 368
38291 423
38292 382
38293 382
38295 428
38296 384
38297 384
38298 384
38299 429
38300 386
38301 386
38302 386
38303 430
38304 388
38305 388
38306 388
38307 431
38401 60
38402 61
38404 183
38405 195
38406 196
38408 326
38410 328
38412 341
38413 351
38414 352
38416 361
38417 369
38418 370
38420 377
38421 383
38422 384
38425 432
38426 394
38428 391
38429 395
38430 396
38432 393
38433 397
38434 398
38465 59
38466 61
38468 195
38469 183
38470 196
38472 327
38474 328
38476 351
38477 341
38478 352
38480 369
38481 361
38482 370
38484 383
38485 377
38486 384
38488 432
38490 394
38492 395
38493 391
38494 396
38496 397
38497 393
38498 398
38529 61
38530 61
38531 72
38532 196
38533 196
38534 196
38535 286
38536 328
38538 328
38539 411
38540 352
38541 352
38542 352
38543 418
38544 370
38545 370
38546 370
38547 424
38548 384
38549 384
38550 384
38551 429
38552 394
38553 394
38555 433
38556 396
38557 396
38558 396
38559 434
38560 398
38561 398
38562 398
38563 435
38657 63
38658 64
38660 185
38661 197
38662 198
38664 329
38666 331
38668 343
38669 353
38670 354
38672 363
38673 371
38674 372
38676 379
38677 385
38678 386
38680 391
38681 395
38682 396
38685 436
38686 402
38688 401
38689 403
38690 404
38721 62
38722 64
38724 197
38725 185
38726 198
38728 330
38730 331
38732 353
38733 343
38734 354
38736 371
38737 363
38738 372
38740 385
38741 379
38742 386
38744 395
38745 391
38746 396
38748 436
38750 402
38752 403
38753 401
38754 404
38785 64
38786 64
38787 73
38788 198
38789 198
38790 198
38791 287
38792 331
38794 331
38795 412
38796 354
38797 354
38798 354
38799 419
38800 372
38801 372
38802 372
38803 425
38804 386
38805 386
38806 386
38807 430
38808 396
38809 396
38810 396
38811 434
38812 402
38813 402
38815 437
38816 404
38817 404
38818 404
38819 438
38913 66
38914 67
38916 187
38917 199
38918 200
38920 332
38922 334
38924 345
38925 355
38926 356
38928 365
38929 373
38930 374
38932 381
38933 387
38934 388
38936 393
38937 397
38938 398
38940 401
38941 403
38942 404
38945 439
38946 406
38977 65
38978 67
38980 199
38981 187
38982 200
38984 333
38986 334
38988 355
38989 345
38990 356
38992 373
38993 365
38994 374
38996 387
38997 381
38998 388
39000 397
39001 393
39002 398
39004 403
39005 401
39006 404
39008 439
39010 406
39041 67
39042 67
39043 74
39044 200
39045 200
39046 200
39047 288
39048 334
39050 334
39051 413
39052 356
39053 356
39054 356
39055 420
39056 374
39057 374
39058 374
39059 426
39060 388
39061 388
39062 388
39063 431
39064 398
39065 398
39066 398
39067 435
39068 404
39069 404
39070 404
39071 438
39072 406
39073 406
39075 440
49985 75
49986 76
49988 201
49989 289
49990 212
49992 335
49993 414
49994 346
49998 441
50000 442
50001 443
50002 444
50004 445
50005 446
50006 447
50008 448
50009 449
50010 450
50012 451
50013 452
50014 453
50016 454
50017 455
50018 456
50177 77
50180 202
50181 203
50184 336
50185 337
50189 442
50193 457
50196 458
50197 459
50200 460
50201 461
50204 462
50205 463
50208 464
50209 465
50241 78
50242 79
50244 203
50245 213
50246 214
50248 337
50249 347
50250 348
50253 443
50254 444
50256 457
50258 466
50260 459
50261 467
50262 468
50264 461
50265 469
50266 470
50268 463
50269 471
50270 472
50272 465
50273 473
50274 474
50433 80
50436 204
50437 205
50440 338
50441 339
50445 445
50448 458
50449 459
50453 475
50456 476
50457 477
50460 478
50461 479
50464 480
50465 481
50497 81
50498 82
50500 205
50501 215
50502 216
50504 339
50505 349
50506 350
50509 446
50510 447
50512 459
50513 467
50514 468
50516 475
50518 482
50520 477
50521 483
50522 484
50524 479
50525 485
50526 486
50528 481
50529 487
50530 488
50689 83
50692 206
50693 207
50696 340
50697 341
50701 448
50704 460
50705 461
50708 476
50709 477
50713 489
50716 490
50717 491
50720 492
50721 493
50753 84
50754 85
50756 207
50757 217
50758 218
50760 341
50761 351
50762 352
50765 449
50766 450
50768 461
50769 469
50770 470
50772 477
50773 483
50774 484
50776 489
50778 494
50780 491
50781 495
50782 496
50784 493
50785 497
50786 498
50945 86
50948 208
50949 209
50952 342
50953 343
50957 451
50960 462
50961 463
50964 478
50965 479
50968 490
50969 491
50973 499
50976 500
50977 501
51009 87
51010 88
51012 209
51013 219
51014 220
51016 343
51017 353
51018 354
51021 452
51022 453
51024 463
51025 471
51026 472
51028 479
51029 485
51030 486
51032 491
51033 495
51034 496
51036 499
51038 502
51040 501
51041 503
51042 504
51201 89
51204 210
51205 211
51208 344
51209 345
51213 454
51216 464
51217 465
51220 480
51221 481
51224 492
51225 493
51228 500
51229 501
51233 505
51265 90
51266 91
51268 211
51269 221
51270 222
51272 345
51273 355
51274 356
51277 455
51278 456
51280 465
51281 473
51282 474
51284 481
51285 487
51286 488
51288 493
51289 497
51290 498
51292 501
51293 503
51294 504
51296 505
51298 506
54145 76
54147 92
54148 212
54149 212
54151 290
54152 346
54153 346
54155 415
54156 441
54159 507
54160 444
54161 444
54163 508
54164 447
54165 447
54167 509
54168 450
54169 450
54171 510
54172 453
54173 453
54175 511
54176 456
54177 456
54179 512
54273 78
54274 79
54276 203
54277 213
54278 214
54280 337
54281 347
54282 348
54284 442
54286 444
54289 513
54290 466
54292 459
54293 467
54294 468
54296 461
54297 469
54298 470
54300 463
54301 471
54302 472
54304 465
54305 473
54306 474
54337 77
54338 79
54340 213
54341 203
54342 214
54344 347
54345 337
54346 348
54348 443
54350 444
54352 513
54354 466
54356 467
54357 459
54358 468
54360 469
54361 461
54362 470
54364 471
54365 463
54366 472
54368 473
54369 465
54370 474
54401 79
54402 79
54403 93
54404 214
54405 214
54406 214
54407 291
54408 348
54409 348
54410 348
54411 416
54412 444
54414 444
54415 508
54416 466
54417 466
54419 514
54420 468
54421 468
54422 468
54423 515
54424 470
54425 470
54426 470
54427 516
54428 472
54429 472
54430 472
54431 517
54432 474
54433 474
54434 474
54435 518
54529 81
54530 82
54532 205
54533 215
54534 216
54536 339
54537 349
54538 350
54540 445
54542 447
54544 459
54545 467
54546 468
54549 519
54550 482
54552 477
54553 483
54554 484
54556 479
54557 485
54558 486
54560 481
54561 487
54562 488
54593 80
54594 82
54596 215
54597 205
54598 216
54600 349
54601 339
54602 350
54604 446
54606 447
54608 467
54609 459
54610 468
54612 519
54614 482
54616 483
54617 477
54618 484
54620 485
54621 479
54622 486
54624 487
54625 481
54626 488
54657 82
54658 82
54659 94
54660 216
54661 216
54662 216
54663 292
54664 350
54665 350
54666 350
54667 417
54668 447
54670 447
54671 509
54672 468
54673 468
54674 468
54675 515
54676 482
54677 482
54679 520
54680 484
54681 484
54682 484
54683 521
54684 486
54685 486
54686 486
54687 522
54688 488
54689 488
54690 488
54691 523
54785 84
54786 85
54788 207
54789 217
54790 218
54792 341
54793 351
54794 352
54796 448
54798 450
54800 461
54801 469
54802 470
54804 477
54805 483
54806 484
54809 524
54810 494
54812 491
54813 495
54814 496
54816 493
54817 497
54818 498
54849 83
54850 85
54852 217
54853 207
54854 218
54856 351
54857 341
54858 352
54860 449
54862 450
54864 469
54865 461
54866 470
54868 483
54869 477
54870 484
54872 524
54874 494
54876 495
54877 491
54878 496
54880 497
54881 493
54882 498
54913 85
54914 85
54915 95
54916 218
54917 218
54918 218
54919 293
54920 352
54921 352
54922 352
54923 418
54924 450
54926 450
54927 510
54928 470
54929 470
54930 470
54931 516
54932 484
54933 484
54934 484
54935 521
54936 494
54937 494
54939 525
54940 496
54941 496
54942 496
54943 526
54944 498
54945 498
54946 498
54947 527
55041 87
55042 88
55044 209
55045 219
55046 220
55048 343
55049 353
55050 354
55052 451
55054 453
55056 463
55057 471
55058 472
55060 479
55061 485
55062 486
55064 491
55065 495
55066 496
55069 528
55070 502
55072 501
55073 503
55074 504
55105 86
55106 88
55108 219
55109 209
55110 220
55112 353
55113 343
55114 354
55116 452
55118 453
55120 471
55121 463
55122 472
55124 485
55125 479
55126 486
55128 495
55129 491
55130 496
55132 528
55134 502
55136 503
55137 501
55138 504
55169 88
55170 88
55171 96
55172 220
55173 220
55174 220
55175 294
55176 354
55177 354
55178 354
55179 419
55180 453
55182 453
55183 511
55184 472
55185 472
55186 472
55187 517
55188 486
55189 486
55190 486
55191 522
55192 496
55193 496
55194 496
55195 526
55196 502
55197 502
55199 529
55200 504
55201 504
55202 504
55203 530
55297 90
55298 91
55300 211
55301 221
55302 222
55304 345
55305 355
55306 356
55308 454
55310 456
55312 465
55313 473
55314 474
55316 481
55317 487
55318 488
55320 493
55321 497
55322 498
55324 501
55325 503
55326 504
55329 531
55330 506
55361 89
55362 91
55364 221
55365 211
55366 222
55368 355
55369 345
55370 356
55372 455
55374 456
55376 473
55377 465
55378 474
55380 487
55381 481
55382 488
55384 497
55385 493
55386 498
55388 503
55389 501
55390 504
55392 531
55394 506
55425 91
55426 91
55427 97
55428 222
55429 222
55430 222
55431 295
55432 356
55433 356
55434 356
55435 420
55436 456
55438 456
55439 512
55440 474
55441 474
55442 474
55443 518
55444 488
55445 488
55446 488
55447 523
55448 498
55449 498
55450 498
55451 527
55452 504
55453 504
55454 504
55455 530
55456 506
55457 506
55459 532
66625 98
66626 99
66628 223
66629 296
66630 232
66632 357
66633 421
66634 366
66636 457
66637 513
66638 466
66642 533
66644 534
66645 535
66646 536
66648 537
66649 538
66650 539
66652 540
66653 541
66654 542
66656 543
66657 544
66658 545
66817 100
66820 224
66821 225
66824 358
66825 359
66828 458
66829 459
66833 534
66837 546
66840 547
66841 548
66844 549
66845 550
66848 551
66849 552
66881 101
66882 102
66884 225
66885 233
66886 234
66888 359
66889 367
66890 368
66892 459
66893 467
66894 468
66897 535
66898 536
66900 546
66902 553
66904 548
66905 554
66906 555
66908 550
66909 556
66910 557
66912 552
66913 558
66914 559
67073 103
67076 226
67077 227
67080 360
67081 361
67084 460
67085 461
67089 537
67092 547
67093 548
67097 560
67100 561
67101 562
67104 563
67105 564
67137 104
67138 105
67140 227
67141 235
67142 236
67144 361
67145 369
67146 370
67148 461
67149 469
67150 470
67153 538
67154 539
67156 548
67157 554
67158 555
67160 560
67162 565
67164 562
67165 566
67166 567
67168 564
67169 568
67170 569
67329 106
67332 228
67333 229
67336 362
67337 363
67340 462
67341 463
67345 540
67348 549
67349 550
67352 561
67353 562
67357 570
67360 571
67361 572
67393 107
67394 108
67396 229
67397 237
67398 238
67400 363
67401 371
67402 372
67404 463
67405 471
67406 472
67409 541
67410 542
67412 550
67413 556
67414 557
67416 562
67417 566
67418 567
67420 570
67422 573
67424 572
67425 574
67426 575
67585 109
67588 230
67589 231
67592 364
67593 365
67596 464
67597 465
67601 543
67604 551
67605 552
67608 563
67609 564
67612 571
67613 572
67617 576
67649 110
67650 111
67652 231
67653 239
67654 240
67656 365
67657 373
67658 374
67660 465
67661 473
67662 474
67665 544
67666 545
67668 552
67669 558
67670 559
67672 564
67673 568
67674 569
67676 572
67677 574
67678 575
67680 576
67682 577
70785 99
70787 112
70788 232
70789 232
70791 297
70792 366
70793 366
70795 422
70796 466
70797 466
70799 514
70800 533
70803 578
70804 536
70805 536
70807 579
70808 539
70809 539
70811 580
70812 542
70813 542
70815 581
70816 545
70817 545
70819 582
70913 101
70914 102
70916 225
70917 233
70918 234
70920 359
70921 367
70922 368
70924 459
70925 467
70926 468
70928 534
70930 536
70933 583
70934 553
70936 548
70937 554
70938 555
70940 550
70941 556
70942 557
70944 552
70945 558
70946 559
70977 100
70978 102
70980 233
70981 225
70982 234
70984 367
70985 359
70986 368
70988 467
70989 459
70990 468
70992 535
70994 536
70996 583
70998 553
71000 554
71001 548
71002 555
71004 556
71005 550
71006 557
71008 558
71009 552
71010 559
71041 102
71042 102
71043 113
71044 234
71045 234
71046 234
71047 298
71048 368
71049 368
71050 368
71051 423
71052 468
71053 468
71054 468
71055 515
71056 536
71058 536
71059 579
71060 553
71061 553
71063 584
71064 555
71065 555
71066 555
71067 585
71068 557
71069 557
71070 557
71071 586
71072 559
71073 559
71074 559
71075 587
71169 104
71170 105
71172 227
71173 235
71174 236
71176 361
71177 369
71178 370
71180 461
71181 469
71182 470
71184 537
71186 539
71188 548
71189 554
71190 555
71193 588
71194 565
71196 562
71197 566
71198 567
71200 564
71201 568
71202 569
71233 103
71234 105
71236 235
71237 227
71238 236
71240 369
71241 361
71242 370
71244 469
71245 461
71246 470
71248 538
71250 539
71252 554
71253 548
71254 555
71256 588
71258 565
71260 566
71261 562
71262 567
71264 568
71265 564
71266 569
71297 105
71298 105
71299 114
71300 236
71301 236
71302 236
71303 299
71304 370
71305 370
71306 370
71307 424
71308 470
71309 470
71310 470
71311 516
71312 539
71314 539
71315 580
71316 555
71317 555
71318 555
71319 585
71320 565
71321 565
71323 589
71324 567
71325 567
71326 567
71327 590
71328 569
71329 569
71330 569
71331 591
71425 107
71426 108
71428 229
71429 237
71430 238
71432 363
71433 371
71434 372
71436 463
71437 471
71438 472
71440 540
71442 542
71444 550
71445 556
71446 557
71448 562
71449 566
71450 567
71453 592
71454 573
71456 572
71457 574
71458 575
71489 106
71490 108
71492 237
71493 229
71494 238
71496 371
71497 363
71498 372
71500 471
71501 463
71502 472
71504 541
71506 542
71508 556
71509 550
71510 557
71512 566
71513 562
71514 567
71516 592
71518 573
71520 574
71521 572
71522 575
71553 108
71554 108
71555 115
71556 238
71557 238
71558 238
71559 300
71560 372
71561 372
71562 372
71563 425
71564 472
71565 472
71566 472
71567 517
71568 542
71570 542
71571 581
71572 557
71573 557
71574 557
71575 586
71576 567
71577 567
71578 567
71579 590
71580 573
71581 573
71583 593
71584 575
71585 575
71586 575
71587 594
71681 110
71682 111
71684 231
71685 239
71686 240
71688 365
71689 373
71690 374
71692 465
71693 473
71694 474
71696 543
71698 545
71700 552
71701 558
71702 559
71704 564
71705 568
71706 569
71708 572
71709 574
71710 575
71713 595
71714 577
71745 109
71746 111
71748 239
71749 231
71750 240
71752 373
71753 365
71754 374
71756 473
71757 465
71758 474
71760 544
71762 545
71764 558
71765 552
71766 559
71768 568
71769 564
71770 569
71772 574
71773 572
71774 575
71776 595
71778 577
71809 111
71810 111
71811 116
71812 240
71813 240
71814 240
71815 301
71816 374
71817 374
71818 374
71819 426
71820 474
71821 474
71822 474
71823 518
71824 545
71826 545
71827 582
71828 559
71829 559
71830 559
71831 587
71832 569
71833 569
71834 569
71835 591
71836 575
71837 575
71838 575
71839 594
71840 577
71841 577
71843 596
83265 117
83266 118
83268 241
83269 302
83270 248
83272 375
83273 427
83274 382
83276 475
83277 519
83278 482
83280 546
83281 583
83282 553
83286 597
83288 598
83289 599
83290 600
83292 601
83293 602
83294 603
83296 604
83297 605
83298 606
83457 119
83460 242
83461 243
83464 376
83465 377
83468 476
83469 477
83472 547
83473 548
83477 598
83481 607
83484 608
83485 609
83488 610
83489 611
83521 120
83522 121
83524 243
83525 249
83526 250
83528 377
83529 383
83530 384
83532 477
83533 483
83534 484
83536 548
83537 554
83538 555
83541 599
83542 600
83544 607
83546 612
83548 609
83549 613
83550 614
83552 611
83553 615
83554 616
83713 122
83716 244
83717 245
83720 378
83721 379
83724 478
83725 479
83728 549
83729 550
83733 601
83736 608
83737 609
83741 617
83744 618
83745 619
83777 123
83778 124
83780 245
83781 251
83782 252
83784 379
83785 385
83786 386
83788 479
83789 485
83790 486
83792 550
83793 556
83794 557
83797 602
83798 603
83800 609
83801 613
83802 614
83804 617
83806 620
83808 619
83809 621
83810 622
83969 125
83972 246
83973 247
83976 380
83977 381
83980 480
83981 481
83984 551
83985 552
83989 604
83992 610
83993 611
83996 618
83997 619
84001 623
84033 126
84034 127
84036 247
84037 253
84038 254
84040 381
84041 387
84042 388
84044 481
84045 487
84046 488
84048 552
84049 558
84050 559
84053 605
84054 606
84056 611
84057 615
84058 616
84060 619
84061 621
84062 622
84064 623
84066 624
87425 118
87427 128
87428 248
87429 248
87431 303
87432 382
87433 382
87435 428
87436 482
87437 482
87439 520
87440 553
87441 553
87443 584
87444 597
87447 625
87448 600
87449 600
87451 626
87452 603
87453 603
87455 627
87456 606
87457 606
87459 628
87553 120
87554 121
87556 243
87557 249
87558 250
87560 377
87561 383
87562 384
87564 477
87565 483
87566 484
87568 548
87569 554
87570 555
87572 598
87574 600
87577 629
87578 612
87580 609
87581 613
87582 614
87584 611
87585 615
87586 616
87617 119
87618 121
87620 249
87621 243
87622 250
87624 383
87625 377
87626 384
87628 483
87629 477
87630 484
87632 554
87633 548
87634 555
87636 599
87638 600
87640 629
87642 612
87644 613
87645 609
87646 614
87648 615
87649 611
87650 616
87681 121
87682 121
87683 129
87684 250
87685 250
87686 250
87687 304
87688 384
87689 384
87690 384
87691 429
87692 484
87693 484
87694 484
87695 521
87696 555
87697 555
87698 555
87699 585
87700 600
87702 600
87703 626
87704 612
87705 612
87707 630
87708 614
87709 614
87710 614
87711 631
87712 616
87713 616
87714 616
87715 632
87809 123
87810 124
87812 245
87813 251
87814 252
87816 379
87817 385
87818 386
87820 479
87821 485
87822 486
87824 550
87825 556
87826 557
87828 601
87830 603
87832 609
87833 613
87834 614
87837 633
87838 620
87840 619
87841 621
87842 622
87873 122
87874 124
87876 251
87877 245
87878 252
87880 385
87881 379
87882 386
87884 485
87885 479
87886 486
87888 556
87889 550
87890 557
87892 602
87894 603
87896 613
87897 609
87898 614
87900 633
87902 620
87904 621
87905 619
87906 622
87937 124
87938 124
87939 130
87940 252
87941 252
87942 252
87943 305
87944 386
87945 386
87946 386
87947 430
87948 486
87949 486
87950 486
87951 522
87952 557
87953 557
87954 557
87955 586
87956 603
87958 603
87959 627
87960 614
87961 614
87962 614
87963 631
87964 620
87965 620
87967 634
87968 622
87969 622
87970 622
87971 635
88065 126
88066 127
88068 247
88069 253
88070 254
88072 381
88073 387
88074 388
88076 481
88077 487
88078 488
88080 552
88081 558
88082 559
88084 604
88086 606
88088 611
88089 615
88090 616
88092 619
88093 621
88094 622
88097 636
88098 624
88129 125
88130 127
88132 253
88133 247
88134 254
88136 387
88137 381
88138 388
88140 487
88141 481
88142 488
88144 558
88145 552
88146 559
88148 605
88150 606
88152 615
88153 611
88154 616
88156 621
88157 619
88158 622
88160 636
88162 624
88193 127
88194 127
88195 131
88196 254
88197 254
88198 254
88199 306
88200 388
88201 388
88202 388
88203 431
88204 488
88205 488
88206 488
88207 523
88208 559
88209 559
88210 559
88211 587
88212 606
88214 606
88215 628
88216 616
88217 616
88218 616
88219 632
88220 622
88221 622
88222 622
88223 635
88224 624
88225 624
88227 637
99905 132
99906 133
99908 255
99909 307
99910 260
99912 389
99913 432
99914 394
99916 489
99917 524
99918 494
99920 560
99921 588
99922 565
99924 607
99925 629
99926 612
99930 638
99932 639
99933 640
99934 641
99936 642
99937 643
99938 644
100097 134
100100 256
100101 257
100104 390
100105 391
100108 490
100109 491
100112 561
100113 562
100116 608
100117 609
100121 639
100125 645
100128 646
100129 647
100161 135
100162 136
100164 257
100165 261
100166 262
100168 391
100169 395
100170 396
100172 491
100173 495
100174 496
100176 562
100177 566
100178 567
100180 609
100181 613
100182 614
100185 640
100186 641
100188 645
100190 648
100192 647
100193 649
100194 650
100353 137
100356 258
100357 259
100360 392
100361 393
100364 492
100365 493
100368 563
100369 564
100372 610
100373 611
100377 642
100380 646
100381 647
100385 651
100417 138
100418 139
100420 259
100421 263
100422 264
100424 393
100425 397
100426 398
100428 493
100429 497
100430 498
100432 564
100433 568
100434 569
100436 611
100437 615
100438 616
100441 643
100442 644
100444 647
100445 649
100446 650
100448 651
100450 652
104065 133
104067 140
104068 260
104069 260
104071 308
104072 394
104073 394
104075 433
104076 494
104077 494
104079 525
104080 565
104081 565
104083 589
104084 612
104085 612
104087 630
104088 638
104091 653
104092 641
104093 641
104095 654
104096 644
104097 644
104099 655
104193 135
104194 136
104196 257
104197 261
104198 262
104200 391
104201 395
104202 396
104204 491
104205 495
104206 496
104208 562
104209 566
104210 567
104212 609
104213 613
104214 614
104216 639
104218 641
104221 656
104222 648
104224 647
104225 649
104226 650
104257 134
104258 136
104260 261
104261 257
104262 262
104264 395
104265 391
104266 396
104268 495
104269 491
104270 496
104272 566
104273 562
104274 567
104276 613
104277 609
104278 614
104280 640
104282 641
104284 656
104286 648
104288 649
104289 647
104290 650
104321 136
104322 136
104323 141
104324 262
104325 262
104326 262
104327 309
104328 396
104329 396
104330 396
104331 434
104332 496
104333 496
104334 496
104335 526
104336 567
104337 567
104338 567
104339 590
104340 614
104341 614
104342 614
104343 631
104344 641
104346 641
104347 654
104348 648
104349 648
104351 657
104352 650
104353 650
104354 650
104355 658
104449 138
104450 139
104452 259
104453 263
104454 264
104456 393
104457 397
104458 398
104460 493
104461 497
104462 498
104464 564
104465 568
104466 569
104468 611
104469 615
104470 616
104472 642
104474 644
104476 647
104477 649
104478 650
104481 659
104482 652
104513 137
104514 139
104516 263
104517 259
104518 264
104520 397
104521 393
104522 398
104524 497
104525 493
104526 498
104528 568
104529 564
104530 569
104532 615
104533 611
104534 616
104536 643
104538 644
104540 649
104541 647
104542 650
104544 659
104546 652
104577 139
104578 139
104579 142
104580 264
104581 264
104582 264
104583 310
104584 398
104585 398
104586 398
104587 435
104588 498
104589 498
104590 498
104591 527
104592 569
104593 569
104594 569
104595 591
104596 616
104597 616
104598 616
104599 632
104600 644
104602 644
104603 655
104604 650
104605 650
104606 650
104607 658
104608 652
104609 652
104611 660
116545 143
116546 144
116548 265
116549 311
116550 268
116552 399
116553 436
116554 402
116556 499
116557 528
116558 502
116560 570
116561 592
116562 573
116564 617
116565 633
116566 620
116568 645
116569 656
116570 648
116574 661
116576 662
116577 663
116578 664
116737 145
116740 266
116741 267
116744 400
116745 401
116748 500
116749 501
116752 571
116753 572
116756 618
116757 619
116760 646
116761 647
116765 662
116769 665
116801 146
116802 147
116804 267
116805 269
116806 270
116808 401
116809 403
116810 404
116812 501
116813 503
116814 504
116816 572
116817 574
116818 575
116820 619
116821 621
116822 622
116824 647
116825 649
116826 650
116829 663
116830 664
116832 665
116834 666
120705 144
120707 148
120708 268
120709 268
120711 312
120712 402
120713 402
120715 437
120716 502
120717 502
120719 529
120720 573
120721 573
120723 593
120724 620
120725 620
120727 634
120728 648
120729 648
120731 657
120732 661
120735 667
120736 664
120737 664
120739 668
120833 146
120834 147
120836 267
120837 269
120838 270
120840 401
120841 403
120842 404
120844 501
120845 503
120846 504
120848 572
120849 574
120850 575
120852 619
120853 621
120854 622
120856 647
120857 649
120858 650
120860 662
120862 664
120865 669
120866 666
120897 145
120898 147
120900 269
120901 267
120902 270
120904 403
120905 401
120906 404
120908 503
120909 501
120910 504
120912 574
120913 572
120914 575
120916 621
120917 619
120918 622
120920 649
120921 647
120922 650
120924 663
120926 664
120928 669
120930 666
120961 147
120962 147
120963 149
120964 270
120965 270
120966 270
120967 313
120968 404
120969 404
120970 404
120971 438
120972 504
120973 504
120974 504
120975 530
120976 575
120977 575
120978 575
120979 594
120980 622
120981 622
120982 622
120983 635
120984 650
120985 650
120986 650
120987 658
120988 664
120990 664
120991 668
120992 666
120993 666
120995 670
133185 150
133186 151
133188 271
133189 314
133190 272
133192 405
133193 439
133194 406
133196 505
133197 531
133198 506
133200 576
133201 595
133202 577
133204 623
133205 636
133206 624
133208 651
133209 659
133210 652
133212 665
133213 669
133214 666
133218 671
137345 151
137347 152
137348 272
137349 272
137351 315
137352 406
137353 406
137355 440
137356 506
137357 506
137359 532
137360 577
137361 577
137363 596
137364 624
137365 624
137367 637
137368 652
137369 652
137371 660
137372 666
137373 666
137375 670
137376 671
137379 672
1069440 153
1069443 273
1069447 673
1069448 674
1069451 675
1069452 676
1069455 677
1069456 678
1069459 679
1069460 680
1069463 681
1069464 682
1069467 683
1069468 684
1069471 685
1069472 686
1069475 687
1069568 154
1069569 155
1069570 156
1069574 674
1069577 688
1069578 689
1069580 690
1069581 691
1069582 692
1069584 693
1069585 694
1069586 695
1069588 696
1069589 697
1069590 698
1069592 699
1069593 700
1069594 701
1069596 702
1069597 703
1069598 704
1069600 705
1069601 706
1069602 707
1069696 156
1069698 156
1069699 274
1069702 674
1069703 675
1069704 689
1069707 708
1069708 692
1069710 692
1069711 709
1069712 695
1069714 695
1069715 710
1069716 698
1069718 698
1069719 711
1069720 701
1069722 701
1069723 712
1069724 704
1069726 704
1069727 713
1069728 707
1069730 707
1069731 714
1069824 157
1069825 158
1069826 159
1069830 676
1069832 690
1069833 691
1069834 692
1069837 715
1069838 716
1069840 717
1069841 718
1069842 719
1069844 720
1069845 721
1069846 722
1069848 723
1069849 724
1069850 725
1069852 726
1069853 727
1069854 728
1069856 729
1069857 730
1069858 731
1069952 159
1069954 159
1069955 275
1069958 676
1069959 677
1069960 692
1069962 692
1069963 709
1069964 716
1069967 732
1069968 719
1069970 719
1069971 733
1069972 722
1069974 722
1069975 734
1069976 725
1069978 725
1069979 735
1069980 728
1069982 728
1069983 736
1069984 731
1069986 731
1069987 737
1070080 160
1070081 161
1070082 162
1070086 678
1070088 693
1070089 694
1070090 695
1070092 717
1070093 718
1070094 719
1070097 738
1070098 739
1070100 740
1070101 741
1070102 742
1070104 743
1070105 744
1070106 745
1070108 746
1070109 747
1070110 748
1070112 749
1070113 750
1070114 751
1070208 162
1070210 162
1070211 276
1070214 678
1070215 679
1070216 695
1070218 695
1070219 710
1070220 719
1070222 719
1070223 733
1070224 739
1070227 752
1070228 742
1070230 742
1070231 753
1070232 745
1070234 745
1070235 754
1070236 748
1070238 748
1070239 755
1070240 751
1070242 751
1070243 756
1070336 163
1070337 164
1070338 165
1070342 680
1070344 696
1070345 697
1070346 698
1070348 720
1070349 721
1070350 722
1070352 740
1070353 741
1070354 742
1070357 757
1070358 758
1070360 759
1070361 760
1070362 761
1070364 762
1070365 763
1070366 764
1070368 765
1070369 766
1070370 767
1070464 165
1070466 165
1070467 277
1070470 680
1070471 681
1070472 698
1070474 698
1070475 711
1070476 722
1070478 722
1070479 734
1070480 742
1070482 742
1070483 753
1070484 758
1070487 768
1070488 761
1070490 761
1070491 769
1070492 764
1070494 764
1070495 770
1070496 767
1070498 767
1070499 771
1070592 166
1070593 167
1070594 168
1070598 682
1070600 699
1070601 700
1070602 701
1070604 723
1070605 724
1070606 725
1070608 743
1070609 744
1070610 745
1070612 759
1070613 760
1070614 761
1070617 772
1070618 773
1070620 774
1070621 775
1070622 776
1070624 777
1070625 778
1070626 779
1070720 168
1070722 168
1070723 278
1070726 682
1070727 683
1070728 701
1070730 701
1070731 712
1070732 725
1070734 725
1070735 735
1070736 745
1070738 745
1070739 754
1070740 761
1070742 761
1070743 769
1070744 773
1070747 780
1070748 776
1070750 776
1070751 781
1070752 779
1070754 779
1070755 782
1070848 169
1070849 170
1070850 171
1070854 684
1070856 702
1070857 703
1070858 704
1070860 726
1070861 727
1070862 728
1070864 746
1070865 747
1070866 748
1070868 762
1070869 763
1070870 764
1070872 774
1070873 775
1070874 776
1070877 783
1070878 784
1070880 785
1070881 786
1070882 787
1070976 171
1070978 171
1070979 279
1070982 684
1070983 685
1070984 704
1070986 704
1070987 713
1070988 728
1070990 728
1070991 736
1070992 748
1070994 748
1070995 755
1070996 764
1070998 764
1070999 770
1071000 776
1071002 776
1071003 781
1071004 784
1071007 788
1071008 787
1071010 787
1071011 789
1071104 172
1071105 173
1071106 174
1071110 686
1071112 705
1071113 706
1071114 707
1071116 729
1071117 730
1071118 731
1071120 749
1071121 750
1071122 751
1071124 765
1071125 766
1071126 767
1071128 777
1071129 778
1071130 779
1071132 785
1071133 786
1071134 787
1071137 790
1071138 791
1071232 174
1071234 174
1071235 280
1071238 686
1071239 687
1071240 707
1071242 707
1071243 714
1071244 731
1071246 731
1071247 737
1071248 751
1071250 751
1071251 756
1071252 767
1071254 767
1071255 771
1071256 779
1071258 779
1071259 782
1071260 787
1071262 787
1071263 789
1071264 791
1071267 792
1081920 175
1081921 281
1081922 188
1081925 688
1081926 689
1081930 793
1081932 794
1081933 795
1081934 796
1081936 797
1081937 798
1081938 799
1081940 800
1081941 801
1081942 802
1081944 803
1081945 804
1081946 805
1081948 806
1081949 807
1081950 808
1081952 809
1081953 810
1081954 811
1082112 176
1082113 177
1082117 690
1082121 794
1082125 812
1082128 813
1082129 814
1082132 815
1082133 816
1082136 817
1082137 818
1082140 819
1082141 820
1082144 821
1082145 822
1082176 177
1082177 189
1082178 190
1082181 691
1082182 692
1082185 795
1082186 796
1082188 812
1082190 823
1082192 814
1082193 824
1082194 825
1082196 816
1082197 826
1082198 827
1082200 818
1082201 828
1082202 829
1082204 820
1082205 830
1082206 831
1082208 822
1082209 832
1082210 833
1082368 178
1082369 179
1082373 693
1082377 797
1082380 813
1082381 814
1082385 834
1082388 835
1082389 836
1082392 837
1082393 838
1082396 839
1082397 840
1082400 841
1082401 842
1082432 179
1082433 191
1082434 192
1082437 694
1082438 695
1082441 798
1082442 799
1082444 814
1082445 824
1082446 825
1082448 834
1082450 843
1082452 836
1082453 844
1082454 845
1082456 838
1082457 846
1082458 847
1082460 840
1082461 848
1082462 849
1082464 842
1082465 850
1082466 851
1082624 180
1082625 181
1082629 696
1082633 800
1082636 815
1082637 816
1082640 835
1082641 836
1082645 852
1082648 853
1082649 854
1082652 855
1082653 856
1082656 857
1082657 858
1082688 181
1082689 193
1082690 194
1082693 697
1082694 698
1082697 801
1082698 802
1082700 816
1082701 826
1082702 827
1082704 836
1082705 844
1082706 845
1082708 852
1082710 859
1082712 854
1082713 860
1082714 861
1082716 856
1082717 862
1082718 863
1082720 858
1082721 864
1082722 865
1082880 182
1082881 183
1082885 699
1082889 803
1082892 817
1082893 818
1082896 837
1082897 838
1082900 853
1082901 854
1082905 866
1082908 867
1082909 868
1082912 869
1082913 870
1082944 183
1082945 195
1082946 196
1082949 700
1082950 701
1082953 804
1082954 805
1082956 818
1082957 828
1082958 829
1082960 838
1082961 846
1082962 847
1082964 854
1082965 860
1082966 861
1082968 866
1082970 871
1082972 868
1082973 872
1082974 873
1082976 870
1082977 874
1082978 875
1083136 184
1083137 185
1083141 702
1083145 806
1083148 819
1083149 820
1083152 839
1083153 840
1083156 855
1083157 856
1083160 867
1083161 868
1083165 876
1083168 877
1083169 878
1083200 185
1083201 197
1083202 198
1083205 703
1083206 704
1083209 807
1083210 808
1083212 820
1083213 830
1083214 831
1083216 840
1083217 848
1083218 849
1083220 856
1083221 862
1083222 863
1083224 868
1083225 872
1083226 873
1083228 876
1083230 879
1083232 878
1083233 880
1083234 881
1083392 186
1083393 187
1083397 705
1083401 809
1083404 821
1083405 822
1083408 841
1083409 842
1083412 857
1083413 858
1083416 869
1083417 870
1083420 877
1083421 878
1083425 882
1083456 187
1083457 199
1083458 200
1083461 706
1083462 707
1083465 810
1083466 811
1083468 822
1083469 832
1083470 833
1083472 842
1083473 850
1083474 851
1083476 858
1083477 864
1083478 865
1083480 870
1083481 874
1083482 875
1083484 878
1083485 880
1083486 881
1083488 882
1083490 883
1086080 188
1086081 188
1086083 282
1086085 689
1086087 708
1086088 793
1086091 884
1086092 796
1086093 796
1086095 885
1086096 799
1086097 799
1086099 886
1086100 802
1086101 802
1086103 887
1086104 805
1086105 805
1086107 888
1086108 808
1086109 808
1086111 889
1086112 811
1086113 811
1086115 890
1086208 177
1086209 189
1086210 190
1086213 691
1086214 692
1086216 794
1086218 796
1086221 891
1086222 823
1086224 814
1086225 824
1086226 825
1086228 816
1086229 826
1086230 827
1086232 818
1086233 828
1086234 829
1086236 820
1086237 830
1086238 831
1086240 822
1086241 832
1086242 833
1086272 189
1086273 177
1086274 190
1086277 690
1086278 692
1086280 795
1086282 796
1086284 891
1086286 823
1086288 824
1086289 814
1086290 825
1086292 826
1086293 816
1086294 827
1086296 828
1086297 818
1086298 829
1086300 830
1086301 820
1086302 831
1086304 832
1086305 822
1086306 833
1086336 190
1086337 190
1086338 190
1086339 283
1086341 692
1086342 692
1086343 709
1086344 796
1086346 796
1086347 885
1086348 823
1086349 823
1086351 892
1086352 825
1086353 825
1086354 825
1086355 893
1086356 827
1086357 827
1086358 827
1086359 894
1086360 829
1086361 829
1086362 829
1086363 895
1086364 831
1086365 831
1086366 831
1086367 896
1086368 833
1086369 833
1086370 833
1086371 897
1086464 179
1086465 191
1086466 192
1086469 694
1086470 695
1086472 797
1086474 799
1086476 814
1086477 824
1086478 825
1086481 898
1086482 843
1086484 836
1086485 844
1086486 845
1086488 838
1086489 846
1086490 847
1086492 840
1086493 848
1086494 849
1086496 842
1086497 850
1086498 851
1086528 191
1086529 179
1086530 192
1086533 693
1086534 695
1086536 798
1086538 799
1086540 824
1086541 814
1086542 825
1086544 898
1086546 843
1086548 844
1086549 836
1086550 845
1086552 846
1086553 838
1086554 847
1086556 848
1086557 840
1086558 849
1086560 850
1086561 842
1086562 851
1086592 192
1086593 192
1086594 192
1086595 284
1086597 695
1086598 695
1086599 710
1086600 799
1086602 799
1086603 886
1086604 825
1086605 825
1086606 825
1086607 893
1086608 843
1086609 843
1086611 899
1086612 845
1086613 845
1086614 845
1086615 900
1086616 847
1086617 847
1086618 847
1086619 901
1086620 849
1086621 849
1086622 849
1086623 902
1086624 851
1086625 851
1086626 851
1086627 903
1086720 181
1086721 193
1086722 194
1086725 697
1086726 698
1086728 800
1086730 802
1086732 816
1086733 826
1086734 827
1086736 836
1086737 844
1086738 845
1086741 904
1086742 859
1086744 854
1086745 860
1086746 861
1086748 856
1086749 862
1086750 863
1086752 858
1086753 864
1086754 865
1086784 193
1086785 181
1086786 194
1086789 696
1086790 698
1086792 801
1086794 802
1086796 826
1086797 816
1086798 827
1086800 844
1086801 836
1086802 845
1086804 904
1086806 859
1086808 860
1086809 854
1086810 861
1086812 862
1086813 856
1086814 863
1086816 864
1086817 858
1086818 865
1086848 194
1086849 194
1086850 194
1086851 285
1086853 698
1086854 698
1086855 711
1086856 802
1086858 802
1086859 887
1086860 827
1086861 827
1086862 827
1086863 894
1086864 845
1086865 845
1086866 845
1086867 900
1086868 859
1086869 859
1086871 905
1086872 861
1086873 861
1086874 861
1086875 906
1086876 863
1086877 863
1086878 863
1086879 907
1086880 865
1086881 865
1086882 865
1086883 908
1086976 183
1086977 195
1086978 196
1086981 700
1086982 701
1086984 803
1086986 805
1086988 818
1086989 828
1086990 829
1086992 838
1086993 846
1086994 847
1086996 854
1086997 860
1086998 861
1087001 909
1087002 871
1087004 868
1087005 872
1087006 873
1087008 870
1087009 874
1087010 875
1087040 195
1087041 183
1087042 196
1087045 699
1087046 701
1087048 804
1087050 805
1087052 828
1087053 818
1087054 829
1087056 846
1087057 838
1087058 847
1087060 860
1087061 854
1087062 861
1087064 909
1087066 871
1087068 872
1087069 868
1087070 873
1087072 874
1087073 870
1087074 875
1087104 196
1087105 196
1087106 196
1087107 286
1087109 701
1087110 701
1087111 712
1087112 805
1087114 805
1087115 888
1087116 829
1087117 829
1087118 829
1087119 895
1087120 847
1087121 847
1087122 847
1087123 901
1087124 861
1087125 861
1087126 861
1087127 906
1087128 871
1087129 871
1087131 910
1087132 873
1087133 873
1087134 873
1087135 911
1087136 875
1087137 875
1087138 875
1087139 912
1087232 185
1087233 197
1087234 198
1087237 703
1087238 704
1087240 806
1087242 808
1087244 820
1087245 830
1087246 831
1087248 840
1087249 848
1087250 849
1087252 856
1087253 862
1087254 863
1087256 868
1087257 872
1087258 873
1087261 913
1087262 879
1087264 878
1087265 880
1087266 881
1087296 197
1087297 185
1087298 198
1087301 702
1087302 704
1087304 807
1087306 808
1087308 830
1087309 820
1087310 831
1087312 848
1087313 840
1087314 849
1087316 862
1087317 856
1087318 863
1087320 872
1087321 868
1087322 873
1087324 913
1087326 879
1087328 880
1087329 878
1087330 881
1087360 198
1087361 198
1087362 198
1087363 287
1087365 704
1087366 704
1087367 713
1087368 808
1087370 808
1087371 889
1087372 831
1087373 831
1087374 831
1087375 896
1087376 849
1087377 849
1087378 849
1087379 902
1087380 863
1087381 863
1087382 863
1087383 907
1087384 873
1087385 873
1087386 873
1087387 911
1087388 879
1087389 879
1087391 914
1087392 881
1087393 881
1087394 881
1087395 915
1087488 187
1087489 199
1087490 200
1087493 706
1087494 707
1087496 809
1087498 811
1087500 822
1087501 832
1087502 833
1087504 842
1087505 850
1087506 851
1087508 858
1087509 864
1087510 865
1087512 870
1087513 874
1087514 875
1087516 878
1087517 880
1087518 881
1087521 916
1087522 883
1087552 199
1087553 187
1087554 200
1087557 705
1087558 707
1087560 810
1087562 811
1087564 832
1087565 822
1087566 833
1087568 850
1087569 842
1087570 851
1087572 864
1087573 858
1087574 865
1087576 874
1087577 870
1087578 875
1087580 880
1087581 878
1087582 881
1087584 916
1087586 883
1087616 200
1087617 200
1087618 200
1087619 288
1087621 707
1087622 707
1087623 714
1087624 811
1087626 811
1087627 890
1087628 833
1087629 833
1087630 833
1087631 897
1087632 851
1087633 851
1087634 851
1087635 903
1087636 865
1087637 865
1087638 865
1087639 908
1087640 875
1087641 875
1087642 875
1087643 912
1087644 881
1087645 881
1087646 881
1087647 915
1087648 883
1087649 883
1087651 917
1098560 201
1098561 289
1098562 212
1098565 715
1098566 716
1098568 812
1098569 891
1098570 823
1098574 918
1098576 919
1098577 920
1098578 921
1098580 922
1098581 923
1098582 924
1098584 925
1098585 926
1098586 927
1098588 928
1098589 929
1098590 930
1098592 931
1098593 932
1098594 933
1098752 202
1098753 203
1098757 717
1098760 813
1098761 814
1098765 919
1098769 934
1098772 935
1098773 936
1098776 937
1098777 938
1098780 939
1098781 940
1098784 941
1098785 942
1098816 203
1098817 213
1098818 214
1098821 718
1098822 719
1098824 814
1098825 824
1098826 825
1098829 920
1098830 921
1098832 934
1098834 943
1098836 936
1098837 944
1098838 945
1098840 938
1098841 946
1098842 947
1098844 940
1098845 948
1098846 949
1098848 942
1098849 950
1098850 951
1099008 204
1099009 205
1099013 720
1099016 815
1099017 816
1099021 922
1099024 935
1099025 936
1099029 952
1099032 953
1099033 954
1099036 955
1099037 956
1099040 957
1099041 958
1099072 205
1099073 215
1099074 216
1099077 721
1099078 722
1099080 816
1099081 826
1099082 827
1099085 923
1099086 924
1099088 936
1099089 944
1099090 945
1099092 952
1099094 959
1099096 954
1099097 960
1099098 961
1099100 956
1099101 962
1099102 963
1099104 958
1099105 964
1099106 965
1099264 206
1099265 207
1099269 723
1099272 817
1099273 818
1099277 925
1099280 937
1099281 938
1099284 953
1099285 954
1099289 966
1099292 967
1099293 968
1099296 969
1099297 970
1099328 207
1099329 217
1099330 218
1099333 724
1099334 725
1099336 818
1099337 828
1099338 829
1099341 926
1099342 927
1099344 938
1099345 946
1099346 947
1099348 954
1099349 960
1099350 961
1099352 966
1099354 971
1099356 968
1099357 972
1099358 973
1099360 970
1099361 974
1099362 975
1099520 208
1099521 209
1099525 726
1099528 819
1099529 820
1099533 928
1099536 939
1099537 940
1099540 955
1099541 956
1099544 967
1099545 968
1099549 976
1099552 977
1099553 978
1099584 209
1099585 219
1099586 220
1099589 727
1099590 728
1099592 820
1099593 830
1099594 831
1099597 929
1099598 930
1099600 940
1099601 948
1099602 949
1099604 956
1099605 962
1099606 963
1099608 968
1099609 972
1099610 973
1099612 976
1099614 979
1099616 978
1099617 980
1099618 981
1099776 210
1099777 211
1099781 729
1099784 821
1099785 822
1099789 931
1099792 941
1099793 942
1099796 957
1099797 958
1099800 969
1099801 970
1099804 977
1099805 978
1099809 982
1099840 211
1099841 221
1099842 222
1099845 730
1099846 731
1099848 822
1099849 832
1099850 833
1099853 932
1099854 933
1099856 942
1099857 950
1099858 951
1099860 958
1099861 964
1099862 965
1099864 970
1099865 974
1099866 975
1099868 978
1099869 980
1099870 981
1099872 982
1099874 983
1102720 212
1102721 212
1102723 290
1102725 716
1102727 732
1102728 823
1102729 823
1102731 892
1102732 918
1102735 984
1102736 921
1102737 921
1102739 985
1102740 924
1102741 924
1102743 986
1102744 927
1102745 927
1102747 987
1102748 930
1102749 930
1102751 988
1102752 933
1102753 933
1102755 989
1102848 203
1102849 213
1102850 214
1102853 718
1102854 719
1102856 814
1102857 824
1102858 825
1102860 919
1102862 921
1102865 990
1102866 943
1102868 936
1102869 944
1102870 945
1102872 938
1102873 946
1102874 947
1102876 940
1102877 948
1102878 949
1102880 942
1102881 950
1102882 951
1102912 213
1102913 203
1102914 214
1102917 717
1102918 719
1102920 824
1102921 814
1102922 825
1102924 920
1102926 921
1102928 990
1102930 943
1102932 944
1102933 936
1102934 945
1102936 946
1102937 938
1102938 947
1102940 948
1102941 940
1102942 949
1102944 950
1102945 942
1102946 951
1102976 214
1102977 214
1102978 214
1102979 291
1102981 719
1102982 719
1102983 733
1102984 825
1102985 825
1102986 825
1102987 893
1102988 921
1102990 921
1102991 985
1102992 943
1102993 943
1102995 991
1102996 945
1102997 945
1102998 945
1102999 992
1103000 947
1103001 947
1103002 947
1103003 993
1103004 949
1103005 949
1103006 949
1103007 994
1103008 951
1103009 951
1103010 951
1103011 995
1103104 205
1103105 215
1103106 216
1103109 721
1103110 722
1103112 816
1103113 826
1103114 827
1103116 922
1103118 924
1103120 936
1103121 944
1103122 945
1103125 996
1103126 959
1103128 954
1103129 960
1103130 961
1103132 956
1103133 962
1103134 963
1103136 958
1103137 964
1103138 965
1103168 215
1103169 205
1103170 216
1103173 720
1103174 722
1103176 826
1103177 816
1103178 827
1103180 923
1103182 924
1103184 944
1103185 936
1103186 945
1103188 996
1103190 959
1103192 960
1103193 954
1103194 961
1103196 962
1103197 956
1103198 963
1103200 964
1103201 958
1103202 965
1103232 216
1103233 216
1103234 216
1103235 292
1103237 722
1103238 722
1103239 734
1103240 827
1103241 827
1103242 827
1103243 894
1103244 924
1103246 924
1103247 986
1103248 945
1103249 945
1103250 945
1103251 992
1103252 959
1103253 959
1103255 997
1103256 961
1103257 961
1103258 961
1103259 998
1103260 963
1103261 963
1103262 963
1103263 999
1103264 965
1103265 965
1103266 965
1103267 1000
1103360 207
1103361 217
1103362 218
1103365 724
1103366 725
1103368 818
1103369 828
1103370 829
1103372 925
1103374 927
1103376 938
1103377 946
1103378 947
1103380 954
1103381 960
1103382 961
1103385 1001
1103386 971
1103388 968
1103389 972
1103390 973
1103392 970
1103393 974
1103394 975
1103424 217
1103425 207
1103426 218
1103429 723
1103430 725
1103432 828
1103433 818
1103434 829
1103436 926
1103438 927
1103440 946
1103441 938
1103442 947
1103444 960
1103445 954
1103446 961
1103448 1001
1103450 971
1103452 972
1103453 968
1103454 973
1103456 974
1103457 970
1103458 975
1103488 218
1103489 218
1103490 218
1103491 293
1103493 725
1103494 725
1103495 735
1103496 829
1103497 829
1103498 829
1103499 895
1103500 927
1103502 927
1103503 987
1103504 947
1103505 947
1103506 947
1103507 993
1103508 961
1103509 961
1103510 961
1103511 998
1103512 971
1103513 971
1103515 1002
1103516 973
1103517 973
1103518 973
1103519 1003
1103520 975
1103521 975
1103522 975
1103523 1004
1103616 209
1103617 219
1103618 220
1103621 727
1103622 728
1103624 820
1103625 830
1103626 831
1103628 928
1103630 930
1103632 940
1103633 948
1103634 949
1103636 956
1103637 962
1103638 963
1103640 968
1103641 972
1103642 973
1103645 1005
1103646 979
1103648 978
1103649 980
1103650 981
1103680 219
1103681 209
1103682 220
1103685 726
1103686 728
1103688 830
1103689 820
1103690 831
1103692 929
1103694 930
1103696 948
1103697 940
1103698 949
1103700 962
1103701 956
1103702 963
1103704 972
1103705 968
1103706 973
1103708 1005
1103710 979
1103712 980
1103713 978
1103714 981
1103744 220
1103745 220
1103746 220
1103747 294
1103749 728
1103750 728
1103751 736
1103752 831
1103753 831
1103754 831
1103755 896
1103756 930
1103758 930
1103759 988
1103760 949
1103761 949
1103762 949
1103763 994
1103764 963
1103765 963
1103766 963
1103767 999
1103768 973
1103769 973
1103770 973
1103771 1003
1103772 979
1103773 979
1103775 1006
1103776 981
1103777 981
1103778 981
1103779 1007
1103872 211
1103873 221
1103874 222
1103877 730
1103878 731
1103880 822
1103881 832
1103882 833
1103884 931
1103886 933
1103888 942
1103889 950
1103890 951
1103892 958
1103893 964
1103894 965
1103896 970
1103897 974
1103898 975
1103900 978
1103901 980
1103902 981
1103905 1008
1103906 983
1103936 221
1103937 211
1103938 222
1103941 729
1103942 731
1103944 832
1103945 822
1103946 833
1103948 932
1103950 933
1103952 950
1103953 942
1103954 951
1103956 964
1103957 958
1103958 965
1103960 974
1103961 970
1103962 975
1103964 980
1103965 978
1103966 981
1103968 1008
1103970 983
1104000 222
1104001 222
1104002 222
1104003 295
1104005 731
1104006 731
1104007 737
1104008 833
1104009 833
1104010 833
1104011 897
1104012 933
1104014 933
1104015 989
1104016 951
1104017 951
1104018 951
1104019 995
1104020 965
1104021 965
1104022 965
1104023 1000
1104024 975
1104025 975
1104026 975
1104027 1004
1104028 981
1104029 981
1104030 981
1104031 1007
1104032 983
1104033 983
1104035 1009
1115200 223
1115201 296
1115202 232
1115205 738
1115206 739
1115208 834
1115209 898
1115210 843
1115212 934
1115213 990
1115214 943
1115218 1010
1115220 1011
1115221 1012
1115222 1013
1115224 1014
1115225 1015
1115226 1016
1115228 1017
1115229 1018
1115230 1019
1115232 1020
1115233 1021
1115234 1022
1115392 224
1115393 225
1115397 740
1115400 835
1115401 836
1115404 935
1115405 936
1115409 1011
1115413 1023
1115416 1024
1115417 1025
1115420 1026
1115421 1027
1115424 1028
1115425 1029
1115456 225
1115457 233
1115458 234
1115461 741
1115462 742
1115464 836
1115465 844
1115466 845
1115468 936
1115469 944
1115470 945
1115473 1012
1115474 1013
1115476 1023
1115478 1030
1115480 1025
1115481 1031
1115482 1032
1115484 1027
1115485 1033
1115486 1034
1115488 1029
1115489 1035
1115490 1036
1115648 226
1115649 227
1115653 743
1115656 837
1115657 838
1115660 937
1115661 938
1115665 1014
1115668 1024
1115669 1025
1115673 1037
1115676 1038
1115677 1039
1115680 1040
1115681 1041
1115712 227
1115713 235
1115714 236
1115717 744
1115718 745
1115720 838
1115721 846
1115722 847
1115724 938
1115725 946
1115726 947
1115729 1015
1115730 1016
1115732 1025
1115733 1031
1115734 1032
1115736 1037
1115738 1042
1115740 1039
1115741 1043
1115742 1044
1115744 1041
1115745 1045
1115746 1046
1115904 228
1115905 229
1115909 746
1115912 839
1115913 840
1115916 939
1115917 940
1115921 1017
1115924 1026
1115925 1027
1115928 1038
1115929 1039
1115933 1047
1115936 1048
1115937 1049
1115968 229
1115969 237
1115970 238
1115973 747
1115974 748
1115976 840
1115977 848
1115978 849
1115980 940
1115981 948
1115982 949
1115985 1018
1115986 1019
1115988 1027
1115989 1033
1115990 1034
1115992 1039
1115993 1043
1115994 1044
1115996 1047
1115998 1050
1116000 1049
1116001 1051
1116002 1052
1116160 230
1116161 231
1116165 749
1116168 841
1116169 842
1116172 941
1116173 942
1116177 1020
1116180 1028
1116181 1029
1116184 1040
1116185 1041
1116188 1048
1116189 1049
1116193 1053
1116224 231
1116225 239
1116226 240
1116229 750
1116230 751
1116232 842
1116233 850
1116234 851
1116236 942
1116237 950
1116238 951
1116241 1021
1116242 1022
1116244 1029
1116245 1035
1116246 1036
1116248 1041
1116249 1045
1116250 1046
1116252 1049
1116253 1051
1116254 1052
1116256 1053
1116258 1054
1119360 232
1119361 232
1119363 297
1119365 739
1119367 752
1119368 843
1119369 843
1119371 899
1119372 943
1119373 943
1119375 991
1119376 1010
1119379 1055
1119380 1013
1119381 1013
1119383 1056
1119384 1016
1119385 1016
1119387 1057
1119388 1019
1119389 1019
1119391 1058
1119392 1022
1119393 1022
1119395 1059
1119488 225
1119489 233
1119490 234
1119493 741
1119494 742
1119496 836
1119497 844
1119498 845
1119500 936
1119501 944
1119502 945
1119504 1011
1119506 1013
1119509 1060
1119510 1030
1119512 1025
1119513 1031
1119514 1032
1119516 1027
1119517 1033
1119518 1034
1119520 1029
1119521 1035
1119522 1036
1119552 233
1119553 225
1119554 234
1119557 740
1119558 742
1119560 844
1119561 836
1119562 845
1119564 944
1119565 936
1119566 945
1119568 1012
1119570 1013
1119572 1060
1119574 1030
1119576 1031
1119577 1025
1119578 1032
1119580 1033
1119581 1027
1119582 1034
1119584 1035
1119585 1029
1119586 1036
1119616 234
1119617 234
1119618 234
1119619 298
1119621 742
1119622 742
1119623 753
1119624 845
1119625 845
1119626 845
1119627 900
1119628 945
1119629 945
1119630 945
1119631 992
1119632 1013
1119634 1013
1119635 1056
1119636 1030
1119637 1030
1119639 1061
1119640 1032
1119641 1032
1119642 1032
1119643 1062
1119644 1034
1119645 1034
1119646 1034
1119647 1063
1119648 1036
1119649 1036
1119650 1036
1119651 1064
1119744 227
1119745 235
1119746 236
1119749 744
1119750 745
1119752 838
1119753 846
1119754 847
1119756 938
1119757 946
1119758 947
1119760 1014
1119762 1016
1119764 1025
1119765 1031
1119766 1032
1119769 1065
1119770 1042
1119772 1039
1119773 1043
1119774 1044
1119776 1041
1119777 1045
1119778 1046
1119808 235
1119809 227
1119810 236
1119813 743
1119814 745
1119816 846
1119817 838
1119818 847
1119820 946
1119821 938
1119822 947
1119824 1015
1119826 1016
1119828 1031
1119829 1025
1119830 1032
1119832 1065
1119834 1042
1119836 1043
1119837 1039
1119838 1044
1119840 1045
1119841 1041
1119842 1046
1119872 236
1119873 236
1119874 236
1119875 299
1119877 745
1119878 745
1119879 754
1119880 847
1119881 847
1119882 847
1119883 901
1119884 947
1119885 947
1119886 947
1119887 993
1119888 1016
1119890 1016
1119891 1057
1119892 1032
1119893 1032
1119894 1032
1119895 1062
1119896 1042
1119897 1042
1119899 1066
1119900 1044
1119901 1044
1119902 1044
1119903 1067
1119904 1046
1119905 1046
1119906 1046
1119907 1068
1120000 229
1120001 237
1120002 238
1120005 747
1120006 748
1120008 840
1120009 848
1120010 849
1120012 940
1120013 948
1120014 949
1120016 1017
1120018 1019
1120020 1027
1120021 1033
1120022 1034
1120024 1039
1120025 1043
1120026 1044
1120029 1069
1120030 1050
1120032 1049
1120033 1051
1120034 1052
1120064 237
1120065 229
1120066 238
1120069 746
1120070 748
1120072 848
1120073 840
1120074 849
1120076 948
1120077 940
1120078 949
1120080 1018
1120082 1019
1120084 1033
1120085 1027
1120086 1034
1120088 1043
1120089 1039
1120090 1044
1120092 1069
1120094 1050
1120096 1051
1120097 1049
1120098 1052
1120128 238
1120129 238
1120130 238
1120131 300
1120133 748
1120134 748
1120135 755
1120136 849
1120137 849
1120138 849
1120139 902
1120140 949
1120141 949
1120142 949
1120143 994
1120144 1019
1120146 1019
1120147 1058
1120148 1034
1120149 1034
1120150 1034
1120151 1063
1120152 1044
1120153 1044
1120154 1044
1120155 1067
1120156 1050
1120157 1050
1120159 1070
1120160 1052
1120161 1052
1120162 1052
1120163 1071
1120256 231
1120257 239
1120258 240
1120261 750
1120262 751
1120264 842
1120265 850
1120266 851
1120268 942
1120269 950
1120270 951
1120272 1020
1120274 1022
1120276 1029
1120277 1035
1120278 1036
1120280 1041
1120281 1045
1120282 1046
1120284 1049
1120285 1051
1120286 1052
1120289 1072
1120290 1054
1120320 239
1120321 231
1120322 240
1120325 749
1120326 751
1120328 850
1120329 842
1120330 851
1120332 950
1120333 942
1120334 951
1120336 1021
1120338 1022
1120340 1035
1120341 1029
1120342 1036
1120344 1045
1120345 1041
1120346 1046
1120348 1051
1120349 1049
1120350 1052
1120352 1072
1120354 1054
1120384 240
1120385 240
1120386 240
1120387 301
1120389 751
1120390 751
1120391 756
1120392 851
1120393 851
1120394 851
1120395 903
1120396 951
1120397 951
1120398 951
1120399 995
1120400 1022
1120402 1022
1120403 1059
1120404 1036
1120405 1036
1120406 1036
1120407 1064
1120408 1046
1120409 1046
1120410 1046
1120411 1068
1120412 1052
1120413 1052
1120414 1052
1120415 1071
1120416 1054
1120417 1054
1120419 1073
1131840 241
1131841 302
1131842 248
1131845 757
1131846 758
1131848 852
1131849 904
1131850 859
1131852 952
1131853 996
1131854 959
1131856 1023
1131857 1060
1131858 1030
1131862 1074
1131864 1075
1131865 1076
1131866 1077
1131868 1078
1131869 1079
1131870 1080
1131872 1081
1131873 1082
1131874 1083
1132032 242
1132033 243
1132037 759
1132040 853
1132041 854
1132044 953
1132045 954
1132048 1024
1132049 1025
1132053 1075
1132057 1084
1132060 1085
1132061 1086
1132064 1087
1132065 1088
1132096 243
1132097 249
1132098 250
1132101 760
1132102 761
1132104 854
1132105 860
1132106 861
1132108 954
1132109 960
1132110 961
1132112 1025
1132113 1031
1132114 1032
1132117 1076
1132118 1077
1132120 1084
1132122 1089
1132124 1086
1132125 1090
1132126 1091
1132128 1088
1132129 1092
1132130 1093
1132288 244
1132289 245
1132293 762
1132296 855
1132297 856
1132300 955
1132301 956
1132304 1026
1132305 1027
1132309 1078
1132312 1085
1132313 1086
1132317 1094
1132320 1095
1132321 1096
1132352 245
1132353 251
1132354 252
1132357 763
1132358 764
1132360 856
1132361 862
1132362 863
1132364 956
1132365 962
1132366 963
1132368 1027
1132369 1033
1132370 1034
1132373 1079
1132374 1080
1132376 1086
1132377 1090
1132378 1091
1132380 1094
1132382 1097
1132384 1096
1132385 1098
1132386 1099
1132544 246
1132545 247
1132549 765
1132552 857
1132553 858
1132556 957
1132557 958
1132560 1028
1132561 1029
1132565 1081
1132568 1087
1132569 1088
1132572 1095
1132573 1096
1132577 1100
1132608 247
1132609 253
1132610 254
1132613 766
1132614 767
1132616 858
1132617 864
1132618 865
1132620 958
1132621 964
1132622 965
1132624 1029
1132625 1035
1132626 1036
1132629 1082
1132630 1083
1132632 1088
1132633 1092
1132634 1093
1132636 1096
1132637 1098
1132638 1099
1132640 1100
1132642 1101
1136000 248
1136001 248
1136003 303
1136005 758
1136007 768
1136008 859
1136009 859
1136011 905
1136012 959
1136013 959
1136015 997
1136016 1030
1136017 1030
1136019 1061
1136020 1074
1136023 1102
1136024 1077
1136025 1077
1136027 1103
1136028 1080
1136029 1080
1136031 1104
1136032 1083
1136033 1083
1136035 1105
1136128 243
1136129 249
1136130 250
1136133 760
1136134 761
1136136 854
1136137 860
1136138 861
1136140 954
1136141 960
1136142 961
1136144 1025
1136145 1031
1136146 1032
1136148 1075
1136150 1077
1136153 1106
1136154 1089
1136156 1086
1136157 1090
1136158 1091
1136160 1088
1136161 1092
1136162 1093
1136192 249
1136193 243
1136194 250
1136197 759
1136198 761
1136200 860
1136201 854
1136202 861
1136204 960
1136205 954
1136206 961
1136208 1031
1136209 1025
1136210 1032
1136212 1076
1136214 1077
1136216 1106
1136218 1089
1136220 1090
1136221 1086
1136222 1091
1136224 1092
1136225 1088
1136226 1093
1136256 250
1136257 250
1136258 250
1136259 304
1136261 761
1136262 761
1136263 769
1136264 861
1136265 861
1136266 861
1136267 906
1136268 961
1136269 961
1136270 961
1136271 998
1136272 1032
1136273 1032
1136274 1032
1136275 1062
1136276 1077
1136278 1077
1136279 1103
1136280 1089
1136281 1089
1136283 1107
1136284 1091
1136285 1091
1136286 1091
1136287 1108
1136288 1093
1136289 1093
1136290 1093
1136291 1109
1136384 245
1136385 251
1136386 252
1136389 763
1136390 764
1136392 856
1136393 862
1136394 863
1136396 956
1136397 962
1136398 963
1136400 1027
1136401 1033
1136402 1034
1136404 1078
1136406 1080
1136408 1086
1136409 1090
1136410 1091
1136413 1110
1136414 1097
1136416 1096
1136417 1098
1136418 1099
1136448 251
1136449 245
1136450 252
1136453 762
1136454 764
1136456 862
1136457 856
1136458 863
1136460 962
1136461 956
1136462 963
1136464 1033
1136465 1027
1136466 1034
1136468 1079
1136470 1080
1136472 1090
1136473 1086
1136474 1091
1136476 1110
1136478 1097
1136480 1098
1136481 1096
1136482 1099
1136512 252
1136513 252
1136514 252
1136515 305
1136517 764
1136518 764
1136519 770
1136520 863
1136521 863
1136522 863
1136523 907
1136524 963
1136525 963
1136526 963
1136527 999
1136528 1034
1136529 1034
1136530 1034
1136531 1063
1136532 1080
1136534 1080
1136535 1104
1136536 1091
1136537 1091
1136538 1091
1136539 1108
1136540 1097
1136541 1097
1136543 1111
1136544 1099
1136545 1099
1136546 1099
1136547 1112
1136640 247
1136641 253
1136642 254
1136645 766
1136646 767
1136648 858
1136649 864
1136650 865
1136652 958
1136653 964
1136654 965
1136656 1029
1136657 1035
1136658 1036
1136660 1081
1136662 1083
1136664 1088
1136665 1092
1136666 1093
1136668 1096
1136669 1098
1136670 1099
1136673 1113
1136674 1101
1136704 253
1136705 247
1136706 254
1136709 765
1136710 767
1136712 864
1136713 858
1136714 865
1136716 964
1136717 958
1136718 965
1136720 1035
1136721 1029
1136722 1036
1136724 1082
1136726 1083
1136728 1092
1136729 1088
1136730 1093
1136732 1098
1136733 1096
1136734 1099
1136736 1113
1136738 1101
1136768 254
1136769 254
1136770 254
1136771 306
1136773 767
1136774 767
1136775 771
1136776 865
1136777 865
1136778 865
1136779 908
1136780 965
1136781 965
1136782 965
1136783 1000
1136784 1036
1136785 1036
1136786 1036
1136787 1064
1136788 1083
1136790 1083
1136791 1105
1136792 1093
1136793 1093
1136794 1093
1136795 1109
1136796 1099
1136797 1099
1136798 1099
1136799 1112
1136800 1101
1136801 1101
1136803 1114
1148480 255
1148481 307
1148482 260
1148485 772
1148486 773
1148488 866
1148489 909
1148490 871
1148492 966
1148493 1001
1148494 971
1148496 1037
1148497 1065
1148498 1042
1148500 1084
1148501 1106
1148502 1089
1148506 1115
1148508 1116
1148509 1117
1148510 1118
1148512 1119
1148513 1120
1148514 1121
1148672 256
1148673 257
1148677 774
1148680 867
1148681 868
1148684 967
1148685 968
1148688 1038
1148689 1039
1148692 1085
1148693 1086
1148697 1116
1148701 1122
1148704 1123
1148705 1124
1148736 257
1148737 261
1148738 262
1148741 775
1148742 776
1148744 868
1148745 872
1148746 873
1148748 968
1148749 972
1148750 973
1148752 1039
1148753 1043
1148754 1044
1148756 1086
1148757 1090
1148758 1091
1148761 1117
1148762 1118
1148764 1122
1148766 1125
1148768 1124
1148769 1126
1148770 1127
1148928 258
1148929 259
1148933 777
1148936 869
1148937 870
1148940 969
1148941 970
1148944 1040
1148945 1041
1148948 1087
1148949 1088
1148953 1119
1148956 1123
1148957 1124
1148961 1128
1148992 259
1148993 263
1148994 264
1148997 778
1148998 779
1149000 870
1149001 874
1149002 875
1149004 970
1149005 974
1149006 975
1149008 1041
1149009 1045
1149010 1046
1149012 1088
1149013 1092
1149014 1093
1149017 1120
1149018 1121
1149020 1124
1149021 1126
1149022 1127
1149024 1128
1149026 1129
1152640 260
1152641 260
1152643 308
1152645 773
1152647 780
1152648 871
1152649 871
1152651 910
1152652 971
1152653 971
1152655 1002
1152656 1042
1152657 1042
1152659 1066
1152660 1089
1152661 1089
1152663 1107
1152664 1115
1152667 1130
1152668 1118
1152669 1118
1152671 1131
1152672 1121
1152673 1121
1152675 1132
1152768 257
1152769 261
1152770 262
1152773 775
1152774 776
1152776 868
1152777 872
1152778 873
1152780 968
1152781 972
1152782 973
1152784 1039
1152785 1043
1152786 1044
1152788 1086
1152789 1090
1152790 1091
1152792 1116
1152794 1118
1152797 1133
1152798 1125
1152800 1124
1152801 1126
1152802 1127
1152832 261
1152833 257
1152834 262
1152837 774
1152838 776
1152840 872
1152841 868
1152842 873
1152844 972
1152845 968
1152846 973
1152848 1043
1152849 1039
1152850 1044
1152852 1090
1152853 1086
1152854 1091
1152856 1117
1152858 1118
1152860 1133
1152862 1125
1152864 1126
1152865 1124
1152866 1127
1152896 262
1152897 262
1152898 262
1152899 309
1152901 776
1152902 776
1152903 781
1152904 873
1152905 873
1152906 873
1152907 911
1152908 973
1152909 973
1152910 973
1152911 1003
1152912 1044
1152913 1044
1152914 1044
1152915 1067
1152916 1091
1152917 1091
1152918 1091
1152919 1108
1152920 1118
1152922 1118
1152923 1131
1152924 1125
1152925 1125
1152927 1134
1152928 1127
1152929 1127
1152930 1127
1152931 1135
1153024 259
1153025 263
1153026 264
1153029 778
1153030 779
1153032 870
1153033 874
1153034 875
1153036 970
1153037 974
1153038 975
1153040 1041
1153041 1045
1153042 1046
1153044 1088
1153045 1092
1153046 1093
1153048 1119
1153050 1121
1153052 1124
1153053 1126
1153054 1127
1153057 1136
1153058 1129
1153088 263
1153089 259
1153090 264
1153093 777
1153094 779
1153096 874
1153097 870
1153098 875
1153100 974
1153101 970
1153102 975
1153104 1045
1153105 1041
1153106 1046
1153108 1092
1153109 1088
1153110 1093
1153112 1120
1153114 1121
1153116 1126
1153117 1124
1153118 1127
1153120 1136
1153122 1129
1153152 264
1153153 264
1153154 264
1153155 310
1153157 779
1153158 779
1153159 782
1153160 875
1153161 875
1153162 875
1153163 912
1153164 975
1153165 975
1153166 975
1153167 1004
1153168 1046
1153169 1046
1153170 1046
1153171 1068
1153172 1093
1153173 1093
1153174 1093
1153175 1109
1153176 1121
1153178 1121
1153179 1132
1153180 1127
1153181 1127
1153182 1127
1153183 1135
1153184 1129
1153185 1129
1153187 1137
1165120 265
1165121 311
1165122 268
1165125 783
1165126 784
1165128 876
1165129 913
1165130 879
1165132 976
1165133 1005
1165134 979
1165136 1047
1165137 1069
1165138 1050
1165140 1094
1165141 1110
1165142 1097
1165144 1122
1165145 1133
1165146 1125
1165150 1138
1165152 1139
1165153 1140
1165154 1141
1165312 266
1165313 267
1165317 785
1165320 877
1165321 878
1165324 977
1165325 978
1165328 1048
1165329 1049
1165332 1095
1165333 1096
1165336 1123
1165337 1124
1165341 1139
1165345 1142
1165376 267
1165377 269
1165378 270
1165381 786
1165382 787
1165384 878
1165385 880
1165386 881
1165388 978
1165389 980
1165390 981
1165392 1049
1165393 1051
1165394 1052
1165396 1096
1165397 1098
1165398 1099
1165400 1124
1165401 1126
1165402 1127
1165405 1140
1165406 1141
1165408 1142
1165410 1143
1169280 268
1169281 268
1169283 312
1169285 784
1169287 788
1169288 879
1169289 879
1169291 914
1169292 979
1169293 979
1169295 1006
1169296 1050
1169297 1050
1169299 1070
1169300 1097
1169301 1097
1169303 1111
1169304 1125
1169305 1125
1169307 1134
1169308 1138
1169311 1144
1169312 1141
1169313 1141
1169315 1145
1169408 267
1169409 269
1169410 270
1169413 786
1169414 787
1169416 878
1169417 880
1169418 881
1169420 978
1169421 980
1169422 981
1169424 1049
1169425 1051
1169426 1052
1169428 1096
1169429 1098
1169430 1099
1169432 1124
1169433 1126
1169434 1127
1169436 1139
1169438 1141
1169441 1146
1169442 1143
1169472 269
1169473 267
1169474 270
1169477 785
1169478 787
1169480 880
1169481 878
1169482 881
1169484 980
1169485 978
1169486 981
1169488 1051
1169489 1049
1169490 1052
1169492 1098
1169493 1096
1169494 1099
1169496 1126
1169497 1124
1169498 1127
1169500 1140
1169502 1141
1169504 1146
1169506 1143
1169536 270
1169537 270
1169538 270
1169539 313
1169541 787
1169542 787
1169543 789
1169544 881
1169545 881
1169546 881
1169547 915
1169548 981
1169549 981
1169550 981
1169551 1007
1169552 1052
1169553 1052
1169554 1052
1169555 1071
1169556 1099
1169557 1099
1169558 1099
1169559 1112
1169560 1127
1169561 1127
1169562 1127
1169563 1135
1169564 1141
1169566 1141
1169567 1145
1169568 1143
1169569 1143
1169571 1147
1181760 271
1181761 314
1181762 272
1181765 790
1181766 791
1181768 882
1181769 916
1181770 883
1181772 982
1181773 1008
1181774 983
1181776 1053
1181777 1072
1181778 1054
1181780 1100
1181781 1113
1181782 1101
1181784 1128
1181785 1136
1181786 1129
1181788 1142
1181789 1146
1181790 1143
1181794 1148
1185920 272
1185921 272
1185923 315
1185925 791
1185927 792
1185928 883
1185929 883
1185931 917
1185932 983
1185933 983
1185935 1009
1185936 1054
1185937 1054
1185939 1073
1185940 1101
1185941 1101
1185943 1114
1185944 1129
1185945 1129
1185947 1137
1185948 1143
1185949 1143
1185951 1147
1185952 1148
1185955 1149
2134656 316
2134659 407
2134660 793
2134663 884
2134667 1150
2134668 1151
2134671 1152
2134672 1153
2134675 1154
2134676 1155
2134679 1156
2134680 1157
2134683 1158
2134684 1159
2134687 1160
2134688 1161
2134691 1162
2134784 317
2134785 318
2134786 319
2134788 794
2134789 795
2134790 796
2134794 1151
2134797 1163
2134798 1164
2134800 1165
2134801 1166
2134802 1167
2134804 1168
2134805 1169
2134806 1170
2134808 1171
2134809 1172
2134810 1173
2134812 1174
2134813 1175
2134814 1176
2134816 1177
2134817 1178
2134818 1179
2134912 319
2134914 319
2134915 408
2134916 796
2134918 796
2134919 885
2134922 1151
2134923 1152
2134924 1164
2134927 1180
2134928 1167
2134930 1167
2134931 1181
2134932 1170
2134934 1170
2134935 1182
2134936 1173
2134938 1173
2134939 1183
2134940 1176
2134942 1176
2134943 1184
2134944 1179
2134946 1179
2134947 1185
2135040 320
2135041 321
2135042 322
2135044 797
2135045 798
2135046 799
2135050 1153
2135052 1165
2135053 1166
2135054 1167
2135057 1186
2135058 1187
2135060 1188
2135061 1189
2135062 1190
2135064 1191
2135065 1192
2135066 1193
2135068 1194
2135069 1195
2135070 1196
2135072 1197
2135073 1198
2135074 1199
2135168 322
2135170 322
2135171 409
2135172 799
2135174 799
2135175 886
2135178 1153
2135179 1154
2135180 1167
2135182 1167
2135183 1181
2135184 1187
2135187 1200
2135188 1190
2135190 1190
2135191 1201
2135192 1193
2135194 1193
2135195 1202
2135196 1196
2135198 1196
2135199 1203
2135200 1199
2135202 1199
2135203 1204
2135296 323
2135297 324
2135298 325
2135300 800
2135301 801
2135302 802
2135306 1155
2135308 1168
2135309 1169
2135310 1170
2135312 1188
2135313 1189
2135314 1190
2135317 1205
2135318 1206
2135320 1207
2135321 1208
2135322 1209
2135324 1210
2135325 1211
2135326 1212
2135328 1213
2135329 1214
2135330 1215
2135424 325
2135426 325
2135427 410
2135428 802
2135430 802
2135431 887
2135434 1155
2135435 1156
2135436 1170
2135438 1170
2135439 1182
2135440 1190
2135442 1190
2135443 1201
2135444 1206
2135447 1216
2135448 1209
2135450 1209
2135451 1217
2135452 1212
2135454 1212
2135455 1218
2135456 1215
2135458 1215
2135459 1219
2135552 326
2135553 327
2135554 328
2135556 803
2135557 804
2135558 805
2135562 1157
2135564 1171
2135565 1172
2135566 1173
2135568 1191
2135569 1192
2135570 1193
2135572 1207
2135573 1208
2135574 1209
2135577 1220
2135578 1221
2135580 1222
2135581 1223
2135582 1224
2135584 1225
2135585 1226
2135586 1227
2135680 328
2135682 328
2135683 411
2135684 805
2135686 805
2135687 888
2135690 1157
2135691 1158
2135692 1173
2135694 1173
2135695 1183
2135696 1193
2135698 1193
2135699 1202
2135700 1209
2135702 1209
2135703 1217
2135704 1221
2135707 1228
2135708 1224
2135710 1224
2135711 1229
2135712 1227
2135714 1227
2135715 1230
2135808 329
2135809 330
2135810 331
2135812 806
2135813 807
2135814 808
2135818 1159
2135820 1174
2135821 1175
2135822 1176
2135824 1194
2135825 1195
2135826 1196
2135828 1210
2135829 1211
2135830 1212
2135832 1222
2135833 1223
2135834 1224
2135837 1231
2135838 1232
2135840 1233
2135841 1234
2135842 1235
2135936 331
2135938 331
2135939 412
2135940 808
2135942 808
2135943 889
2135946 1159
2135947 1160
2135948 1176
2135950 1176
2135951 1184
2135952 1196
2135954 1196
2135955 1203
2135956 1212
2135958 1212
2135959 1218
2135960 1224
2135962 1224
2135963 1229
2135964 1232
2135967 1236
2135968 1235
2135970 1235
2135971 1237
2136064 332
2136065 333
2136066 334
2136068 809
2136069 810
2136070 811
2136074 1161
2136076 1177
2136077 1178
2136078 1179
2136080 1197
2136081 1198
2136082 1199
2136084 1213
2136085 1214
2136086 1215
2136088 1225
2136089 1226
2136090 1227
2136092 1233
2136093 1234
2136094 1235
2136097 1238
2136098 1239
2136192 334
2136194 334
2136195 413
2136196 811
2136198 811
2136199 890
2136202 1161
2136203 1162
2136204 1179
2136206 1179
2136207 1185
2136208 1199
2136210 1199
2136211 1204
2136212 1215
2136214 1215
2136215 1219
2136216 1227
2136218 1227
2136219 1230
2136220 1235
2136222 1235
2136223 1237
2136224 1239
2136227 1240
2147136 335
2147137 414
2147138 346
2147140 812
2147141 891
2147142 823
2147145 1163
2147146 1164
2147150 1241
2147152 1242
2147153 1243
2147154 1244
2147156 1245
2147157 1246
2147158 1247
2147160 1248
2147161 1249
2147162 1250
2147164 1251
2147165 1252
2147166 1253
2147168 1254
2147169 1255
2147170 1256
2147328 336
2147329 337
2147332 813
2147333 814
2147337 1165
2147341 1242
2147345 1257
2147348 1258
2147349 1259
2147352 1260
2147353 1261
2147356 1262
2147357 1263
2147360 1264
2147361 1265
2147392 337
2147393 347
2147394 348
2147396 814
2147397 824
2147398 825
2147401 1166
2147402 1167
2147405 1243
2147406 1244
2147408 1257
2147410 1266
2147412 1259
2147413 1267
2147414 1268
2147416 1261
2147417 1269
2147418 1270
2147420 1263
2147421 1271
2147422 1272
2147424 1265
2147425 1273
2147426 1274
2147584 338
2147585 339
2147588 815
2147589 816
2147593 1168
2147597 1245
2147600 1258
2147601 1259
2147605 1275
2147608 1276
2147609 1277
2147612 1278
2147613 1279
2147616 1280
2147617 1281
2147648 339
2147649 349
2147650 350
2147652 816
2147653 826
2147654 827
2147657 1169
2147658 1170
2147661 1246
2147662 1247
2147664 1259
2147665 1267
2147666 1268
2147668 1275
2147670 1282
2147672 1277
2147673 1283
2147674 1284
2147676 1279
2147677 1285
2147678 1286
2147680 1281
2147681 1287
2147682 1288
2147840 340
2147841 341
2147844 817
2147845 818
2147849 1171
2147853 1248
2147856 1260
2147857 1261
2147860 1276
2147861 1277
2147865 1289
2147868 1290
2147869 1291
2147872 1292
2147873 1293
2147904 341
2147905 351
2147906 352
2147908 818
2147909 828
2147910 829
2147913 1172
2147914 1173
2147917 1249
2147918 1250
2147920 1261
2147921 1269
2147922 1270
2147924 1277
2147925 1283
2147926 1284
2147928 1289
2147930 1294
2147932 1291
2147933 1295
2147934 1296
2147936 1293
2147937 1297
2147938 1298
2148096 342
2148097 343
2148100 819
2148101 820
2148105 1174
2148109 1251
2148112 1262
2148113 1263
2148116 1278
2148117 1279
2148120 1290
2148121 1291
2148125 1299
2148128 1300
2148129 1301
2148160 343
2148161 353
2148162 354
2148164 820
2148165 830
2148166 831
2148169 1175
2148170 1176
2148173 1252
2148174 1253
2148176 1263
2148177 1271
2148178 1272
2148180 1279
2148181 1285
2148182 1286
2148184 1291
2148185 1295
2148186 1296
2148188 1299
2148190 1302
2148192 1301
2148193 1303
2148194 1304
2148352 344
2148353 345
2148356 821
2148357 822
2148361 1177
2148365 1254
2148368 1264
2148369 1265
2148372 1280
2148373 1281
2148376 1292
2148377 1293
2148380 1300
2148381 1301
2148385 1305
2148416 345
2148417 355
2148418 356
2148420 822
2148421 832
2148422 833
2148425 1178
2148426 1179
2148429 1255
2148430 1256
2148432 1265
2148433 1273
2148434 1274
2148436 1281
2148437 1287
2148438 1288
2148440 1293
2148441 1297
2148442 1298
2148444 1301
2148445 1303
2148446 1304
2148448 1305
2148450 1306
2151296 346
2151297 346
2151299 415
2151300 823
2151301 823
2151303 892
2151305 1164
2151307 1180
2151308 1241
2151311 1307
2151312 1244
2151313 1244
2151315 1308
2151316 1247
2151317 1247
2151319 1309
2151320 1250
2151321 1250
2151323 1310
2151324 1253
2151325 1253
2151327 1311
2151328 1256
2151329 1256
2151331 1312
2151424 337
2151425 347
2151426 348
2151428 814
2151429 824
2151430 825
2151433 1166
2151434 1167
2151436 1242
2151438 1244
2151441 1313
2151442 1266
2151444 1259
2151445 1267
2151446 1268
2151448 1261
2151449 1269
2151450 1270
2151452 1263
2151453 1271
2151454 1272
2151456 1265
2151457 1273
2151458 1274
2151488 347
2151489 337
2151490 348
2151492 824
2151493 814
2151494 825
2151497 1165
2151498 1167
2151500 1243
2151502 1244
2151504 1313
2151506 1266
2151508 1267
2151509 1259
2151510 1268
2151512 1269
2151513 1261
2151514 1270
2151516 1271
2151517 1263
2151518 1272
2151520 1273
2151521 1265
2151522 1274
2151552 348
2151553 348
2151554 348
2151555 416
2151556 825
2151557 825
2151558 825
2151559 893
2151561 1167
2151562 1167
2151563 1181
2151564 1244
2151566 1244
2151567 1308
2151568 1266
2151569 1266
2151571 1314
2151572 1268
2151573 1268
2151574 1268
2151575 1315
2151576 1270
2151577 1270
2151578 1270
2151579 1316
2151580 1272
2151581 1272
2151582 1272
2151583 1317
2151584 1274
2151585 1274
2151586 1274
2151587 1318
2151680 339
2151681 349
2151682 350
2151684 816
2151685 826
2151686 827
2151689 1169
2151690 1170
2151692 1245
2151694 1247
2151696 1259
2151697 1267
2151698 1268
2151701 1319
2151702 1282
2151704 1277
2151705 1283
2151706 1284
2151708 1279
2151709 1285
2151710 1286
2151712 1281
2151713 1287
2151714 1288
2151744 349
2151745 339
2151746 350
2151748 826
2151749 816
2151750 827
2151753 1168
2151754 1170
2151756 1246
2151758 1247
2151760 1267
2151761 1259
2151762 1268
2151764 1319
2151766 1282
2151768 1283
2151769 1277
2151770 1284
2151772 1285
2151773 1279
2151774 1286
2151776 1287
2151777 1281
2151778 1288
2151808 350
2151809 350
2151810 350
2151811 417
2151812 827
2151813 827
2151814 827
2151815 894
2151817 1170
2151818 1170
2151819 1182
2151820 1247
2151822 1247
2151823 1309
2151824 1268
2151825 1268
2151826 1268
2151827 1315
2151828 1282
2151829 1282
2151831 1320
2151832 1284
2151833 1284
2151834 1284
2151835 1321
2151836 1286
2151837 1286
2151838 1286
2151839 1322
2151840 1288
2151841 1288
2151842 1288
2151843 1323
2151936 341
2151937 351
2151938 352
2151940 818
2151941 828
2151942 829
2151945 1172
2151946 1173
2151948 1248
2151950 1250
2151952 1261
2151953 1269
2151954 1270
2151956 1277
2151957 1283
2151958 1284
2151961 1324
2151962 1294
2151964 1291
2151965 1295
2151966 1296
2151968 1293
2151969 1297
2151970 1298
2152000 351
2152001 341
2152002 352
2152004 828
2152005 818
2152006 829
2152009 1171
2152010 1173
2152012 1249
2152014 1250
2152016 1269
2152017 1261
2152018 1270
2152020 1283
2152021 1277
2152022 1284
2152024 1324
2152026 1294
2152028 1295
2152029 1291
2152030 1296
2152032 1297
2152033 1293
2152034 1298
2152064 352
2152065 352
2152066 352
2152067 418
2152068 829
2152069 829
2152070 829
2152071 895
2152073 1173
2152074 1173
2152075 1183
2152076 1250
2152078 1250
2152079 1310
2152080 1270
2152081 1270
2152082 1270
2152083 1316
2152084 1284
2152085 1284
2152086 1284
2152087 1321
2152088 1294
2152089 1294
2152091 1325
2152092 1296
2152093 1296
2152094 1296
2152095 1326
2152096 1298
2152097 1298
2152098 1298
2152099 1327
2152192 343
2152193 353
2152194 354
2152196 820
2152197 830
2152198 831
2152201 1175
2152202 1176
2152204 1251
2152206 1253
2152208 1263
2152209 1271
2152210 1272
2152212 1279
2152213 1285
2152214 1286
2152216 1291
2152217 1295
2152218 1296
2152221 1328
2152222 1302
2152224 1301
2152225 1303
2152226 1304
2152256 353
2152257 343
2152258 354
2152260 830
2152261 820
2152262 831
2152265 1174
2152266 1176
2152268 1252
2152270 1253
2152272 1271
2152273 1263
2152274 1272
2152276 1285
2152277 1279
2152278 1286
2152280 1295
2152281 1291
2152282 1296
2152284 1328
2152286 1302
2152288 1303
2152289 1301
2152290 1304
2152320 354
2152321 354
2152322 354
2152323 419
2152324 831
2152325 831
2152326 831
2152327 896
2152329 1176
2152330 1176
2152331 1184
2152332 1253
2152334 1253
2152335 1311
2152336 1272
2152337 1272
2152338 1272
2152339 1317
2152340 1286
2152341 1286
2152342 1286
2152343 1322
2152344 1296
2152345 1296
2152346 1296
2152347 1326
2152348 1302
2152349 1302
2152351 1329
2152352 1304
2152353 1304
2152354 1304
2152355 1330
2152448 345
2152449 355
2152450 356
2152452 822
2152453 832
2152454 833
2152457 1178
2152458 1179
2152460 1254
2152462 1256
2152464 1265
2152465 1273
2152466 1274
2152468 1281
2152469 1287
2152470 1288
2152472 1293
2152473 1297
2152474 1298
2152476 1301
2152477 1303
2152478 1304
2152481 1331
2152482 1306
2152512 355
2152513 345
2152514 356
2152516 832
2152517 822
2152518 833
2152521 1177
2152522 1179
2152524 1255
2152526 1256
2152528 1273
2152529 1265
2152530 1274
2152532 1287
2152533 1281
2152534 1288
2152536 1297
2152537 1293
2152538 1298
2152540 1303
2152541 1301
2152542 1304
2152544 1331
2152546 1306
2152576 356
2152577 356
2152578 356
2152579 420
2152580 833
2152581 833
2152582 833
2152583 897
2152585 1179
2152586 1179
2152587 1185
2152588 1256
2152590 1256
2152591 1312
2152592 1274
2152593 1274
2152594 1274
2152595 1318
2152596 1288
2152597 1288
2152598 1288
2152599 1323
2152600 1298
2152601 1298
2152602 1298
2152603 1327
2152604 1304
2152605 1304
2152606 1304
2152607 1330
2152608 1306
2152609 1306
2152611 1332
2163776 357
2163777 421
2163778 366
2163780 834
2163781 898
2163782 843
2163785 1186
2163786 1187
2163788 1257
2163789 1313
2163790 1266
2163794 1333
2163796 1334
2163797 1335
2163798 1336
2163800 1337
2163801 1338
2163802 1339
2163804 1340
2163805 1341
2163806 1342
2163808 1343
2163809 1344
2163810 1345
2163968 358
2163969 359
2163972 835
2163973 836
2163977 1188
2163980 1258
2163981 1259
2163985 1334
2163989 1346
2163992 1347
2163993 1348
2163996 1349
2163997 1350
2164000 1351
2164001 1352
2164032 359
2164033 367
2164034 368
2164036 836
2164037 844
2164038 845
2164041 1189
2164042 1190
2164044 1259
2164045 1267
2164046 1268
2164049 1335
2164050 1336
2164052 1346
2164054 1353
2164056 1348
2164057 1354
2164058 1355
2164060 1350
2164061 1356
2164062 1357
2164064 1352
2164065 1358
2164066 1359
2164224 360
2164225 361
2164228 837
2164229 838
2164233 1191
2164236 1260
2164237 1261
2164241 1337
2164244 1347
2164245 1348
2164249 1360
2164252 1361
2164253 1362
2164256 1363
2164257 1364
2164288 361
2164289 369
2164290 370
2164292 838
2164293 846
2164294 847
2164297 1192
2164298 1193
2164300 1261
2164301 1269
2164302 1270
2164305 1338
2164306 1339
2164308 1348
2164309 1354
2164310 1355
2164312 1360
2164314 1365
2164316 1362
2164317 1366
2164318 1367
2164320 1364
2164321 1368
2164322 1369
2164480 362
2164481 363
2164484 839
2164485 840
2164489 1194
2164492 1262
2164493 1263
2164497 1340
2164500 1349
2164501 1350
2164504 1361
2164505 1362
2164509 1370
2164512 1371
2164513 1372
2164544 363
2164545 371
2164546 372
2164548 840
2164549 848
2164550 849
2164553 1195
2164554 1196
2164556 1263
2164557 1271
2164558 1272
2164561 1341
2164562 1342
2164564 1350
2164565 1356
2164566 1357
2164568 1362
2164569 1366
2164570 1367
2164572 1370
2164574 1373
2164576 1372
2164577 1374
2164578 1375
2164736 364
2164737 365
2164740 841
2164741 842
2164745 1197
2164748 1264
2164749 1265
2164753 1343
2164756 1351
2164757 1352
2164760 1363
2164761 1364
2164764 1371
2164765 1372
2164769 1376
2164800 365
2164801 373
2164802 374
2164804 842
2164805 850
2164806 851
2164809 1198
2164810 1199
2164812 1265
2164813 1273
2164814 1274
2164817 1344
2164818 1345
2164820 1352
2164821 1358
2164822 1359
2164824 1364
2164825 1368
2164826 1369
2164828 1372
2164829 1374
2164830 1375
2164832 1376
2164834 1377
2167936 366
2167937 366
2167939 422
2167940 843
2167941 843
2167943 899
2167945 1187
2167947 1200
2167948 1266
2167949 1266
2167951 1314
2167952 1333
2167955 1378
2167956 1336
2167957 1336
2167959 1379
2167960 1339
2167961 1339
2167963 1380
2167964 1342
2167965 1342
2167967 1381
2167968 1345
2167969 1345
2167971 1382
2168064 359
2168065 367
2168066 368
2168068 836
2168069 844
2168070 845
2168073 1189
2168074 1190
2168076 1259
2168077 1267
2168078 1268
2168080 1334
2168082 1336
2168085 1383
2168086 1353
2168088 1348
2168089 1354
2168090 1355
2168092 1350
2168093 1356
2168094 1357
2168096 1352
2168097 1358
2168098 1359
2168128 367
2168129 359
2168130 368
2168132 844
2168133 836
2168134 845
2168137 1188
2168138 1190
2168140 1267
2168141 1259
2168142 1268
2168144 1335
2168146 1336
2168148 1383
2168150 1353
2168152 1354
2168153 1348
2168154 1355
2168156 1356
2168157 1350
2168158 1357
2168160 1358
2168161 1352
2168162 1359
2168192 368
2168193 368
2168194 368
2168195 423
2168196 845
2168197 845
2168198 845
2168199 900
2168201 1190
2168202 1190
2168203 1201
2168204 1268
2168205 1268
2168206 1268
2168207 1315
2168208 1336
2168210 1336
2168211 1379
2168212 1353
2168213 1353
2168215 1384
2168216 1355
2168217 1355
2168218 1355
2168219 1385
2168220 1357
2168221 1357
2168222 1357
2168223 1386
2168224 1359
2168225 1359
2168226 1359
2168227 1387
2168320 361
2168321 369
2168322 370
2168324 838
2168325 846
2168326 847
2168329 1192
2168330 1193
2168332 1261
2168333 1269
2168334 1270
2168336 1337
2168338 1339
2168340 1348
2168341 1354
2168342 1355
2168345 1388
2168346 1365
2168348 1362
2168349 1366
2168350 1367
2168352 1364
2168353 1368
2168354 1369
2168384 369
2168385 361
2168386 370
2168388 846
2168389 838
2168390 847
2168393 1191
2168394 1193
2168396 1269
2168397 1261
2168398 1270
2168400 1338
2168402 1339
2168404 1354
2168405 1348
2168406 1355
2168408 1388
2168410 1365
2168412 1366
2168413 1362
2168414 1367
2168416 1368
2168417 1364
2168418 1369
2168448 370
2168449 370
2168450 370
2168451 424
2168452 847
2168453 847
2168454 847
2168455 901
2168457 1193
2168458 1193
2168459 1202
2168460 1270
2168461 1270
2168462 1270
2168463 1316
2168464 1339
2168466 1339
2168467 1380
2168468 1355
2168469 1355
2168470 1355
2168471 1385
2168472 1365
2168473 1365
2168475 1389
2168476 1367
2168477 1367
2168478 1367
2168479 1390
2168480 1369
2168481 1369
2168482 1369
2168483 1391
2168576 363
2168577 371
2168578 372
2168580 840
2168581 848
2168582 849
2168585 1195
2168586 1196
2168588 1263
2168589 1271
2168590 1272
2168592 1340
2168594 1342
2168596 1350
2168597 1356
2168598 1357
2168600 1362
2168601 1366
2168602 1367
2168605 1392
2168606 1373
2168608 1372
2168609 1374
2168610 1375
2168640 371
2168641 363
2168642 372
2168644 848
2168645 840
2168646 849
2168649 1194
2168650 1196
2168652 1271
2168653 1263
2168654 1272
2168656 1341
2168658 1342
2168660 1356
2168661 1350
2168662 1357
2168664 1366
2168665 1362
2168666 1367
2168668 1392
2168670 1373
2168672 1374
2168673 1372
2168674 1375
2168704 372
2168705 372
2168706 372
2168707 425
2168708 849
2168709 849
2168710 849
2168711 902
2168713 1196
2168714 1196
2168715 1203
2168716 1272
2168717 1272
2168718 1272
2168719 1317
2168720 1342
2168722 1342
2168723 1381
2168724 1357
2168725 1357
2168726 1357
2168727 1386
2168728 1367
2168729 1367
2168730 1367
2168731 1390
2168732 1373
2168733 1373
2168735 1393
2168736 1375
2168737 1375
2168738 1375
2168739 1394
2168832 365
2168833 373
2168834 374
2168836 842
2168837 850
2168838 851
2168841 1198
2168842 1199
2168844 1265
2168845 1273
2168846 1274
2168848 1343
2168850 1345
2168852 1352
2168853 1358
2168854 1359
2168856 1364
2168857 1368
2168858 1369
2168860 1372
2168861 1374
2168862 1375
2168865 1395
2168866 1377
2168896 373
2168897 365
2168898 374
2168900 850
2168901 842
2168902 851
2168905 1197
2168906 1199
2168908 1273
2168909 1265
2168910 1274
2168912 1344
2168914 1345
2168916 1358
2168917 1352
2168918 1359
2168920 1368
2168921 1364
2168922 1369
2168924 1374
2168925 1372
2168926 1375
2168928 1395
2168930 1377
2168960 374
2168961 374
2168962 374
2168963 426
2168964 851
2168965 851
2168966 851
2168967 903
2168969 1199
2168970 1199
2168971 1204
2168972 1274
2168973 1274
2168974 1274
2168975 1318
2168976 1345
2168978 1345
2168979 1382
2168980 1359
2168981 1359
2168982 1359
2168983 1387
2168984 1369
2168985 1369
2168986 1369
2168987 1391
2168988 1375
2168989 1375
2168990 1375
2168991 1394
2168992 1377
2168993 1377
2168995 1396
2180416 375
2180417 427
2180418 382
2180420 852
2180421 904
2180422 859
2180425 1205
2180426 1206
2180428 1275
2180429 1319
2180430 1282
2180432 1346
2180433 1383
2180434 1353
2180438 1397
2180440 1398
2180441 1399
2180442 1400
2180444 1401
2180445 1402
2180446 1403
2180448 1404
2180449 1405
2180450 1406
2180608 376
2180609 377
2180612 853
2180613 854
2180617 1207
2180620 1276
2180621 1277
2180624 1347
2180625 1348
2180629 1398
2180633 1407
2180636 1408
2180637 1409
2180640 1410
2180641 1411
2180672 377
2180673 383
2180674 384
2180676 854
2180677 860
2180678 861
2180681 1208
2180682 1209
2180684 1277
2180685 1283
2180686 1284
2180688 1348
2180689 1354
2180690 1355
2180693 1399
2180694 1400
2180696 1407
2180698 1412
2180700 1409
2180701 1413
2180702 1414
2180704 1411
2180705 1415
2180706 1416
2180864 378
2180865 379
2180868 855
2180869 856
2180873 1210
2180876 1278
2180877 1279
2180880 1349
2180881 1350
2180885 1401
2180888 1408
2180889 1409
2180893 1417
2180896 1418
2180897 1419
2180928 379
2180929 385
2180930 386
2180932 856
2180933 862
2180934 863
2180937 1211
2180938 1212
2180940 1279
2180941 1285
2180942 1286
2180944 1350
2180945 1356
2180946 1357
2180949 1402
2180950 1403
2180952 1409
2180953 1413
2180954 1414
2180956 1417
2180958 1420
2180960 1419
2180961 1421
2180962 1422
2181120 380
2181121 381
2181124 857
2181125 858
2181129 1213
2181132 1280
2181133 1281
2181136 1351
2181137 1352
2181141 1404
2181144 1410
2181145 1411
2181148 1418
2181149 1419
2181153 1423
2181184 381
2181185 387
2181186 388
2181188 858
2181189 864
2181190 865
2181193 1214
2181194 1215
2181196 1281
2181197 1287
2181198 1288
2181200 1352
2181201 1358
2181202 1359
2181205 1405
2181206 1406
2181208 1411
2181209 1415
2181210 1416
2181212 1419
2181213 1421
2181214 1422
2181216 1423
2181218 1424
2184576 382
2184577 382
2184579 428
2184580 859
2184581 859
2184583 905
2184585 1206
2184587 1216
2184588 1282
2184589 1282
2184591 1320
2184592 1353
2184593 1353
2184595 1384
2184596 1397
2184599 1425
2184600 1400
2184601 1400
2184603 1426
2184604 1403
2184605 1403
2184607 1427
2184608 1406
2184609 1406
2184611 1428
2184704 377
2184705 383
2184706 384
2184708 854
2184709 860
2184710 861
2184713 1208
2184714 1209
2184716 1277
2184717 1283
2184718 1284
2184720 1348
2184721 1354
2184722 1355
2184724 1398
2184726 1400
2184729 1429
2184730 1412
2184732 1409
2184733 1413
2184734 1414
2184736 1411
2184737 1415
2184738 1416
2184768 383
2184769 377
2184770 384
2184772 860
2184773 854
2184774 861
2184777 1207
2184778 1209
2184780 1283
2184781 1277
2184782 1284
2184784 1354
2184785 1348
2184786 1355
2184788 1399
2184790 1400
2184792 1429
2184794 1412
2184796 1413
2184797 1409
2184798 1414
2184800 1415
2184801 1411
2184802 1416
2184832 384
2184833 384
2184834 384
2184835 429
2184836 861
2184837 861
2184838 861
2184839 906
2184841 1209
2184842 1209
2184843 1217
2184844 1284
2184845 1284
2184846 1284
2184847 1321
2184848 1355
2184849 1355
2184850 1355
2184851 1385
2184852 1400
2184854 1400
2184855 1426
2184856 1412
2184857 1412
2184859 1430
2184860 1414
2184861 1414
2184862 1414
2184863 1431
2184864 1416
2184865 1416
2184866 1416
2184867 1432
2184960 379
2184961 385
2184962 386
2184964 856
2184965 862
2184966 863
2184969 1211
2184970 1212
2184972 1279
2184973 1285
2184974 1286
2184976 1350
2184977 1356
2184978 1357
2184980 1401
2184982 1403
2184984 1409
2184985 1413
2184986 1414
2184989 1433
2184990 1420
2184992 1419
2184993 1421
2184994 1422
2185024 385
2185025 379
2185026 386
2185028 862
2185029 856
2185030 863
2185033 1210
2185034 1212
2185036 1285
2185037 1279
2185038 1286
2185040 1356
2185041 1350
2185042 1357
2185044 1402
2185046 1403
2185048 1413
2185049 1409
2185050 1414
2185052 1433
2185054 1420
2185056 1421
2185057 1419
2185058 1422
2185088 386
2185089 386
2185090 386
2185091 430
2185092 863
2185093 863
2185094 863
2185095 907
2185097 1212
2185098 1212
2185099 1218
2185100 1286
2185101 1286
2185102 1286
2185103 1322
2185104 1357
2185105 1357
2185106 1357
2185107 1386
2185108 1403
2185110 1403
2185111 1427
2185112 1414
2185113 1414
2185114 1414
2185115 1431
2185116 1420
2185117 1420
2185119 1434
2185120 1422
2185121 1422
2185122 1422
2185123 1435
2185216 381
2185217 387
2185218 388
2185220 858
2185221 864
2185222 865
2185225 1214
2185226 1215
2185228 1281
2185229 1287
2185230 1288
2185232 1352
2185233 1358
2185234 1359
2185236 1404
2185238 1406
2185240 1411
2185241 1415
2185242 1416
2185244 1419
2185245 1421
2185246 1422
2185249 1436
2185250 1424
2185280 387
2185281 381
2185282 388
2185284 864
2185285 858
2185286 865
2185289 1213
2185290 1215
2185292 1287
2185293 1281
2185294 1288
2185296 1358
2185297 1352
2185298 1359
2185300 1405
2185302 1406
2185304 1415
2185305 1411
2185306 1416
2185308 1421
2185309 1419
2185310 1422
2185312 1436
2185314 1424
2185344 388
2185345 388
2185346 388
2185347 431
2185348 865
2185349 865
2185350 865
2185351 908
2185353 1215
2185354 1215
2185355 1219
2185356 1288
2185357 1288
2185358 1288
2185359 1323
2185360 1359
2185361 1359
2185362 1359
2185363 1387
2185364 1406
2185366 1406
2185367 1428
2185368 1416
2185369 1416
2185370 1416
2185371 1432
2185372 1422
2185373 1422
2185374 1422
2185375 1435
2185376 1424
2185377 1424
2185379 1437
2197056 389
2197057 432
2197058 394
2197060 866
2197061 909
2197062 871
2197065 1220
2197066 1221
2197068 1289
2197069 1324
2197070 1294
2197072 1360
2197073 1388
2197074 1365
2197076 1407
2197077 1429
2197078 1412
2197082 1438
2197084 1439
2197085 1440
2197086 1441
2197088 1442
2197089 1443
2197090 1444
2197248 390
2197249 391
2197252 867
2197253 868
2197257 1222
2197260 1290
2197261 1291
2197264 1361
2197265 1362
2197268 1408
2197269 1409
2197273 1439
2197277 1445
2197280 1446
2197281 1447
2197312 391
2197313 395
2197314 396
2197316 868
2197317 872
2197318 873
2197321 1223
2197322 1224
2197324 1291
2197325 1295
2197326 1296
2197328 1362
2197329 1366
2197330 1367
2197332 1409
2197333 1413
2197334 1414
2197337 1440
2197338 1441
2197340 1445
2197342 1448
2197344 1447
2197345 1449
2197346 1450
2197504 392
2197505 393
2197508 869
2197509 870
2197513 1225
2197516 1292
2197517 1293
2197520 1363
2197521 1364
2197524 1410
2197525 1411
2197529 1442
2197532 1446
2197533 1447
2197537 1451
2197568 393
2197569 397
2197570 398
2197572 870
2197573 874
2197574 875
2197577 1226
2197578 1227
2197580 1293
2197581 1297
2197582 1298
2197584 1364
2197585 1368
2197586 1369
2197588 1411
2197589 1415
2197590 1416
2197593 1443
2197594 1444
2197596 1447
2197597 1449
2197598 1450
2197600 1451
2197602 1452
2201216 394
2201217 394
2201219 433
2201220 871
2201221 871
2201223 910
2201225 1221
2201227 1228
2201228 1294
2201229 1294
2201231 1325
2201232 1365
2201233 1365
2201235 1389
2201236 1412
2201237 1412
2201239 1430
2201240 1438
2201243 1453
2201244 1441
2201245 1441
2201247 1454
2201248 1444
2201249 1444
2201251 1455
2201344 391
2201345 395
2201346 396
2201348 868
2201349 872
2201350 873
2201353 1223
2201354 1224
2201356 1291
2201357 1295
2201358 1296
2201360 1362
2201361 1366
2201362 1367
2201364 1409
2201365 1413
2201366 1414
2201368 1439
2201370 1441
2201373 1456
2201374 1448
2201376 1447
2201377 1449
2201378 1450
2201408 395
2201409 391
2201410 396
2201412 872
2201413 868
2201414 873
2201417 1222
2201418 1224
2201420 1295
2201421 1291
2201422 1296
2201424 1366
2201425 1362
2201426 1367
2201428 1413
2201429 1409
2201430 1414
2201432 1440
2201434 1441
2201436 1456
2201438 1448
2201440 1449
2201441 1447
2201442 1450
2201472 396
2201473 396
2201474 396
2201475 434
2201476 873
2201477 873
2201478 873
2201479 911
2201481 1224
2201482 1224
2201483 1229
2201484 1296
2201485 1296
2201486 1296
2201487 1326
2201488 1367
2201489 1367
2201490 1367
2201491 1390
2201492 1414
2201493 1414
2201494 1414
2201495 1431
2201496 1441
2201498 1441
2201499 1454
2201500 1448
2201501 1448
2201503 1457
2201504 1450
2201505 1450
2201506 1450
2201507 1458
2201600 393
2201601 397
2201602 398
2201604 870
2201605 874
2201606 875
2201609 1226
2201610 1227
2201612 1293
2201613 1297
2201614 1298
2201616 1364
2201617 1368
2201618 1369
2201620 1411
2201621 1415
2201622 1416
2201624 1442
2201626 1444
2201628 1447
2201629 1449
2201630 1450
2201633 1459
2201634 1452
2201664 397
2201665 393
2201666 398
2201668 874
2201669 870
2201670 875
2201673 1225
2201674 1227
2201676 1297
2201677 1293
2201678 1298
2201680 1368
2201681 1364
2201682 1369
2201684 1415
2201685 1411
2201686 1416
2201688 1443
2201690 1444
2201692 1449
2201693 1447
2201694 1450
2201696 1459
2201698 1452
2201728 398
2201729 398
2201730 398
2201731 435
2201732 875
2201733 875
2201734 875
2201735 912
2201737 1227
2201738 1227
2201739 1230
2201740 1298
2201741 1298
2201742 1298
2201743 1327
2201744 1369
2201745 1369
2201746 1369
2201747 1391
2201748 1416
2201749 1416
2201750 1416
2201751 1432
2201752 1444
2201754 1444
2201755 1455
2201756 1450
2201757 1450
2201758 1450
2201759 1458
2201760 1452
2201761 1452
2201763 1460
2213696 399
2213697 436
2213698 402
2213700 876
2213701 913
2213702 879
2213705 1231
2213706 1232
2213708 1299
2213709 1328
2213710 1302
2213712 1370
2213713 1392
2213714 1373
2213716 1417
2213717 1433
2213718 1420
2213720 1445
2213721 1456
2213722 1448
2213726 1461
2213728 1462
2213729 1463
2213730 1464
2213888 400
2213889 401
2213892 877
2213893 878
2213897 1233
2213900 1300
2213901 1301
2213904 1371
2213905 1372
2213908 1418
2213909 1419
2213912 1446
2213913 1447
2213917 1462
2213921 1465
2213952 401
2213953 403
2213954 404
2213956 878
2213957 880
2213958 881
2213961 1234
2213962 1235
2213964 1301
2213965 1303
2213966 1304
2213968 1372
2213969 1374
2213970 1375
2213972 1419
2213973 1421
2213974 1422
2213976 1447
2213977 1449
2213978 1450
2213981 1463
2213982 1464
2213984 1465
2213986 1466
2217856 402
2217857 402
2217859 437
2217860 879
2217861 879
2217863 914
2217865 1232
2217867 1236
2217868 1302
2217869 1302
2217871 1329
2217872 1373
2217873 1373
2217875 1393
2217876 1420
2217877 1420
2217879 1434
2217880 1448
2217881 1448
2217883 1457
2217884 1461
2217887 1467
2217888 1464
2217889 1464
2217891 1468
2217984 401
2217985 403
2217986 404
2217988 878
2217989 880
2217990 881
2217993 1234
2217994 1235
2217996 1301
2217997 1303
2217998 1304
2218000 1372
2218001 1374
2218002 1375
2218004 1419
2218005 1421
2218006 1422
2218008 1447
2218009 1449
2218010 1450
2218012 1462
2218014 1464
2218017 1469
2218018 1466
2218048 403
2218049 401
2218050 404
2218052 880
2218053 878
2218054 881
2218057 1233
2218058 1235
2218060 1303
2218061 1301
2218062 1304
2218064 1374
2218065 1372
2218066 1375
2218068 1421
2218069 1419
2218070 1422
2218072 1449
2218073 1447
2218074 1450
2218076 1463
2218078 1464
2218080 1469
2218082 1466
2218112 404
2218113 404
2218114 404
2218115 438
2218116 881
2218117 881
2218118 881
2218119 915
2218121 1235
2218122 1235
2218123 1237
2218124 1304
2218125 1304
2218126 1304
2218127 1330
2218128 1375
2218129 1375
2218130 1375
2218131 1394
2218132 1422
2218133 1422
2218134 1422
2218135 1435
2218136 1450
2218137 1450
2218138 1450
2218139 1458
2218140 1464
2218142 1464
2218143 1468
2218144 1466
2218145 1466
2218147 1470
2230336 405
2230337 439
2230338 406
2230340 882
2230341 916
2230342 883
2230345 1238
2230346 1239
2230348 1305
2230349 1331
2230350 1306
2230352 1376
2230353 1395
2230354 1377
2230356 1423
2230357 1436
2230358 1424
2230360 1451
2230361 1459
2230362 1452
2230364 1465
2230365 1469
2230366 1466
2230370 1471
2234496 406
2234497 406
2234499 440
2234500 883
2234501 883
2234503 917
2234505 1239
2234507 1240
2234508 1306
2234509 1306
2234511 1332
2234512 1377
2234513 1377
2234515 1396
2234516 1424
2234517 1424
2234519 1437
2234520 1452
2234521 1452
2234523 1460
2234524 1466
2234525 1466
2234527 1470
2234528 1471
2234531 1472
3199872 441
3199875 507
3199876 918
3199879 984
3199880 1241
3199883 1307
3199887 1473
3199888 1474
3199891 1475
3199892 1476
3199895 1477
3199896 1478
3199899 1479
3199900 1480
3199903 1481
3199904 1482
3199907 1483
3200000 442
3200001 443
3200002 444
3200004 919
3200005 920
3200006 921
3200008 1242
3200009 1243
3200010 1244
3200014 1474
3200017 1484
3200018 1485
3200020 1486
3200021 1487
3200022 1488
3200024 1489
3200025 1490
3200026 1491
3200028 1492
3200029 1493
3200030 1494
3200032 1495
3200033 1496
3200034 1497
3200128 444
3200130 444
3200131 508
3200132 921
3200134 921
3200135 985
3200136 1244
3200138 1244
3200139 1308
3200142 1474
3200143 1475
3200144 1485
3200147 1498
3200148 1488
3200150 1488
3200151 1499
3200152 1491
3200154 1491
3200155 1500
3200156 1494
3200158 1494
3200159 1501
3200160 1497
3200162 1497
3200163 1502
3200256 445
3200257 446
3200258 447
3200260 922
3200261 923
3200262 924
3200264 1245
3200265 1246
3200266 1247
3200270 1476
3200272 1486
3200273 1487
3200274 1488
3200277 1503
3200278 1504
3200280 1505
3200281 1506
3200282 1507
3200284 1508
3200285 1509
3200286 1510
3200288 1511
3200289 1512
3200290 1513
3200384 447
3200386 447
3200387 509
3200388 924
3200390 924
3200391 986
3200392 1247
3200394 1247
3200395 1309
3200398 1476
3200399 1477
3200400 1488
3200402 1488
3200403 1499
3200404 1504
3200407 1514
3200408 1507
3200410 1507
3200411 1515
3200412 1510
3200414 1510
3200415 1516
3200416 1513
3200418 1513
3200419 1517
3200512 448
3200513 449
3200514 450
3200516 925
3200517 926
3200518 927
3200520 1248
3200521 1249
3200522 1250
3200526 1478
3200528 1489
3200529 1490
3200530 1491
3200532 1505
3200533 1506
3200534 1507
3200537 1518
3200538 1519
3200540 1520
3200541 1521
3200542 1522
3200544 1523
3200545 1524
3200546 1525
3200640 450
3200642 450
3200643 510
3200644 927
3200646 927
3200647 987
3200648 1250
3200650 1250
3200651 1310
3200654 1478
3200655 1479
3200656 1491
3200658 1491
3200659 1500
3200660 1507
3200662 1507
3200663 1515
3200664 1519
3200667 1526
3200668 1522
3200670 1522
3200671 1527
3200672 1525
3200674 1525
3200675 1528
3200768 451
3200769 452
3200770 453
3200772 928
3200773 929
3200774 930
3200776 1251
3200777 1252
3200778 1253
3200782 1480
3200784 1492
3200785 1493
3200786 1494
3200788 1508
3200789 1509
3200790 1510
3200792 1520
3200793 1521
3200794 1522
3200797 1529
3200798 1530
3200800 1531
3200801 1532
3200802 1533
3200896 453
3200898 453
3200899 511
3200900 930
3200902 930
3200903 988
3200904 1253
3200906 1253
3200907 1311
3200910 1480
3200911 1481
3200912 1494
3200914 1494
3200915 1501
3200916 1510
3200918 1510
3200919 1516
3200920 1522
3200922 1522
3200923 1527
3200924 1530
3200927 1534
3200928 1533
3200930 1533
3200931 1535
3201024 454
3201025 455
3201026 456
3201028 931
3201029 932
3201030 933
3201032 1254
3201033 1255
3201034 1256
3201038 1482
3201040 1495
3201041 1496
3201042 1497
3201044 1511
3201045 1512
3201046 1513
3201048 1523
3201049 1524
3201050 1525
3201052 1531
3201053 1532
3201054 1533
3201057 1536
3201058 1537
3201152 456
3201154 456
3201155 512
3201156 933
3201158 933
3201159 989
3201160 1256
3201162 1256
3201163 1312
3201166 1482
3201167 1483
3201168 1497
3201170 1497
3201171 1502
3201172 1513
3201174 1513
3201175 1517
3201176 1525
3201178 1525
3201179 1528
3201180 1533
3201182 1533
3201183 1535
3201184 1537
3201187 1538
3212352 457
3212353 513
3212354 466
3212356 934
3212357 990
3212358 943
3212360 1257
3212361 1313
3212362 1266
3212365 1484
3212366 1485
3212370 1539
3212372 1540
3212373 1541
3212374 1542
3212376 1543
3212377 1544
3212378 1545
3212380 1546
3212381 1547
3212382 1548
3212384 1549
3212385 1550
3212386 1551
3212544 458
3212545 459
3212548 935
3212549 936
3212552 1258
3212553 1259
3212557 1486
3212561 1540
3212565 1552
3212568 1553
3212569 1554
3212572 1555
3212573 1556
3212576 1557
3212577 1558
3212608 459
3212609 467
3212610 468
3212612 936
3212613 944
3212614 945
3212616 1259
3212617 1267
3212618 1268
3212621 1487
3212622 1488
3212625 1541
3212626 1542
3212628 1552
3212630 1559
3212632 1554
3212633 1560
3212634 1561
3212636 1556
3212637 1562
3212638 1563
3212640 1558
3212641 1564
3212642 1565
3212800 460
3212801 461
3212804 937
3212805 938
3212808 1260
3212809 1261
3212813 1489
3212817 1543
3212820 1553
3212821 1554
3212825 1566
3212828 1567
3212829 1568
3212832 1569
3212833 1570
3212864 461
3212865 469
3212866 470
3212868 938
3212869 946
3212870 947
3212872 1261
3212873 1269
3212874 1270
3212877 1490
3212878 1491
3212881 1544
3212882 1545
3212884 1554
3212885 1560
3212886 1561
3212888 1566
3212890 1571
3212892 1568
3212893 1572
3212894 1573
3212896 1570
3212897 1574
3212898 1575
3213056 462
3213057 463
3213060 939
3213061 940
3213064 1262
3213065 1263
3213069 1492
3213073 1546
3213076 1555
3213077 1556
3213080 1567
3213081 1568
3213085 1576
3213088 1577
3213089 1578
3213120 463
3213121 471
3213122 472
3213124 940
3213125 948
3213126 949
3213128 1263
3213129 1271
3213130 1272
3213133 1493
3213134 1494
3213137 1547
3213138 1548
3213140 1556
3213141 1562
3213142 1563
3213144 1568
3213145 1572
3213146 1573
3213148 1576
3213150 1579
3213152 1578
3213153 1580
3213154 1581
3213312 464
3213313 465
3213316 941
3213317 942
3213320 1264
3213321 1265
3213325 1495
3213329 1549
3213332 1557
3213333 1558
3213336 1569
3213337 1570
3213340 1577
3213341 1578
3213345 1582
3213376 465
3213377 473
3213378 474
3213380 942
3213381 950
3213382 951
3213384 1265
3213385 1273
3213386 1274
3213389 1496
3213390 1497
3213393 1550
3213394 1551
3213396 1558
3213397 1564
3213398 1565
3213400 1570
3213401 1574
3213402 1575
3213404 1578
3213405 1580
3213406 1581
3213408 1582
3213410 1583
3216512 466
3216513 466
3216515 514
3216516 943
3216517 943
3216519 991
3216520 1266
3216521 1266
3216523 1314
3216525 1485
3216527 1498
3216528 1539
3216531 1584
3216532 1542
3216533 1542
3216535 1585
3216536 1545
3216537 1545
3216539 1586
3216540 1548
3216541 1548
3216543 1587
3216544 1551
3216545 1551
3216547 1588
3216640 459
3216641 467
3216642 468
3216644 936
3216645 944
3216646 945
3216648 1259
3216649 1267
3216650 1268
3216653 1487
3216654 1488
3216656 1540
3216658 1542
3216661 1589
3216662 1559
3216664 1554
3216665 1560
3216666 1561
3216668 1556
3216669 1562
3216670 1563
3216672 1558
3216673 1564
3216674 1565
3216704 467
3216705 459
3216706 468
3216708 944
3216709 936
3216710 945
3216712 1267
3216713 1259
3216714 1268
3216717 1486
3216718 1488
3216720 1541
3216722 1542
3216724 1589
3216726 1559
3216728 1560
3216729 1554
3216730 1561
3216732 1562
3216733 1556
3216734 1563
3216736 1564
3216737 1558
3216738 1565
3216768 468
3216769 468
3216770 468
3216771 515
3216772 945
3216773 945
3216774 945
3216775 992
3216776 1268
3216777 1268
3216778 1268
3216779 1315
3216781 1488
3216782 1488
3216783 1499
3216784 1542
3216786 1542
3216787 1585
3216788 1559
3216789 1559
3216791 1590
3216792 1561
3216793 1561
3216794 1561
3216795 1591
3216796 1563
3216797 1563
3216798 1563
3216799 1592
3216800 1565
3216801 1565
3216802 1565
3216803 1593
3216896 461
3216897 469
3216898 470
3216900 938
3216901 946
3216902 947
3216904 1261
3216905 1269
3216906 1270
3216909 1490
3216910 1491
3216912 1543
3216914 1545
3216916 1554
3216917 1560
3216918 1561
3216921 1594
3216922 1571
3216924 1568
3216925 1572
3216926 1573
3216928 1570
3216929 1574
3216930 1575
3216960 469
3216961 461
3216962 470
3216964 946
3216965 938
3216966 947
3216968 1269
3216969 1261
3216970 1270
3216973 1489
3216974 1491
3216976 1544
3216978 1545
3216980 1560
3216981 1554
3216982 1561
3216984 1594
3216986 1571
3216988 1572
3216989 1568
3216990 1573
3216992 1574
3216993 1570
3216994 1575
3217024 470
3217025 470
3217026 470
3217027 516
3217028 947
3217029 947
3217030 947
3217031 993
3217032 1270
3217033 1270
3217034 1270
3217035 1316
3217037 1491
3217038 1491
3217039 1500
3217040 1545
3217042 1545
3217043 1586
3217044 1561
3217045 1561
3217046 1561
3217047 1591
3217048 1571
3217049 1571
3217051 1595
3217052 1573
3217053 1573
3217054 1573
3217055 1596
3217056 1575
3217057 1575
3217058 1575
3217059 1597
3217152 463
3217153 471
3217154 472
3217156 940
3217157 948
3217158 949
3217160 1263
3217161 1271
3217162 1272
3217165 1493
3217166 1494
3217168 1546
3217170 1548
3217172 1556
3217173 1562
3217174 1563
3217176 1568
3217177 1572
3217178 1573
3217181 1598
3217182 1579
3217184 1578
3217185 1580
3217186 1581
3217216 471
3217217 463
3217218 472
3217220 948
3217221 940
3217222 949
3217224 1271
3217225 1263
3217226 1272
3217229 1492
3217230 1494
3217232 1547
3217234 1548
3217236 1562
3217237 1556
3217238 1563
3217240 1572
3217241 1568
3217242 1573
3217244 1598
3217246 1579
3217248 1580
3217249 1578
3217250 1581
3217280 472
3217281 472
3217282 472
3217283 517
3217284 949
3217285 949
3217286 949
3217287 994
3217288 1272
3217289 1272
3217290 1272
3217291 1317
3217293 1494
3217294 1494
3217295 1501
3217296 1548
3217298 1548
3217299 1587
3217300 1563
3217301 1563
3217302 1563
3217303 1592
3217304 1573
3217305 1573
3217306 1573
3217307 1596
3217308 1579
3217309 1579
3217311 1599
3217312 1581
3217313 1581
3217314 1581
3217315 1600
3217408 465
3217409 473
3217410 474
3217412 942
3217413 950
3217414 951
3217416 1265
3217417 1273
3217418 1274
3217421 1496
3217422 1497
3217424 1549
3217426 1551
3217428 1558
3217429 1564
3217430 1565
3217432 1570
3217433 1574
3217434 1575
3217436 1578
3217437 1580
3217438 1581
3217441 1601
3217442 1583
3217472 473
3217473 465
3217474 474
3217476 950
3217477 942
3217478 951
3217480 1273
3217481 1265
3217482 1274
3217485 1495
3217486 1497
3217488 1550
3217490 1551
3217492 1564
3217493 1558
3217494 1565
3217496 1574
3217497 1570
3217498 1575
3217500 1580
3217501 1578
3217502 1581
3217504 1601
3217506 1583
3217536 474
3217537 474
3217538 474
3217539 518
3217540 951
3217541 951
3217542 951
3217543 995
3217544 1274
3217545 1274
3217546 1274
3217547 1318
3217549 1497
3217550 1497
3217551 1502
3217552 1551
3217554 1551
3217555 1588
3217556 1565
3217557 1565
3217558 1565
3217559 1593
3217560 1575
3217561 1575
3217562 1575
3217563 1597
3217564 1581
3217565 1581
3217566 1581
3217567 1600
3217568 1583
3217569 1583
3217571 1602
3228992 475
3228993 519
3228994 482
3228996 952
3228997 996
3228998 959
3229000 1275
3229001 1319
3229002 1282
3229005 1503
3229006 1504
3229008 1552
3229009 1589
3229010 1559
3229014 1603
3229016 1604
3229017 1605
3229018 1606
3229020 1607
3229021 1608
3229022 1609
3229024 1610
3229025 1611
3229026 1612
3229184 476
3229185 477
3229188 953
3229189 954
3229192 1276
3229193 1277
3229197 1505
3229200 1553
3229201 1554
3229205 1604
3229209 1613
3229212 1614
3229213 1615
3229216 1616
3229217 1617
3229248 477
3229249 483
3229250 484
3229252 954
3229253 960
3229254 961
3229256 1277
3229257 1283
3229258 1284
3229261 1506
3229262 1507
3229264 1554
3229265 1560
3229266 1561
3229269 1605
3229270 1606
3229272 1613
3229274 1618
3229276 1615
3229277 1619
3229278 1620
3229280 1617
3229281 1621
3229282 1622
3229440 478
3229441 479
3229444 955
3229445 956
3229448 1278
3229449 1279
3229453 1508
3229456 1555
3229457 1556
3229461 1607
3229464 1614
3229465 1615
3229469 1623
3229472 1624
3229473 1625
3229504 479
3229505 485
3229506 486
3229508 956
3229509 962
3229510 963
3229512 1279
3229513 1285
3229514 1286
3229517 1509
3229518 1510
3229520 1556
3229521 1562
3229522 1563
3229525 1608
3229526 1609
3229528 1615
3229529 1619
3229530 1620
3229532 1623
3229534 1626
3229536 1625
3229537 1627
3229538 1628
3229696 480
3229697 481
3229700 957
3229701 958
3229704 1280
3229705 1281
3229709 1511
3229712 1557
3229713 1558
3229717 1610
3229720 1616
3229721 1617
3229724 1624
3229725 1625
3229729 1629
3229760 481
3229761 487
3229762 488
3229764 958
3229765 964
3229766 965
3229768 1281
3229769 1287
3229770 1288
3229773 1512
3229774 1513
3229776 1558
3229777 1564
3229778 1565
3229781 1611
3229782 1612
3229784 1617
3229785 1621
3229786 1622
3229788 1625
3229789 1627
3229790 1628
3229792 1629
3229794 1630
3233152 482
3233153 482
3233155 520
3233156 959
3233157 959
3233159 997
3233160 1282
3233161 1282
3233163 1320
3233165 1504
3233167 1514
3233168 1559
3233169 1559
3233171 1590
3233172 1603
3233175 1631
3233176 1606
3233177 1606
3233179 1632
3233180 1609
3233181 1609
3233183 1633
3233184 1612
3233185 1612
3233187 1634
3233280 477
3233281 483
3233282 484
3233284 954
3233285 960
3233286 961
3233288 1277
3233289 1283
3233290 1284
3233293 1506
3233294 1507
3233296 1554
3233297 1560
3233298 1561
3233300 1604
3233302 1606
3233305 1635
3233306 1618
3233308 1615
3233309 1619
3233310 1620
3233312 1617
3233313 1621
3233314 1622
3233344 483
3233345 477
3233346 484
3233348 960
3233349 954
3233350 961
3233352 1283
3233353 1277
3233354 1284
3233357 1505
3233358 1507
3233360 1560
3233361 1554
3233362 1561
3233364 1605
3233366 1606
3233368 1635
3233370 1618
3233372 1619
3233373 1615
3233374 1620
3233376 1621
3233377 1617
3233378 1622
3233408 484
3233409 484
3233410 484
3233411 521
3233412 961
3233413 961
3233414 961
3233415 998
3233416 1284
3233417 1284
3233418 1284
3233419 1321
3233421 1507
3233422 1507
3233423 1515
3233424 1561
3233425 1561
3233426 1561
3233427 1591
3233428 1606
3233430 1606
3233431 1632
3233432 1618
3233433 1618
3233435 1636
3233436 1620
3233437 1620
3233438 1620
3233439 1637
3233440 1622
3233441 1622
3233442 1622
3233443 1638
3233536 479
3233537 485
3233538 486
3233540 956
3233541 962
3233542 963
3233544 1279
3233545 1285
3233546 1286
3233549 1509
3233550 1510
3233552 1556
3233553 1562
3233554 1563
3233556 1607
3233558 1609
3233560 1615
3233561 1619
3233562 1620
3233565 1639
3233566 1626
3233568 1625
3233569 1627
3233570 1628
3233600 485
3233601 479
3233602 486
3233604 962
3233605 956
3233606 963
3233608 1285
3233609 1279
3233610 1286
3233613 1508
3233614 1510
3233616 1562
3233617 1556
3233618 1563
3233620 1608
3233622 1609
3233624 1619
3233625 1615
3233626 1620
3233628 1639
3233630 1626
3233632 1627
3233633 1625
3233634 1628
3233664 486
3233665 486
3233666 486
3233667 522
3233668 963
3233669 963
3233670 963
3233671 999
3233672 1286
3233673 1286
3233674 1286
3233675 1322
3233677 1510
3233678 1510
3233679 1516
3233680 1563
3233681 1563
3233682 1563
3233683 1592
3233684 1609
3233686 1609
3233687 1633
3233688 1620
3233689 1620
3233690 1620
3233691 1637
3233692 1626
3233693 1626
3233695 1640
3233696 1628
3233697 1628
3233698 1628
3233699 1641
3233792 481
3233793 487
3233794 488
3233796 958
3233797 964
3233798 965
3233800 1281
3233801 1287
3233802 1288
3233805 1512
3233806 1513
3233808 1558
3233809 1564
3233810 1565
3233812 1610
3233814 1612
3233816 1617
3233817 1621
3233818 1622
3233820 1625
3233821 1627
3233822 1628
3233825 1642
3233826 1630
3233856 487
3233857 481
3233858 488
3233860 964
3233861 958
3233862 965
3233864 1287
3233865 1281
3233866 1288
3233869 1511
3233870 1513
3233872 1564
3233873 1558
3233874 1565
3233876 1611
3233878 1612
3233880 1621
3233881 1617
3233882 1622
3233884 1627
3233885 1625
3233886 1628
3233888 1642
3233890 1630
3233920 488
3233921 488
3233922 488
3233923 523
3233924 965
3233925 965
3233926 965
3233927 1000
3233928 1288
3233929 1288
3233930 1288
3233931 1323
3233933 1513
3233934 1513
3233935 1517
3233936 1565
3233937 1565
3233938 1565
3233939 1593
3233940 1612
3233942 1612
3233943 1634
3233944 1622
3233945 1622
3233946 1622
3233947 1638
3233948 1628
3233949 1628
3233950 1628
3233951 1641
3233952 1630
3233953 1630
3233955 1643
3245632 489
3245633 524
3245634 494
3245636 966
3245637 1001
3245638 971
3245640 1289
3245641 1324
3245642 1294
3245645 1518
3245646 1519
3245648 1566
3245649 1594
3245650 1571
3245652 1613
3245653 1635
3245654 1618
3245658 1644
3245660 1645
3245661 1646
3245662 1647
3245664 1648
3245665 1649
3245666 1650
3245824 490
3245825 491
3245828 967
3245829 968
3245832 1290
3245833 1291
3245837 1520
3245840 1567
3245841 1568
3245844 1614
3245845 1615
3245849 1645
3245853 1651
3245856 1652
3245857 1653
3245888 491
3245889 495
3245890 496
3245892 968
3245893 972
3245894 973
3245896 1291
3245897 1295
3245898 1296
3245901 1521
3245902 1522
3245904 1568
3245905 1572
3245906 1573
3245908 1615
3245909 1619
3245910 1620
3245913 1646
3245914 1647
3245916 1651
3245918 1654
3245920 1653
3245921 1655
3245922 1656
3246080 492
3246081 493
3246084 969
3246085 970
3246088 1292
3246089 1293
3246093 1523
3246096 1569
3246097 1570
3246100 1616
3246101 1617
3246105 1648
3246108 1652
3246109 1653
3246113 1657
3246144 493
3246145 497
3246146 498
3246148 970
3246149 974
3246150 975
3246152 1293
3246153 1297
3246154 1298
3246157 1524
3246158 1525
3246160 1570
3246161 1574
3246162 1575
3246164 1617
3246165 1621
3246166 1622
3246169 1649
3246170 1650
3246172 1653
3246173 1655
3246174 1656
3246176 1657
3246178 1658
3249792 494
3249793 494
3249795 525
3249796 971
3249797 971
3249799 1002
3249800 1294
3249801 1294
3249803 1325
3249805 1519
3249807 1526
3249808 1571
3249809 1571
3249811 1595
3249812 1618
3249813 1618
3249815 1636
3249816 1644
3249819 1659
3249820 1647
3249821 1647
3249823 1660
3249824 1650
3249825 1650
3249827 1661
3249920 491
3249921 495
3249922 496
3249924 968
3249925 972
3249926 973
3249928 1291
3249929 1295
3249930 1296
3249933 1521
3249934 1522
3249936 1568
3249937 1572
3249938 1573
3249940 1615
3249941 1619
3249942 1620
3249944 1645
3249946 1647
3249949 1662
3249950 1654
3249952 1653
3249953 1655
3249954 1656
3249984 495
3249985 491
3249986 496
3249988 972
3249989 968
3249990 973
3249992 1295
3249993 1291
3249994 1296
3249997 1520
3249998 1522
3250000 1572
3250001 1568
3250002 1573
3250004 1619
3250005 1615
3250006 1620
3250008 1646
3250010 1647
3250012 1662
3250014 1654
3250016 1655
3250017 1653
3250018 1656
3250048 496
3250049 496
3250050 496
3250051 526
3250052 973
3250053 973
3250054 973
3250055 1003
3250056 1296
3250057 1296
3250058 1296
3250059 1326
3250061 1522
3250062 1522
3250063 1527
3250064 1573
3250065 1573
3250066 1573
3250067 1596
3250068 1620
3250069 1620
3250070 1620
3250071 1637
3250072 1647
3250074 1647
3250075 1660
3250076 1654
3250077 1654
3250079 1663
3250080 1656
3250081 1656
3250082 1656
3250083 1664
3250176 493
3250177 497
3250178 498
3250180 970
3250181 974
3250182 975
3250184 1293
3250185 1297
3250186 1298
3250189 1524
3250190 1525
3250192 1570
3250193 1574
3250194 1575
3250196 1617
3250197 1621
3250198 1622
3250200 1648
3250202 1650
3250204 1653
3250205 1655
3250206 1656
3250209 1665
3250210 1658
3250240 497
3250241 493
3250242 498
3250244 974
3250245 970
3250246 975
3250248 1297
3250249 1293
3250250 1298
3250253 1523
3250254 1525
3250256 1574
3250257 1570
3250258 1575
3250260 1621
3250261 1617
3250262 1622
3250264 1649
3250266 1650
3250268 1655
3250269 1653
3250270 1656
3250272 1665
3250274 1658
3250304 498
3250305 498
3250306 498
3250307 527
3250308 975
3250309 975
3250310 975
3250311 1004
3250312 1298
3250313 1298
3250314 1298
3250315 1327
3250317 1525
3250318 1525
3250319 1528
3250320 1575
3250321 1575
3250322 1575
3250323 1597
3250324 1622
3250325 1622
3250326 1622
3250327 1638
3250328 1650
3250330 1650
3250331 1661
3250332 1656
3250333 1656
3250334 1656
3250335 1664
3250336 1658
3250337 1658
3250339 1666
3262272 499
3262273 528
3262274 502
3262276 976
3262277 1005
3262278 979
3262280 1299
3262281 1328
3262282 1302
3262285 1529
3262286 1530
3262288 1576
3262289 1598
3262290 1579
3262292 1623
3262293 1639
3262294 1626
3262296 1651
3262297 1662
3262298 1654
3262302 1667
3262304 1668
3262305 1669
3262306 1670
3262464 500
3262465 501
3262468 977
3262469 978
3262472 1300
3262473 1301
3262477 1531
3262480 1577
3262481 1578
3262484 1624
3262485 1625
3262488 1652
3262489 1653
3262493 1668
3262497 1671
3262528 501
3262529 503
3262530 504
3262532 978
3262533 980
3262534 981
3262536 1301
3262537 1303
3262538 1304
3262541 1532
3262542 1533
3262544 1578
3262545 1580
3262546 1581
3262548 1625
3262549 1627
3262550 1628
3262552 1653
3262553 1655
3262554 1656
3262557 1669
3262558 1670
3262560 1671
3262562 1672
3266432 502
3266433 502
3266435 529
3266436 979
3266437 979
3266439 1006
3266440 1302
3266441 1302
3266443 1329
3266445 1530
3266447 1534
3266448 1579
3266449 1579
3266451 1599
3266452 1626
3266453 1626
3266455 1640
3266456 1654
3266457 1654
3266459 1663
3266460 1667
3266463 1673
3266464 1670
3266465 1670
3266467 1674
3266560 501
3266561 503
3266562 504
3266564 978
3266565 980
3266566 981
3266568 1301
3266569 1303
3266570 1304
3266573 1532
3266574 1533
3266576 1578
3266577 1580
3266578 1581
3266580 1625
3266581 1627
3266582 1628
3266584 1653
3266585 1655
3266586 1656
3266588 1668
3266590 1670
3266593 1675
3266594 1672
3266624 503
3266625 501
3266626 504
3266628 980
3266629 978
3266630 981
3266632 1303
3266633 1301
3266634 1304
3266637 1531
3266638 1533
3266640 1580
3266641 1578
3266642 1581
3266644 1627
3266645 1625
3266646 1628
3266648 1655
3266649 1653
3266650 1656
3266652 1669
3266654 1670
3266656 1675
3266658 1672
3266688 504
3266689 504
3266690 504
3266691 530
3266692 981
3266693 981
3266694 981
3266695 1007
3266696 1304
3266697 1304
3266698 1304
3266699 1330
3266701 1533
3266702 1533
3266703 1535
3266704 1581
3266705 1581
3266706 1581
3266707 1600
3266708 1628
3266709 1628
3266710 1628
3266711 1641
3266712 1656
3266713 1656
3266714 1656
3266715 1664
3266716 1670
3266718 1670
3266719 1674
3266720 1672
3266721 1672
3266723 1676
3278912 505
3278913 531
3278914 506
3278916 982
3278917 1008
3278918 983
3278920 1305
3278921 1331
3278922 1306
3278925 1536
3278926 1537
3278928 1582
3278929 1601
3278930 1583
3278932 1629
3278933 1642
3278934 1630
3278936 1657
3278937 1665
3278938 1658
3278940 1671
3278941 1675
3278942 1672
3278946 1677
3283072 506
3283073 506
3283075 532
3283076 983
3283077 983
3283079 1009
3283080 1306
3283081 1306
3283083 1332
3283085 1537
3283087 1538
3283088 1583
3283089 1583
3283091 1602
3283092 1630
3283093 1630
3283095 1643
3283096 1658
3283097 1658
3283099 1666
3283100 1672
3283101 1672
3283103 1676
3283104 1677
3283107 1678
4265088 533
4265091 578
4265092 1010
4265095 1055
4265096 1333
4265099 1378
4265100 1539
4265103 1584
4265107 1679
4265108 1680
4265111 1681
4265112 1682
4265115 1683
4265116 1684
4265119 1685
4265120 1686
4265123 1687
4265216 534
4265217 535
4265218 536
4265220 1011
4265221 1012
4265222 1013
4265224 1334
4265225 1335
4265226 1336
4265228 1540
4265229 1541
4265230 1542
4265234 1680
4265237 1688
4265238 1689
4265240 1690
4265241 1691
4265242 1692
4265244 1693
4265245 1694
4265246 1695
4265248 1696
4265249 1697
4265250 1698
4265344 536
4265346 536
4265347 579
4265348 1013
4265350 1013
4265351 1056
4265352 1336
4265354 1336
4265355 1379
4265356 1542
4265358 1542
4265359 1585
4265362 1680
4265363 1681
4265364 1689
4265367 1699
4265368 1692
4265370 1692
4265371 1700
4265372 1695
4265374 1695
4265375 1701
4265376 1698
4265378 1698
4265379 1702
4265472 537
4265473 538
4265474 539
4265476 1014
4265477 1015
4265478 1016
4265480 1337
4265481 1338
4265482 1339
4265484 1543
4265485 1544
4265486 1545
4265490 1682
4265492 1690
4265493 1691
4265494 1692
4265497 1703
4265498 1704
4265500 1705
4265501 1706
4265502 1707
4265504 1708
4265505 1709
4265506 1710
4265600 539
4265602 539
4265603 580
4265604 1016
4265606 1016
4265607 1057
4265608 1339
4265610 1339
4265611 1380
4265612 1545
4265614 1545
4265615 1586
4265618 1682
4265619 1683
4265620 1692
4265622 1692
4265623 1700
4265624 1704
4265627 1711
4265628 1707
4265630 1707
4265631 1712
4265632 1710
4265634 1710
4265635 1713
4265728 540
4265729 541
4265730 542
4265732 1017
4265733 1018
4265734 1019
4265736 1340
4265737 1341
4265738 1342
4265740 1546
4265741 1547
4265742 1548
4265746 1684
4265748 1693
4265749 1694
4265750 1695
4265752 1705
4265753 1706
4265754 1707
4265757 1714
4265758 1715
4265760 1716
4265761 1717
4265762 1718
4265856 542
4265858 542
4265859 581
4265860 1019
4265862 1019
4265863 1058
4265864 1342
4265866 1342
4265867 1381
4265868 1548
4265870 1548
4265871 1587
4265874 1684
4265875 1685
4265876 1695
4265878 1695
4265879 1701
4265880 1707
4265882 1707
4265883 1712
4265884 1715
4265887 1719
4265888 1718
4265890 1718
4265891 1720
4265984 543
4265985 544
4265986 545
4265988 1020
4265989 1021
4265990 1022
4265992 1343
4265993 1344
4265994 1345
4265996 1549
4265997 1550
4265998 1551
4266002 1686
4266004 1696
4266005 1697
4266006 1698
4266008 1708
4266009 1709
4266010 1710
4266012 1716
4266013 1717
4266014 1718
4266017 1721
4266018 1722
4266112 545
4266114 545
4266115 582
4266116 1022
4266118 1022
4266119 1059
4266120 1345
4266122 1345
4266123 1382
4266124 1551
4266126 1551
4266127 1588
4266130 1686
4266131 1687
4266132 1698
4266134 1698
4266135 1702
4266136 1710
4266138 1710
4266139 1713
4266140 1718
4266142 1718
4266143 1720
4266144 1722
4266147 1723
4277568 546
4277569 583
4277570 553
4277572 1023
4277573 1060
4277574 1030
4277576 1346
4277577 1383
4277578 1353
4277580 1552
4277581 1589
4277582 1559
4277585 1688
4277586 1689
4277590 1724
4277592 1725
4277593 1726
4277594 1727
4277596 1728
4277597 1729
4277598 1730
4277600 1731
4277601 1732
4277602 1733
4277760 547
4277761 548
4277764 1024
4277765 1025
4277768 1347
4277769 1348
4277772 1553
4277773 1554
4277777 1690
4277781 1725
4277785 1734
4277788 1735
4277789 1736
4277792 1737
4277793 1738
4277824 548
4277825 554
4277826 555
4277828 1025
4277829 1031
4277830 1032
4277832 1348
4277833 1354
4277834 1355
4277836 1554
4277837 1560
4277838 1561
4277841 1691
4277842 1692
4277845 1726
4277846 1727
4277848 1734
4277850 1739
4277852 1736
4277853 1740
4277854 1741
4277856 1738
4277857 1742
4277858 1743
4278016 549
4278017 550
4278020 1026
4278021 1027
4278024 1349
4278025 1350
4278028 1555
4278029 1556
4278033 1693
4278037 1728
4278040 1735
4278041 1736
4278045 1744
4278048 1745
4278049 1746
4278080 550
4278081 556
4278082 557
4278084 1027
4278085 1033
4278086 1034
4278088 1350
4278089 1356
4278090 1357
4278092 1556
4278093 1562
4278094 1563
4278097 1694
4278098 1695
4278101 1729
4278102 1730
4278104 1736
4278105 1740
4278106 1741
4278108 1744
4278110 1747
4278112 1746
4278113 1748
4278114 1749
4278272 551
4278273 552
4278276 1028
4278277 1029
4278280 1351
4278281 1352
4278284 1557
4278285 1558
4278289 1696
4278293 1731
4278296 1737
4278297 1738
4278300 1745
4278301 1746
4278305 1750
4278336 552
4278337 558
4278338 559
4278340 1029
4278341 1035
4278342 1036
4278344 1352
4278345 1358
4278346 1359
4278348 1558
4278349 1564
4278350 1565
4278353 1697
4278354 1698
4278357 1732
4278358 1733
4278360 1738
4278361 1742
4278362 1743
4278364 1746
4278365 1748
4278366 1749
4278368 1750
4278370 1751
4281728 553
4281729 553
4281731 584
4281732 1030
4281733 1030
4281735 1061
4281736 1353
4281737 1353
4281739 1384
4281740 1559
4281741 1559
4281743 1590
4281745 1689
4281747 1699
4281748 1724
4281751 1752
4281752 1727
4281753 1727
4281755 1753
4281756 1730
4281757 1730
4281759 1754
4281760 1733
4281761 1733
4281763 1755
4281856 548
4281857 554
4281858 555
4281860 1025
4281861 1031
4281862 1032
4281864 1348
4281865 1354
4281866 1355
4281868 1554
4281869 1560
4281870 1561
4281873 1691
4281874 1692
4281876 1725
4281878 1727
4281881 1756
4281882 1739
4281884 1736
4281885 1740
4281886 1741
4281888 1738
4281889 1742
4281890 1743
4281920 554
4281921 548
4281922 555
4281924 1031
4281925 1025
4281926 1032
4281928 1354
4281929 1348
4281930 1355
4281932 1560
4281933 1554
4281934 1561
4281937 1690
4281938 1692
4281940 1726
4281942 1727
4281944 1756
4281946 1739
4281948 1740
4281949 1736
4281950 1741
4281952 1742
4281953 1738
4281954 1743
4281984 555
4281985 555
4281986 555
4281987 585
4281988 1032
4281989 1032
4281990 1032
4281991 1062
4281992 1355
4281993 1355
4281994 1355
4281995 1385
4281996 1561
4281997 1561
4281998 1561
4281999 1591
4282001 1692
4282002 1692
4282003 1700
4282004 1727
4282006 1727
4282007 1753
4282008 1739
4282009 1739
4282011 1757
4282012 1741
4282013 1741
4282014 1741
4282015 1758
4282016 1743
4282017 1743
4282018 1743
4282019 1759
4282112 550
4282113 556
4282114 557
4282116 1027
4282117 1033
4282118 1034
4282120 1350
4282121 1356
4282122 1357
4282124 1556
4282125 1562
4282126 1563
4282129 1694
4282130 1695
4282132 1728
4282134 1730
4282136 1736
4282137 1740
4282138 1741
4282141 1760
4282142 1747
4282144 1746
4282145 1748
4282146 1749
4282176 556
4282177 550
4282178 557
4282180 1033
4282181 1027
4282182 1034
4282184 1356
4282185 1350
4282186 1357
4282188 1562
4282189 1556
4282190 1563
4282193 1693
4282194 1695
4282196 1729
4282198 1730
4282200 1740
4282201 1736
4282202 1741
4282204 1760
4282206 1747
4282208 1748
4282209 1746
4282210 1749
4282240 557
4282241 557
4282242 557
4282243 586
4282244 1034
4282245 1034
4282246 1034
4282247 1063
4282248 1357
4282249 1357
4282250 1357
4282251 1386
4282252 1563
4282253 1563
4282254 1563
4282255 1592
4282257 1695
4282258 1695
4282259 1701
4282260 1730
4282262 1730
4282263 1754
4282264 1741
4282265 1741
4282266 1741
4282267 1758
4282268 1747
4282269 1747
4282271 1761
4282272 1749
4282273 1749
4282274 1749
4282275 1762
4282368 552
4282369 558
4282370 559
4282372 1029
4282373 1035
4282374 1036
4282376 1352
4282377 1358
4282378 1359
4282380 1558
4282381 1564
4282382 1565
4282385 1697
4282386 1698
4282388 1731
4282390 1733
4282392 1738
4282393 1742
4282394 1743
4282396 1746
4282397 1748
4282398 1749
4282401 1763
4282402 1751
4282432 558
4282433 552
4282434 559
4282436 1035
4282437 1029
4282438 1036
4282440 1358
4282441 1352
4282442 1359
4282444 1564
4282445 1558
4282446 1565
4282449 1696
4282450 1698
4282452 1732
4282454 1733
4282456 1742
4282457 1738
4282458 1743
4282460 1748
4282461 1746
4282462 1749
4282464 1763
4282466 1751
4282496 559
4282497 559
4282498 559
4282499 587
4282500 1036
4282501 1036
4282502 1036
4282503 1064
4282504 1359
4282505 1359
4282506 1359
4282507 1387
4282508 1565
4282509 1565
4282510 1565
4282511 1593
4282513 1698
4282514 1698
4282515 1702
4282516 1733
4282518 1733
4282519 1755
4282520 1743
4282521 1743
4282522 1743
4282523 1759
4282524 1749
4282525 1749
4282526 1749
4282527 1762
4282528 1751
4282529 1751
4282531 1764
4294208 560
4294209 588
4294210 565
4294212 1037
4294213 1065
4294214 1042
4294216 1360
4294217 1388
4294218 1365
4294220 1566
4294221 1594
4294222 1571
4294225 1703
4294226 1704
4294228 1734
4294229 1756
4294230 1739
4294234 1765
4294236 1766
4294237 1767
4294238 1768
4294240 1769
4294241 1770
4294242 1771
4294400 561
4294401 562
4294404 1038
4294405 1039
4294408 1361
4294409 1362
4294412 1567
4294413 1568
4294417 1705
4294420 1735
4294421 1736
4294425 1766
4294429 1772
4294432 1773
4294433 1774
4294464 562
4294465 566
4294466 567
4294468 1039
4294469 1043
4294470 1044
4294472 1362
4294473 1366
4294474 1367
4294476 1568
4294477 1572
4294478 1573
4294481 1706
4294482 1707
4294484 1736
4294485 1740
4294486 1741
4294489 1767
4294490 1768
4294492 1772
4294494 1775
4294496 1774
4294497 1776
4294498 1777
4294656 563
4294657 564
4294660 1040
4294661 1041
4294664 1363
4294665 1364
4294668 1569
4294669 1570
4294673 1708
4294676 1737
4294677 1738
4294681 1769
4294684 1773
4294685 1774
4294689 1778
4294720 564
4294721 568
4294722 569
4294724 1041
4294725 1045
4294726 1046
4294728 1364
4294729 1368
4294730 1369
4294732 1570
4294733 1574
4294734 1575
4294737 1709
4294738 1710
4294740 1738
4294741 1742
4294742 1743
4294745 1770
4294746 1771
4294748 1774
4294749 1776
4294750 1777
4294752 1778
4294754 1779
4298368 565
4298369 565
4298371 589
4298372 1042
4298373 1042
4298375 1066
4298376 1365
4298377 1365
4298379 1389
4298380 1571
4298381 1571
4298383 1595
4298385 1704
4298387 1711
4298388 1739
4298389 1739
4298391 1757
4298392 1765
4298395 1780
4298396 1768
4298397 1768
4298399 1781
4298400 1771
4298401 1771
4298403 1782
4298496 562
4298497 566
4298498 567
4298500 1039
4298501 1043
4298502 1044
4298504 1362
4298505 1366
4298506 1367
4298508 1568
4298509 1572
4298510 1573
4298513 1706
4298514 1707
4298516 1736
4298517 1740
4298518 1741
4298520 1766
4298522 1768
4298525 1783
4298526 1775
4298528 1774
4298529 1776
4298530 1777
4298560 566
4298561 562
4298562 567
4298564 1043
4298565 1039
4298566 1044
4298568 1366
4298569 1362
4298570 1367
4298572 1572
4298573 1568
4298574 1573
4298577 1705
4298578 1707
4298580 1740
4298581 1736
4298582 1741
4298584 1767
4298586 1768
4298588 1783
4298590 1775
4298592 1776
4298593 1774
4298594 1777
4298624 567
4298625 567
4298626 567
4298627 590
4298628 1044
4298629 1044
4298630 1044
4298631 1067
4298632 1367
4298633 1367
4298634 1367
4298635 1390
4298636 1573
4298637 1573
4298638 1573
4298639 1596
4298641 1707
4298642 1707
4298643 1712
4298644 1741
4298645 1741
4298646 1741
4298647 1758
4298648 1768
4298650 1768
4298651 1781
4298652 1775
4298653 1775
4298655 1784
4298656 1777
4298657 1777
4298658 1777
4298659 1785
4298752 564
4298753 568
4298754 569
4298756 1041
4298757 1045
4298758 1046
4298760 1364
4298761 1368
4298762 1369
4298764 1570
4298765 1574
4298766 1575
4298769 1709
4298770 1710
4298772 1738
4298773 1742
4298774 1743
4298776 1769
4298778 1771
4298780 1774
4298781 1776
4298782 1777
4298785 1786
4298786 1779
4298816 568
4298817 564
4298818 569
4298820 1045
4298821 1041
4298822 1046
4298824 1368
4298825 1364
4298826 1369
4298828 1574
4298829 1570
4298830 1575
4298833 1708
4298834 1710
4298836 1742
4298837 1738
4298838 1743
4298840 1770
4298842 1771
4298844 1776
4298845 1774
4298846 1777
4298848 1786
4298850 1779
4298880 569
4298881 569
4298882 569
4298883 591
4298884 1046
4298885 1046
4298886 1046
4298887 1068
4298888 1369
4298889 1369
4298890 1369
4298891 1391
4298892 1575
4298893 1575
4298894 1575
4298895 1597
4298897 1710
4298898 1710
4298899 1713
4298900 1743
4298901 1743
4298902 1743
4298903 1759
4298904 1771
4298906 1771
4298907 1782
4298908 1777
4298909 1777
4298910 1777
4298911 1785
4298912 1779
4298913 1779
4298915 1787
4310848 570
4310849 592
4310850 573
4310852 1047
4310853 1069
4310854 1050
4310856 1370
4310857 1392
4310858 1373
4310860 1576
4310861 1598
4310862 1579
4310865 1714
4310866 1715
4310868 1744
4310869 1760
4310870 1747
4310872 1772
4310873 1783
4310874 1775
4310878 1788
4310880 1789
4310881 1790
4310882 1791
4311040 571
4311041 572
4311044 1048
4311045 1049
4311048 1371
4311049 1372
4311052 1577
4311053 1578
4311057 1716
4311060 1745
4311061 1746
4311064 1773
4311065 1774
4311069 1789
4311073 1792
4311104 572
4311105 574
4311106 575
4311108 1049
4311109 1051
4311110 1052
4311112 1372
4311113 1374
4311114 1375
4311116 1578
4311117 1580
4311118 1581
4311121 1717
4311122 1718
4311124 1746
4311125 1748
4311126 1749
4311128 1774
4311129 1776
4311130 1777
4311133 1790
4311134 1791
4311136 1792
4311138 1793
4315008 573
4315009 573
4315011 593
4315012 1050
4315013 1050
4315015 1070
4315016 1373
4315017 1373
4315019 1393
4315020 1579
4315021 1579
4315023 1599
4315025 1715
4315027 1719
4315028 1747
4315029 1747
4315031 1761
4315032 1775
4315033 1775
4315035 1784
4315036 1788
4315039 1794
4315040 1791
4315041 1791
4315043 1795
4315136 572
4315137 574
4315138 575
4315140 1049
4315141 1051
4315142 1052
4315144 1372
4315145 1374
4315146 1375
4315148 1578
4315149 1580
4315150 1581
4315153 1717
4315154 1718
4315156 1746
4315157 1748
4315158 1749
4315160 1774
4315161 1776
4315162 1777
4315164 1789
4315166 1791
4315169 1796
4315170 1793
4315200 574
4315201 572
4315202 575
4315204 1051
4315205 1049
4315206 1052
4315208 1374
4315209 1372
4315210 1375
4315212 1580
4315213 1578
4315214 1581
4315217 1716
4315218 1718
4315220 1748
4315221 1746
4315222 1749
4315224 1776
4315225 1774
4315226 1777
4315228 1790
4315230 1791
4315232 1796
4315234 1793
4315264 575
4315265 575
4315266 575
4315267 594
4315268 1052
4315269 1052
4315270 1052
4315271 1071
4315272 1375
4315273 1375
4315274 1375
4315275 1394
4315276 1581
4315277 1581
4315278 1581
4315279 1600
4315281 1718
4315282 1718
4315283 1720
4315284 1749
4315285 1749
4315286 1749
4315287 1762
4315288 1777
4315289 1777
4315290 1777
4315291 1785
4315292 1791
4315294 1791
4315295 1795
4315296 1793
4315297 1793
4315299 1797
4327488 576
4327489 595
4327490 577
4327492 1053
4327493 1072
4327494 1054
4327496 1376
4327497 1395
4327498 1377
4327500 1582
4327501 1601
4327502 1583
4327505 1721
4327506 1722
4327508 1750
4327509 1763
4327510 1751
4327512 1778
4327513 1786
4327514 1779
4327516 1792
4327517 1796
4327518 1793
4327522 1798
4331648 577
4331649 577
4331651 596
4331652 1054
4331653 1054
4331655 1073
4331656 1377
4331657 1377
4331659 1396
4331660 1583
4331661 1583
4331663 1602
4331665 1722
4331667 1723
4331668 1751
4331669 1751
4331671 1764
4331672 1779
4331673 1779
4331675 1787
4331676 1793
4331677 1793
4331679 1797
4331680 1798
4331683 1799
5330304 597
5330307 625
5330308 1074
5330311 1102
5330312 1397
5330315 1425
5330316 1603
5330319 1631
5330320 1724
5330323 1752
5330327 1800
5330328 1801
5330331 1802
5330332 1803
5330335 1804
5330336 1805
5330339 1806
5330432 598
5330433 599
5330434 600
5330436 1075
5330437 1076
5330438 1077
5330440 1398
5330441 1399
5330442 1400
5330444 1604
5330445 1605
5330446 1606
5330448 1725
5330449 1726
5330450 1727
5330454 1801
5330457 1807
5330458 1808
5330460 1809
5330461 1810
5330462 1811
5330464 1812
5330465 1813
5330466 1814
5330560 600
5330562 600
5330563 626
5330564 1077
5330566 1077
5330567 1103
5330568 1400
5330570 1400
5330571 1426
5330572 1606
5330574 1606
5330575 1632
5330576 1727
5330578 1727
5330579 1753
5330582 1801
5330583 1802
5330584 1808
5330587 1815
5330588 1811
5330590 1811
5330591 1816
5330592 1814
5330594 1814
5330595 1817
5330688 601
5330689 602
5330690 603
5330692 1078
5330693 1079
5330694 1080
5330696 1401
5330697 1402
5330698 1403
5330700 1607
5330701 1608
5330702 1609
5330704 1728
5330705 1729
5330706 1730
5330710 1803
5330712 1809
5330713 1810
5330714 1811
5330717 1818
5330718 1819
5330720 1820
5330721 1821
5330722 1822
5330816 603
5330818 603
5330819 627
5330820 1080
5330822 1080
5330823 1104
5330824 1403
5330826 1403
5330827 1427
5330828 1609
5330830 1609
5330831 1633
5330832 1730
5330834 1730
5330835 1754
5330838 1803
5330839 1804
5330840 1811
5330842 1811
5330843 1816
5330844 1819
5330847 1823
5330848 1822
5330850 1822
5330851 1824
5330944 604
5330945 605
5330946 606
5330948 1081
5330949 1082
5330950 1083
5330952 1404
5330953 1405
5330954 1406
5330956 1610
5330957 1611
5330958 1612
5330960 1731
5330961 1732
5330962 1733
5330966 1805
5330968 1812
5330969 1813
5330970 1814
5330972 1820
5330973 1821
5330974 1822
5330977 1825
5330978 1826
5331072 606
5331074 606
5331075 628
5331076 1083
5331078 1083
5331079 1105
5331080 1406
5331082 1406
5331083 1428
5331084 1612
5331086 1612
5331087 1634
5331088 1733
5331090 1733
5331091 1755
5331094 1805
5331095 1806
5331096 1814
5331098 1814
5331099 1817
5331100 1822
5331102 1822
5331103 1824
5331104 1826
5331107 1827
5342784 607
5342785 629
5342786 612
5342788 1084
5342789 1106
5342790 1089
5342792 1407
5342793 1429
5342794 1412
5342796 1613
5342797 1635
5342798 1618
5342800 1734
5342801 1756
5342802 1739
5342805 1807
5342806 1808
5342810 1828
5342812 1829
5342813 1830
5342814 1831
5342816 1832
5342817 1833
5342818 1834
5342976 608
5342977 609
5342980 1085
5342981 1086
5342984 1408
5342985 1409
5342988 1614
5342989 1615
5342992 1735
5342993 1736
5342997 1809
5343001 1829
5343005 1835
5343008 1836
5343009 1837
5343040 609
5343041 613
5343042 614
5343044 1086
5343045 1090
5343046 1091
5343048 1409
5343049 1413
5343050 1414
5343052 1615
5343053 1619
5343054 1620
5343056 1736
5343057 1740
5343058 1741
5343061 1810
5343062 1811
5343065 1830
5343066 1831
5343068 1835
5343070 1838
5343072 1837
5343073 1839
5343074 1840
5343232 610
5343233 611
5343236 1087
5343237 1088
5343240 1410
5343241 1411
5343244 1616
5343245 1617
5343248 1737
5343249 1738
5343253 1812
5343257 1832
5343260 1836
5343261 1837
5343265 1841
5343296 611
5343297 615
5343298 616
5343300 1088
5343301 1092
5343302 1093
5343304 1411
5343305 1415
5343306 1416
5343308 1617
5343309 1621
5343310 1622
5343312 1738
5343313 1742
5343314 1743
5343317 1813
5343318 1814
5343321 1833
5343322 1834
5343324 1837
5343325 1839
5343326 1840
5343328 1841
5343330 1842
5346944 612
5346945 612
5346947 630
5346948 1089
5346949 1089
5346951 1107
5346952 1412
5346953 1412
5346955 1430
5346956 1618
5346957 1618
5346959 1636
5346960 1739
5346961 1739
5346963 1757
5346965 1808
5346967 1815
5346968 1828
5346971 1843
5346972 1831
5346973 1831
5346975 1844
5346976 1834
5346977 1834
5346979 1845
5347072 609
5347073 613
5347074 614
5347076 1086
5347077 1090
5347078 1091
5347080 1409
5347081 1413
5347082 1414
5347084 1615
5347085 1619
5347086 1620
5347088 1736
5347089 1740
5347090 1741
5347093 1810
5347094 1811
5347096 1829
5347098 1831
5347101 1846
5347102 1838
5347104 1837
5347105 1839
5347106 1840
5347136 613
5347137 609
5347138 614
5347140 1090
5347141 1086
5347142 1091
5347144 1413
5347145 1409
5347146 1414
5347148 1619
5347149 1615
5347150 1620
5347152 1740
5347153 1736
5347154 1741
5347157 1809
5347158 1811
5347160 1830
5347162 1831
5347164 1846
5347166 1838
5347168 1839
5347169 1837
5347170 1840
5347200 614
5347201 614
5347202 614
5347203 631
5347204 1091
5347205 1091
5347206 1091
5347207 1108
5347208 1414
5347209 1414
5347210 1414
5347211 1431
5347212 1620
5347213 1620
5347214 1620
5347215 1637
5347216 1741
5347217 1741
5347218 1741
5347219 1758
5347221 1811
5347222 1811
5347223 1816
5347224 1831
5347226 1831
5347227 1844
5347228 1838
5347229 1838
5347231 1847
5347232 1840
5347233 1840
5347234 1840
5347235 1848
5347328 611
5347329 615
5347330 616
5347332 1088
5347333 1092
5347334 1093
5347336 1411
5347337 1415
5347338 1416
5347340 1617
5347341 1621
5347342 1622
5347344 1738
5347345 1742
5347346 1743
5347349 1813
5347350 1814
5347352 1832
5347354 1834
5347356 1837
5347357 1839
5347358 1840
5347361 1849
5347362 1842
5347392 615
5347393 611
5347394 616
5347396 1092
5347397 1088
5347398 1093
5347400 1415
5347401 1411
5347402 1416
5347404 1621
5347405 1617
5347406 1622
5347408 1742
5347409 1738
5347410 1743
5347413 1812
5347414 1814
5347416 1833
5347418 1834
5347420 1839
5347421 1837
5347422 1840
5347424 1849
5347426 1842
5347456 616
5347457 616
5347458 616
5347459 632
5347460 1093
5347461 1093
5347462 1093
5347463 1109
5347464 1416
5347465 1416
5347466 1416
5347467 1432
5347468 1622
5347469 1622
5347470 1622
5347471 1638
5347472 1743
5347473 1743
5347474 1743
5347475 1759
5347477 1814
5347478 1814
5347479 1817
5347480 1834
5347482 1834
5347483 1845
5347484 1840
5347485 1840
5347486 1840
5347487 1848
5347488 1842
5347489 1842
5347491 1850
5359424 617
5359425 633
5359426 620
5359428 1094
5359429 1110
5359430 1097
5359432 1417
5359433 1433
5359434 1420
5359436 1623
5359437 1639
5359438 1626
5359440 1744
5359441 1760
5359442 1747
5359445 1818
5359446 1819
5359448 1835
5359449 1846
5359450 1838
5359454 1851
5359456 1852
5359457 1853
5359458 1854
5359616 618
5359617 619
5359620 1095
5359621 1096
5359624 1418
5359625 1419
5359628 1624
5359629 1625
5359632 1745
5359633 1746
5359637 1820
5359640 1836
5359641 1837
5359645 1852
5359649 1855
5359680 619
5359681 621
5359682 622
5359684 1096
5359685 1098
5359686 1099
5359688 1419
5359689 1421
5359690 1422
5359692 1625
5359693 1627
5359694 1628
5359696 1746
5359697 1748
5359698 1749
5359701 1821
5359702 1822
5359704 1837
5359705 1839
5359706 1840
5359709 1853
5359710 1854
5359712 1855
5359714 1856
5363584 620
5363585 620
5363587 634
5363588 1097
5363589 1097
5363591 1111
5363592 1420
5363593 1420
5363595 1434
5363596 1626
5363597 1626
5363599 1640
5363600 1747
5363601 1747
5363603 1761
5363605 1819
5363607 1823
5363608 1838
5363609 1838
5363611 1847
5363612 1851
5363615 1857
5363616 1854
5363617 1854
5363619 1858
5363712 619
5363713 621
5363714 622
5363716 1096
5363717 1098
5363718 1099
5363720 1419
5363721 1421
5363722 1422
5363724 1625
5363725 1627
5363726 1628
5363728 1746
5363729 1748
5363730 1749
5363733 1821
5363734 1822
5363736 1837
5363737 1839
5363738 1840
5363740 1852
5363742 1854
5363745 1859
5363746 1856
5363776 621
5363777 619
5363778 622
5363780 1098
5363781 1096
5363782 1099
5363784 1421
5363785 1419
5363786 1422
5363788 1627
5363789 1625
5363790 1628
5363792 1748
5363793 1746
5363794 1749
5363797 1820
5363798 1822
5363800 1839
5363801 1837
5363802 1840
5363804 1853
5363806 1854
5363808 1859
5363810 1856
5363840 622
5363841 622
5363842 622
5363843 635
5363844 1099
5363845 1099
5363846 1099
5363847 1112
5363848 1422
5363849 1422
5363850 1422
5363851 1435
5363852 1628
5363853 1628
5363854 1628
5363855 1641
5363856 1749
5363857 1749
5363858 1749
5363859 1762
5363861 1822
5363862 1822
5363863 1824
5363864 1840
5363865 1840
5363866 1840
5363867 1848
5363868 1854
5363870 1854
5363871 1858
5363872 1856
5363873 1856
5363875 1860
5376064 623
5376065 636
5376066 624
5376068 1100
5376069 1113
5376070 1101
5376072 1423
5376073 1436
5376074 1424
5376076 1629
5376077 1642
5376078 1630
5376080 1750
5376081 1763
5376082 1751
5376085 1825
5376086 1826
5376088 1841
5376089 1849
5376090 1842
5376092 1855
5376093 1859
5376094 1856
5376098 1861
5380224 624
5380225 624
5380227 637
5380228 1101
5380229 1101
5380231 1114
5380232 1424
5380233 1424
5380235 1437
5380236 1630
5380237 1630
5380239 1643
5380240 1751
5380241 1751
5380243 1764
5380245 1826
5380247 1827
5380248 1842
5380249 1842
5380251 1850
5380252 1856
5380253 1856
5380255 1860
5380256 1861
5380259 1862
6395520 638
6395523 653
6395524 1115
6395527 1130
6395528 1438
6395531 1453
6395532 1644
6395535 1659
6395536 1765
6395539 1780
6395540 1828
6395543 1843
6395547 1863
6395548 1864
6395551 1865
6395552 1866
6395555 1867
6395648 639
6395649 640
6395650 641
6395652 1116
6395653 1117
6395654 1118
6395656 1439
6395657 1440
6395658 1441
6395660 1645
6395661 1646
6395662 1647
6395664 1766
6395665 1767
6395666 1768
6395668 1829
6395669 1830
6395670 1831
6395674 1864
6395677 1868
6395678 1869
6395680 1870
6395681 1871
6395682 1872
6395776 641
6395778 641
6395779 654
6395780 1118
6395782 1118
6395783 1131
6395784 1441
6395786 1441
6395787 1454
6395788 1647
6395790 1647
6395791 1660
6395792 1768
6395794 1768
6395795 1781
6395796 1831
6395798 1831
6395799 1844
6395802 1864
6395803 1865
6395804 1869
6395807 1873
6395808 1872
6395810 1872
6395811 1874
6395904 642
6395905 643
6395906 644
6395908 1119
6395909 1120
6395910 1121
6395912 1442
6395913 1443
6395914 1444
6395916 1648
6395917 1649
6395918 1650
6395920 1769
6395921 1770
6395922 1771
6395924 1832
6395925 1833
6395926 1834
6395930 1866
6395932 1870
6395933 1871
6395934 1872
6395937 1875
6395938 1876
6396032 644
6396034 644
6396035 655
6396036 1121
6396038 1121
6396039 1132
6396040 1444
6396042 1444
6396043 1455
6396044 1650
6396046 1650
6396047 1661
6396048 1771
6396050 1771
6396051 1782
6396052 1834
6396054 1834
6396055 1845
6396058 1866
6396059 1867
6396060 1872
6396062 1872
6396063 1874
6396064 1876
6396067 1877
6408000 645
6408001 656
6408002 648
6408004 1122
6408005 1133
6408006 1125
6408008 1445
6408009 1456
6408010 1448
6408012 1651
6408013 1662
6408014 1654
6408016 1772
6408017 1783
6408018 1775
6408020 1835
6408021 1846
6408022 1838
6408025 1868
6408026 1869
6408030 1878
6408032 1879
6408033 1880
6408034 1881
6408192 646
6408193 647
6408196 1123
6408197 1124
6408200 1446
6408201 1447
6408204 1652
6408205 1653
6408208 1773
6408209 1774
6408212 1836
6408213 1837
6408217 1870
6408221 1879
6408225 1882
6408256 647
6408257 649
6408258 650
6408260 1124
6408261 1126
6408262 1127
6408264 1447
6408265 1449
6408266 1450
6408268 1653
6408269 1655
6408270 1656
6408272 1774
6408273 1776
6408274 1777
6408276 1837
6408277 1839
6408278 1840
6408281 1871
6408282 1872
6408285 1880
6408286 1881
6408288 1882
6408290 1883
6412160 648
6412161 648
6412163 657
6412164 1125
6412165 1125
6412167 1134
6412168 1448
6412169 1448
6412171 1457
6412172 1654
6412173 1654
6412175 1663
6412176 1775
6412177 1775
6412179 1784
6412180 1838
6412181 1838
6412183 1847
6412185 1869
6412187 1873
6412188 1878
6412191 1884
6412192 1881
6412193 1881
6412195 1885
6412288 647
6412289 649
6412290 650
6412292 1124
6412293 1126
6412294 1127
6412296 1447
6412297 1449
6412298 1450
6412300 1653
6412301 1655
6412302 1656
6412304 1774
6412305 1776
6412306 1777
6412308 1837
6412309 1839
6412310 1840
6412313 1871
6412314 1872
6412316 1879
6412318 1881
6412321 1886
6412322 1883
6412352 649
6412353 647
6412354 650
6412356 1126
6412357 1124
6412358 1127
6412360 1449
6412361 1447
6412362 1450
6412364 1655
6412365 1653
6412366 1656
6412368 1776
6412369 1774
6412370 1777
6412372 1839
6412373 1837
6412374 1840
6412377 1870
6412378 1872
6412380 1880
6412382 1881
6412384 1886
6412386 1883
6412416 650
6412417 650
6412418 650
6412419 658
6412420 1127
6412421 1127
6412422 1127
6412423 1135
6412424 1450
6412425 1450
6412426 1450
6412427 1458
6412428 1656
6412429 1656
6412430 1656
6412431 1664
6412432 1777
6412433 1777
6412434 1777
6412435 1785
6412436 1840
6412437 1840
6412438 1840
6412439 1848
6412441 1872
6412442 1872
6412443 1874
6412444 1881
6412446 1881
6412447 1885
6412448 1883
6412449 1883
6412451 1887
6424640 651
6424641 659
6424642 652
6424644 1128
6424645 1136
6424646 1129
6424648 1451
6424649 1459
6424650 1452
6424652 1657
6424653 1665
6424654 1658
6424656 1778
6424657 1786
6424658 1779
6424660 1841
6424661 1849
6424662 1842
6424665 1875
6424666 1876
6424668 1882
6424669 1886
6424670 1883
6424674 1888
6428800 652
6428801 652
6428803 660
6428804 1129
6428805 1129
6428807 1137
6428808 1452
6428809 1452
6428811 1460
6428812 1658
6428813 1658
6428815 1666
6428816 1779
6428817 1779
6428819 1787
6428820 1842
6428821 1842
6428823 1850
6428825 1876
6428827 1877
6428828 1883
6428829 1883
6428831 1887
6428832 1888
6428835 1889
7460736 661
7460739 667
7460740 1138
7460743 1144
7460744 1461
7460747 1467
7460748 1667
7460751 1673
7460752 1788
7460755 1794
7460756 1851
7460759 1857
7460760 1878
7460763 1884
7460767 1890
7460768 1891
7460771 1892
7460864 662
7460865 663
7460866 664
7460868 1139
7460869 1140
7460870 1141
7460872 1462
7460873 1463
7460874 1464
7460876 1668
7460877 1669
7460878 1670
7460880 1789
7460881 1790
7460882 1791
7460884 1852
7460885 1853
7460886 1854
7460888 1879
7460889 1880
7460890 1881
7460894 1891
7460897 1893
7460898 1894
7460992 664
7460994 664
7460995 668
7460996 1141
7460998 1141
7460999 1145
7461000 1464
7461002 1464
7461003 1468
7461004 1670
7461006 1670
7461007 1674
7461008 1791
7461010 1791
7461011 1795
7461012 1854
7461014 1854
7461015 1858
7461016 1881
7461018 1881
7461019 1885
7461022 1891
7461023 1892
7461024 1894
7461027 1895
7473216 665
7473217 669
7473218 666
7473220 1142
7473221 1146
7473222 1143
7473224 1465
7473225 1469
7473226 1466
7473228 1671
7473229 1675
7473230 1672
7473232 1792
7473233 1796
7473234 1793
7473236 1855
7473237 1859
7473238 1856
7473240 1882
7473241 1886
7473242 1883
7473245 1893
7473246 1894
7473250 1896
7477376 666
7477377 666
7477379 670
7477380 1143
7477381 1143
7477383 1147
7477384 1466
7477385 1466
7477387 1470
7477388 1672
7477389 1672
7477391 1676
7477392 1793
7477393 1793
7477395 1797
7477396 1856
7477397 1856
7477399 1860
7477400 1883
7477401 1883
7477403 1887
7477405 1894
7477407 1895
7477408 1896
7477411 1897
8525952 671
8525955 672
8525956 1148
8525959 1149
8525960 1471
8525963 1472
8525964 1677
8525967 1678
8525968 1798
8525971 1799
8525972 1861
8525975 1862
8525976 1888
8525979 1889
8525980 1896
8525983 1897
8525987 1898
river 13761
4227 0
4228 1
4231 2
4232 3
4235 4
4236 5
4239 6
4240 7
4243 8
4244 9
4247 10
4248 11
4251 12
4252 13
4255 14
4256 15
4259 16
4354 1
4357 17
4358 18
4360 19
4361 20
4362 21
4364 22
4365 23
4366 24
4368 25
4369 26
4370 27
4372 28
4373 29
4374 30
4376 31
4377 32
4378 33
4380 34
4381 35
4382 36
4384 37
4385 38
4386 39
4482 1
4483 2
4484 18
4487 40
4488 21
4490 21
4491 41
4492 24
4494 24
4495 42
4496 27
4498 27
4499 43
4500 30
4502 30
4503 44
4504 33
4506 33
4507 45
4508 36
4510 36
4511 46
4512 39
4514 39
4515 47
4610 3
4612 19
4613 20
4614 21
4617 48
4618 49
4620 50
4621 51
4622 52
4624 53
4625 54
4626 55
4628 56
4629 57
4630 58
4632 59
4633 60
4634 61
4636 62
4637 63
4638 64
4640 65
4641 66
4642 67
4738 3
4739 4
4740 21
4742 21
4743 41
4744 49
4747 68
4748 52
4750 52
4751 69
4752 55
4754 55
4755 70
4756 58
4758 58
4759 71
4760 61
4762 61
4763 72
4764 64
4766 64
4767 73
4768 67
4770 67
4771 74
4866 5
4868 22
4869 23
4870 24
4872 50
4873 51
4874 52
4877 75
4878 76
4880 77
4881 78
4882 79
4884 80
4885 81
4886 82
4888 83
4889 84
4890 85
4892 86
4893 87
4894 88
4896 89
4897 90
4898 91
4994 5
4995 6
4996 24
4998 24
4999 42
5000 52
5002 52
5003 69
5004 76
5007 92
5008 79
5010 79
5011 93
5012 82
5014 82
5015 94
5016 85
5018 85
5019 95
5020 88
5022 88
5023 96
5024 91
5026 91
5027 97
5122 7
5124 25
5125 26
5126 27
5128 53
5129 54
5130 55
5132 77
5133 78
5134 79
5137 98
5138 99
5140 100
5141 101
5142 102
5144 103
5145 104
5146 105
5148 106
5149 107
5150 108
5152 109
5153 110
5154 111
5250 7
5251 8
5252 27
5254 27
5255 43
5256 55
5258 55
5259 70
5260 79
5262 79
5263 93
5264 99
5267 112
5268 102
5270 102
5271 113
5272 105
5274 105
5275 114
5276 108
5278 108
5279 115
5280 111
5282 111
5283 116
5378 9
5380 28
5381 29
5382 30
5384 56
5385 57
5386 58
5388 80
5389 81
5390 82
5392 100
5393 101
5394 102
5397 117
5398 118
5400 119
5401 120
5402 121
5404 122
5405 123
5406 124
5408 125
5409 126
5410 127
5506 9
5507 10
5508 30
5510 30
5511 44
5512 58
5514 58
5515 71
5516 82
5518 82
5519 94
5520 102
5522 102
5523 113
5524 118
5527 128
5528 121
5530 121
5531 129
5532 124
5534 124
5535 130
5536 127
5538 127
5539 131
5634 11
5636 31
5637 32
5638 33
5640 59
5641 60
5642 61
5644 83
5645 84
5646 85
5648 103
5649 104
5650 105
5652 119
5653 120
5654 121
5657 132
5658 133
5660 134
5661 135
5662 136
5664 137
5665 138
5666 139
5762 11
5763 12
5764 33
5766 33
5767 45
5768 61
5770 61
5771 72
5772 85
5774 85
5775 95
5776 105
5778 105
5779 114
5780 121
5782 121
5783 129
5784 133
5787 140
5788 136
5790 136
5791 141
5792 139
5794 139
5795 142
5890 13
5892 34
5893 35
5894 36
5896 62
5897 63
5898 64
5900 86
5901 87
5902 88
5904 106
5905 107
5906 108
5908 122
5909 123
5910 124
5912 134
5913 135
5914 136
5917 143
5918 144
5920 145
5921 146
5922 147
6018 13
6019 14
6020 36
6022 36
6023 46
6024 64
6026 64
6027 73
6028 88
6030 88
6031 96
6032 108
6034 108
6035 115
6036 124
6038 124
6039 130
6040 136
6042 136
6043 141
6044 144
6047 148
6048 147
6050 147
6051 149
6146 15
6148 37
6149 38
6150 39
6152 65
6153 66
6154 67
6156 89
6157 90
6158 91
6160 109
6161 110
6162 111
6164 125
6165 126
6166 127
6168 137
6169 138
6170 139
6172 145
6173 146
6174 147
6177 150
6178 151
6274 15
6275 16
6276 39
6278 39
6279 47
6280 67
6282 67
6283 74
6284 91
6286 91
6287 97
6288 111
6290 111
6291 116
6292 127
6294 127
6295 131
6296 139
6298 139
6299 142
6300 147
6302 147
6303 149
6304 151
6307 152
16705 17
16706 18
16710 153
16712 154
16713 155
16714 156
16716 157
16717 158
16718 159
16720 160
16721 161
16722 162
16724 163
16725 164
16726 165
16728 166
16729 167
16730 168
16732 169
16733 170
16734 171
16736 172
16737 173
16738 174
16897 19
16901 154
16905 175
16908 176
16909 177
16912 178
16913 179
16916 180
16917 181
16920 182
16921 183
16924 184
16925 185
16928 186
16929 187
16961 20
16962 21
16965 155
16966 156
16968 175
16970 188
16972 177
16973 189
16974 190
16976 179
16977 191
16978 192
16980 181
16981 193
16982 194
16984 183
16985 195
16986 196
16988 185
16989 197
16990 198
16992 187
16993 199
16994 200
17153 22
17157 157
17160 176
17161 177
17165 201
17168 202
17169 203
17172 204
17173 205
17176 206
17177 207
17180 208
17181 209
17184 210
17185 211
17217 23
17218 24
17221 158
17222 159
17224 177
17225 189
17226 190
17228 201
17230 212
17232 203
17233 213
17234 214
17236 205
17237 215
17238 216
17240 207
17241 217
17242 218
17244 209
17245 219
17246 220
17248 211
17249 221
17250 222
17409 25
17413 160
17416 178
17417 179
17420 202
17421 203
17425 223
17428 224
17429 225
17432 226
17433 227
17436 228
17437 229
17440 230
17441 231
17473 26
17474 27
17477 161
17478 162
17480 179
17481 191
17482 192
17484 203
17485 213
17486 214
17488 223
17490 232
17492 225
17493 233
17494 234
17496 227
17497 235
17498 236
17500 229
17501 237
17502 238
17504 231
17505 239
17506 240
17665 28
17669 163
17672 180
17673 181
17676 204
17677 205
17680 224
17681 225
17685 241
17688 242
17689 243
17692 244
17693 245
17696 246
17697 247
17729 29
17730 30
17733 164
17734 165
17736 181
17737 193
17738 194
17740 205
17741 215
17742 216
17744 225
17745 233
17746 234
17748 241
17750 248
17752 243
17753 249
17754 250
17756 245
17757 251
17758 252
17760 247
17761 253
17762 254
17921 31
17925 166
17928 182
17929 183
17932 206
17933 207
17936 226
17937 227
17940 242
17941 243
17945 255
17948 256
17949 257
17952 258
17953 259
17985 32
17986 33
17989 167
17990 168
17992 183
17993 195
17994 196
17996 207
17997 217
17998 218
18000 227
18001 235
18002 236
18004 243
18005 249
18006 250
18008 255
18010 260
18012 257
18013 261
18014 262
18016 259
18017 263
18018 264
18177 34
18181 169
18184 184
18185 185
18188 208
18189 209
18192 228
18193 229
18196 244
18197 245
18200 256
18201 257
18205 265
18208 266
18209 267
18241 35
18242 36
18245 170
18246 171
18248 185
18249 197
18250 198
18252 209
18253 219
18254 220
18256 229
18257 237
18258 238
18260 245
18261 251
18262 252
18264 257
18265 261
18266 262
18268 265
18270 268
18272 267
18273 269
18274 270
18433 37
18437 172
18440 186
18441 187
18444 210
18445 211
18448 230
18449 231
18452 246
18453 247
18456 258
18457 259
18460 266
18461 267
18465 271
18497 38
18498 39
18501 173
18502 174
18504 187
18505 199
18506 200
18508 211
18509 221
18510 222
18512 231
18513 239
18514 240
18516 247
18517 253
18518 254
18520 259
18521 263
18522 264
18524 267
18525 269
18526 270
18528 271
18530 272
20865 18
20867 40
20868 153
20871 273
20872 156
20873 156
20875 274
20876 159
20877 159
20879 275
20880 162
20881 162
20883 276
20884 165
20885 165
20887 277
20888 168
20889 168
20891 278
20892 171
20893 171
20895 279
20896 174
20897 174
20899 280
20993 20
20994 21
20996 154
20998 156
21001 281
21002 188
21004 177
21005 189
21006 190
21008 179
21009 191
21010 192
21012 181
21013 193
21014 194
21016 183
21017 195
21018 196
21020 185
21021 197
21022 198
21024 187
21025 199
21026 200
21057 19
21058 21
21060 155
21062 156
21064 281
21066 188
21068 189
21069 177
21070 190
21072 191
21073 179
21074 192
21076 193
21077 181
21078 194
21080 195
21081 183
21082 196
21084 197
21085 185
21086 198
21088 199
21089 187
21090 200
21121 21
21122 21
21123 41
21124 156
21126 156
21127 274
21128 188
21129 188
21131 282
21132 190
21133 190
21134 190
21135 283
21136 192
21137 192
21138 192
21139 284
21140 194
21141 194
21142 194
21143 285
21144 196
21145 196
21146 196
21147 286
21148 198
21149 198
21150 198
21151 287
21152 200
21153 200
21154 200
21155 288
21249 23
21250 24
21252 157
21254 159
21256 177
21257 189
21258 190
21261 289
21262 212
21264 203
21265 213
21266 214
21268 205
21269 215
21270 216
21272 207
21273 217
21274 218
21276 209
21277 219
21278 220
21280 211
21281 221
21282 222
21313 22
21314 24
21316 158
21318 159
21320 189
21321 177
21322 190
21324 289
21326 212
21328 213
21329 203
21330 214
21332 215
21333 205
21334 216
21336 217
21337 207
21338 218
21340 219
21341 209
21342 220
21344 221
21345 211
21346 222
21377 24
21378 24
21379 42
21380 159
21382 159
21383 275
21384 190
21385 190
21386 190
21387 283
21388 212
21389 212
21391 290
21392 214
21393 214
21394 214
21395 291
21396 216
21397 216
21398 216
21399 292
21400 218
21401 218
21402 218
21403 293
21404 220
21405 220
21406 220
21407 294
21408 222
21409 222
21410 222
21411 295
21505 26
21506 27
21508 160
21510 162
21512 179
21513 191
21514 192
21516 203
21517 213
21518 214
21521 296
21522 232
21524 225
21525 233
21526 234
21528 227
21529 235
21530 236
21532 229
21533 237
21534 238
21536 231
21537 239
21538 240
21569 25
21570 27
21572 161
21574 162
21576 191
21577 179
21578 192
21580 213
21581 203
21582 214
21584 296
21586 232
21588 233
21589 225
21590 234
21592 235
21593 227
21594 236
21596 237
21597 229
21598 238
21600 239
21601 231
21602 240
21633 27
21634 27
21635 43
21636 162
21638 162
21639 276
21640 192
21641 192
21642 192
21643 284
21644 214
21645 214
21646 214
21647 291
21648 232
21649 232
21651 297
21652 234
21653 234
21654 234
21655 298
21656 236
21657 236
21658 236
21659 299
21660 238
21661 238
21662 238
21663 300
21664 240
21665 240
21666 240
21667 301
21761 29
21762 30
21764 163
21766 165
21768 181
21769 193
21770 194
21772 205
21773 215
21774 216
21776 225
21777 233
21778 234
21781 302
21782 248
21784 243
21785 249
21786 250
21788 245
21789 251
21790 252
21792 247
21793 253
21794 254
21825 28
21826 30
21828 164
21830 165
21832 193
21833 181
21834 194
21836 215
21837 205
21838 216
21840 233
21841 225
21842 234
21844 302
21846 248
21848 249
21849 243
21850 250
21852 251
21853 245
21854 252
21856 253
21857 247
21858 254
21889 30
21890 30
21891 44
21892 165
21894 165
21895 277
21896 194
21897 194
21898 194
21899 285
21900 216
21901 216
21902 216
21903 292
21904 234
21905 234
21906 234
21907 298
21908 248
21909 248
21911 303
21912 250
21913 250
21914 250
21915 304
21916 252
21917 252
21918 252
21919 305
21920 254
21921 254
21922 254
21923 306
22017 32
22018 33
22020 166
22022 168
22024 183
22025 195
22026 196
22028 207
22029 217
22030 218
22032 227
22033 235
22034 236
22036 243
22037 249
22038 250
22041 307
22042 260
22044 257
22045 261
22046 262
22048 259
22049 263
22050 264
22081 31
22082 33
22084 167
22086 168
22088 195
22089 183
22090 196
22092 217
22093 207
22094 218
22096 235
22097 227
22098 236
22100 249
22101 243
22102 250
22104 307
22106 260
22108 261
22109 257
22110 262
22112 263
22113 259
22114 264
22145 33
22146 33
22147 45
22148 168
22150 168
22151 278
22152 196
22153 196
22154 196
22155 286
22156 218
22157 218
22158 218
22159 293
22160 236
22161 236
22162 236
22163 299
22164 250
22165 250
22166 250
22167 304
22168 260
22169 260
22171 308
22172 262
22173 262
22174 262
22175 309
22176 264
22177 264
22178 264
22179 310
22273 35
22274 36
22276 169
22278 171
22280 185
22281 197
22282 198
22284 209
22285 219
22286 220
22288 229
22289 237
22290 238
22292 245
22293 251
22294 252
22296 257
22297 261
22298 262
22301 311
22302 268
22304 267
22305 269
22306 270
22337 34
22338 36
22340 170
22342 171
22344 197
22345 185
22346 198
22348 219
22349 209
22350 220
22352 237
22353 229
22354 238
22356 251
22357 245
22358 252
22360 261
22361 257
22362 262
22364 311
22366 268
22368 269
22369 267
22370 270
22401 36
22402 36
22403 46
22404 171
22406 171
22407 279
22408 198
22409 198
22410 198
22411 287
22412 220
22413 220
22414 220
22415 294
22416 238
22417 238
22418 238
22419 300
22420 252
22421 252
22422 252
22423 305
22424 262
22425 262
22426 262
22427 309
22428 268
22429 268
22431 312
22432 270
22433 270
22434 270
22435 313
22529 38
22530 39
22532 172
22534 174
22536 187
22537 199
22538 200
22540 211
22541 221
22542 222
22544 231
22545 239
22546 240
22548 247
22549 253
22550 254
22552 259
22553 263
22554 264
22556 267
22557 269
22558 270
22561 314
22562 272
22593 37
22594 39
22596 173
22598 174
22600 199
22601 187
22602 200
22604 221
22605 211
22606 222
22608 239
22609 231
22610 240
22612 253
22613 247
22614 254
22616 263
22617 259
22618 264
22620 269
22621 267
22622 270
22624 314
22626 272
22657 39
22658 39
22659 47
22660 174
22662 174
22663 280
22664 200
22665 200
22666 200
22667 288
22668 222
22669 222
22670 222
22671 295
22672 240
22673 240
22674 240
22675 301
22676 254
22677 254
22678 254
22679 306
22680 264
22681 264
22682 264
22683 310
22684 270
22685 270
22686 270
22687 313
22688 272
22689 272
22691 315
33345 48
33346 49
33348 175
33349 281
33350 188
33354 316
33356 317
33357 318
33358 319
33360 320
33361 321
33362 322
33364 323
33365 324
33366 325
33368 326
33369 327
33370 328
33372 329
33373 330
33374 331
33376 332
33377 333
33378 334
33537 50
33540 176
33541 177
33545 317
33549 335
33552 336
33553 337
33556 338
33557 339
33560 340
33561 341
33564 342
33565 343
33568 344
33569 345
33601 51
33602 52
33604 177
33605 189
33606 190
33609 318
33610 319
33612 335
33614 346
33616 337
33617 347
33618 348
33620 339
33621 349
33622 350
33624 341
33625 351
33626 352
33628 343
33629 353
33630 354
33632 345
33633 355
33634 356
33793 53
33796 178
33797 179
33801 320
33804 336
33805 337
33809 357
33812 358
33813 359
33816 360
33817 361
33820 362
33821 363
33824 364
33825 365
33857 54
33858 55
33860 179
33861 191
33862 192
33865 321
33866 322
33868 337
33869 347
33870 348
33872 357
33874 366
33876 359
33877 367
33878 368
33880 361
33881 369
33882 370
33884 363
33885 371
33886 372
33888 365
33889 373
33890 374
34049 56
34052 180
34053 181
34057 323
34060 338
34061 339
34064 358
34065 359
34069 375
34072 376
34073 377
34076 378
34077 379
34080 380
34081 381
34113 57
34114 58
34116 181
34117 193
34118 194
34121 324
34122 325
34124 339
34125 349
34126 350
34128 359
34129 367
34130 368
34132 375
34134 382
34136 377
34137 383
34138 384
34140 379
34141 385
34142 386
34144 381
34145 387
34146 388
34305 59
34308 182
34309 183
34313 326
34316 340
34317 341
34320 360
34321 361
34324 376
34325 377
34329 389
34332 390
34333 391
34336 392
34337 393
34369 60
34370 61
34372 183
34373 195
34374 196
34377 327
34378 328
34380 341
34381 351
34382 352
34384 361
34385 369
34386 370
34388 377
34389 383
34390 384
34392 389
34394 394
34396 391
34397 395
34398 396
34400 393
34401 397
34402 398
34561 62
34564 184
34565 185
34569 329
34572 342
34573 343
34576 362
34577 363
34580 378
34581 379
34584 390
34585 391
34589 399
34592 400
34593 401
34625 63
34626 64
34628 185
34629 197
34630 198
34633 330
34634 331
34636 343
34637 353
34638 354
34640 363
34641 371
34642 372
34644 379
34645 385
34646 386
34648 391
34649 395
34650 396
34652 399
34654 402
34656 401
34657 403
34658 404
34817 65
34820 186
34821 187
34825 332
34828 344
34829 345
34832 364
34833 365
34836 380
34837 381
34840 392
34841 393
34844 400
34845 401
34849 405
34881 66
34882 67
34884 187
34885 199
34886 200
34889 333
34890 334
34892 345
34893 355
34894 356
34896 365
34897 373
34898 374
34900 381
34901 387
34902 388
34904 393
34905 397
34906 398
34908 401
34909 403
34910 404
34912 405
34914 406
37505 49
37507 68
37508 188
37509 188
37511 282
37512 316
37515 407
37516 319
37517 319
37519 408
37520 322
37521 322
37523 409
37524 325
37525 325
37527 410
37528 328
37529 328
37531 411
37532 331
37533 331
37535 412
37536 334
37537 334
37539 413
37633 51
37634 52
37636 177
37637 189
37638 190
37640 317
37642 319
37645 414
37646 346
37648 337
37649 347
37650 348
37652 339
37653 349
37654 350
37656 341
37657 351
37658 352
37660 343
37661 353
37662 354
37664 345
37665 355
37666 356
37697 50
37698 52
37700 189
37701 177
37702 190
37704 318
37706 319
37708 414
37710 346
37712 347
37713 337
37714 348
37716 349
37717 339
37718 350
37720 351
37721 341
37722 352
37724 353
37725 343
37726 354
37728 355
37729 345
37730 356
37761 52
37762 52
37763 69
37764 190
37765 190
37766 190
37767 283
37768 319
37770 319
37771 408
37772 346
37773 346
37775 415
37776 348
37777 348
37778 348
37779 416
37780 350
37781 350
37782 350
37783 417
37784 352
37785 352
37786 352
37787 418
37788 354
37789 354
37790 354
37791 419
37792 356
37793 356
37794 356
37795 420
37889 54
37890 55
37892 179
37893 191
37894 192
37896 320
37898 322
37900 337
37901 347
37902 348
37905 421
37906 366
37908 359
37909 367
37910 368
37912 361
37913 369
37914 370
37916 363
37917 371
37918 372
37920 365
37921 373
37922 374
37953 53
37954 55
37956 191
37957 179
37958 192
37960 321
37962 322
37964 347
37965 337
37966 348
37968 421
37970 366
37972 367
37973 359
37974 368
37976 369
37977 361
37978 370
37980 371
37981 363
37982 372
37984 373
37985 365
37986 374
38017 55
38018 55
38019 70
38020 192
38021 192
38022 192
38023 284
38024 322
38026 322
38027 409
38028 348
38029 348
38030 348
38031 416
38032 366
38033 366
38035 422
38036 368
38037 368
38038 368
38039 423
38040 370
38041 370
38042 370
38043 424
38044 372
38045 372
38046 372
38047 425
38048 374
38049 374
38050 374
38051 426
38145 57
38146 58
38148 181
38149 193
38150 194
38152 323
38154 325
38156 339
38157 349
38158 350
38160 359
38161 367
38162 368
38165 427
38166 382
38168 377
38169 383
38170 384
38172 379
38173 385
38174 386
38176 381
38177 387
38178 388
38209 56
38210 58
38212 193
38213 181
38214 194
38216 324
38218 325
38220 349
38221 339
38222 350
38224 367
38225 359
38226 368
38228 427
38230 382
38232 383
38233 377
38234 384
38236 385
38237 379
38238 386
38240 387
38241 381
38242 388
38273 58
38274 58
38275 71
38276 194
38277 194
38278 194
38279 285
38280 325
38282 325
38283 410
38284 350
38285 350
38286 350
38287 417
38288 368
38289 368
38290 368
38291 423
38292 382
38293 382
38295 428
38296 384
38297 384
38298 384
38299 429
38300 386
38301 386
38302 386
38303 430
38304 388
38305 388
38306 388
38307 431
38401 60
38402 61
38404 183
38405 195
38406 196
38408 326
38410 328
38412 341
38413 351
38414 352
38416 361
38417 369
38418 370
38420 377
38421 383
38422 384
38425 432
38426 394
38428 391
38429 395
38430 396
38432 393
38433 397
38434 398
38465 59
38466 61
38468 195
38469 183
38470 196
38472 327
38474 328
38476 351
38477 341
38478 352
38480 369
38481 361
38482 370
38484 383
38485 377
38486 384
38488 432
38490 394
38492 395
38493 391
38494 396
38496 397
38497 393
38498 398
38529 61
38530 61
38531 72
38532 196
38533 196
38534 196
38535 286
38536 328
38538 328
38539 411
38540 352
38541 352
38542 352
38543 418
38544 370
38545 370
38546 370
38547 424
38548 384
38549 384
38550 384
38551 429
38552 394
38553 394
38555 433
38556 396
38557 396
38558 396
38559 434
38560 398
38561 398
38562 398
38563 435
38657 63
38658 64
38660 185
38661 197
38662 198
38664 329
38666 331
38668 343
38669 353
38670 354
38672 363
38673 371
38674 372
38676 379
38677 385
38678 386
38680 391
38681 395
38682 396
38685 436
38686 402
38688 401
38689 403
38690 404
38721 62
38722 64
38724 197
38725 185
38726 198
38728 330
38730 331
38732 353
38733 343
38734 354
38736 371
38737 363
38738 372
38740 385
38741 379
38742 386
38744 395
38745 391
38746 396
38748 436
38750 402
38752 403
38753 401
38754 404
38785 64
38786 64
38787 73
38788 198
38789 198
38790 198
38791 287
38792 331
38794 331
38795 412
38796 354
38797 354
38798 354
38799 419
38800 372
38801 372
38802 372
38803 425
38804 386
38805 386
38806 386
38807 430
38808 396
38809 396
38810 396
38811 434
38812 402
38813 402
38815 437
38816 404
38817 404
38818 404
38819 438
38913 66
38914 67
38916 187
38917 199
38918 200
38920 332
38922 334
38924 345
38925 355
38926 356
38928 365
38929 373
38930 374
38932 381
38933 387
38934 388
38936 393
38937 397
38938 398
38940 401
38941 403
38942 404
38945 439
38946 406
38977 65
38978 67
38980 199
38981 187
38982 200
38984 333
38986 334
38988 355
38989 345
38990 356
38992 373
38993 365
38994 374
38996 387
38997 381
38998 388
39000 397
39001 393
39002 398
39004 403
39005 401
39006 404
39008 439
39010 406
39041 67
39042 67
39043 74
39044 200
39045 200
39046 200
39047 288
39048 334
39050 334
39051 413
39052 356
39053 356
39054 356
39055 420
39056 374
39057 374
39058 374
39059 426
39060 388
39061 388
39062 388
39063 431
39064 398
39065 398
39066 398
39067 435
39068 404
39069 404
39070 404
39071 438
39072 406
39073 406
39075 440
49985 75
49986 76
49988 201
49989 289
49990 212
49992 335
49993 414
49994 346
49998 441
50000 442
50001 443
50002 444
50004 445
50005 446
50006 447
50008 448
50009 449
50010 450
50012 451
50013 452
50014 453
50016 454
50017 455
50018 456
50177 77
50180 202
50181 203
50184 336
50185 337
50189 442
50193 457
50196 458
50197 459
50200 460
50201 461
50204 462
50205 463
50208 464
50209 465
50241 78
50242 79
50244 203
50245 213
50246 214
50248 337
50249 347
50250 348
50253 443
50254 444
50256 457
50258 466
50260 459
50261 467
50262 468
50264 461
50265 469
50266 470
50268 463
50269 471
50270 472
50272 465
50273 473
50274 474
50433 80
50436 204
50437 205
50440 338
50441 339
50445 445
50448 458
50449 459
50453 475
50456 476
50457 477
50460 478
50461 479
50464 480
50465 481
50497 81
50498 82
50500 205
50501 215
50502 216
50504 339
50505 349
50506 350
50509 446
50510 447
50512 459
50513 467
50514 468
50516 475
50518 482
50520 477
50521 483
50522 484
50524 479
50525 485
50526 486
50528 481
50529 487
50530 488
50689 83
50692 206
50693 207
50696 340
50697 341
50701 448
50704 460
50705 461
50708 476
50709 477
50713 489
50716 490
50717 491
50720 492
50721 493
50753 84
50754 85
50756 207
50757 217
50758 218
50760 341
50761 351
50762 352
50765 449
50766 450
50768 461
50769 469
50770 470
50772 477
50773 483
50774 484
50776 489
50778 494
50780 491
50781 495
50782 496
50784 493
50785 497
50786 498
50945 86
50948 208
50949 209
50952 342
50953 343
50957 451
50960 462
50961 463
50964 478
50965 479
50968 490
50969 491
50973 499
50976 500
50977 501
51009 87
51010 88
51012 209
51013 219
51014 220
51016 343
51017 353
51018 354
51021 452
51022 453
51024 463
51025 471
51026 472
51028 479
51029 485
51030 486
51032 491
51033 495
51034 496
51036 499
51038 502
51040 501
51041 503
51042 504
51201 89
51204 210
51205 211
51208 344
51209 345
51213 454
51216 464
51217 465
51220 480
51221 481
51224 492
51225 493
51228 500
51229 501
51233 505
51265 90
51266 91
51268 211
51269 221
51270 222
51272 345
51273 355
51274 356
51277 455
51278 456
51280 465
51281 473
51282 474
51284 481
51285 487
51286 488
51288 493
51289 497
51290 498
51292 501
51293 503
51294 504
51296 505
51298 506
54145 76
54147 92
54148 212
54149 212
54151 290
54152 346
54153 346
54155 415
54156 441
54159 507
54160 444
54161 444
54163 508
54164 447
54165 447
54167 509
54168 450
54169 450
54171 510
54172 453
54173 453
54175 511
54176 456
54177 456
54179 512
54273 78
54274 79
54276 203
54277 213
54278 214
54280 337
54281 347
54282 348
54284 442
54286 444
54289 513
54290 466
54292 459
54293 467
54294 468
54296 461
54297 469
54298 470
54300 463
54301 471
54302 472
54304 465
54305 473
54306 474
54337 77
54338 79
54340 213
54341 203
54342 214
54344 347
54345 337
54346 348
54348 443
54350 444
54352 513
54354 466
54356 467
54357 459
54358 468
54360 469
54361 461
54362 470
54364 471
54365 463
54366 472
54368 473
54369 465
54370 474
54401 79
54402 79
54403 93
54404 214
54405 214
54406 214
54407 291
54408 348
54409 348
54410 348
54411 416
54412 444
54414 444
54415 508
54416 466
54417 466
54419 514
54420 468
54421 468
54422 468
54423 515
54424 470
54425 470
54426 470
54427 516
54428 472
54429 472
54430 472
54431 517
54432 474
54433 474
54434 474
54435 518
54529 81
54530 82
54532 205
54533 215
54534 216
54536 339
54537 349
54538 350
54540 445
54542 447
54544 459
54545 467
54546 468
54549 519
54550 482
54552 477
54553 483
54554 484
54556 479
54557 485
54558 486
54560 481
54561 487
54562 488
54593 80
54594 82
54596 215
54597 205
54598 216
54600 349
54601 339
54602 350
54604 446
54606 447
54608 467
54609 459
54610 468
54612 519
54614 482
54616 483
54617 477
54618 484
54620 485
54621 479
54622 486
54624 487
54625 481
54626 488
54657 82
54658 82
54659 94
54660 216
54661 216
54662 216
54663 292
54664 350
54665 350
54666 350
54667 417
54668 447
54670 447
54671 509
54672 468
54673 468
54674 468
54675 515
54676 482
54677 482
54679 520
54680 484
54681 484
54682 484
54683 521
54684 486
54685 486
54686 486
54687 522
54688 488
54689 488
54690 488
54691 523
54785 84
54786 85
54788 207
54789 217
54790 218
54792 341
54793 351
54794 352
54796 448
54798 450
54800 461
54801 469
54802 470
54804 477
54805 483
54806 484
54809 524
54810 494
54812 491
54813 495
54814 496
54816 493
54817 497
54818 498
54849 83
54850 85
54852 217
54853 207
54854 218
54856 351
54857 341
54858 352
54860 449
54862 450
54864 469
54865 461
54866 470
54868 483
54869 477
54870 484
54872 524
54874 494
54876 495
54877 491
54878 496
54880 497
54881 493
54882 498
54913 85
54914 85
54915 95
54916 218
54917 218
54918 218
54919 293
54920 352
54921 352
54922 352
54923 418
54924 450
54926 450
54927 510
54928 470
54929 470
54930 470
54931 516
54932 484
54933 484
54934 484
54935 521
54936 494
54937 494
54939 525
54940 496
54941 496
54942 496
54943 526
54944 498
54945 498
54946 498
54947 527
55041 87
55042 88
55044 209
55045 219
55046 220
55048 343
55049 353
55050 354
55052 451
55054 453
55056 463
55057 471
55058 472
55060 479
55061 485
55062 486
55064 491
55065 495
55066 496
55069 528
55070 502
55072 501
55073 503
55074 504
55105 86
55106 88
55108 219
55109 209
55110 220
55112 353
55113 343
55114 354
55116 452
55118 453
55120 471
55121 463
55122 472
55124 485
55125 479
55126 486
55128 495
55129 491
55130 496
55132 528
55134 502
55136 503
55137 501
55138 504
55169 88
55170 88
55171 96
55172 220
55173 220
55174 220
55175 294
55176 354
55177 354
55178 354
55179 419
55180 453
55182 453
55183 511
55184 472
55185 472
55186 472
55187 517
55188 486
55189 486
55190 486
55191 522
55192 496
55193 496
55194 496
55195 526
55196 502
55197 502
55199 529
55200 504
55201 504
55202 504
55203 530
55297 90
55298 91
55300 211
55301 221
55302 222
55304 345
55305 355
55306 356
55308 454
55310 456
55312 465
55313 473
55314 474
55316 481
55317 487
55318 488
55320 493
55321 497
55322 498
55324 501
55325 503
55326 504
55329 531
55330 506
55361 89
55362 91
55364 221
55365 211
55366 222
55368 355
55369 345
55370 356
55372 455
55374 456
55376 473
55377 465
55378 474
55380 487
55381 481
55382 488
55384 497
55385 493
55386 498
55388 503
55389 501
55390 504
55392 531
55394 506
55425 91
55426 91
55427 97
55428 222
55429 222
55430 222
55431 295
55432 356
55433 356
55434 356
55435 420
55436 456
55438 456
55439 512
55440 474
55441 474
55442 474
55443 518
55444 488
55445 488
55446 488
55447 523
55448 498
55449 498
55450 498
55451 527
55452 504
55453 504
55454 504
55455 530
55456 506
55457 506
55459 532
66625 98
66626 99
66628 223
66629 296
66630 232
66632 357
66633 421
66634 366
66636 457
66637 513
66638 466
66642 533
66644 534
66645 535
66646 536
66648 537
66649 538
66650 539
66652 540
66653 541
66654 542
66656 543
66657 544
66658 545
66817 100
66820 224
66821 225
66824 358
66825 359
66828 458
66829 459
66833 534
66837 546
66840 547
66841 548
66844 549
66845 550
66848 551
66849 552
66881 101
66882 102
66884 225
66885 233
66886 234
66888 359
66889 367
66890 368
66892 459
66893 467
66894 468
66897 535
66898 536
66900 546
66902 553
66904 548
66905 554
66906 555
66908 550
66909 556
66910 557
66912 552
66913 558
66914 559
67073 103
67076 226
67077 227
67080 360
67081 361
67084 460
67085 461
67089 537
67092 547
67093 548
67097 560
67100 561
67101 562
67104 563
67105 564
67137 104
67138 105
67140 227
67141 235
67142 236
67144 361
67145 369
67146 370
67148 461
67149 469
67150 470
67153 538
67154 539
67156 548
67157 554
67158 555
67160 560
67162 565
67164 562
67165 566
67166 567
67168 564
67169 568
67170 569
67329 106
67332 228
67333 229
67336 362
67337 363
67340 462
67341 463
67345 540
67348 549
67349 550
67352 561
67353 562
67357 570
67360 571
67361 572
67393 107
67394 108
67396 229
67397 237
67398 238
67400 363
67401 371
67402 372
67404 463
67405 471
67406 472
67409 541
67410 542
67412 550
67413 556
67414 557
67416 562
67417 566
67418 567
67420 570
67422 573
67424 572
67425 574
67426 575
67585 109
67588 230
67589 231
67592 364
67593 365
67596 464
67597 465
67601 543
67604 551
67605 552
67608 563
67609 564
67612 571
67613 572
67617 576
67649 110
67650 111
67652 231
67653 239
67654 240
67656 365
67657 373
67658 374
67660 465
67661 473
67662 474
67665 544
67666 545
67668 552
67669 558
67670 559
67672 564
67673 568
67674 569
67676 572
67677 574
67678 575
67680 576
67682 577
70785 99
70787 112
70788 232
70789 232
70791 297
70792 366
70793 366
70795 422
70796 466
70797 466
70799 514
70800 533
70803 578
70804 536
70805 536
70807 579
70808 539
70809 539
70811 580
70812 542
70813 542
70815 581
70816 545
70817 545
70819 582
70913 101
70914 102
70916 225
70917 233
70918 234
70920 359
70921 367
70922 368
70924 459
70925 467
70926 468
70928 534
70930 536
70933 583
70934 553
70936 548
70937 554
70938 555
70940 550
70941 556
70942 557
70944 552
70945 558
70946 559
70977 100
70978 102
70980 233
70981 225
70982 234
70984 367
70985 359
70986 368
70988 467
70989 459
70990 468
70992 535
70994 536
70996 583
70998 553
71000 554
71001 548
71002 555
71004 556
71005 550
71006 557
71008 558
71009 552
71010 559
71041 102
71042 102
71043 113
71044 234
71045 234
71046 234
71047 298
71048 368
71049 368
71050 368
71051 423
71052 468
71053 468
71054 468
71055 515
71056 536
71058 536
71059 579
71060 553
71061 553
71063 584
71064 555
71065 555
71066 555
71067 585
71068 557
71069 557
71070 557
71071 586
71072 559
71073 559
71074 559
71075 587
71169 104
71170 105
71172 227
71173 235
71174 236
71176 361
71177 369
71178 370
71180 461
71181 469
71182 470
71184 537
71186 539
71188 548
71189 554
71190 555
71193 588
71194 565
71196 562
71197 566
71198 567
71200 564
71201 568
71202 569
71233 103
71234 105
71236 235
71237 227
71238 236
71240 369
71241 361
71242 370
71244 469
71245 461
71246 470
71248 538
71250 539
71252 554
71253 548
71254 555
71256 588
71258 565
71260 566
71261 562
71262 567
71264 568
71265 564
71266 569
71297 105
71298 105
71299 114
71300 236
71301 236
71302 236
71303 299
71304 370
71305 370
71306 370
71307 424
71308 470
71309 470
71310 470
71311 516
71312 539
71314 539
71315 580
71316 555
71317 555
71318 555
71319 585
71320 565
71321 565
71323 589
71324 567
71325 567
71326 567
71327 590
71328 569
71329 569
71330 569
71331 591
71425 107
71426 108
71428 229
71429 237
71430 238
71432 363
71433 371
71434 372
71436 463
71437 471
71438 472
71440 540
71442 542
71444 550
71445 556
71446 557
71448 562
71449 566
71450 567
71453 592
71454 573
71456 572
71457 574
71458 575
71489 106
71490 108
71492 237
71493 229
71494 238
71496 371
71497 363
71498 372
71500 471
71501 463
71502 472
71504 541
71506 542
71508 556
71509 550
71510 557
71512 566
71513 562
71514 567
71516 592
71518 573
71520 574
71521 572
71522 575
71553 108
71554 108
71555 115
71556 238
71557 238
71558 238
71559 300
71560 372
71561 372
71562 372
71563 425
71564 472
71565 472
71566 472
71567 517
71568 542
71570 542
71571 581
71572 557
71573 557
71574 557
71575 586
71576 567
71577 567
71578 567
71579 590
71580 573
71581 573
71583 593
71584 575
71585 575
71586 575
71587 594
71681 110
71682 111
71684 231
71685 239
71686 240
71688 365
71689 373
71690 374
71692 465
71693 473
71694 474
71696 543
71698 545
71700 552
71701 558
71702 559
71704 564
71705 568
71706 569
71708 572
71709 574
71710 575
71713 595
71714 577
71745 109
71746 111
71748 239
71749 231
71750 240
71752 373
71753 365
71754 374
71756 473
71757 465
71758 474
71760 544
71762 545
71764 558
71765 552
71766 559
71768 568
71769 564
71770 569
71772 574
71773 572
71774 575
71776 595
71778 577
71809 111
71810 111
71811 116
71812 240
71813 240
71814 240
71815 301
71816 374
71817 374
71818 374
71819 426
71820 474
71821 474
71822 474
71823 518
71824 545
71826 545
71827 582
71828 559
71829 559
71830 559
71831 587
71832 569
71833 569
71834 569
71835 591
71836 575
71837 575
71838 575
71839 594
71840 577
71841 577
71843 596
83265 117
83266 118
83268 241
83269 302
83270 248
83272 375
83273 427
83274 382
83276 475
83277 519
83278 482
83280 546
83281 583
83282 553
83286 597
83288 598
83289 599
83290 600
83292 601
83293 602
83294 603
83296 604
83297 605
83298 606
83457 119
83460 242
83461 243
83464 376
83465 377
83468 476
83469 477
83472 547
83473 548
83477 598
83481 607
83484 608
83485 609
83488 610
83489 611
83521 120
83522 121
83524 243
83525 249
83526 250
83528 377
83529 383
83530 384
83532 477
83533 483
83534 484
83536 548
83537 554
83538 555
83541 599
83542 600
83544 607
83546 612
83548 609
83549 613
83550 614
83552 611
83553 615
83554 616
83713 122
83716 244
83717 245
83720 378
83721 379
83724 478
83725 479
83728 549
83729 550
83733 601
83736 608
83737 609
83741 617
83744 618
83745 619
83777 123
83778 124
83780 245
83781 251
83782 252
83784 379
83785 385
83786 386
83788 479
83789 485
83790 486
83792 550
83793 556
83794 557
83797 602
83798 603
83800 609
83801 613
83802 614
83804 617
83806 620
83808 619
83809 621
83810 622
83969 125
83972 246
83973 247
83976 380
83977 381
83980 480
83981 481
83984 551
83985 552
83989 604
83992 610
83993 611
83996 618
83997 619
84001 623
84033 126
84034 127
84036 247
84037 253
84038 254
84040 381
84041 387
84042 388
84044 481
84045 487
84046 488
84048 552
84049 558
84050 559
84053 605
84054 606
84056 611
84057 615
84058 616
84060 619
84061 621
84062 622
84064 623
84066 624
87425 118
87427 128
87428 248
87429 248
87431 303
87432 382
87433 382
87435 428
87436 482
87437 482
87439 520
87440 553
87441 553
87443 584
87444 597
87447 625
87448 600
87449 600
87451 626
87452 603
87453 603
87455 627
87456 606
87457 606
87459 628
87553 120
87554 121
87556 243
87557 249
87558 250
87560 377
87561 383
87562 384
87564 477
87565 483
87566 484
87568 548
87569 554
87570 555
87572 598
87574 600
87577 629
87578 612
87580 609
87581 613
87582 614
87584 611
87585 615
87586 616
87617 119
87618 121
87620 249
87621 243
87622 250
87624 383
87625 377
87626 384
87628 483
87629 477
87630 484
87632 554
87633 548
87634 555
87636 599
87638 600
87640 629
87642 612
87644 613
87645 609
87646 614
87648 615
87649 611
87650 616
87681 121
87682 121
87683 129
87684 250
87685 250
87686 250
87687 304
87688 384
87689 384
87690 384
87691 429
87692 484
87693 484
87694 484
87695 521
87696 555
87697 555
87698 555
87699 585
87700 600
87702 600
87703 626
87704 612
87705 612
87707 630
87708 614
87709 614
87710 614
87711 631
87712 616
87713 616
87714 616
87715 632
87809 123
87810 124
87812 245
87813 251
87814 252
87816 379
87817 385
87818 386
87820 479
87821 485
87822 486
87824 550
87825 556
87826 557
87828 601
87830 603
87832 609
87833 613
87834 614
87837 633
87838 620
87840 619
87841 621
87842 622
87873 122
87874 124
87876 251
87877 245
87878 252
87880 385
87881 379
87882 386
87884 485
87885 479
87886 486
87888 556
87889 550
87890 557
87892 602
87894 603
87896 613
87897 609
87898 614
87900 633
87902 620
87904 621
87905 619
87906 622
87937 124
87938 124
87939 130
87940 252
87941 252
87942 252
87943 305
87944 386
87945 386
87946 386
87947 430
87948 486
87949 486
87950 486
87951 522
87952 557
87953 557
87954 557
87955 586
87956 603
87958 603
87959 627
87960 614
87961 614
87962 614
87963 631
87964 620
87965 620
87967 634
87968 622
87969 622
87970 622
87971 635
88065 126
88066 127
88068 247
88069 253
88070 254
88072 381
88073 387
88074 388
88076 481
88077 487
88078 488
88080 552
88081 558
88082 559
88084 604
88086 606
88088 611
88089 615
88090 616
88092 619
88093 621
88094 622
88097 636
88098 624
88129 125
88130 127
88132 253
88133 247
88134 254
88136 387
88137 381
88138 388
88140 487
88141 481
88142 488
88144 558
88145 552
88146 559
88148 605
88150 606
88152 615
88153 611
88154 616
88156 621
88157 619
88158 622
88160 636
88162 624
88193 127
88194 127
88195 131
88196 254
88197 254
88198 254
88199 306
88200 388
88201 388
88202 388
88203 431
88204 488
88205 488
88206 488
88207 523
88208 559
88209 559
88210 559
88211 587
88212 606
88214 606
88215 628
88216 616
88217 616
88218 616
88219 632
88220 622
88221 622
88222 622
88223 635
88224 624
88225 624
88227 637
99905 132
99906 133
99908 255
99909 307
99910 260
99912 389
99913 432
99914 394
99916 489
99917 524
99918 494
99920 560
99921 588
99922 565
99924 607
99925 629
99926 612
99930 638
99932 639
99933 640
99934 641
99936 642
99937 643
99938 644
100097 134
100100 256
100101 257
100104 390
100105 391
100108 490
100109 491
100112 561
100113 562
100116 608
100117 609
100121 639
100125 645
100128 646
100129 647
100161 135
100162 136
100164 257
100165 261
100166 262
100168 391
100169 395
100170 396
100172 491
100173 495
100174 496
100176 562
100177 566
100178 567
100180 609
100181 613
100182 614
100185 640
100186 641
100188 645
100190 648
100192 647
100193 649
100194 650
100353 137
100356 258
100357 259
100360 392
100361 393
100364 492
100365 493
100368 563
100369 564
100372 610
100373 611
100377 642
100380 646
100381 647
100385 651
100417 138
100418 139
100420 259
100421 263
100422 264
100424 393
100425 397
100426 398
100428 493
100429 497
100430 498
100432 564
100433 568
100434 569
100436 611
100437 615
100438 616
100441 643
100442 644
100444 647
100445 649
100446 650
100448 651
100450 652
104065 133
104067 140
104068 260
104069 260
104071 308
104072 394
104073 394
104075 433
104076 494
104077 494
104079 525
104080 565
104081 565
104083 589
104084 612
104085 612
104087 630
104088 638
104091 653
104092 641
104093 641
104095 654
104096 644
104097 644
104099 655
104193 135
104194 136
104196 257
104197 261
104198 262
104200 391
104201 395
104202 396
104204 491
104205 495
104206 496
104208 562
104209 566
104210 567
104212 609
104213 613
104214 614
104216 639
104218 641
104221 656
104222 648
104224 647
104225 649
104226 650
104257 134
104258 136
104260 261
104261 257
104262 262
104264 395
104265 391
104266 396
104268 495
104269 491
104270 496
104272 566
104273 562
104274 567
104276 613
104277 609
104278 614
104280 640
104282 641
104284 656
104286 648
104288 649
104289 647
104290 650
104321 136
104322 136
104323 141
104324 262
104325 262
104326 262
104327 309
104328 396
104329 396
104330 396
104331 434
104332 496
104333 496
104334 496
104335 526
104336 567
104337 567
104338 567
104339 590
104340 614
104341 614
104342 614
104343 631
104344 641
104346 641
104347 654
104348 648
104349 648
104351 657
104352 650
104353 650
104354 650
104355 658
104449 138
104450 139
104452 259
104453 263
104454 264
104456 393
104457 397
104458 398
104460 493
104461 497
104462 498
104464 564
104465 568
104466 569
104468 611
104469 615
104470 616
104472 642
104474 644
104476 647
104477 649
104478 650
104481 659
104482 652
104513 137
104514 139
104516 263
104517 259
104518 264
104520 397
104521 393
104522 398
104524 497
104525 493
104526 498
104528 568
104529 564
104530 569
104532 615
104533 611
104534 616
104536 643
104538 644
104540 649
104541 647
104542 650
104544 659
104546 652
104577 139
104578 139
104579 142
104580 264
104581 264
104582 264
104583 310
104584 398
104585 398
104586 398
104587 435
104588 498
104589 498
104590 498
104591 527
104592 569
104593 569
104594 569
104595 591
104596 616
104597 616
104598 616
104599 632
104600 644
104602 644
104603 655
104604 650
104605 650
104606 650
104607 658
104608 652
104609 652
104611 660
116545 143
116546 144
116548 265
116549 311
116550 268
116552 399
116553 436
116554 402
116556 499
116557 528
116558 502
116560 570
116561 592
116562 573
116564 617
116565 633
116566 620
116568 645
116569 656
116570 648
116574 661
116576 662
116577 663
116578 664
116737 145
116740 266
116741 267
116744 400
116745 401
116748 500
116749 501
116752 571
116753 572
116756 618
116757 619
116760 646
116761 647
116765 662
116769 665
116801 146
116802 147
116804 267
116805 269
116806 270
116808 401
116809 403
116810 404
116812 501
116813 503
116814 504
116816 572
116817 574
116818 575
116820 619
116821 621
116822 622
116824 647
116825 649
116826 650
116829 663
116830 664
116832 665
116834 666
120705 144
120707 148
120708 268
120709 268
120711 312
120712 402
120713 402
120715 437
120716 502
120717 502
120719 529
120720 573
120721 573
120723 593
120724 620
120725 620
120727 634
120728 648
120729 648
120731 657
120732 661
120735 667
120736 664
120737 664
120739 668
120833 146
120834 147
120836 267
120837 269
120838 270
120840 401
120841 403
120842 404
120844 501
120845 503
120846 504
120848 572
120849 574
120850 575
120852 619
120853 621
120854 622
120856 647
120857 649
120858 650
120860 662
120862 664
120865 669
120866 666
120897 145
120898 147
120900 269
120901 267
120902 270
120904 403
120905 401
120906 404
120908 503
120909 501
120910 504
120912 574
120913 572
120914 575
120916 621
120917 619
120918 622
120920 649
120921 647
120922 650
120924 663
120926 664
120928 669
120930 666
120961 147
120962 147
120963 149
120964 270
120965 270
120966 270
120967 313
120968 404
120969 404
120970 404
120971 438
120972 504
120973 504
120974 504
120975 530
120976 575
120977 575
120978 575
120979 594
120980 622
120981 622
120982 622
120983 635
120984 650
120985 650
120986 650
120987 658
120988 664
120990 664
120991 668
120992 666
120993 666
120995 670
133185 150
133186 151
133188 271
133189 314
133190 272
133192 405
133193 439
133194 406
133196 505
133197 531
133198 506
133200 576
133201 595
133202 577
133204 623
133205 636
133206 624
133208 651
133209 659
133210 652
133212 665
133213 669
133214 666
133218 671
137345 151
137347 152
137348 272
137349 272
137351 315
137352 406
137353 406
137355 440
137356 506
137357 506
137359 532
137360 577
137361 577
137363 596
137364 624
137365 624
137367 637
137368 652
137369 652
137371 660
137372 666
137373 666
137375 670
137376 671
137379 672
1069440 153
1069443 273
1069447 673
1069448 674
1069451 675
1069452 676
1069455 677
1069456 678
1069459 679
1069460 680
1069463 681
1069464 682
1069467 683
1069468 684
1069471 685
1069472 686
1069475 687
1069568 154
1069569 155
1069570 156
1069574 674
1069577 688
1069578 689
1069580 690
1069581 691
1069582 692
1069584 693
1069585 694
1069586 695
1069588 696
1069589 697
1069590 698
1069592 699
1069593 700
1069594 701
1069596 702
1069597 703
1069598 704
1069600 705
1069601 706
1069602 707
1069696 156
1069698 156
1069699 274
1069702 674
1069703 675
1069704 689
1069707 708
1069708 692
1069710 692
1069711 709
1069712 695
1069714 695
1069715 710
1069716 698
1069718 698
1069719 711
1069720 701
1069722 701
1069723 712
1069724 704
1069726 704
1069727 713
1069728 707
1069730 707
1069731 714
1069824 157
1069825 158
1069826 159
1069830 676
1069832 690
1069833 691
1069834 692
1069837 715
1069838 716
1069840 717
1069841 718
1069842 719
1069844 720
1069845 721
1069846 722
1069848 723
1069849 724
1069850 725
1069852 726
1069853 727
1069854 728
1069856 729
1069857 730
1069858 731
1069952 159
1069954 159
1069955 275
1069958 676
1069959 677
1069960 692
1069962 692
1069963 709
1069964 716
1069967 732
1069968 719
1069970 719
1069971 733
1069972 722
1069974 722
1069975 734
1069976 725
1069978 725
1069979 735
1069980 728
1069982 728
1069983 736
1069984 731
1069986 731
1069987 737
1070080 160
1070081 161
1070082 162
1070086 678
1070088 693
1070089 694
1070090 695
1070092 717
1070093 718
1070094 719
1070097 738
1070098 739
1070100 740
1070101 741
1070102 742
1070104 743
1070105 744
1070106 745
1070108 746
1070109 747
1070110 748
1070112 749
1070113 750
1070114 751
1070208 162
1070210 162
1070211 276
1070214 678
1070215 679
1070216 695
1070218 695
1070219 710
1070220 719
1070222 719
1070223 733
1070224 739
1070227 752
1070228 742
1070230 742
1070231 753
1070232 745
1070234 745
1070235 754
1070236 748
1070238 748
1070239 755
1070240 751
1070242 751
1070243 756
1070336 163
1070337 164
1070338 165
1070342 680
1070344 696
1070345 697
1070346 698
1070348 720
1070349 721
1070350 722
1070352 740
1070353 741
1070354 742
1070357 757
1070358 758
1070360 759
1070361 760
1070362 761
1070364 762
1070365 763
1070366 764
1070368 765
1070369 766
1070370 767
1070464 165
1070466 165
1070467 277
1070470 680
1070471 681
1070472 698
1070474 698
1070475 711
1070476 722
1070478 722
1070479 734
1070480 742
1070482 742
1070483 753
1070484 758
1070487 768
1070488 761
1070490 761
1070491 769
1070492 764
1070494 764
1070495 770
1070496 767
1070498 767
1070499 771
1070592 166
1070593 167
1070594 168
1070598 682
1070600 699
1070601 700
1070602 701
1070604 723
1070605 724
1070606 725
1070608 743
1070609 744
1070610 745
1070612 759
1070613 760
1070614 761
1070617 772
1070618 773
1070620 774
1070621 775
1070622 776
1070624 777
1070625 778
1070626 779
1070720 168
1070722 168
1070723 278
1070726 682
1070727 683
1070728 701
1070730 701
1070731 712
1070732 725
1070734 725
1070735 735
1070736 745
1070738 745
1070739 754
1070740 761
1070742 761
1070743 769
1070744 773
1070747 780
1070748 776
1070750 776
1070751 781
1070752 779
1070754 779
1070755 782
1070848 169
1070849 170
1070850 171
1070854 684
1070856 702
1070857 703
1070858 704
1070860 726
1070861 727
1070862 728
1070864 746
1070865 747
1070866 748
1070868 762
1070869 763
1070870 764
1070872 774
1070873 775
1070874 776
1070877 783
1070878 784
1070880 785
1070881 786
1070882 787
1070976 171
1070978 171
1070979 279
1070982 684
1070983 685
1070984 704
1070986 704
1070987 713
1070988 728
1070990 728
1070991 736
1070992 748
1070994 748
1070995 755
1070996 764
1070998 764
1070999 770
1071000 776
1071002 776
1071003 781
1071004 784
1071007 788
1071008 787
1071010 787
1071011 789
1071104 172
1071105 173
1071106 174
1071110 686
1071112 705
1071113 706
1071114 707
1071116 729
1071117 730
1071118 731
1071120 749
1071121 750
1071122 751
1071124 765
1071125 766
1071126 767
1071128 777
1071129 778
1071130 779
1071132 785
1071133 786
1071134 787
1071137 790
1071138 791
1071232 174
1071234 174
1071235 280
1071238 686
1071239 687
1071240 707
1071242 707
1071243 714
1071244 731
1071246 731
1071247 737
1071248 751
1071250 751
1071251 756
1071252 767
1071254 767
1071255 771
1071256 779
1071258 779
1071259 782
1071260 787
1071262 787
1071263 789
1071264 791
1071267 792
1081920 175
1081921 281
1081922 188
1081925 688
1081926 689
1081930 793
1081932 794
1081933 795
1081934 796
1081936 797
1081937 798
1081938 799
1081940 800
1081941 801
1081942 802
1081944 803
1081945 804
1081946 805
1081948 806
1081949 807
1081950 808
1081952 809
1081953 810
1081954 811
1082112 176
1082113 177
1082117 690
1082121 794
1082125 812
1082128 813
1082129 814
1082132 815
1082133 816
1082136 817
1082137 818
1082140 819
1082141 820
1082144 821
1082145 822
1082176 177
1082177 189
1082178 190
1082181 691
1082182 692
1082185 795
1082186 796
1082188 812
1082190 823
1082192 814
1082193 824
1082194 825
1082196 816
1082197 826
1082198 827
1082200 818
1082201 828
1082202 829
1082204 820
1082205 830
1082206 831
1082208 822
1082209 832
1082210 833
1082368 178
1082369 179
1082373 693
1082377 797
1082380 813
1082381 814
1082385 834
1082388 835
1082389 836
1082392 837
1082393 838
1082396 839
1082397 840
1082400 841
1082401 842
1082432 179
1082433 191
1082434 192
1082437 694
1082438 695
1082441 798
1082442 799
1082444 814
1082445 824
1082446 825
1082448 834
1082450 843
1082452 836
1082453 844
1082454 845
1082456 838
1082457 846
1082458 847
1082460 840
1082461 848
1082462 849
1082464 842
1082465 850
1082466 851
1082624 180
1082625 181
1082629 696
1082633 800
1082636 815
1082637 816
1082640 835
1082641 836
1082645 852
1082648 853
1082649 854
1082652 855
1082653 856
1082656 857
1082657 858
1082688 181
1082689 193
1082690 194
1082693 697
1082694 698
1082697 801
1082698 802
1082700 816
1082701 826
1082702 827
1082704 836
1082705 844
1082706 845
1082708 852
1082710 859
1082712 854
1082713 860
1082714 861
1082716 856
1082717 862
1082718 863
1082720 858
1082721 864
1082722 865
1082880 182
1082881 183
1082885 699
1082889 803
1082892 817
1082893 818
1082896 837
1082897 838
1082900 853
1082901 854
1082905 866
1082908 867
1082909 868
1082912 869
1082913 870
1082944 183
1082945 195
1082946 196
1082949 700
1082950 701
1082953 804
1082954 805
1082956 818
1082957 828
1082958 829
1082960 838
1082961 846
1082962 847
1082964 854
1082965 860
1082966 861
1082968 866
1082970 871
1082972 868
1082973 872
1082974 873
1082976 870
1082977 874
1082978 875
1083136 184
1083137 185
1083141 702
1083145 806
1083148 819
1083149 820
1083152 839
1083153 840
1083156 855
1083157 856
1083160 867
1083161 868
1083165 876
1083168 877
1083169 878
1083200 185
1083201 197
1083202 198
1083205 703
1083206 704
1083209 807
1083210 808
1083212 820
1083213 830
1083214 831
1083216 840
1083217 848
1083218 849
1083220 856
1083221 862
1083222 863
1083224 868
1083225 872
1083226 873
1083228 876
1083230 879
1083232 878
1083233 880
1083234 881
1083392 186
1083393 187
1083397 705
1083401 809
1083404 821
1083405 822
1083408 841
1083409 842
1083412 857
1083413 858
1083416 869
1083417 870
1083420 877
1083421 878
1083425 882
1083456 187
1083457 199
1083458 200
1083461 706
1083462 707
1083465 810
1083466 811
1083468 822
1083469 832
1083470 833
1083472 842
1083473 850
1083474 851
1083476 858
1083477 864
1083478 865
1083480 870
1083481 874
1083482 875
1083484 878
1083485 880
1083486 881
1083488 882
1083490 883
1086080 188
1086081 188
1086083 282
1086085 689
1086087 708
1086088 793
1086091 884
1086092 796
1086093 796
1086095 885
1086096 799
1086097 799
1086099 886
1086100 802
1086101 802
1086103 887
1086104 805
1086105 805
1086107 888
1086108 808
1086109 808
1086111 889
1086112 811
1086113 811
1086115 890
1086208 177
1086209 189
1086210 190
1086213 691
1086214 692
1086216 794
1086218 796
1086221 891
1086222 823
1086224 814
1086225 824
1086226 825
1086228 816
1086229 826
1086230 827
1086232 818
1086233 828
1086234 829
1086236 820
1086237 830
1086238 831
1086240 822
1086241 832
1086242 833
1086272 189
1086273 177
1086274 190
1086277 690
1086278 692
1086280 795
1086282 796
1086284 891
1086286 823
1086288 824
1086289 814
1086290 825
1086292 826
1086293 816
1086294 827
1086296 828
1086297 818
1086298 829
1086300 830
1086301 820
1086302 831
1086304 832
1086305 822
1086306 833
1086336 190
1086337 190
1086338 190
1086339 283
1086341 692
1086342 692
1086343 709
1086344 796
1086346 796
1086347 885
1086348 823
1086349 823
1086351 892
1086352 825
1086353 825
1086354 825
1086355 893
1086356 827
1086357 827
1086358 827
1086359 894
1086360 829
1086361 829
1086362 829
1086363 895
1086364 831
1086365 831
1086366 831
1086367 896
1086368 833
1086369 833
1086370 833
1086371 897
1086464 179
1086465 191
1086466 192
1086469 694
1086470 695
1086472 797
1086474 799
1086476 814
1086477 824
1086478 825
1086481 898
1086482 843
1086484 836
1086485 844
1086486 845
1086488 838
1086489 846
1086490 847
1086492 840
1086493 848
1086494 849
1086496 842
1086497 850
1086498 851
1086528 191
1086529 179
1086530 192
1086533 693
1086534 695
1086536 798
1086538 799
1086540 824
1086541 814
1086542 825
1086544 898
1086546 843
1086548 844
1086549 836
1086550 845
1086552 846
1086553 838
1086554 847
1086556 848
1086557 840
1086558 849
1086560 850
1086561 842
1086562 851
1086592 192
1086593 192
1086594 192
1086595 284
1086597 695
1086598 695
1086599 710
1086600 799
1086602 799
1086603 886
1086604 825
1086605 825
1086606 825
1086607 893
1086608 843
1086609 843
1086611 899
1086612 845
1086613 845
1086614 845
1086615 900
1086616 847
1086617 847
1086618 847
1086619 901
1086620 849
1086621 849
1086622 849
1086623 902
1086624 851
1086625 851
1086626 851
1086627 903
1086720 181
1086721 193
1086722 194
1086725 697
1086726 698
1086728 800
1086730 802
1086732 816
1086733 826
1086734 827
1086736 836
1086737 844
1086738 845
1086741 904
1086742 859
1086744 854
1086745 860
1086746 861
1086748 856
1086749 862
1086750 863
1086752 858
1086753 864
1086754 865
1086784 193
1086785 181
1086786 194
1086789 696
1086790 698
1086792 801
1086794 802
1086796 826
1086797 816
1086798 827
1086800 844
1086801 836
1086802 845
1086804 904
1086806 859
1086808 860
1086809 854
1086810 861
1086812 862
1086813 856
1086814 863
1086816 864
1086817 858
1086818 865
1086848 194
1086849 194
1086850 194
1086851 285
1086853 698
1086854 698
1086855 711
1086856 802
1086858 802
1086859 887
1086860 827
1086861 827
1086862 827
1086863 894
1086864 845
1086865 845
1086866 845
1086867 900
1086868 859
1086869 859
1086871 905
1086872 861
1086873 861
1086874 861
1086875 906
1086876 863
1086877 863
1086878 863
1086879 907
1086880 865
1086881 865
1086882 865
1086883 908
1086976 183
1086977 195
1086978 196
1086981 700
1086982 701
1086984 803
1086986 805
1086988 818
1086989 828
1086990 829
1086992 838
1086993 846
1086994 847
1086996 854
1086997 860
1086998 861
1087001 909
1087002 871
1087004 868
1087005 872
1087006 873
1087008 870
1087009 874
1087010 875
1087040 195
1087041 183
1087042 196
1087045 699
1087046 701
1087048 804
1087050 805
1087052 828
1087053 818
1087054 829
1087056 846
1087057 838
1087058 847
1087060 860
1087061 854
1087062 861
1087064 909
1087066 871
1087068 872
1087069 868
1087070 873
1087072 874
1087073 870
1087074 875
1087104 196
1087105 196
1087106 196
1087107 286
1087109 701
1087110 701
1087111 712
1087112 805
1087114 805
1087115 888
1087116 829
1087117 829
1087118 829
1087119 895
1087120 847
1087121 847
1087122 847
1087123 901
1087124 861
1087125 861
1087126 861
1087127 906
1087128 871
1087129 871
1087131 910
1087132 873
1087133 873
1087134 873
1087135 911
1087136 875
1087137 875
1087138 875
1087139 912
1087232 185
1087233 197
1087234 198
1087237 703
1087238 704
1087240 806
1087242 808
1087244 820
1087245 830
1087246 831
1087248 840
1087249 848
1087250 849
1087252 856
1087253 862
1087254 863
1087256 868
1087257 872
1087258 873
1087261 913
1087262 879
1087264 878
1087265 880
1087266 881
1087296 197
1087297 185
1087298 198
1087301 702
1087302 704
1087304 807
1087306 808
1087308 830
1087309 820
1087310 831
1087312 848
1087313 840
1087314 849
1087316 862
1087317 856
1087318 863
1087320 872
1087321 868
1087322 873
1087324 913
1087326 879
1087328 880
1087329 878
1087330 881
1087360 198
1087361 198
1087362 198
1087363 287
1087365 704
1087366 704
1087367 713
1087368 808
1087370 808
1087371 889
1087372 831
1087373 831
1087374 831
1087375 896
1087376 849
1087377 849
1087378 849
1087379 902
1087380 863
1087381 863
1087382 863
1087383 907
1087384 873
1087385 873
1087386 873
1087387 911
1087388 879
1087389 879
1087391 914
1087392 881
1087393 881
1087394 881
1087395 915
1087488 187
1087489 199
1087490 200
1087493 706
1087494 707
1087496 809
1087498 811
1087500 822
1087501 832
1087502 833
1087504 842
1087505 850
1087506 851
1087508 858
1087509 864
1087510 865
1087512 870
1087513 874
1087514 875
1087516 878
1087517 880
1087518 881
1087521 916
1087522 883
1087552 199
1087553 187
1087554 200
1087557 705
1087558 707
1087560 810
1087562 811
1087564 832
1087565 822
1087566 833
1087568 850
1087569 842
1087570 851
1087572 864
1087573 858
1087574 865
1087576 874
1087577 870
1087578 875
1087580 880
1087581 878
1087582 881
1087584 916
1087586 883
1087616 200
1087617 200
1087618 200
1087619 288
1087621 707
1087622 707
1087623 714
1087624 811
1087626 811
1087627 890
1087628 833
1087629 833
1087630 833
1087631 897
1087632 851
1087633 851
1087634 851
1087635 903
1087636 865
1087637 865
1087638 865
1087639 908
1087640 875
1087641 875
1087642 875
1087643 912
1087644 881
1087645 881
1087646 881
1087647 915
1087648 883
1087649 883
1087651 917
1098560 201
1098561 289
1098562 212
1098565 715
1098566 716
1098568 812
1098569 891
1098570 823
1098574 918
1098576 919
1098577 920
1098578 921
1098580 922
1098581 923
1098582 924
1098584 925
1098585 926
1098586 927
1098588 928
1098589 929
1098590 930
1098592 931
1098593 932
1098594 933
1098752 202
1098753 203
1098757 717
1098760 813
1098761 814
1098765 919
1098769 934
1098772 935
1098773 936
1098776 937
1098777 938
1098780 939
1098781 940
1098784 941
1098785 942
1098816 203
1098817 213
1098818 214
1098821 718
1098822 719
1098824 814
1098825 824
1098826 825
1098829 920
1098830 921
1098832 934
1098834 943
1098836 936
1098837 944
1098838 945
1098840 938
1098841 946
1098842 947
1098844 940
1098845 948
1098846 949
1098848 942
1098849 950
1098850 951
1099008 204
1099009 205
1099013 720
1099016 815
1099017 816
1099021 922
1099024 935
1099025 936
1099029 952
1099032 953
1099033 954
1099036 955
1099037 956
1099040 957
1099041 958
1099072 205
1099073 215
1099074 216
1099077 721
1099078 722
1099080 816
1099081 826
1099082 827
1099085 923
1099086 924
1099088 936
1099089 944
1099090 945
1099092 952
1099094 959
1099096 954
1099097 960
1099098 961
1099100 956
1099101 962
1099102 963
1099104 958
1099105 964
1099106 965
1099264 206
1099265 207
1099269 723
1099272 817
1099273 818
1099277 925
1099280 937
1099281 938
1099284 953
1099285 954
1099289 966
1099292 967
1099293 968
1099296 969
1099297 970
1099328 207
1099329 217
1099330 218
1099333 724
1099334 725
1099336 818
1099337 828
1099338 829
1099341 926
1099342 927
1099344 938
1099345 946
1099346 947
1099348 954
1099349 960
1099350 961
1099352 966
1099354 971
1099356 968
1099357 972
1099358 973
1099360 970
1099361 974
1099362 975
1099520 208
1099521 209
1099525 726
1099528 819
1099529 820
1099533 928
1099536 939
1099537 940
1099540 955
1099541 956
1099544 967
1099545 968
1099549 976
1099552 977
1099553 978
1099584 209
1099585 219
1099586 220
1099589 727
1099590 728
1099592 820
1099593 830
1099594 831
1099597 929
1099598 930
1099600 940
1099601 948
1099602 949
1099604 956
1099605 962
1099606 963
1099608 968
1099609 972
1099610 973
1099612 976
1099614 979
1099616 978
1099617 980
1099618 981
1099776 210
1099777 211
1099781 729
1099784 821
1099785 822
1099789 931
1099792 941
1099793 942
1099796 957
1099797 958
1099800 969
1099801 970
1099804 977
1099805 978
1099809 982
1099840 211
1099841 221
1099842 222
1099845 730
1099846 731
1099848 822
1099849 832
1099850 833
1099853 932
1099854 933
1099856 942
1099857 950
1099858 951
1099860 958
1099861 964
1099862 965
1099864 970
1099865 974
1099866 975
1099868 978
1099869 980
1099870 981
1099872 982
1099874 983
1102720 212
1102721 212
1102723 290
1102725 716
1102727 732
1102728 823
1102729 823
1102731 892
1102732 918
1102735 984
1102736 921
1102737 921
1102739 985
1102740 924
1102741 924
1102743 986
1102744 927
1102745 927
1102747 987
1102748 930
1102749 930
1102751 988
1102752 933
1102753 933
1102755 989
1102848 203
1102849 213
1102850 214
1102853 718
1102854 719
1102856 814
1102857 824
1102858 825
1102860 919
1102862 921
1102865 990
1102866 943
1102868 936
1102869 944
1102870 945
1102872 938
1102873 946
1102874 947
1102876 940
1102877 948
1102878 949
1102880 942
1102881 950
1102882 951
1102912 213
1102913 203
1102914 214
1102917 717
1102918 719
1102920 824
1102921 814
1102922 825
1102924 920
1102926 921
1102928 990
1102930 943
1102932 944
1102933 936
1102934 945
1102936 946
1102937 938
1102938 947
1102940 948
1102941 940
1102942 949
1102944 950
1102945 942
1102946 951
1102976 214
1102977 214
1102978 214
1102979 291
1102981 719
1102982 719
1102983 733
1102984 825
1102985 825
1102986 825
1102987 893
1102988 921
1102990 921
1102991 985
1102992 943
1102993 943
1102995 991
1102996 945
1102997 945
1102998 945
1102999 992
1103000 947
1103001 947
1103002 947
1103003 993
1103004 949
1103005 949
1103006 949
1103007 994
1103008 951
1103009 951
1103010 951
1103011 995
1103104 205
1103105 215
1103106 216
1103109 721
1103110 722
1103112 816
1103113 826
1103114 827
1103116 922
1103118 924
1103120 936
1103121 944
1103122 945
1103125 996
1103126 959
1103128 954
1103129 960
1103130 961
1103132 956
1103133 962
1103134 963
1103136 958
1103137 964
1103138 965
1103168 215
1103169 205
1103170 216
1103173 720
1103174 722
1103176 826
1103177 816
1103178 827
1103180 923
1103182 924
1103184 944
1103185 936
1103186 945
1103188 996
1103190 959
1103192 960
1103193 954
1103194 961
1103196 962
1103197 956
1103198 963
1103200 964
1103201 958
1103202 965
1103232 216
1103233 216
1103234 216
1103235 292
1103237 722
1103238 722
1103239 734
1103240 827
1103241 827
1103242 827
1103243 894
1103244 924
1103246 924
1103247 986
1103248 945
1103249 945
1103250 945
1103251 992
1103252 959
1103253 959
1103255 997
1103256 961
1103257 961
1103258 961
1103259 998
1103260 963
1103261 963
1103262 963
1103263 999
1103264 965
1103265 965
1103266 965
1103267 1000
1103360 207
1103361 217
1103362 218
1103365 724
1103366 725
1103368 818
1103369 828
1103370 829
1103372 925
1103374 927
1103376 938
1103377 946
1103378 947
1103380 954
1103381 960
1103382 961
1103385 1001
1103386 971
1103388 968
1103389 972
1103390 973
1103392 970
1103393 974
1103394 975
1103424 217
1103425 207
1103426 218
1103429 723
1103430 725
1103432 828
1103433 818
1103434 829
1103436 926
1103438 927
1103440 946
1103441 938
1103442 947
1103444 960
1103445 954
1103446 961
1103448 1001
1103450 971
1103452 972
1103453 968
1103454 973
1103456 974
1103457 970
1103458 975
1103488 218
1103489 218
1103490 218
1103491 293
1103493 725
1103494 725
1103495 735
1103496 829
1103497 829
1103498 829
1103499 895
1103500 927
1103502 927
1103503 987
1103504 947
1103505 947
1103506 947
1103507 993
1103508 961
1103509 961
1103510 961
1103511 998
1103512 971
1103513 971
1103515 1002
1103516 973
1103517 973
1103518 973
1103519 1003
1103520 975
1103521 975
1103522 975
1103523 1004
1103616 209
1103617 219
1103618 220
1103621 727
1103622 728
1103624 820
1103625 830
1103626 831
1103628 928
1103630 930
1103632 940
1103633 948
1103634 949
1103636 956
1103637 962
1103638 963
1103640 968
1103641 972
1103642 973
1103645 1005
1103646 979
1103648 978
1103649 980
1103650 981
1103680 219
1103681 209
1103682 220
1103685 726
1103686 728
1103688 830
1103689 820
1103690 831
1103692 929
1103694 930
1103696 948
1103697 940
1103698 949
1103700 962
1103701 956
1103702 963
1103704 972
1103705 968
1103706 973
1103708 1005
1103710 979
1103712 980
1103713 978
1103714 981
1103744 220
1103745 220
1103746 220
1103747 294
1103749 728
1103750 728
1103751 736
1103752 831
1103753 831
1103754 831
1103755 896
1103756 930
1103758 930
1103759 988
1103760 949
1103761 949
1103762 949
1103763 994
1103764 963
1103765 963
1103766 963
1103767 999
1103768 973
1103769 973
1103770 973
1103771 1003
1103772 979
1103773 979
1103775 1006
1103776 981
1103777 981
1103778 981
1103779 1007
1103872 211
1103873 221
1103874 222
1103877 730
1103878 731
1103880 822
1103881 832
1103882 833
1103884 931
1103886 933
1103888 942
1103889 950
1103890 951
1103892 958
1103893 964
1103894 965
1103896 970
1103897 974
1103898 975
1103900 978
1103901 980
1103902 981
1103905 1008
1103906 983
1103936 221
1103937 211
1103938 222
1103941 729
1103942 731
1103944 832
1103945 822
1103946 833
1103948 932
1103950 933
1103952 950
1103953 942
1103954 951
1103956 964
1103957 958
1103958 965
1103960 974
1103961 970
1103962 975
1103964 980
1103965 978
1103966 981
1103968 1008
1103970 983
1104000 222
1104001 222
1104002 222
1104003 295
1104005 731
1104006 731
1104007 737
1104008 833
1104009 833
1104010 833
1104011 897
1104012 933
1104014 933
1104015 989
1104016 951
1104017 951
1104018 951
1104019 995
1104020 965
1104021 965
1104022 965
1104023 1000
1104024 975
1104025 975
1104026 975
1104027 1004
1104028 981
1104029 981
1104030 981
1104031 1007
1104032 983
1104033 983
1104035 1009
1115200 223
1115201 296
1115202 232
1115205 738
1115206 739
1115208 834
1115209 898
1115210 843
1115212 934
1115213 990
1115214 943
1115218 1010
1115220 1011
1115221 1012
1115222 1013
1115224 1014
1115225 1015
1115226 1016
1115228 1017
1115229 1018
1115230 1019
1115232 1020
1115233 1021
1115234 1022
1115392 224
1115393 225
1115397 740
1115400 835
1115401 836
1115404 935
1115405 936
1115409 1011
1115413 1023
1115416 1024
1115417 1025
1115420 1026
1115421 1027
1115424 1028
1115425 1029
1115456 225
1115457 233
1115458 234
1115461 741
1115462 742
1115464 836
1115465 844
1115466 845
1115468 936
1115469 944
1115470 945
1115473 1012
1115474 1013
1115476 1023
1115478 1030
1115480 1025
1115481 1031
1115482 1032
1115484 1027
1115485 1033
1115486 1034
1115488 1029
1115489 1035
1115490 1036
1115648 226
1115649 227
1115653 743
1115656 837
1115657 838
1115660 937
1115661 938
1115665 1014
1115668 1024
1115669 1025
1115673 1037
1115676 1038
1115677 1039
1115680 1040
1115681 1041
1115712 227
1115713 235
1115714 236
1115717 744
1115718 745
1115720 838
1115721 846
1115722 847
1115724 938
1115725 946
1115726 947
1115729 1015
1115730 1016
1115732 1025
1115733 1031
1115734 1032
1115736 1037
1115738 1042
1115740 1039
1115741 1043
1115742 1044
1115744 1041
1115745 1045
1115746 1046
1115904 228
1115905 229
1115909 746
1115912 839
1115913 840
1115916 939
1115917 940
1115921 1017
1115924 1026
1115925 1027
1115928 1038
1115929 1039
1115933 1047
1115936 1048
1115937 1049
1115968 229
1115969 237
1115970 238
1115973 747
1115974 748
1115976 840
1115977 848
1115978 849
1115980 940
1115981 948
1115982 949
1115985 1018
1115986 1019
1115988 1027
1115989 1033
1115990 1034
1115992 1039
1115993 1043
1115994 1044
1115996 1047
1115998 1050
1116000 1049
1116001 1051
1116002 1052
1116160 230
1116161 231
1116165 749
1116168 841
1116169 842
1116172 941
1116173 942
1116177 1020
1116180 1028
1116181 1029
1116184 1040
1116185 1041
1116188 1048
1116189 1049
1116193 1053
1116224 231
1116225 239
1116226 240
1116229 750
1116230 751
1116232 842
1116233 850
1116234 851
1116236 942
1116237 950
1116238 951
1116241 1021
1116242 1022
1116244 1029
1116245 1035
1116246 1036
1116248 1041
1116249 1045
1116250 1046
1116252 1049
1116253 1051
1116254 1052
1116256 1053
1116258 1054
1119360 232
1119361 232
1119363 297
1119365 739
1119367 752
1119368 843
1119369 843
1119371 899
1119372 943
1119373 943
1119375 991
1119376 1010
1119379 1055
1119380 1013
1119381 1013
1119383 1056
1119384 1016
1119385 1016
1119387 1057
1119388 1019
1119389 1019
1119391 1058
1119392 1022
1119393 1022
1119395 1059
1119488 225
1119489 233
1119490 234
1119493 741
1119494 742
1119496 836
1119497 844
1119498 845
1119500 936
1119501 944
1119502 945
1119504 1011
1119506 1013
1119509 1060
1119510 1030
1119512 1025
1119513 1031
1119514 1032
1119516 1027
1119517 1033
1119518 1034
1119520 1029
1119521 1035
1119522 1036
1119552 233
1119553 225
1119554 234
1119557 740
1119558 742
1119560 844
1119561 836
1119562 845
1119564 944
1119565 936
1119566 945
1119568 1012
1119570 1013
1119572 1060
1119574 1030
1119576 1031
1119577 1025
1119578 1032
1119580 1033
1119581 1027
1119582 1034
1119584 1035
1119585 1029
1119586 1036
1119616 234
1119617 234
1119618 234
1119619 298
1119621 742
1119622 742
1119623 753
1119624 845
1119625 845
1119626 845
1119627 900
1119628 945
1119629 945
1119630 945
1119631 992
1119632 1013
1119634 1013
1119635 1056
1119636 1030
1119637 1030
1119639 1061
1119640 1032
1119641 1032
1119642 1032
1119643 1062
1119644 1034
1119645 1034
1119646 1034
1119647 1063
1119648 1036
1119649 1036
1119650 1036
1119651 1064
1119744 227
1119745 235
1119746 236
1119749 744
1119750 745
1119752 838
1119753 846
1119754 847
1119756 938
1119757 946
1119758 947
1119760 1014
1119762 1016
1119764 1025
1119765 1031
1119766 1032
1119769 1065
1119770 1042
1119772 1039
1119773 1043
1119774 1044
1119776 1041
1119777 1045
1119778 1046
1119808 235
1119809 227
1119810 236
1119813 743
1119814 745
1119816 846
1119817 838
1119818 847
1119820 946
1119821 938
1119822 947
1119824 1015
1119826 1016
1119828 1031
1119829 1025
1119830 1032
1119832 1065
1119834 1042
1119836 1043
1119837 1039
1119838 1044
1119840 1045
1119841 1041
1119842 1046
1119872 236
1119873 236
1119874 236
1119875 299
1119877 745
1119878 745
1119879 754
1119880 847
1119881 847
1119882 847
1119883 901
1119884 947
1119885 947
1119886 947
1119887 993
1119888 1016
1119890 1016
1119891 1057
1119892 1032
1119893 1032
1119894 1032
1119895 1062
1119896 1042
1119897 1042
1119899 1066
1119900 1044
1119901 1044
1119902 1044
1119903 1067
1119904 1046
1119905 1046
1119906 1046
1119907 1068
1120000 229
1120001 237
1120002 238
1120005 747
1120006 748
1120008 840
1120009 848
1120010 849
1120012 940
1120013 948
1120014 949
1120016 1017
1120018 1019
1120020 1027
1120021 1033
1120022 1034
1120024 1039
1120025 1043
1120026 1044
1120029 1069
1120030 1050
1120032 1049
1120033 1051
1120034 1052
1120064 237
1120065 229
1120066 238
1120069 746
1120070 748
1120072 848
1120073 840
1120074 849
1120076 948
1120077 940
1120078 949
1120080 1018
1120082 1019
1120084 1033
1120085 1027
1120086 1034
1120088 1043
1120089 1039
1120090 1044
1120092 1069
1120094 1050
1120096 1051
1120097 1049
1120098 1052
1120128 238
1120129 238
1120130 238
1120131 300
1120133 748
1120134 748
1120135 755
1120136 849
1120137 849
1120138 849
1120139 902
1120140 949
1120141 949
1120142 949
1120143 994
1120144 1019
1120146 1019
1120147 1058
1120148 1034
1120149 1034
1120150 1034
1120151 1063
1120152 1044
1120153 1044
1120154 1044
1120155 1067
1120156 1050
1120157 1050
1120159 1070
1120160 1052
1120161 1052
1120162 1052
1120163 1071
1120256 231
1120257 239
1120258 240
1120261 750
1120262 751
1120264 842
1120265 850
1120266 851
1120268 942
1120269 950
1120270 951
1120272 1020
1120274 1022
1120276 1029
1120277 1035
1120278 1036
1120280 1041
1120281 1045
1120282 1046
1120284 1049
1120285 1051
1120286 1052
1120289 1072
1120290 1054
1120320 239
1120321 231
1120322 240
1120325 749
1120326 751
1120328 850
1120329 842
1120330 851
1120332 950
1120333 942
1120334 951
1120336 1021
1120338 1022
1120340 1035
1120341 1029
1120342 1036
1120344 1045
1120345 1041
1120346 1046
1120348 1051
1120349 1049
1120350 1052
1120352 1072
1120354 1054
1120384 240
1120385 240
1120386 240
1120387 301
1120389 751
1120390 751
1120391 756
1120392 851
1120393 851
1120394 851
1120395 903
1120396 951
1120397 951
1120398 951
1120399 995
1120400 1022
1120402 1022
1120403 1059
1120404 1036
1120405 1036
1120406 1036
1120407 1064
1120408 1046
1120409 1046
1120410 1046
1120411 1068
1120412 1052
1120413 1052
1120414 1052
1120415 1071
1120416 1054
1120417 1054
1120419 1073
1131840 241
1131841 302
1131842 248
1131845 757
1131846 758
1131848 852
1131849 904
1131850 859
1131852 952
1131853 996
1131854 959
1131856 1023
1131857 1060
1131858 1030
1131862 1074
1131864 1075
1131865 1076
1131866 1077
1131868 1078
1131869 1079
1131870 1080
1131872 1081
1131873 1082
1131874 1083
1132032 242
1132033 243
1132037 759
1132040 853
1132041 854
1132044 953
1132045 954
1132048 1024
1132049 1025
1132053 1075
1132057 1084
1132060 1085
1132061 1086
1132064 1087
1132065 1088
1132096 243
1132097 249
1132098 250
1132101 760
1132102 761
1132104 854
1132105 860
1132106 861
1132108 954
1132109 960
1132110 961
1132112 1025
1132113 1031
1132114 1032
1132117 1076
1132118 1077
1132120 1084
1132122 1089
1132124 1086
1132125 1090
1132126 1091
1132128 1088
1132129 1092
1132130 1093
1132288 244
1132289 245
1132293 762
1132296 855
1132297 856
1132300 955
1132301 956
1132304 1026
1132305 1027
1132309 1078
1132312 1085
1132313 1086
1132317 1094
1132320 1095
1132321 1096
1132352 245
1132353 251
1132354 252
1132357 763
1132358 764
1132360 856
1132361 862
1132362 863
1132364 956
1132365 962
1132366 963
1132368 1027
1132369 1033
1132370 1034
1132373 1079
1132374 1080
1132376 1086
1132377 1090
1132378 1091
1132380 1094
1132382 1097
1132384 1096
1132385 1098
1132386 1099
1132544 246
1132545 247
1132549 765
1132552 857
1132553 858
1132556 957
1132557 958
1132560 1028
1132561 1029
1132565 1081
1132568 1087
1132569 1088
1132572 1095
1132573 1096
1132577 1100
1132608 247
1132609 253
1132610 254
1132613 766
1132614 767
1132616 858
1132617 864
1132618 865
1132620 958
1132621 964
1132622 965
1132624 1029
1132625 1035
1132626 1036
1132629 1082
1132630 1083
1132632 1088
1132633 1092
1132634 1093
1132636 1096
1132637 1098
1132638 1099
1132640 1100
1132642 1101
1136000 248
1136001 248
1136003 303
1136005 758
1136007 768
1136008 859
1136009 859
1136011 905
1136012 959
1136013 959
1136015 997
1136016 1030
1136017 1030
1136019 1061
1136020 1074
1136023 1102
1136024 1077
1136025 1077
1136027 1103
1136028 1080
1136029 1080
1136031 1104
1136032 1083
1136033 1083
1136035 1105
1136128 243
1136129 249
1136130 250
1136133 760
1136134 761
1136136 854
1136137 860
1136138 861
1136140 954
1136141 960
1136142 961
1136144 1025
1136145 1031
1136146 1032
1136148 1075
1136150 1077
1136153 1106
1136154 1089
1136156 1086
1136157 1090
1136158 1091
1136160 1088
1136161 1092
1136162 1093
1136192 249
1136193 243
1136194 250
1136197 759
1136198 761
1136200 860
1136201 854
1136202 861
1136204 960
1136205 954
1136206 961
1136208 1031
1136209 1025
1136210 1032
1136212 1076
1136214 1077
1136216 1106
1136218 1089
1136220 1090
1136221 1086
1136222 1091
1136224 1092
1136225 1088
1136226 1093
1136256 250
1136257 250
1136258 250
1136259 304
1136261 761
1136262 761
1136263 769
1136264 861
1136265 861
1136266 861
1136267 906
1136268 961
1136269 961
1136270 961
1136271 998
1136272 1032
1136273 1032
1136274 1032
1136275 1062
1136276 1077
1136278 1077
1136279 1103
1136280 1089
1136281 1089
1136283 1107
1136284 1091
1136285 1091
1136286 1091
1136287 1108
1136288 1093
1136289 1093
1136290 1093
1136291 1109
1136384 245
1136385 251
1136386 252
1136389 763
1136390 764
1136392 856
1136393 862
1136394 863
1136396 956
1136397 962
1136398 963
1136400 1027
1136401 1033
1136402 1034
1136404 1078
1136406 1080
1136408 1086
1136409 1090
1136410 1091
1136413 1110
1136414 1097
1136416 1096
1136417 1098
1136418 1099
1136448 251
1136449 245
1136450 252
1136453 762
1136454 764
1136456 862
1136457 856
1136458 863
1136460 962
1136461 956
1136462 963
1136464 1033
1136465 1027
1136466 1034
1136468 1079
1136470 1080
1136472 1090
1136473 1086
1136474 1091
1136476 1110
1136478 1097
1136480 1098
1136481 1096
1136482 1099
1136512 252
1136513 252
1136514 252
1136515 305
1136517 764
1136518 764
1136519 770
1136520 863
1136521 863
1136522 863
1136523 907
1136524 963
1136525 963
1136526 963
1136527 999
1136528 1034
1136529 1034
1136530 1034
1136531 1063
1136532 1080
1136534 1080
1136535 1104
1136536 1091
1136537 1091
1136538 1091
1136539 1108
1136540 1097
1136541 1097
1136543 1111
1136544 1099
1136545 1099
1136546 1099
1136547 1112
1136640 247
1136641 253
1136642 254
1136645 766
1136646 767
1136648 858
1136649 864
1136650 865
1136652 958
1136653 964
1136654 965
1136656 1029
1136657 1035
1136658 1036
1136660 1081
1136662 1083
1136664 1088
1136665 1092
1136666 1093
1136668 1096
1136669 1098
1136670 1099
1136673 1113
1136674 1101
1136704 253
1136705 247
1136706 254
1136709 765
1136710 767
1136712 864
1136713 858
1136714 865
1136716 964
1136717 958
1136718 965
1136720 1035
1136721 1029
1136722 1036
1136724 1082
1136726 1083
1136728 1092
1136729 1088
1136730 1093
1136732 1098
1136733 1096
1136734 1099
1136736 1113
1136738 1101
1136768 254
1136769 254
1136770 254
1136771 306
1136773 767
1136774 767
1136775 771
1136776 865
1136777 865
1136778 865
1136779 908
1136780 965
1136781 965
1136782 965
1136783 1000
1136784 1036
1136785 1036
1136786 1036
1136787 1064
1136788 1083
1136790 1083
1136791 1105
1136792 1093
1136793 1093
1136794 1093
1136795 1109
1136796 1099
1136797 1099
1136798 1099
1136799 1112
1136800 1101
1136801 1101
1136803 1114
1148480 255
1148481 307
1148482 260
1148485 772
1148486 773
1148488 866
1148489 909
1148490 871
1148492 966
1148493 1001
1148494 971
1148496 1037
1148497 1065
1148498 1042
1148500 1084
1148501 1106
1148502 1089
1148506 1115
1148508 1116
1148509 1117
1148510 1118
1148512 1119
1148513 1120
1148514 1121
1148672 256
1148673 257
1148677 774
1148680 867
1148681 868
1148684 967
1148685 968
1148688 1038
1148689 1039
1148692 1085
1148693 1086
1148697 1116
1148701 1122
1148704 1123
1148705 1124
1148736 257
1148737 261
1148738 262
1148741 775
1148742 776
1148744 868
1148745 872
1148746 873
1148748 968
1148749 972
1148750 973
1148752 1039
1148753 1043
1148754 1044
1148756 1086
1148757 1090
1148758 1091
1148761 1117
1148762 1118
1148764 1122
1148766 1125
1148768 1124
1148769 1126
1148770 1127
1148928 258
1148929 259
1148933 777
1148936 869
1148937 870
1148940 969
1148941 970
1148944 1040
1148945 1041
1148948 1087
1148949 1088
1148953 1119
1148956 1123
1148957 1124
1148961 1128
1148992 259
1148993 263
1148994 264
1148997 778
1148998 779
1149000 870
1149001 874
1149002 875
1149004 970
1149005 974
1149006 975
1149008 1041
1149009 1045
1149010 1046
1149012 1088
1149013 1092
1149014 1093
1149017 1120
1149018 1121
1149020 1124
1149021 1126
1149022 1127
1149024 1128
1149026 1129
1152640 260
1152641 260
1152643 308
1152645 773
1152647 780
1152648 871
1152649 871
1152651 910
1152652 971
1152653 971
1152655 1002
1152656 1042
1152657 1042
1152659 1066
1152660 1089
1152661 1089
1152663 1107
1152664 1115
1152667 1130
1152668 1118
1152669 1118
1152671 1131
1152672 1121
1152673 1121
1152675 1132
1152768 257
1152769 261
1152770 262
1152773 775
1152774 776
1152776 868
1152777 872
1152778 873
1152780 968
1152781 972
1152782 973
1152784 1039
1152785 1043
1152786 1044
1152788 1086
1152789 1090
1152790 1091
1152792 1116
1152794 1118
1152797 1133
1152798 1125
1152800 1124
1152801 1126
1152802 1127
1152832 261
1152833 257
1152834 262
1152837 774
1152838 776
1152840 872
1152841 868
1152842 873
1152844 972
1152845 968
1152846 973
1152848 1043
1152849 1039
1152850 1044
1152852 1090
1152853 1086
1152854 1091
1152856 1117
1152858 1118
1152860 1133
1152862 1125
1152864 1126
1152865 1124
1152866 1127
1152896 262
1152897 262
1152898 262
1152899 309
1152901 776
1152902 776
1152903 781
1152904 873
1152905 873
1152906 873
1152907 911
1152908 973
1152909 973
1152910 973
1152911 1003
1152912 1044
1152913 1044
1152914 1044
1152915 1067
1152916 1091
1152917 1091
1152918 1091
1152919 1108
1152920 1118
1152922 1118
1152923 1131
1152924 1125
1152925 1125
1152927 1134
1152928 1127
1152929 1127
1152930 1127
1152931 1135
1153024 259
1153025 263
1153026 264
1153029 778
1153030 779
1153032 870
1153033 874
1153034 875
1153036 970
1153037 974
1153038 975
1153040 1041
1153041 1045
1153042 1046
1153044 1088
1153045 1092
1153046 1093
1153048 1119
1153050 1121
1153052 1124
1153053 1126
1153054 1127
1153057 1136
1153058 1129
1153088 263
1153089 259
1153090 264
1153093 777
1153094 779
1153096 874
1153097 870
1153098 875
1153100 974
1153101 970
1153102 975
1153104 1045
1153105 1041
1153106 1046
1153108 1092
1153109 1088
1153110 1093
1153112 1120
1153114 1121
1153116 1126
1153117 1124
1153118 1127
1153120 1136
1153122 1129
1153152 264
1153153 264
1153154 264
1153155 310
1153157 779
1153158 779
1153159 782
1153160 875
1153161 875
1153162 875
1153163 912
1153164 975
1153165 975
1153166 975
1153167 1004
1153168 1046
1153169 1046
1153170 1046
1153171 1068
1153172 1093
1153173 1093
1153174 1093
1153175 1109
1153176 1121
1153178 1121
1153179 1132
1153180 1127
1153181 1127
1153182 1127
1153183 1135
1153184 1129
1153185 1129
1153187 1137
1165120 265
1165121 311
1165122 268
1165125 783
1165126 784
1165128 876
1165129 913
1165130 879
1165132 976
1165133 1005
1165134 979
1165136 1047
1165137 1069
1165138 1050
1165140 1094
1165141 1110
1165142 1097
1165144 1122
1165145 1133
1165146 1125
1165150 1138
1165152 1139
1165153 1140
1165154 1141
1165312 266
1165313 267
1165317 785
1165320 877
1165321 878
1165324 977
1165325 978
1165328 1048
1165329 1049
1165332 1095
1165333 1096
1165336 1123
1165337 1124
1165341 1139
1165345 1142
1165376 267
1165377 269
1165378 270
1165381 786
1165382 787
1165384 878
1165385 880
1165386 881
1165388 978
1165389 980
1165390 981
1165392 1049
1165393 1051
1165394 1052
1165396 1096
1165397 1098
1165398 1099
1165400 1124
1165401 1126
1165402 1127
1165405 1140
1165406 1141
1165408 1142
1165410 1143
1169280 268
1169281 268
1169283 312
1169285 784
1169287 788
1169288 879
1169289 879
1169291 914
1169292 979
1169293 979
1169295 1006
1169296 1050
1169297 1050
1169299 1070
1169300 1097
1169301 1097
1169303 1111
1169304 1125
1169305 1125
1169307 1134
1169308 1138
1169311 1144
1169312 1141
1169313 1141
1169315 1145
1169408 267
1169409 269
1169410 270
1169413 786
1169414 787
1169416 878
1169417 880
1169418 881
1169420 978
1169421 980
1169422 981
1169424 1049
1169425 1051
1169426 1052
1169428 1096
1169429 1098
1169430 1099
1169432 1124
1169433 1126
1169434 1127
1169436 1139
1169438 1141
1169441 1146
1169442 1143
1169472 269
1169473 267
1169474 270
1169477 785
1169478 787
1169480 880
1169481 878
1169482 881
1169484 980
1169485 978
1169486 981
1169488 1051
1169489 1049
1169490 1052
1169492 1098
1169493 1096
1169494 1099
1169496 1126
1169497 1124
1169498 1127
1169500 1140
1169502 1141
1169504 1146
1169506 1143
1169536 270
1169537 270
1169538 270
1169539 313
1169541 787
1169542 787
1169543 789
1169544 881
1169545 881
1169546 881
1169547 915
1169548 981
1169549 981
1169550 981
1169551 1007
1169552 1052
1169553 1052
1169554 1052
1169555 1071
1169556 1099
1169557 1099
1169558 1099
1169559 1112
1169560 1127
1169561 1127
1169562 1127
1169563 1135
1169564 1141
1169566 1141
1169567 1145
1169568 1143
1169569 1143
1169571 1147
1181760 271
1181761 314
1181762 272
1181765 790
1181766 791
1181768 882
1181769 916
1181770 883
1181772 982
1181773 1008
1181774 983
1181776 1053
1181777 1072
1181778 1054
1181780 1100
1181781 1113
1181782 1101
1181784 1128
1181785 1136
1181786 1129
1181788 1142
1181789 1146
1181790 1143
1181794 1148
1185920 272
1185921 272
1185923 315
1185925 791
1185927 792
1185928 883
1185929 883
1185931 917
1185932 983
1185933 983
1185935 1009
1185936 1054
1185937 1054
1185939 1073
1185940 1101
1185941 1101
1185943 1114
1185944 1129
1185945 1129
1185947 1137
1185948 1143
1185949 1143
1185951 1147
1185952 1148
1185955 1149
2134656 316
2134659 407
2134660 793
2134663 884
2134667 1150
2134668 1151
2134671 1152
2134672 1153
2134675 1154
2134676 1155
2134679 1156
2134680 1157
2134683 1158
2134684 1159
2134687 1160
2134688 1161
2134691 1162
2134784 317
2134785 318
2134786 319
2134788 794
2134789 795
2134790 796
2134794 1151
2134797 1163
2134798 1164
2134800 1165
2134801 1166
2134802 1167
2134804 1168
2134805 1169
2134806 1170
2134808 1171
2134809 1172
2134810 1173
2134812 1174
2134813 1175
2134814 1176
2134816 1177
2134817 1178
2134818 1179
2134912 319
2134914 319
2134915 408
2134916 796
2134918 796
2134919 885
2134922 1151
2134923 1152
2134924 1164
2134927 1180
2134928 1167
2134930 1167
2134931 1181
2134932 1170
2134934 1170
2134935 1182
2134936 1173
2134938 1173
2134939 1183
2134940 1176
2134942 1176
2134943 1184
2134944 1179
2134946 1179
2134947 1185
2135040 320
2135041 321
2135042 322
2135044 797
2135045 798
2135046 799
2135050 1153
2135052 1165
2135053 1166
2135054 1167
2135057 1186
2135058 1187
2135060 1188
2135061 1189
2135062 1190
2135064 1191
2135065 1192
2135066 1193
2135068 1194
2135069 1195
2135070 1196
2135072 1197
2135073 1198
2135074 1199
2135168 322
2135170 322
2135171 409
2135172 799
2135174 799
2135175 886
2135178 1153
2135179 1154
2135180 1167
2135182 1167
2135183 1181
2135184 1187
2135187 1200
2135188 1190
2135190 1190
2135191 1201
2135192 1193
2135194 1193
2135195 1202
2135196 1196
2135198 1196
2135199 1203
2135200 1199
2135202 1199
2135203 1204
2135296 323
2135297 324
2135298 325
2135300 800
2135301 801
2135302 802
2135306 1155
2135308 1168
2135309 1169
2135310 1170
2135312 1188
2135313 1189
2135314 1190
2135317 1205
2135318 1206
2135320 1207
2135321 1208
2135322 1209
2135324 1210
2135325 1211
2135326 1212
2135328 1213
2135329 1214
2135330 1215
2135424 325
2135426 325
2135427 410
2135428 802
2135430 802
2135431 887
2135434 1155
2135435 1156
2135436 1170
2135438 1170
2135439 1182
2135440 1190
2135442 1190
2135443 1201
2135444 1206
2135447 1216
2135448 1209
2135450 1209
2135451 1217
2135452 1212
2135454 1212
2135455 1218
2135456 1215
2135458 1215
2135459 1219
2135552 326
2135553 327
2135554 328
2135556 803
2135557 804
2135558 805
2135562 1157
2135564 1171
2135565 1172
2135566 1173
2135568 1191
2135569 1192
2135570 1193
2135572 1207
2135573 1208
2135574 1209
2135577 1220
2135578 1221
2135580 1222
2135581 1223
2135582 1224
2135584 1225
2135585 1226
2135586 1227
2135680 328
2135682 328
2135683 411
2135684 805
2135686 805
2135687 888
2135690 1157
2135691 1158
2135692 1173
2135694 1173
2135695 1183
2135696 1193
2135698 1193
2135699 1202
2135700 1209
2135702 1209
2135703 1217
2135704 1221
2135707 1228
2135708 1224
2135710 1224
2135711 1229
2135712 1227
2135714 1227
2135715 1230
2135808 329
2135809 330
2135810 331
2135812 806
2135813 807
2135814 808
2135818 1159
2135820 1174
2135821 1175
2135822 1176
2135824 1194
2135825 1195
2135826 1196
2135828 1210
2135829 1211
2135830 1212
2135832 1222
2135833 1223
2135834 1224
2135837 1231
2135838 1232
2135840 1233
2135841 1234
2135842 1235
2135936 331
2135938 331
2135939 412
2135940 808
2135942 808
2135943 889
2135946 1159
2135947 1160
2135948 1176
2135950 1176
2135951 1184
2135952 1196
2135954 1196
2135955 1203
2135956 1212
2135958 1212
2135959 1218
2135960 1224
2135962 1224
2135963 1229
2135964 1232
2135967 1236
2135968 1235
2135970 1235
2135971 1237
2136064 332
2136065 333
2136066 334
2136068 809
2136069 810
2136070 811
2136074 1161
2136076 1177
2136077 1178
2136078 1179
2136080 1197
2136081 1198
2136082 1199
2136084 1213
2136085 1214
2136086 1215
2136088 1225
2136089 1226
2136090 1227
2136092 1233
2136093 1234
2136094 1235
2136097 1238
2136098 1239
2136192 334
2136194 334
2136195 413
2136196 811
2136198 811
2136199 890
2136202 1161
2136203 1162
2136204 1179
2136206 1179
2136207 1185
2136208 1199
2136210 1199
2136211 1204
2136212 1215
2136214 1215
2136215 1219
2136216 1227
2136218 1227
2136219 1230
2136220 1235
2136222 1235
2136223 1237
2136224 1239
2136227 1240
2147136 335
2147137 414
2147138 346
2147140 812
2147141 891
2147142 823
2147145 1163
2147146 1164
2147150 1241
2147152 1242
2147153 1243
2147154 1244
2147156 1245
2147157 1246
2147158 1247
2147160 1248
2147161 1249
2147162 1250
2147164 1251
2147165 1252
2147166 1253
2147168 1254
2147169 1255
2147170 1256
2147328 336
2147329 337
2147332 813
2147333 814
2147337 1165
2147341 1242
2147345 1257
2147348 1258
2147349 1259
2147352 1260
2147353 1261
2147356 1262
2147357 1263
2147360 1264
2147361 1265
2147392 337
2147393 347
2147394 348
2147396 814
2147397 824
2147398 825
2147401 1166
2147402 1167
2147405 1243
2147406 1244
2147408 1257
2147410 1266
2147412 1259
2147413 1267
2147414 1268
2147416 1261
2147417 1269
2147418 1270
2147420 1263
2147421 1271
2147422 1272
2147424 1265
2147425 1273
2147426 1274
2147584 338
2147585 339
2147588 815
2147589 816
2147593 1168
2147597 1245
2147600 1258
2147601 1259
2147605 1275
2147608 1276
2147609 1277
2147612 1278
2147613 1279
2147616 1280
2147617 1281
2147648 339
2147649 349
2147650 350
2147652 816
2147653 826
2147654 827
2147657 1169
2147658 1170
2147661 1246
2147662 1247
2147664 1259
2147665 1267
2147666 1268
2147668 1275
2147670 1282
2147672 1277
2147673 1283
2147674 1284
2147676 1279
2147677 1285
2147678 1286
2147680 1281
2147681 1287
2147682 1288
2147840 340
2147841 341
2147844 817
2147845 818
2147849 1171
2147853 1248
2147856 1260
2147857 1261
2147860 1276
2147861 1277
2147865 1289
2147868 1290
2147869 1291
2147872 1292
2147873 1293
2147904 341
2147905 351
2147906 352
2147908 818
2147909 828
2147910 829
2147913 1172
2147914 1173
2147917 1249
2147918 1250
2147920 1261
2147921 1269
2147922 1270
2147924 1277
2147925 1283
2147926 1284
2147928 1289
2147930 1294
2147932 1291
2147933 1295
2147934 1296
2147936 1293
2147937 1297
2147938 1298
2148096 342
2148097 343
2148100 819
2148101 820
2148105 1174
2148109 1251
2148112 1262
2148113 1263
2148116 1278
2148117 1279
2148120 1290
2148121 1291
2148125 1299
2148128 1300
2148129 1301
2148160 343
2148161 353
2148162 354
2148164 820
2148165 830
2148166 831
2148169 1175
2148170 1176
2148173 1252
2148174 1253
2148176 1263
2148177 1271
2148178 1272
2148180 1279
2148181 1285
2148182 1286
2148184 1291
2148185 1295
2148186 1296
2148188 1299
2148190 1302
2148192 1301
2148193 1303
2148194 1304
2148352 344
2148353 345
2148356 821
2148357 822
2148361 1177
2148365 1254
2148368 1264
2148369 1265
2148372 1280
2148373 1281
2148376 1292
2148377 1293
2148380 1300
2148381 1301
2148385 1305
2148416 345
2148417 355
2148418 356
2148420 822
2148421 832
2148422 833
2148425 1178
2148426 1179
2148429 1255
2148430 1256
2148432 1265
2148433 1273
2148434 1274
2148436 1281
2148437 1287
2148438 1288
2148440 1293
2148441 1297
2148442 1298
2148444 1301
2148445 1303
2148446 1304
2148448 1305
2148450 1306
2151296 346
2151297 346
2151299 415
2151300 823
2151301 823
2151303 892
2151305 1164
2151307 1180
2151308 1241
2151311 1307
2151312 1244
2151313 1244
2151315 1308
2151316 1247
2151317 1247
2151319 1309
2151320 1250
2151321 1250
2151323 1310
2151324 1253
2151325 1253
2151327 1311
2151328 1256
2151329 1256
2151331 1312
2151424 337
2151425 347
2151426 348
2151428 814
2151429 824
2151430 825
2151433 1166
2151434 1167
2151436 1242
2151438 1244
2151441 1313
2151442 1266
2151444 1259
2151445 1267
2151446 1268
2151448 1261
2151449 1269
2151450 1270
2151452 1263
2151453 1271
2151454 1272
2151456 1265
2151457 1273
2151458 1274
2151488 347
2151489 337
2151490 348
2151492 824
2151493 814
2151494 825
2151497 1165
2151498 1167
2151500 1243
2151502 1244
2151504 1313
2151506 1266
2151508 1267
2151509 1259
2151510 1268
2151512 1269
2151513 1261
2151514 1270
2151516 1271
2151517 1263
2151518 1272
2151520 1273
2151521 1265
2151522 1274
2151552 348
2151553 348
2151554 348
2151555 416
2151556 825
2151557 825
2151558 825
2151559 893
2151561 1167
2151562 1167
2151563 1181
2151564 1244
2151566 1244
2151567 1308
2151568 1266
2151569 1266
2151571 1314
2151572 1268
2151573 1268
2151574 1268
2151575 1315
2151576 1270
2151577 1270
2151578 1270
2151579 1316
2151580 1272
2151581 1272
2151582 1272
2151583 1317
2151584 1274
2151585 1274
2151586 1274
2151587 1318
2151680 339
2151681 349
2151682 350
2151684 816
2151685 826
2151686 827
2151689 1169
2151690 1170
2151692 1245
2151694 1247
2151696 1259
2151697 1267
2151698 1268
2151701 1319
2151702 1282
2151704 1277
2151705 1283
2151706 1284
2151708 1279
2151709 1285
2151710 1286
2151712 1281
2151713 1287
2151714 1288
2151744 349
2151745 339
2151746 350
2151748 826
2151749 816
2151750 827
2151753 1168
2151754 1170
2151756 1246
2151758 1247
2151760 1267
2151761 1259
2151762 1268
2151764 1319
2151766 1282
2151768 1283
2151769 1277
2151770 1284
2151772 1285
2151773 1279
2151774 1286
2151776 1287
2151777 1281
2151778 1288
2151808 350
2151809 350
2151810 350
2151811 417
2151812 827
2151813 827
2151814 827
2151815 894
2151817 1170
2151818 1170
2151819 1182
2151820 1247
2151822 1247
2151823 1309
2151824 1268
2151825 1268
2151826 1268
2151827 1315
2151828 1282
2151829 1282
2151831 1320
2151832 1284
2151833 1284
2151834 1284
2151835 1321
2151836 1286
2151837 1286
2151838 1286
2151839 1322
2151840 1288
2151841 1288
2151842 1288
2151843 1323
2151936 341
2151937 351
2151938 352
2151940 818
2151941 828
2151942 829
2151945 1172
2151946 1173
2151948 1248
2151950 1250
2151952 1261
2151953 1269
2151954 1270
2151956 1277
2151957 1283
2151958 1284
2151961 1324
2151962 1294
2151964 1291
2151965 1295
2151966 1296
2151968 1293
2151969 1297
2151970 1298
2152000 351
2152001 341
2152002 352
2152004 828
2152005 818
2152006 829
2152009 1171
2152010 1173
2152012 1249
2152014 1250
2152016 1269
2152017 1261
2152018 1270
2152020 1283
2152021 1277
2152022 1284
2152024 1324
2152026 1294
2152028 1295
2152029 1291
2152030 1296
2152032 1297
2152033 1293
2152034 1298
2152064 352
2152065 352
2152066 352
2152067 418
2152068 829
2152069 829
2152070 829
2152071 895
2152073 1173
2152074 1173
2152075 1183
2152076 1250
2152078 1250
2152079 1310
2152080 1270
2152081 1270
2152082 1270
2152083 1316
2152084 1284
2152085 1284
2152086 1284
2152087 1321
2152088 1294
2152089 1294
2152091 1325
2152092 1296
2152093 1296
2152094 1296
2152095 1326
2152096 1298
2152097 1298
2152098 1298
2152099 1327
2152192 343
2152193 353
2152194 354
2152196 820
2152197 830
2152198 831
2152201 1175
2152202 1176
2152204 1251
2152206 1253
2152208 1263
2152209 1271
2152210 1272
2152212 1279
2152213 1285
2152214 1286
2152216 1291
2152217 1295
2152218 1296
2152221 1328
2152222 1302
2152224 1301
2152225 1303
2152226 1304
2152256 353
2152257 343
2152258 354
2152260 830
2152261 820
2152262 831
2152265 1174
2152266 1176
2152268 1252
2152270 1253
2152272 1271
2152273 1263
2152274 1272
2152276 1285
2152277 1279
2152278 1286
2152280 1295
2152281 1291
2152282 1296
2152284 1328
2152286 1302
2152288 1303
2152289 1301
2152290 1304
2152320 354
2152321 354
2152322 354
2152323 419
2152324 831
2152325 831
2152326 831
2152327 896
2152329 1176
2152330 1176
2152331 1184
2152332 1253
2152334 1253
2152335 1311
2152336 1272
2152337 1272
2152338 1272
2152339 1317
2152340 1286
2152341 1286
2152342 1286
2152343 1322
2152344 1296
2152345 1296
2152346 1296
2152347 1326
2152348 1302
2152349 1302
2152351 1329
2152352 1304
2152353 1304
2152354 1304
2152355 1330
2152448 345
2152449 355
2152450 356
2152452 822
2152453 832
2152454 833
2152457 1178
2152458 1179
2152460 1254
2152462 1256
2152464 1265
2152465 1273
2152466 1274
2152468 1281
2152469 1287
2152470 1288
2152472 1293
2152473 1297
2152474 1298
2152476 1301
2152477 1303
2152478 1304
2152481 1331
2152482 1306
2152512 355
2152513 345
2152514 356
2152516 832
2152517 822
2152518 833
2152521 1177
2152522 1179
2152524 1255
2152526 1256
2152528 1273
2152529 1265
2152530 1274
2152532 1287
2152533 1281
2152534 1288
2152536 1297
2152537 1293
2152538 1298
2152540 1303
2152541 1301
2152542 1304
2152544 1331
2152546 1306
2152576 356
2152577 356
2152578 356
2152579 420
2152580 833
2152581 833
2152582 833
2152583 897
2152585 1179
2152586 1179
2152587 1185
2152588 1256
2152590 1256
2152591 1312
2152592 1274
2152593 1274
2152594 1274
2152595 1318
2152596 1288
2152597 1288
2152598 1288
2152599 1323
2152600 1298
2152601 1298
2152602 1298
2152603 1327
2152604 1304
2152605 1304
2152606 1304
2152607 1330
2152608 1306
2152609 1306
2152611 1332
2163776 357
2163777 421
2163778 366
2163780 834
2163781 898
2163782 843
2163785 1186
2163786 1187
2163788 1257
2163789 1313
2163790 1266
2163794 1333
2163796 1334
2163797 1335
2163798 1336
2163800 1337
2163801 1338
2163802 1339
2163804 1340
2163805 1341
2163806 1342
2163808 1343
2163809 1344
2163810 1345
2163968 358
2163969 359
2163972 835
2163973 836
2163977 1188
2163980 1258
2163981 1259
2163985 1334
2163989 1346
2163992 1347
2163993 1348
2163996 1349
2163997 1350
2164000 1351
2164001 1352
2164032 359
2164033 367
2164034 368
2164036 836
2164037 844
2164038 845
2164041 1189
2164042 1190
2164044 1259
2164045 1267
2164046 1268
2164049 1335
2164050 1336
2164052 1346
2164054 1353
2164056 1348
2164057 1354
2164058 1355
2164060 1350
2164061 1356
2164062 1357
2164064 1352
2164065 1358
2164066 1359
2164224 360
2164225 361
2164228 837
2164229 838
2164233 1191
2164236 1260
2164237 1261
2164241 1337
2164244 1347
2164245 1348
2164249 1360
2164252 1361
2164253 1362
2164256 1363
2164257 1364
2164288 361
2164289 369
2164290 370
2164292 838
2164293 846
2164294 847
2164297 1192
2164298 1193
2164300 1261
2164301 1269
2164302 1270
2164305 1338
2164306 1339
2164308 1348
2164309 1354
2164310 1355
2164312 1360
2164314 1365
2164316 1362
2164317 1366
2164318 1367
2164320 1364
2164321 1368
2164322 1369
2164480 362
2164481 363
2164484 839
2164485 840
2164489 1194
2164492 1262
2164493 1263
2164497 1340
2164500 1349
2164501 1350
2164504 1361
2164505 1362
2164509 1370
2164512 1371
2164513 1372
2164544 363
2164545 371
2164546 372
2164548 840
2164549 848
2164550 849
2164553 1195
2164554 1196
2164556 1263
2164557 1271
2164558 1272
2164561 1341
2164562 1342
2164564 1350
2164565 1356
2164566 1357
2164568 1362
2164569 1366
2164570 1367
2164572 1370
2164574 1373
2164576 1372
2164577 1374
2164578 1375
2164736 364
2164737 365
2164740 841
2164741 842
2164745 1197
2164748 1264
2164749 1265
2164753 1343
2164756 1351
2164757 1352
2164760 1363
2164761 1364
2164764 1371
2164765 1372
2164769 1376
2164800 365
2164801 373
2164802 374
2164804 842
2164805 850
2164806 851
2164809 1198
2164810 1199
2164812 1265
2164813 1273
2164814 1274
2164817 1344
2164818 1345
2164820 1352
2164821 1358
2164822 1359
2164824 1364
2164825 1368
2164826 1369
2164828 1372
2164829 1374
2164830 1375
2164832 1376
2164834 1377
2167936 366
2167937 366
2167939 422
2167940 843
2167941 843
2167943 899
2167945 1187
2167947 1200
2167948 1266
2167949 1266
2167951 1314
2167952 1333
2167955 1378
2167956 1336
2167957 1336
2167959 1379
2167960 1339
2167961 1339
2167963 1380
2167964 1342
2167965 1342
2167967 1381
2167968 1345
2167969 1345
2167971 1382
2168064 359
2168065 367
2168066 368
2168068 836
2168069 844
2168070 845
2168073 1189
2168074 1190
2168076 1259
2168077 1267
2168078 1268
2168080 1334
2168082 1336
2168085 1383
2168086 1353
2168088 1348
2168089 1354
2168090 1355
2168092 1350
2168093 1356
2168094 1357
2168096 1352
2168097 1358
2168098 1359
2168128 367
2168129 359
2168130 368
2168132 844
2168133 836
2168134 845
2168137 1188
2168138 1190
2168140 1267
2168141 1259
2168142 1268
2168144 1335
2168146 1336
2168148 1383
2168150 1353
2168152 1354
2168153 1348
2168154 1355
2168156 1356
2168157 1350
2168158 1357
2168160 1358
2168161 1352
2168162 1359
2168192 368
2168193 368
2168194 368
2168195 423
2168196 845
2168197 845
2168198 845
2168199 900
2168201 1190
2168202 1190
2168203 1201
2168204 1268
2168205 1268
2168206 1268
2168207 1315
2168208 1336
2168210 1336
2168211 1379
2168212 1353
2168213 1353
2168215 1384
2168216 1355
2168217 1355
2168218 1355
2168219 1385
2168220 1357
2168221 1357
2168222 1357
2168223 1386
2168224 1359
2168225 1359
2168226 1359
2168227 1387
2168320 361
2168321 369
2168322 370
2168324 838
2168325 846
2168326 847
2168329 1192
2168330 1193
2168332 1261
2168333 1269
2168334 1270
2168336 1337
2168338 1339
2168340 1348
2168341 1354
2168342 1355
2168345 1388
2168346 1365
2168348 1362
2168349 1366
2168350 1367
2168352 1364
2168353 1368
2168354 1369
2168384 369
2168385 361
2168386 370
2168388 846
2168389 838
2168390 847
2168393 1191
2168394 1193
2168396 1269
2168397 1261
2168398 1270
2168400 1338
2168402 1339
2168404 1354
2168405 1348
2168406 1355
2168408 1388
2168410 1365
2168412 1366
2168413 1362
2168414 1367
2168416 1368
2168417 1364
2168418 1369
2168448 370
2168449 370
2168450 370
2168451 424
2168452 847
2168453 847
2168454 847
2168455 901
2168457 1193
2168458 1193
2168459 1202
2168460 1270
2168461 1270
2168462 1270
2168463 1316
2168464 1339
2168466 1339
2168467 1380
2168468 1355
2168469 1355
2168470 1355
2168471 1385
2168472 1365
2168473 1365
2168475 1389
2168476 1367
2168477 1367
2168478 1367
2168479 1390
2168480 1369
2168481 1369
2168482 1369
2168483 1391
2168576 363
2168577 371
2168578 372
2168580 840
2168581 848
2168582 849
2168585 1195
2168586 1196
2168588 1263
2168589 1271
2168590 1272
2168592 1340
2168594 1342
2168596 1350
2168597 1356
2168598 1357
2168600 1362
2168601 1366
2168602 1367
2168605 1392
2168606 1373
2168608 1372
2168609 1374
2168610 1375
2168640 371
2168641 363
2168642 372
2168644 848
2168645 840
2168646 849
2168649 1194
2168650 1196
2168652 1271
2168653 1263
2168654 1272
2168656 1341
2168658 1342
2168660 1356
2168661 1350
2168662 1357
2168664 1366
2168665 1362
2168666 1367
2168668 1392
2168670 1373
2168672 1374
2168673 1372
2168674 1375
2168704 372
2168705 372
2168706 372
2168707 425
2168708 849
2168709 849
2168710 849
2168711 902
2168713 1196
2168714 1196
2168715 1203
2168716 1272
2168717 1272
2168718 1272
2168719 1317
2168720 1342
2168722 1342
2168723 1381
2168724 1357
2168725 1357
2168726 1357
2168727 1386
2168728 1367
2168729 1367
2168730 1367
2168731 1390
2168732 1373
2168733 1373
2168735 1393
2168736 1375
2168737 1375
2168738 1375
2168739 1394
2168832 365
2168833 373
2168834 374
2168836 842
2168837 850
2168838 851
2168841 1198
2168842 1199
2168844 1265
2168845 1273
2168846 1274
2168848 1343
2168850 1345
2168852 1352
2168853 1358
2168854 1359
2168856 1364
2168857 1368
2168858 1369
2168860 1372
2168861 1374
2168862 1375
2168865 1395
2168866 1377
2168896 373
2168897 365
2168898 374
2168900 850
2168901 842
2168902 851
2168905 1197
2168906 1199
2168908 1273
2168909 1265
2168910 1274
2168912 1344
2168914 1345
2168916 1358
2168917 1352
2168918 1359
2168920 1368
2168921 1364
2168922 1369
2168924 1374
2168925 1372
2168926 1375
2168928 1395
2168930 1377
2168960 374
2168961 374
2168962 374
2168963 426
2168964 851
2168965 851
2168966 851
2168967 903
2168969 1199
2168970 1199
2168971 1204
2168972 1274
2168973 1274
2168974 1274
2168975 1318
2168976 1345
2168978 1345
2168979 1382
2168980 1359
2168981 1359
2168982 1359
2168983 1387
2168984 1369
2168985 1369
2168986 1369
2168987 1391
2168988 1375
2168989 1375
2168990 1375
2168991 1394
2168992 1377
2168993 1377
2168995 1396
2180416 375
2180417 427
2180418 382
2180420 852
2180421 904
2180422 859
2180425 1205
2180426 1206
2180428 1275
2180429 1319
2180430 1282
2180432 1346
2180433 1383
2180434 1353
2180438 1397
2180440 1398
2180441 1399
2180442 1400
2180444 1401
2180445 1402
2180446 1403
2180448 1404
2180449 1405
2180450 1406
2180608 376
2180609 377
2180612 853
2180613 854
2180617 1207
2180620 1276
2180621 1277
2180624 1347
2180625 1348
2180629 1398
2180633 1407
2180636 1408
2180637 1409
2180640 1410
2180641 1411
2180672 377
2180673 383
2180674 384
2180676 854
2180677 860
2180678 861
2180681 1208
2180682 1209
2180684 1277
2180685 1283
2180686 1284
2180688 1348
2180689 1354
2180690 1355
2180693 1399
2180694 1400
2180696 1407
2180698 1412
2180700 1409
2180701 1413
2180702 1414
2180704 1411
2180705 1415
2180706 1416
2180864 378
2180865 379
2180868 855
2180869 856
2180873 1210
2180876 1278
2180877 1279
2180880 1349
2180881 1350
2180885 1401
2180888 1408
2180889 1409
2180893 1417
2180896 1418
2180897 1419
2180928 379
2180929 385
2180930 386
2180932 856
2180933 862
2180934 863
2180937 1211
2180938 1212
2180940 1279
2180941 1285
2180942 1286
2180944 1350
2180945 1356
2180946 1357
2180949 1402
2180950 1403
2180952 1409
2180953 1413
2180954 1414
2180956 1417
2180958 1420
2180960 1419
2180961 1421
2180962 1422
2181120 380
2181121 381
2181124 857
2181125 858
2181129 1213
2181132 1280
2181133 1281
2181136 1351
2181137 1352
2181141 1404
2181144 1410
2181145 1411
2181148 1418
2181149 1419
2181153 1423
2181184 381
2181185 387
2181186 388
2181188 858
2181189 864
2181190 865
2181193 1214
2181194 1215
2181196 1281
2181197 1287
2181198 1288
2181200 1352
2181201 1358
2181202 1359
2181205 1405
2181206 1406
2181208 1411
2181209 1415
2181210 1416
2181212 1419
2181213 1421
2181214 1422
2181216 1423
2181218 1424
2184576 382
2184577 382
2184579 428
2184580 859
2184581 859
2184583 905
2184585 1206
2184587 1216
2184588 1282
2184589 1282
2184591 1320
2184592 1353
2184593 1353
2184595 1384
2184596 1397
2184599 1425
2184600 1400
2184601 1400
2184603 1426
2184604 1403
2184605 1403
2184607 1427
2184608 1406
2184609 1406
2184611 1428
2184704 377
2184705 383
2184706 384
2184708 854
2184709 860
2184710 861
2184713 1208
2184714 1209
2184716 1277
2184717 1283
2184718 1284
2184720 1348
2184721 1354
2184722 1355
2184724 1398
2184726 1400
2184729 1429
2184730 1412
2184732 1409
2184733 1413
2184734 1414
2184736 1411
2184737 1415
2184738 1416
2184768 383
2184769 377
2184770 384
2184772 860
2184773 854
2184774 861
2184777 1207
2184778 1209
2184780 1283
2184781 1277
2184782 1284
2184784 1354
2184785 1348
2184786 1355
2184788 1399
2184790 1400
2184792 1429
2184794 1412
2184796 1413
2184797 1409
2184798 1414
2184800 1415
2184801 1411
2184802 1416
2184832 384
2184833 384
2184834 384
2184835 429
2184836 861
2184837 861
2184838 861
2184839 906
2184841 1209
2184842 1209
2184843 1217
2184844 1284
2184845 1284
2184846 1284
2184847 1321
2184848 1355
2184849 1355
2184850 1355
2184851 1385
2184852 1400
2184854 1400
2184855 1426
2184856 1412
2184857 1412
2184859 1430
2184860 1414
2184861 1414
2184862 1414
2184863 1431
2184864 1416
2184865 1416
2184866 1416
2184867 1432
2184960 379
2184961 385
2184962 386
2184964 856
2184965 862
2184966 863
2184969 1211
2184970 1212
2184972 1279
2184973 1285
2184974 1286
2184976 1350
2184977 1356
2184978 1357
2184980 1401
2184982 1403
2184984 1409
2184985 1413
2184986 1414
2184989 1433
2184990 1420
2184992 1419
2184993 1421
2184994 1422
2185024 385
2185025 379
2185026 386
2185028 862
2185029 856
2185030 863
2185033 1210
2185034 1212
2185036 1285
2185037 1279
2185038 1286
2185040 1356
2185041 1350
2185042 1357
2185044 1402
2185046 1403
2185048 1413
2185049 1409
2185050 1414
2185052 1433
2185054 1420
2185056 1421
2185057 1419
2185058 1422
2185088 386
2185089 386
2185090 386
2185091 430
2185092 863
2185093 863
2185094 863
2185095 907
2185097 1212
2185098 1212
2185099 1218
2185100 1286
2185101 1286
2185102 1286
2185103 1322
2185104 1357
2185105 1357
2185106 1357
2185107 1386
2185108 1403
2185110 1403
2185111 1427
2185112 1414
2185113 1414
2185114 1414
2185115 1431
2185116 1420
2185117 1420
2185119 1434
2185120 1422
2185121 1422
2185122 1422
2185123 1435
2185216 381
2185217 387
2185218 388
2185220 858
2185221 864
2185222 865
2185225 1214
2185226 1215
2185228 1281
2185229 1287
2185230 1288
2185232 1352
2185233 1358
2185234 1359
2185236 1404
2185238 1406
2185240 1411
2185241 1415
2185242 1416
2185244 1419
2185245 1421
2185246 1422
2185249 1436
2185250 1424
2185280 387
2185281 381
2185282 388
2185284 864
2185285 858
2185286 865
2185289 1213
2185290 1215
2185292 1287
2185293 1281
2185294 1288
2185296 1358
2185297 1352
2185298 1359
2185300 1405
2185302 1406
2185304 1415
2185305 1411
2185306 1416
2185308 1421
2185309 1419
2185310 1422
2185312 1436
2185314 1424
2185344 388
2185345 388
2185346 388
2185347 431
2185348 865
2185349 865
2185350 865
2185351 908
2185353 1215
2185354 1215
2185355 1219
2185356 1288
2185357 1288
2185358 1288
2185359 1323
2185360 1359
2185361 1359
2185362 1359
2185363 1387
2185364 1406
2185366 1406
2185367 1428
2185368 1416
2185369 1416
2185370 1416
2185371 1432
2185372 1422
2185373 1422
2185374 1422
2185375 1435
2185376 1424
2185377 1424
2185379 1437
2197056 389
2197057 432
2197058 394
2197060 866
2197061 909
2197062 871
2197065 1220
2197066 1221
2197068 1289
2197069 1324
2197070 1294
2197072 1360
2197073 1388
2197074 1365
2197076 1407
2197077 1429
2197078 1412
2197082 1438
2197084 1439
2197085 1440
2197086 1441
2197088 1442
2197089 1443
2197090 1444
2197248 390
2197249 391
2197252 867
2197253 868
2197257 1222
2197260 1290
2197261 1291
2197264 1361
2197265 1362
2197268 1408
2197269 1409
2197273 1439
2197277 1445
2197280 1446
2197281 1447
2197312 391
2197313 395
2197314 396
2197316 868
2197317 872
2197318 873
2197321 1223
2197322 1224
2197324 1291
2197325 1295
2197326 1296
2197328 1362
2197329 1366
2197330 1367
2197332 1409
2197333 1413
2197334 1414
2197337 1440
2197338 1441
2197340 1445
2197342 1448
2197344 1447
2197345 1449
2197346 1450
2197504 392
2197505 393
2197508 869
2197509 870
2197513 1225
2197516 1292
2197517 1293
2197520 1363
2197521 1364
2197524 1410
2197525 1411
2197529 1442
2197532 1446
2197533 1447
2197537 1451
2197568 393
2197569 397
2197570 398
2197572 870
2197573 874
2197574 875
2197577 1226
2197578 1227
2197580 1293
2197581 1297
2197582 1298
2197584 1364
2197585 1368
2197586 1369
2197588 1411
2197589 1415
2197590 1416
2197593 1443
2197594 1444
2197596 1447
2197597 1449
2197598 1450
2197600 1451
2197602 1452
2201216 394
2201217 394
2201219 433
2201220 871
2201221 871
2201223 910
2201225 1221
2201227 1228
2201228 1294
2201229 1294
2201231 1325
2201232 1365
2201233 1365
2201235 1389
2201236 1412
2201237 1412
2201239 1430
2201240 1438
2201243 1453
2201244 1441
2201245 1441
2201247 1454
2201248 1444
2201249 1444
2201251 1455
2201344 391
2201345 395
2201346 396
2201348 868
2201349 872
2201350 873
2201353 1223
2201354 1224
2201356 1291
2201357 1295
2201358 1296
2201360 1362
2201361 1366
2201362 1367
2201364 1409
2201365 1413
2201366 1414
2201368 1439
2201370 1441
2201373 1456
2201374 1448
2201376 1447
2201377 1449
2201378 1450
2201408 395
2201409 391
2201410 396
2201412 872
2201413 868
2201414 873
2201417 1222
2201418 1224
2201420 1295
2201421 1291
2201422 1296
2201424 1366
2201425 1362
2201426 1367
2201428 1413
2201429 1409
2201430 1414
2201432 1440
2201434 1441
2201436 1456
2201438 1448
2201440 1449
2201441 1447
2201442 1450
2201472 396
2201473 396
2201474 396
2201475 434
2201476 873
2201477 873
2201478 873
2201479 911
2201481 1224
2201482 1224
2201483 1229
2201484 1296
2201485 1296
2201486 1296
2201487 1326
2201488 1367
2201489 1367
2201490 1367
2201491 1390
2201492 1414
2201493 1414
2201494 1414
2201495 1431
2201496 1441
2201498 1441
2201499 1454
2201500 1448
2201501 1448
2201503 1457
2201504 1450
2201505 1450
2201506 1450
2201507 1458
2201600 393
2201601 397
2201602 398
2201604 870
2201605 874
2201606 875
2201609 1226
2201610 1227
2201612 1293
2201613 1297
2201614 1298
2201616 1364
2201617 1368
2201618 1369
2201620 1411
2201621 1415
2201622 1416
2201624 1442
2201626 1444
2201628 1447
2201629 1449
2201630 1450
2201633 1459
2201634 1452
2201664 397
2201665 393
2201666 398
2201668 874
2201669 870
2201670 875
2201673 1225
2201674 1227
2201676 1297
2201677 1293
2201678 1298
2201680 1368
2201681 1364
2201682 1369
2201684 1415
2201685 1411
2201686 1416
2201688 1443
2201690 1444
2201692 1449
2201693 1447
2201694 1450
2201696 1459
2201698 1452
2201728 398
2201729 398
2201730 398
2201731 435
2201732 875
2201733 875
2201734 875
2201735 912
2201737 1227
2201738 1227
2201739 1230
2201740 1298
2201741 1298
2201742 1298
2201743 1327
2201744 1369
2201745 1369
2201746 1369
2201747 1391
2201748 1416
2201749 1416
2201750 1416
2201751 1432
2201752 1444
2201754 1444
2201755 1455
2201756 1450
2201757 1450
2201758 1450
2201759 1458
2201760 1452
2201761 1452
2201763 1460
2213696 399
2213697 436
2213698 402
2213700 876
2213701 913
2213702 879
2213705 1231
2213706 1232
2213708 1299
2213709 1328
2213710 1302
2213712 1370
2213713 1392
2213714 1373
2213716 1417
2213717 1433
2213718 1420
2213720 1445
2213721 1456
2213722 1448
2213726 1461
2213728 1462
2213729 1463
2213730 1464
2213888 400
2213889 401
2213892 877
2213893 878
2213897 1233
2213900 1300
2213901 1301
2213904 1371
2213905 1372
2213908 1418
2213909 1419
2213912 1446
2213913 1447
2213917 1462
2213921 1465
2213952 401
2213953 403
2213954 404
2213956 878
2213957 880
2213958 881
2213961 1234
2213962 1235
2213964 1301
2213965 1303
2213966 1304
2213968 1372
2213969 1374
2213970 1375
2213972 1419
2213973 1421
2213974 1422
2213976 1447
2213977 1449
2213978 1450
2213981 1463
2213982 1464
2213984 1465
2213986 1466
2217856 402
2217857 402
2217859 437
2217860 879
2217861 879
2217863 914
2217865 1232
2217867 1236
2217868 1302
2217869 1302
2217871 1329
2217872 1373
2217873 1373
2217875 1393
2217876 1420
2217877 1420
2217879 1434
2217880 1448
2217881 1448
2217883 1457
2217884 1461
2217887 1467
2217888 1464
2217889 1464
2217891 1468
2217984 401
2217985 403
2217986 404
2217988 878
2217989 880
2217990 881
2217993 1234
2217994 1235
2217996 1301
2217997 1303
2217998 1304
2218000 1372
2218001 1374
2218002 1375
2218004 1419
2218005 1421
2218006 1422
2218008 1447
2218009 1449
2218010 1450
2218012 1462
2218014 1464
2218017 1469
2218018 1466
2218048 403
2218049 401
2218050 404
2218052 880
2218053 878
2218054 881
2218057 1233
2218058 1235
2218060 1303
2218061 1301
2218062 1304
2218064 1374
2218065 1372
2218066 1375
2218068 1421
2218069 1419
2218070 1422
2218072 1449
2218073 1447
2218074 1450
2218076 1463
2218078 1464
2218080 1469
2218082 1466
2218112 404
2218113 404
2218114 404
2218115 438
2218116 881
2218117 881
2218118 881
2218119 915
2218121 1235
2218122 1235
2218123 1237
2218124 1304
2218125 1304
2218126 1304
2218127 1330
2218128 1375
2218129 1375
2218130 1375
2218131 1394
2218132 1422
2218133 1422
2218134 1422
2218135 1435
2218136 1450
2218137 1450
2218138 1450
2218139 1458
2218140 1464
2218142 1464
2218143 1468
2218144 1466
2218145 1466
2218147 1470
2230336 405
2230337 439
2230338 406
2230340 882
2230341 916
2230342 883
2230345 1238
2230346 1239
2230348 1305
2230349 1331
2230350 1306
2230352 1376
2230353 1395
2230354 1377
2230356 1423
2230357 1436
2230358 1424
2230360 1451
2230361 1459
2230362 1452
2230364 1465
2230365 1469
2230366 1466
2230370 1471
2234496 406
2234497 406
2234499 440
2234500 883
2234501 883
2234503 917
2234505 1239
2234507 1240
2234508 1306
2234509 1306
2234511 1332
2234512 1377
2234513 1377
2234515 1396
2234516 1424
2234517 1424
2234519 1437
2234520 1452
2234521 1452
2234523 1460
2234524 1466
2234525 1466
2234527 1470
2234528 1471
2234531 1472
3199872 441
3199875 507
3199876 918
3199879 984
3199880 1241
3199883 1307
3199887 1473
3199888 1474
3199891 1475
3199892 1476
3199895 1477
3199896 1478
3199899 1479
3199900 1480
3199903 1481
3199904 1482
3199907 1483
3200000 442
3200001 443
3200002 444
3200004 919
3200005 920
3200006 921
3200008 1242
3200009 1243
3200010 1244
3200014 1474
3200017 1484
3200018 1485
3200020 1486
3200021 1487
3200022 1488
3200024 1489
3200025 1490
3200026 1491
3200028 1492
3200029 1493
3200030 1494
3200032 1495
3200033 1496
3200034 1497
3200128 444
3200130 444
3200131 508
3200132 921
3200134 921
3200135 985
3200136 1244
3200138 1244
3200139 1308
3200142 1474
3200143 1475
3200144 1485
3200147 1498
3200148 1488
3200150 1488
3200151 1499
3200152 1491
3200154 1491
3200155 1500
3200156 1494
3200158 1494
3200159 1501
3200160 1497
3200162 1497
3200163 1502
3200256 445
3200257 446
3200258 447
3200260 922
3200261 923
3200262 924
3200264 1245
3200265 1246
3200266 1247
3200270 1476
3200272 1486
3200273 1487
3200274 1488
3200277 1503
3200278 1504
3200280 1505
3200281 1506
3200282 1507
3200284 1508
3200285 1509
3200286 1510
3200288 1511
3200289 1512
3200290 1513
3200384 447
3200386 447
3200387 509
3200388 924
3200390 924
3200391 986
3200392 1247
3200394 1247
3200395 1309
3200398 1476
3200399 1477
3200400 1488
3200402 1488
3200403 1499
3200404 1504
3200407 1514
3200408 1507
3200410 1507
3200411 1515
3200412 1510
3200414 1510
3200415 1516
3200416 1513
3200418 1513
3200419 1517
3200512 448
3200513 449
3200514 450
3200516 925
3200517 926
3200518 927
3200520 1248
3200521 1249
3200522 1250
3200526 1478
3200528 1489
3200529 1490
3200530 1491
3200532 1505
3200533 1506
3200534 1507
3200537 1518
3200538 1519
3200540 1520
3200541 1521
3200542 1522
3200544 1523
3200545 1524
3200546 1525
3200640 450
3200642 450
3200643 510
3200644 927
3200646 927
3200647 987
3200648 1250
3200650 1250
3200651 1310
3200654 1478
3200655 1479
3200656 1491
3200658 1491
3200659 1500
3200660 1507
3200662 1507
3200663 1515
3200664 1519
3200667 1526
3200668 1522
3200670 1522
3200671 1527
3200672 1525
3200674 1525
3200675 1528
3200768 451
3200769 452
3200770 453
3200772 928
3200773 929
3200774 930
3200776 1251
3200777 1252
3200778 1253
3200782 1480
3200784 1492
3200785 1493
3200786 1494
3200788 1508
3200789 1509
3200790 1510
3200792 1520
3200793 1521
3200794 1522
3200797 1529
3200798 1530
3200800 1531
3200801 1532
3200802 1533
3200896 453
3200898 453
3200899 511
3200900 930
3200902 930
3200903 988
3200904 1253
3200906 1253
3200907 1311
3200910 1480
3200911 1481
3200912 1494
3200914 1494
3200915 1501
3200916 1510
3200918 1510
3200919 1516
3200920 1522
3200922 1522
3200923 1527
3200924 1530
3200927 1534
3200928 1533
3200930 1533
3200931 1535
3201024 454
3201025 455
3201026 456
3201028 931
3201029 932
3201030 933
3201032 1254
3201033 1255
3201034 1256
3201038 1482
3201040 1495
3201041 1496
3201042 1497
3201044 1511
3201045 1512
3201046 1513
3201048 1523
3201049 1524
3201050 1525
3201052 1531
3201053 1532
3201054 1533
3201057 1536
3201058 1537
3201152 456
3201154 456
3201155 512
3201156 933
3201158 933
3201159 989
3201160 1256
3201162 1256
3201163 1312
3201166 1482
3201167 1483
3201168 1497
3201170 1497
3201171 1502
3201172 1513
3201174 1513
3201175 1517
3201176 1525
3201178 1525
3201179 1528
3201180 1533
3201182 1533
3201183 1535
3201184 1537
3201187 1538
3212352 457
3212353 513
3212354 466
3212356 934
3212357 990
3212358 943
3212360 1257
3212361 1313
3212362 1266
3212365 1484
3212366 1485
3212370 1539
3212372 1540
3212373 1541
3212374 1542
3212376 1543
3212377 1544
3212378 1545
3212380 1546
3212381 1547
3212382 1548
3212384 1549
3212385 1550
3212386 1551
3212544 458
3212545 459
3212548 935
3212549 936
3212552 1258
3212553 1259
3212557 1486
3212561 1540
3212565 1552
3212568 1553
3212569 1554
3212572 1555
3212573 1556
3212576 1557
3212577 1558
3212608 459
3212609 467
3212610 468
3212612 936
3212613 944
3212614 945
3212616 1259
3212617 1267
3212618 1268
3212621 1487
3212622 1488
3212625 1541
3212626 1542
3212628 1552
3212630 1559
3212632 1554
3212633 1560
3212634 1561
3212636 1556
3212637 1562
3212638 1563
3212640 1558
3212641 1564
3212642 1565
3212800 460
3212801 461
3212804 937
3212805 938
3212808 1260
3212809 1261
3212813 1489
3212817 1543
3212820 1553
3212821 1554
3212825 1566
3212828 1567
3212829 1568
3212832 1569
3212833 1570
3212864 461
3212865 469
3212866 470
3212868 938
3212869 946
3212870 947
3212872 1261
3212873 1269
3212874 1270
3212877 1490
3212878 1491
3212881 1544
3212882 1545
3212884 1554
3212885 1560
3212886 1561
3212888 1566
3212890 1571
3212892 1568
3212893 1572
3212894 1573
3212896 1570
3212897 1574
3212898 1575
3213056 462
3213057 463
3213060 939
3213061 940
3213064 1262
3213065 1263
3213069 1492
3213073 1546
3213076 1555
3213077 1556
3213080 1567
3213081 1568
3213085 1576
3213088 1577
3213089 1578
3213120 463
3213121 471
3213122 472
3213124 940
3213125 948
3213126 949
3213128 1263
3213129 1271
3213130 1272
3213133 1493
3213134 1494
3213137 1547
3213138 1548
3213140 1556
3213141 1562
3213142 1563
3213144 1568
3213145 1572
3213146 1573
3213148 1576
3213150 1579
3213152 1578
3213153 1580
3213154 1581
3213312 464
3213313 465
3213316 941
3213317 942
3213320 1264
3213321 1265
3213325 1495
3213329 1549
3213332 1557
3213333 1558
3213336 1569
3213337 1570
3213340 1577
3213341 1578
3213345 1582
3213376 465
3213377 473
3213378 474
3213380 942
3213381 950
3213382 951
3213384 1265
3213385 1273
3213386 1274
3213389 1496
3213390 1497
3213393 1550
3213394 1551
3213396 1558
3213397 1564
3213398 1565
3213400 1570
3213401 1574
3213402 1575
3213404 1578
3213405 1580
3213406 1581
3213408 1582
3213410 1583
3216512 466
3216513 466
3216515 514
3216516 943
3216517 943
3216519 991
3216520 1266
3216521 1266
3216523 1314
3216525 1485
3216527 1498
3216528 1539
3216531 1584
3216532 1542
3216533 1542
3216535 1585
3216536 1545
3216537 1545
3216539 1586
3216540 1548
3216541 1548
3216543 1587
3216544 1551
3216545 1551
3216547 1588
3216640 459
3216641 467
3216642 468
3216644 936
3216645 944
3216646 945
3216648 1259
3216649 1267
3216650 1268
3216653 1487
3216654 1488
3216656 1540
3216658 1542
3216661 1589
3216662 1559
3216664 1554
3216665 1560
3216666 1561
3216668 1556
3216669 1562
3216670 1563
3216672 1558
3216673 1564
3216674 1565
3216704 467
3216705 459
3216706 468
3216708 944
3216709 936
3216710 945
3216712 1267
3216713 1259
3216714 1268
3216717 1486
3216718 1488
3216720 1541
3216722 1542
3216724 1589
3216726 1559
3216728 1560
3216729 1554
3216730 1561
3216732 1562
3216733 1556
3216734 1563
3216736 1564
3216737 1558
3216738 1565
3216768 468
3216769 468
3216770 468
3216771 515
3216772 945
3216773 945
3216774 945
3216775 992
3216776 1268
3216777 1268
3216778 1268
3216779 1315
3216781 1488
3216782 1488
3216783 1499
3216784 1542
3216786 1542
3216787 1585
3216788 1559
3216789 1559
3216791 1590
3216792 1561
3216793 1561
3216794 1561
3216795 1591
3216796 1563
3216797 1563
3216798 1563
3216799 1592
3216800 1565
3216801 1565
3216802 1565
3216803 1593
3216896 461
3216897 469
3216898 470
3216900 938
3216901 946
3216902 947
3216904 1261
3216905 1269
3216906 1270
3216909 1490
3216910 1491
3216912 1543
3216914 1545
3216916 1554
3216917 1560
3216918 1561
3216921 1594
3216922 1571
3216924 1568
3216925 1572
3216926 1573
3216928 1570
3216929 1574
3216930 1575
3216960 469
3216961 461
3216962 470
3216964 946
3216965 938
3216966 947
3216968 1269
3216969 1261
3216970 1270
3216973 1489
3216974 1491
3216976 1544
3216978 1545
3216980 1560
3216981 1554
3216982 1561
3216984 1594
3216986 1571
3216988 1572
3216989 1568
3216990 1573
3216992 1574
3216993 1570
3216994 1575
3217024 470
3217025 470
3217026 470
3217027 516
3217028 947
3217029 947
3217030 947
3217031 993
3217032 1270
3217033 1270
3217034 1270
3217035 1316
3217037 1491
3217038 1491
3217039 1500
3217040 1545
3217042 1545
3217043 1586
3217044 1561
3217045 1561
3217046 1561
3217047 1591
3217048 1571
3217049 1571
3217051 1595
3217052 1573
3217053 1573
3217054 1573
3217055 1596
3217056 1575
3217057 1575
3217058 1575
3217059 1597
3217152 463
3217153 471
3217154 472
3217156 940
3217157 948
3217158 949
3217160 1263
3217161 1271
3217162 1272
3217165 1493
3217166 1494
3217168 1546
3217170 1548
3217172 1556
3217173 1562
3217174 1563
3217176 1568
3217177 1572
3217178 1573
3217181 1598
3217182 1579
3217184 1578
3217185 1580
3217186 1581
3217216 471
3217217 463
3217218 472
3217220 948
3217221 940
3217222 949
3217224 1271
3217225 1263
3217226 1272
3217229 1492
3217230 1494
3217232 1547
3217234 1548
3217236 1562
3217237 1556
3217238 1563
3217240 1572
3217241 1568
3217242 1573
3217244 1598
3217246 1579
3217248 1580
3217249 1578
3217250 1581
3217280 472
3217281 472
3217282 472
3217283 517
3217284 949
3217285 949
3217286 949
3217287 994
3217288 1272
3217289 1272
3217290 1272
3217291 1317
3217293 1494
3217294 1494
3217295 1501
3217296 1548
3217298 1548
3217299 1587
3217300 1563
3217301 1563
3217302 1563
3217303 1592
3217304 1573
3217305 1573
3217306 1573
3217307 1596
3217308 1579
3217309 1579
3217311 1599
3217312 1581
3217313 1581
3217314 1581
3217315 1600
3217408 465
3217409 473
3217410 474
3217412 942
3217413 950
3217414 951
3217416 1265
3217417 1273
3217418 1274
3217421 1496
3217422 1497
3217424 1549
3217426 1551
3217428 1558
3217429 1564
3217430 1565
3217432 1570
3217433 1574
3217434 1575
3217436 1578
3217437 1580
3217438 1581
3217441 1601
3217442 1583
3217472 473
3217473 465
3217474 474
3217476 950
3217477 942
3217478 951
3217480 1273
3217481 1265
3217482 1274
3217485 1495
3217486 1497
3217488 1550
3217490 1551
3217492 1564
3217493 1558
3217494 1565
3217496 1574
3217497 1570
3217498 1575
3217500 1580
3217501 1578
3217502 1581
3217504 1601
3217506 1583
3217536 474
3217537 474
3217538 474
3217539 518
3217540 951
3217541 951
3217542 951
3217543 995
3217544 1274
3217545 1274
3217546 1274
3217547 1318
3217549 1497
3217550 1497
3217551 1502
3217552 1551
3217554 1551
3217555 1588
3217556 1565
3217557 1565
3217558 1565
3217559 1593
3217560 1575
3217561 1575
3217562 1575
3217563 1597
3217564 1581
3217565 1581
3217566 1581
3217567 1600
3217568 1583
3217569 1583
3217571 1602
3228992 475
3228993 519
3228994 482
3228996 952
3228997 996
3228998 959
3229000 1275
3229001 1319
3229002 1282
3229005 1503
3229006 1504
3229008 1552
3229009 1589
3229010 1559
3229014 1603
3229016 1604
3229017 1605
3229018 1606
3229020 1607
3229021 1608
3229022 1609
3229024 1610
3229025 1611
3229026 1612
3229184 476
3229185 477
3229188 953
3229189 954
3229192 1276
3229193 1277
3229197 1505
3229200 1553
3229201 1554
3229205 1604
3229209 1613
3229212 1614
3229213 1615
3229216 1616
3229217 1617
3229248 477
3229249 483
3229250 484
3229252 954
3229253 960
3229254 961
3229256 1277
3229257 1283
3229258 1284
3229261 1506
3229262 1507
3229264 1554
3229265 1560
3229266 1561
3229269 1605
3229270 1606
3229272 1613
3229274 1618
3229276 1615
3229277 1619
3229278 1620
3229280 1617
3229281 1621
3229282 1622
3229440 478
3229441 479
3229444 955
3229445 956
3229448 1278
3229449 1279
3229453 1508
3229456 1555
3229457 1556
3229461 1607
3229464 1614
3229465 1615
3229469 1623
3229472 1624
3229473 1625
3229504 479
3229505 485
3229506 486
3229508 956
3229509 962
3229510 963
3229512 1279
3229513 1285
3229514 1286
3229517 1509
3229518 1510
3229520 1556
3229521 1562
3229522 1563
3229525 1608
3229526 1609
3229528 1615
3229529 1619
3229530 1620
3229532 1623
3229534 1626
3229536 1625
3229537 1627
3229538 1628
3229696 480
3229697 481
3229700 957
3229701 958
3229704 1280
3229705 1281
3229709 1511
3229712 1557
3229713 1558
3229717 1610
3229720 1616
3229721 1617
3229724 1624
3229725 1625
3229729 1629
3229760 481
3229761 487
3229762 488
3229764 958
3229765 964
3229766 965
3229768 1281
3229769 1287
3229770 1288
3229773 1512
3229774 1513
3229776 1558
3229777 1564
3229778 1565
3229781 1611
3229782 1612
3229784 1617
3229785 1621
3229786 1622
3229788 1625
3229789 1627
3229790 1628
3229792 1629
3229794 1630
3233152 482
3233153 482
3233155 520
3233156 959
3233157 959
3233159 997
3233160 1282
3233161 1282
3233163 1320
3233165 1504
3233167 1514
3233168 1559
3233169 1559
3233171 1590
3233172 1603
3233175 1631
3233176 1606
3233177 1606
3233179 1632
3233180 1609
3233181 1609
3233183 1633
3233184 1612
3233185 1612
3233187 1634
3233280 477
3233281 483
3233282 484
3233284 954
3233285 960
3233286 961
3233288 1277
3233289 1283
3233290 1284
3233293 1506
3233294 1507
3233296 1554
3233297 1560
3233298 1561
3233300 1604
3233302 1606
3233305 1635
3233306 1618
3233308 1615
3233309 1619
3233310 1620
3233312 1617
3233313 1621
3233314 1622
3233344 483
3233345 477
3233346 484
3233348 960
3233349 954
3233350 961
3233352 1283
3233353 1277
3233354 1284
3233357 1505
3233358 1507
3233360 1560
3233361 1554
3233362 1561
3233364 1605
3233366 1606
3233368 1635
3233370 1618
3233372 1619
3233373 1615
3233374 1620
3233376 1621
3233377 1617
3233378 1622
3233408 484
3233409 484
3233410 484
3233411 521
3233412 961
3233413 961
3233414 961
3233415 998
3233416 1284
3233417 1284
3233418 1284
3233419 1321
3233421 1507
3233422 1507
3233423 1515
3233424 1561
3233425 1561
3233426 1561
3233427 1591
3233428 1606
3233430 1606
3233431 1632
3233432 1618
3233433 1618
3233435 1636
3233436 1620
3233437 1620
3233438 1620
3233439 1637
3233440 1622
3233441 1622
3233442 1622
3233443 1638
3233536 479
3233537 485
3233538 486
3233540 956
3233541 962
3233542 963
3233544 1279
3233545 1285
3233546 1286
3233549 1509
3233550 1510
3233552 1556
3233553 1562
3233554 1563
3233556 1607
3233558 1609
3233560 1615
3233561 1619
3233562 1620
3233565 1639
3233566 1626
3233568 1625
3233569 1627
3233570 1628
3233600 485
3233601 479
3233602 486
3233604 962
3233605 956
3233606 963
3233608 1285
3233609 1279
3233610 1286
3233613 1508
3233614 1510
3233616 1562
3233617 1556
3233618 1563
3233620 1608
3233622 1609
3233624 1619
3233625 1615
3233626 1620
3233628 1639
3233630 1626
3233632 1627
3233633 1625
3233634 1628
3233664 486
3233665 486
3233666 486
3233667 522
3233668 963
3233669 963
3233670 963
3233671 999
3233672 1286
3233673 1286
3233674 1286
3233675 1322
3233677 1510
3233678 1510
3233679 1516
3233680 1563
3233681 1563
3233682 1563
3233683 1592
3233684 1609
3233686 1609
3233687 1633
3233688 1620
3233689 1620
3233690 1620
3233691 1637
3233692 1626
3233693 1626
3233695 1640
3233696 1628
3233697 1628
3233698 1628
3233699 1641
3233792 481
3233793 487
3233794 488
3233796 958
3233797 964
3233798 965
3233800 1281
3233801 1287
3233802 1288
3233805 1512
3233806 1513
3233808 1558
3233809 1564
3233810 1565
3233812 1610
3233814 1612
3233816 1617
3233817 1621
3233818 1622
3233820 1625
3233821 1627
3233822 1628
3233825 1642
3233826 1630
3233856 487
3233857 481
3233858 488
3233860 964
3233861 958
3233862 965
3233864 1287
3233865 1281
3233866 1288
3233869 1511
3233870 1513
3233872 1564
3233873 1558
3233874 1565
3233876 1611
3233878 1612
3233880 1621
3233881 1617
3233882 1622
3233884 1627
3233885 1625
3233886 1628
3233888 1642
3233890 1630
3233920 488
3233921 488
3233922 488
3233923 523
3233924 965
3233925 965
3233926 965
3233927 1000
3233928 1288
3233929 1288
3233930 1288
3233931 1323
3233933 1513
3233934 1513
3233935 1517
3233936 1565
3233937 1565
3233938 1565
3233939 1593
3233940 1612
3233942 1612
3233943 1634
3233944 1622
3233945 1622
3233946 1622
3233947 1638
3233948 1628
3233949 1628
3233950 1628
3233951 1641
3233952 1630
3233953 1630
3233955 1643
3245632 489
3245633 524
3245634 494
3245636 966
3245637 1001
3245638 971
3245640 1289
3245641 1324
3245642 1294
3245645 1518
3245646 1519
3245648 1566
3245649 1594
3245650 1571
3245652 1613
3245653 1635
3245654 1618
3245658 1644
3245660 1645
3245661 1646
3245662 1647
3245664 1648
3245665 1649
3245666 1650
3245824 490
3245825 491
3245828 967
3245829 968
3245832 1290
3245833 1291
3245837 1520
3245840 1567
3245841 1568
3245844 1614
3245845 1615
3245849 1645
3245853 1651
3245856 1652
3245857 1653
3245888 491
3245889 495
3245890 496
3245892 968
3245893 972
3245894 973
3245896 1291
3245897 1295
3245898 1296
3245901 1521
3245902 1522
3245904 1568
3245905 1572
3245906 1573
3245908 1615
3245909 1619
3245910 1620
3245913 1646
3245914 1647
3245916 1651
3245918 1654
3245920 1653
3245921 1655
3245922 1656
3246080 492
3246081 493
3246084 969
3246085 970
3246088 1292
3246089 1293
3246093 1523
3246096 1569
3246097 1570
3246100 1616
3246101 1617
3246105 1648
3246108 1652
3246109 1653
3246113 1657
3246144 493
3246145 497
3246146 498
3246148 970
3246149 974
3246150 975
3246152 1293
3246153 1297
3246154 1298
3246157 1524
3246158 1525
3246160 1570
3246161 1574
3246162 1575
3246164 1617
3246165 1621
3246166 1622
3246169 1649
3246170 1650
3246172 1653
3246173 1655
3246174 1656
3246176 1657
3246178 1658
3249792 494
3249793 494
3249795 525
3249796 971
3249797 971
3249799 1002
3249800 1294
3249801 1294
3249803 1325
3249805 1519
3249807 1526
3249808 1571
3249809 1571
3249811 1595
3249812 1618
3249813 1618
3249815 1636
3249816 1644
3249819 1659
3249820 1647
3249821 1647
3249823 1660
3249824 1650
3249825 1650
3249827 1661
3249920 491
3249921 495
3249922 496
3249924 968
3249925 972
3249926 973
3249928 1291
3249929 1295
3249930 1296
3249933 1521
3249934 1522
3249936 1568
3249937 1572
3249938 1573
3249940 1615
3249941 1619
3249942 1620
3249944 1645
3249946 1647
3249949 1662
3249950 1654
3249952 1653
3249953 1655
3249954 1656
3249984 495
3249985 491
3249986 496
3249988 972
3249989 968
3249990 973
3249992 1295
3249993 1291
3249994 1296
3249997 1520
3249998 1522
3250000 1572
3250001 1568
3250002 1573
3250004 1619
3250005 1615
3250006 1620
3250008 1646
3250010 1647
3250012 1662
3250014 1654
3250016 1655
3250017 1653
3250018 1656
3250048 496
3250049 496
3250050 496
3250051 526
3250052 973
3250053 973
3250054 973
3250055 1003
3250056 1296
3250057 1296
3250058 1296
3250059 1326
3250061 1522
3250062 1522
3250063 1527
3250064 1573
3250065 1573
3250066 1573
3250067 1596
3250068 1620
3250069 1620
3250070 1620
3250071 1637
3250072 1647
3250074 1647
3250075 1660
3250076 1654
3250077 1654
3250079 1663
3250080 1656
3250081 1656
3250082 1656
3250083 1664
3250176 493
3250177 497
3250178 498
3250180 970
3250181 974
3250182 975
3250184 1293
3250185 1297
3250186 1298
3250189 1524
3250190 1525
3250192 1570
3250193 1574
3250194 1575
3250196 1617
3250197 1621
3250198 1622
3250200 1648
3250202 1650
3250204 1653
3250205 1655
3250206 1656
3250209 1665
3250210 1658
3250240 497
3250241 493
3250242 498
3250244 974
3250245 970
3250246 975
3250248 1297
3250249 1293
3250250 1298
3250253 1523
3250254 1525
3250256 1574
3250257 1570
3250258 1575
3250260 1621
3250261 1617
3250262 1622
3250264 1649
3250266 1650
3250268 1655
3250269 1653
3250270 1656
3250272 1665
3250274 1658
3250304 498
3250305 498
3250306 498
3250307 527
3250308 975
3250309 975
3250310 975
3250311 1004
3250312 1298
3250313 1298
3250314 1298
3250315 1327
3250317 1525
3250318 1525
3250319 1528
3250320 1575
3250321 1575
3250322 1575
3250323 1597
3250324 1622
3250325 1622
3250326 1622
3250327 1638
3250328 1650
3250330 1650
3250331 1661
3250332 1656
3250333 1656
3250334 1656
3250335 1664
3250336 1658
3250337 1658
3250339 1666
3262272 499
3262273 528
3262274 502
3262276 976
3262277 1005
3262278 979
3262280 1299
3262281 1328
3262282 1302
3262285 1529
3262286 1530
3262288 1576
3262289 1598
3262290 1579
3262292 1623
3262293 1639
3262294 1626
3262296 1651
3262297 1662
3262298 1654
3262302 1667
3262304 1668
3262305 1669
3262306 1670
3262464 500
3262465 501
3262468 977
3262469 978
3262472 1300
3262473 1301
3262477 1531
3262480 1577
3262481 1578
3262484 1624
3262485 1625
3262488 1652
3262489 1653
3262493 1668
3262497 1671
3262528 501
3262529 503
3262530 504
3262532 978
3262533 980
3262534 981
3262536 1301
3262537 1303
3262538 1304
3262541 1532
3262542 1533
3262544 1578
3262545 1580
3262546 1581
3262548 1625
3262549 1627
3262550 1628
3262552 1653
3262553 1655
3262554 1656
3262557 1669
3262558 1670
3262560 1671
3262562 1672
3266432 502
3266433 502
3266435 529
3266436 979
3266437 979
3266439 1006
3266440 1302
3266441 1302
3266443 1329
3266445 1530
3266447 1534
3266448 1579
3266449 1579
3266451 1599
3266452 1626
3266453 1626
3266455 1640
3266456 1654
3266457 1654
3266459 1663
3266460 1667
3266463 1673
3266464 1670
3266465 1670
3266467 1674
3266560 501
3266561 503
3266562 504
3266564 978
3266565 980
3266566 981
3266568 1301
3266569 1303
3266570 1304
3266573 1532
3266574 1533
3266576 1578
3266577 1580
3266578 1581
3266580 1625
3266581 1627
3266582 1628
3266584 1653
3266585 1655
3266586 1656
3266588 1668
3266590 1670
3266593 1675
3266594 1672
3266624 503
3266625 501
3266626 504
3266628 980
3266629 978
3266630 981
3266632 1303
3266633 1301
3266634 1304
3266637 1531
3266638 1533
3266640 1580
3266641 1578
3266642 1581
3266644 1627
3266645 1625
3266646 1628
3266648 1655
3266649 1653
3266650 1656
3266652 1669
3266654 1670
3266656 1675
3266658 1672
3266688 504
3266689 504
3266690 504
3266691 530
3266692 981
3266693 981
3266694 981
3266695 1007
3266696 1304
3266697 1304
3266698 1304
3266699 1330
3266701 1533
3266702 1533
3266703 1535
3266704 1581
3266705 1581
3266706 1581
3266707 1600
3266708 1628
3266709 1628
3266710 1628
3266711 1641
3266712 1656
3266713 1656
3266714 1656
3266715 1664
3266716 1670
3266718 1670
3266719 1674
3266720 1672
3266721 1672
3266723 1676
3278912 505
3278913 531
3278914 506
3278916 982
3278917 1008
3278918 983
3278920 1305
3278921 1331
3278922 1306
3278925 1536
3278926 1537
3278928 1582
3278929 1601
3278930 1583
3278932 1629
3278933 1642
3278934 1630
3278936 1657
3278937 1665
3278938 1658
3278940 1671
3278941 1675
3278942 1672
3278946 1677
3283072 506
3283073 506
3283075 532
3283076 983
3283077 983
3283079 1009
3283080 1306
3283081 1306
3283083 1332
3283085 1537
3283087 1538
3283088 1583
3283089 1583
3283091 1602
3283092 1630
3283093 1630
3283095 1643
3283096 1658
3283097 1658
3283099 1666
3283100 1672
3283101 1672
3283103 1676
3283104 1677
3283107 1678
4265088 533
4265091 578
4265092 1010
4265095 1055
4265096 1333
4265099 1378
4265100 1539
4265103 1584
4265107 1679
4265108 1680
4265111 1681
4265112 1682
4265115 1683
4265116 1684
4265119 1685
4265120 1686
4265123 1687
4265216 534
4265217 535
4265218 536
4265220 1011
4265221 1012
4265222 1013
4265224 1334
4265225 1335
4265226 1336
4265228 1540
4265229 1541
4265230 1542
4265234 1680
4265237 1688
4265238 1689
4265240 1690
4265241 1691
4265242 1692
4265244 1693
4265245 1694
4265246 1695
4265248 1696
4265249 1697
4265250 1698
4265344 536
4265346 536
4265347 579
4265348 1013
4265350 1013
4265351 1056
4265352 1336
4265354 1336
4265355 1379
4265356 1542
4265358 1542
4265359 1585
4265362 1680
4265363 1681
4265364 1689
4265367 1699
4265368 1692
4265370 1692
4265371 1700
4265372 1695
4265374 1695
4265375 1701
4265376 1698
4265378 1698
4265379 1702
4265472 537
4265473 538
4265474 539
4265476 1014
4265477 1015
4265478 1016
4265480 1337
4265481 1338
4265482 1339
4265484 1543
4265485 1544
4265486 1545
4265490 1682
4265492 1690
4265493 1691
4265494 1692
4265497 1703
4265498 1704
4265500 1705
4265501 1706
4265502 1707
4265504 1708
4265505 1709
4265506 1710
4265600 539
4265602 539
4265603 580
4265604 1016
4265606 1016
4265607 1057
4265608 1339
4265610 1339
4265611 1380
4265612 1545
4265614 1545
4265615 1586
4265618 1682
4265619 1683
4265620 1692
4265622 1692
4265623 1700
4265624 1704
4265627 1711
4265628 1707
4265630 1707
4265631 1712
4265632 1710
4265634 1710
4265635 1713
4265728 540
4265729 541
4265730 542
4265732 1017
4265733 1018
4265734 1019
4265736 1340
4265737 1341
4265738 1342
4265740 1546
4265741 1547
4265742 1548
4265746 1684
4265748 1693
4265749 1694
4265750 1695
4265752 1705
4265753 1706
4265754 1707
4265757 1714
4265758 1715
4265760 1716
4265761 1717
4265762 1718
4265856 542
4265858 542
4265859 581
4265860 1019
4265862 1019
4265863 1058
4265864 1342
4265866 1342
4265867 1381
4265868 1548
4265870 1548
4265871 1587
4265874 1684
4265875 1685
4265876 1695
4265878 1695
4265879 1701
4265880 1707
4265882 1707
4265883 1712
4265884 1715
4265887 1719
4265888 1718
4265890 1718
4265891 1720
4265984 543
4265985 544
4265986 545
4265988 1020
4265989 1021
4265990 1022
4265992 1343
4265993 1344
4265994 1345
4265996 1549
4265997 1550
4265998 1551
4266002 1686
4266004 1696
4266005 1697
4266006 1698
4266008 1708
4266009 1709
4266010 1710
4266012 1716
4266013 1717
4266014 1718
4266017 1721
4266018 1722
4266112 545
4266114 545
4266115 582
4266116 1022
4266118 1022
4266119 1059
4266120 1345
4266122 1345
4266123 1382
4266124 1551
4266126 1551
4266127 1588
4266130 1686
4266131 1687
4266132 1698
4266134 1698
4266135 1702
4266136 1710
4266138 1710
4266139 1713
4266140 1718
4266142 1718
4266143 1720
4266144 1722
4266147 1723
4277568 546
4277569 583
4277570 553
4277572 1023
4277573 1060
4277574 1030
4277576 1346
4277577 1383
4277578 1353
4277580 1552
4277581 1589
4277582 1559
4277585 1688
4277586 1689
4277590 1724
4277592 1725
4277593 1726
4277594 1727
4277596 1728
4277597 1729
4277598 1730
4277600 1731
4277601 1732
4277602 1733
4277760 547
4277761 548
4277764 1024
4277765 1025
4277768 1347
4277769 1348
4277772 1553
4277773 1554
4277777 1690
4277781 1725
4277785 1734
4277788 1735
4277789 1736
4277792 1737
4277793 1738
4277824 548
4277825 554
4277826 555
4277828 1025
4277829 1031
4277830 1032
4277832 1348
4277833 1354
4277834 1355
4277836 1554
4277837 1560
4277838 1561
4277841 1691
4277842 1692
4277845 1726
4277846 1727
4277848 1734
4277850 1739
4277852 1736
4277853 1740
4277854 1741
4277856 1738
4277857 1742
4277858 1743
4278016 549
4278017 550
4278020 1026
4278021 1027
4278024 1349
4278025 1350
4278028 1555
4278029 1556
4278033 1693
4278037 1728
4278040 1735
4278041 1736
4278045 1744
4278048 1745
4278049 1746
4278080 550
4278081 556
4278082 557
4278084 1027
4278085 1033
4278086 1034
4278088 1350
4278089 1356
4278090 1357
4278092 1556
4278093 1562
4278094 1563
4278097 1694
4278098 1695
4278101 1729
4278102 1730
4278104 1736
4278105 1740
4278106 1741
4278108 1744
4278110 1747
4278112 1746
4278113 1748
4278114 1749
4278272 551
4278273 552
4278276 1028
4278277 1029
4278280 1351
4278281 1352
4278284 1557
4278285 1558
4278289 1696
4278293 1731
4278296 1737
4278297 1738
4278300 1745
4278301 1746
4278305 1750
4278336 552
4278337 558
4278338 559
4278340 1029
4278341 1035
4278342 1036
4278344 1352
4278345 1358
4278346 1359
4278348 1558
4278349 1564
4278350 1565
4278353 1697
4278354 1698
4278357 1732
4278358 1733
4278360 1738
4278361 1742
4278362 1743
4278364 1746
4278365 1748
4278366 1749
4278368 1750
4278370 1751
4281728 553
4281729 553
4281731 584
4281732 1030
4281733 1030
4281735 1061
4281736 1353
4281737 1353
4281739 1384
4281740 1559
4281741 1559
4281743 1590
4281745 1689
4281747 1699
4281748 1724
4281751 1752
4281752 1727
4281753 1727
4281755 1753
4281756 1730
4281757 1730
4281759 1754
4281760 1733
4281761 1733
4281763 1755
4281856 548
4281857 554
4281858 555
4281860 1025
4281861 1031
4281862 1032
4281864 1348
4281865 1354
4281866 1355
4281868 1554
4281869 1560
4281870 1561
4281873 1691
4281874 1692
4281876 1725
4281878 1727
4281881 1756
4281882 1739
4281884 1736
4281885 1740
4281886 1741
4281888 1738
4281889 1742
4281890 1743
4281920 554
4281921 548
4281922 555
4281924 1031
4281925 1025
4281926 1032
4281928 1354
4281929 1348
4281930 1355
4281932 1560
4281933 1554
4281934 1561
4281937 1690
4281938 1692
4281940 1726
4281942 1727
4281944 1756
4281946 1739
4281948 1740
4281949 1736
4281950 1741
4281952 1742
4281953 1738
4281954 1743
4281984 555
4281985 555
4281986 555
4281987 585
4281988 1032
4281989 1032
4281990 1032
4281991 1062
4281992 1355
4281993 1355
4281994 1355
4281995 1385
4281996 1561
4281997 1561
4281998 1561
4281999 1591
4282001 1692
4282002 1692
4282003 1700
4282004 1727
4282006 1727
4282007 1753
4282008 1739
4282009 1739
4282011 1757
4282012 1741
4282013 1741
4282014 1741
4282015 1758
4282016 1743
4282017 1743
4282018 1743
4282019 1759
4282112 550
4282113 556
4282114 557
4282116 1027
4282117 1033
4282118 1034
4282120 1350
4282121 1356
4282122 1357
4282124 1556
4282125 1562
4282126 1563
4282129 1694
4282130 1695
4282132 1728
4282134 1730
4282136 1736
4282137 1740
4282138 1741
4282141 1760
4282142 1747
4282144 1746
4282145 1748
4282146 1749
4282176 556
4282177 550
4282178 557
4282180 1033
4282181 1027
4282182 1034
4282184 1356
4282185 1350
4282186 1357
4282188 1562
4282189 1556
4282190 1563
4282193 1693
4282194 1695
4282196 1729
4282198 1730
4282200 1740
4282201 1736
4282202 1741
4282204 1760
4282206 1747
4282208 1748
4282209 1746
4282210 1749
4282240 557
4282241 557
4282242 557
4282243 586
4282244 1034
4282245 1034
4282246 1034
4282247 1063
4282248 1357
4282249 1357
4282250 1357
4282251 1386
4282252 1563
4282253 1563
4282254 1563
4282255 1592
4282257 1695
4282258 1695
4282259 1701
4282260 1730
4282262 1730
4282263 1754
4282264 1741
4282265 1741
4282266 1741
4282267 1758
4282268 1747
4282269 1747
4282271 1761
4282272 1749
4282273 1749
4282274 1749
4282275 1762
4282368 552
4282369 558
4282370 559
4282372 1029
4282373 1035
4282374 1036
4282376 1352
4282377 1358
4282378 1359
4282380 1558
4282381 1564
4282382 1565
4282385 1697
4282386 1698
4282388 1731
4282390 1733
4282392 1738
4282393 1742
4282394 1743
4282396 1746
4282397 1748
4282398 1749
4282401 1763
4282402 1751
4282432 558
4282433 552
4282434 559
4282436 1035
4282437 1029
4282438 1036
4282440 1358
4282441 1352
4282442 1359
4282444 1564
4282445 1558
4282446 1565
4282449 1696
4282450 1698
4282452 1732
4282454 1733
4282456 1742
4282457 1738
4282458 1743
4282460 1748
4282461 1746
4282462 1749
4282464 1763
4282466 1751
4282496 559
4282497 559
4282498 559
4282499 587
4282500 1036
4282501 1036
4282502 1036
4282503 1064
4282504 1359
4282505 1359
4282506 1359
4282507 1387
4282508 1565
4282509 1565
4282510 1565
4282511 1593
4282513 1698
4282514 1698
4282515 1702
4282516 1733
4282518 1733
4282519 1755
4282520 1743
4282521 1743
4282522 1743
4282523 1759
4282524 1749
4282525 1749
4282526 1749
4282527 1762
4282528 1751
4282529 1751
4282531 1764
4294208 560
4294209 588
4294210 565
4294212 1037
4294213 1065
4294214 1042
4294216 1360
4294217 1388
4294218 1365
4294220 1566
4294221 1594
4294222 1571
4294225 1703
4294226 1704
4294228 1734
4294229 1756
4294230 1739
4294234 1765
4294236 1766
4294237 1767
4294238 1768
4294240 1769
4294241 1770
4294242 1771
4294400 561
4294401 562
4294404 1038
4294405 1039
4294408 1361
4294409 1362
4294412 1567
4294413 1568
4294417 1705
4294420 1735
4294421 1736
4294425 1766
4294429 1772
4294432 1773
4294433 1774
4294464 562
4294465 566
4294466 567
4294468 1039
4294469 1043
4294470 1044
4294472 1362
4294473 1366
4294474 1367
4294476 1568
4294477 1572
4294478 1573
4294481 1706
4294482 1707
4294484 1736
4294485 1740
4294486 1741
4294489 1767
4294490 1768
4294492 1772
4294494 1775
4294496 1774
4294497 1776
4294498 1777
4294656 563
4294657 564
4294660 1040
4294661 1041
4294664 1363
4294665 1364
4294668 1569
4294669 1570
4294673 1708
4294676 1737
4294677 1738
4294681 1769
4294684 1773
4294685 1774
4294689 1778
4294720 564
4294721 568
4294722 569
4294724 1041
4294725 1045
4294726 1046
4294728 1364
4294729 1368
4294730 1369
4294732 1570
4294733 1574
4294734 1575
4294737 1709
4294738 1710
4294740 1738
4294741 1742
4294742 1743
4294745 1770
4294746 1771
4294748 1774
4294749 1776
4294750 1777
4294752 1778
4294754 1779
4298368 565
4298369 565
4298371 589
4298372 1042
4298373 1042
4298375 1066
4298376 1365
4298377 1365
4298379 1389
4298380 1571
4298381 1571
4298383 1595
4298385 1704
4298387 1711
4298388 1739
4298389 1739
4298391 1757
4298392 1765
4298395 1780
4298396 1768
4298397 1768
4298399 1781
4298400 1771
4298401 1771
4298403 1782
4298496 562
4298497 566
4298498 567
4298500 1039
4298501 1043
4298502 1044
4298504 1362
4298505 1366
4298506 1367
4298508 1568
4298509 1572
4298510 1573
4298513 1706
4298514 1707
4298516 1736
4298517 1740
4298518 1741
4298520 1766
4298522 1768
4298525 1783
4298526 1775
4298528 1774
4298529 1776
4298530 1777
4298560 566
4298561 562
4298562 567
4298564 1043
4298565 1039
4298566 1044
4298568 1366
4298569 1362
4298570 1367
4298572 1572
4298573 1568
4298574 1573
4298577 1705
4298578 1707
4298580 1740
4298581 1736
4298582 1741
4298584 1767
4298586 1768
4298588 1783
4298590 1775
4298592 1776
4298593 1774
4298594 1777
4298624 567
4298625 567
4298626 567
4298627 590
4298628 1044
4298629 1044
4298630 1044
4298631 1067
4298632 1367
4298633 1367
4298634 1367
4298635 1390
4298636 1573
4298637 1573
4298638 1573
4298639 1596
4298641 1707
4298642 1707
4298643 1712
4298644 1741
4298645 1741
4298646 1741
4298647 1758
4298648 1768
4298650 1768
4298651 1781
4298652 1775
4298653 1775
4298655 1784
4298656 1777
4298657 1777
4298658 1777
4298659 1785
4298752 564
4298753 568
4298754 569
4298756 1041
4298757 1045
4298758 1046
4298760 1364
4298761 1368
4298762 1369
4298764 1570
4298765 1574
4298766 1575
4298769 1709
4298770 1710
4298772 1738
4298773 1742
4298774 1743
4298776 1769
4298778 1771
4298780 1774
4298781 1776
4298782 1777
4298785 1786
4298786 1779
4298816 568
4298817 564
4298818 569
4298820 1045
4298821 1041
4298822 1046
4298824 1368
4298825 1364
4298826 1369
4298828 1574
4298829 1570
4298830 1575
4298833 1708
4298834 1710
4298836 1742
4298837 1738
4298838 1743
4298840 1770
4298842 1771
4298844 1776
4298845 1774
4298846 1777
4298848 1786
4298850 1779
4298880 569
4298881 569
4298882 569
4298883 591
4298884 1046
4298885 1046
4298886 1046
4298887 1068
4298888 1369
4298889 1369
4298890 1369
4298891 1391
4298892 1575
4298893 1575
4298894 1575
4298895 1597
4298897 1710
4298898 1710
4298899 1713
4298900 1743
4298901 1743
4298902 1743
4298903 1759
4298904 1771
4298906 1771
4298907 1782
4298908 1777
4298909 1777
4298910 1777
4298911 1785
4298912 1779
4298913 1779
4298915 1787
4310848 570
4310849 592
4310850 573
4310852 1047
4310853 1069
4310854 1050
4310856 1370
4310857 1392
4310858 1373
4310860 1576
4310861 1598
4310862 1579
4310865 1714
4310866 1715
4310868 1744
4310869 1760
4310870 1747
4310872 1772
4310873 1783
4310874 1775
4310878 1788
4310880 1789
4310881 1790
4310882 1791
4311040 571
4311041 572
4311044 1048
4311045 1049
4311048 1371
4311049 1372
4311052 1577
4311053 1578
4311057 1716
4311060 1745
4311061 1746
4311064 1773
4311065 1774
4311069 1789
4311073 1792
4311104 572
4311105 574
4311106 575
4311108 1049
4311109 1051
4311110 1052
4311112 1372
4311113 1374
4311114 1375
4311116 1578
4311117 1580
4311118 1581
4311121 1717
4311122 1718
4311124 1746
4311125 1748
4311126 1749
4311128 1774
4311129 1776
4311130 1777
4311133 1790
4311134 1791
4311136 1792
4311138 1793
4315008 573
4315009 573
4315011 593
4315012 1050
4315013 1050
4315015 1070
4315016 1373
4315017 1373
4315019 1393
4315020 1579
4315021 1579
4315023 1599
4315025 1715
4315027 1719
4315028 1747
4315029 1747
4315031 1761
4315032 1775
4315033 1775
4315035 1784
4315036 1788
4315039 1794
4315040 1791
4315041 1791
4315043 1795
4315136 572
4315137 574
4315138 575
4315140 1049
4315141 1051
4315142 1052
4315144 1372
4315145 1374
4315146 1375
4315148 1578
4315149 1580
4315150 1581
4315153 1717
4315154 1718
4315156 1746
4315157 1748
4315158 1749
4315160 1774
4315161 1776
4315162 1777
4315164 1789
4315166 1791
4315169 1796
4315170 1793
4315200 574
4315201 572
4315202 575
4315204 1051
4315205 1049
4315206 1052
4315208 1374
4315209 1372
4315210 1375
4315212 1580
4315213 1578
4315214 1581
4315217 1716
4315218 1718
4315220 1748
4315221 1746
4315222 1749
4315224 1776
4315225 1774
4315226 1777
4315228 1790
4315230 1791
4315232 1796
4315234 1793
4315264 575
4315265 575
4315266 575
4315267 594
4315268 1052
4315269 1052
4315270 1052
4315271 1071
4315272 1375
4315273 1375
4315274 1375
4315275 1394
4315276 1581
4315277 1581
4315278 1581
4315279 1600
4315281 1718
4315282 1718
4315283 1720
4315284 1749
4315285 1749
4315286 1749
4315287 1762
4315288 1777
4315289 1777
4315290 1777
4315291 1785
4315292 1791
4315294 1791
4315295 1795
4315296 1793
4315297 1793
4315299 1797
4327488 576
4327489 595
4327490 577
4327492 1053
4327493 1072
4327494 1054
4327496 1376
4327497 1395
4327498 1377
4327500 1582
4327501 1601
4327502 1583
4327505 1721
4327506 1722
4327508 1750
4327509 1763
4327510 1751
4327512 1778
4327513 1786
4327514 1779
4327516 1792
4327517 1796
4327518 1793
4327522 1798
4331648 577
4331649 577
4331651 596
4331652 1054
4331653 1054
4331655 1073
4331656 1377
4331657 1377
4331659 1396
4331660 1583
4331661 1583
4331663 1602
4331665 1722
4331667 1723
4331668 1751
4331669 1751
4331671 1764
4331672 1779
4331673 1779
4331675 1787
4331676 1793
4331677 1793
4331679 1797
4331680 1798
4331683 1799
5330304 597
5330307 625
5330308 1074
5330311 1102
5330312 1397
5330315 1425
5330316 1603
5330319 1631
5330320 1724
5330323 1752
5330327 1800
5330328 1801
5330331 1802
5330332 1803
5330335 1804
5330336 1805
5330339 1806
5330432 598
5330433 599
5330434 600
5330436 1075
5330437 1076
5330438 1077
5330440 1398
5330441 1399
5330442 1400
5330444 1604
5330445 1605
5330446 1606
5330448 1725
5330449 1726
5330450 1727
5330454 1801
5330457 1807
5330458 1808
5330460 1809
5330461 1810
5330462 1811
5330464 1812
5330465 1813
5330466 1814
5330560 600
5330562 600
5330563 626
5330564 1077
5330566 1077
5330567 1103
5330568 1400
5330570 1400
5330571 1426
5330572 1606
5330574 1606
5330575 1632
5330576 1727
5330578 1727
5330579 1753
5330582 1801
5330583 1802
5330584 1808
5330587 1815
5330588 1811
5330590 1811
5330591 1816
5330592 1814
5330594 1814
5330595 1817
5330688 601
5330689 602
5330690 603
5330692 1078
5330693 1079
5330694 1080
5330696 1401
5330697 1402
5330698 1403
5330700 1607
5330701 1608
5330702 1609
5330704 1728
5330705 1729
5330706 1730
5330710 1803
5330712 1809
5330713 1810
5330714 1811
5330717 1818
5330718 1819
5330720 1820
5330721 1821
5330722 1822
5330816 603
5330818 603
5330819 627
5330820 1080
5330822 1080
5330823 1104
5330824 1403
5330826 1403
5330827 1427
5330828 1609
5330830 1609
5330831 1633
5330832 1730
5330834 1730
5330835 1754
5330838 1803
5330839 1804
5330840 1811
5330842 1811
5330843 1816
5330844 1819
5330847 1823
5330848 1822
5330850 1822
5330851 1824
5330944 604
5330945 605
5330946 606
5330948 1081
5330949 1082
5330950 1083
5330952 1404
5330953 1405
5330954 1406
5330956 1610
5330957 1611
5330958 1612
5330960 1731
5330961 1732
5330962 1733
5330966 1805
5330968 1812
5330969 1813
5330970 1814
5330972 1820
5330973 1821
5330974 1822
5330977 1825
5330978 1826
5331072 606
5331074 606
5331075 628
5331076 1083
5331078 1083
5331079 1105
5331080 1406
5331082 1406
5331083 1428
5331084 1612
5331086 1612
5331087 1634
5331088 1733
5331090 1733
5331091 1755
5331094 1805
5331095 1806
5331096 1814
5331098 1814
5331099 1817
5331100 1822
5331102 1822
5331103 1824
5331104 1826
5331107 1827
5342784 607
5342785 629
5342786 612
5342788 1084
5342789 1106
5342790 1089
5342792 1407
5342793 1429
5342794 1412
5342796 1613
5342797 1635
5342798 1618
5342800 1734
5342801 1756
5342802 1739
5342805 1807
5342806 1808
5342810 1828
5342812 1829
5342813 1830
5342814 1831
5342816 1832
5342817 1833
5342818 1834
5342976 608
5342977 609
5342980 1085
5342981 1086
5342984 1408
5342985 1409
5342988 1614
5342989 1615
5342992 1735
5342993 1736
5342997 1809
5343001 1829
5343005 1835
5343008 1836
5343009 1837
5343040 609
5343041 613
5343042 614
5343044 1086
5343045 1090
5343046 1091
5343048 1409
5343049 1413
5343050 1414
5343052 1615
5343053 1619
5343054 1620
5343056 1736
5343057 1740
5343058 1741
5343061 1810
5343062 1811
5343065 1830
5343066 1831
5343068 1835
5343070 1838
5343072 1837
5343073 1839
5343074 1840
5343232 610
5343233 611
5343236 1087
5343237 1088
5343240 1410
5343241 1411
5343244 1616
5343245 1617
5343248 1737
5343249 1738
5343253 1812
5343257 1832
5343260 1836
5343261 1837
5343265 1841
5343296 611
5343297 615
5343298 616
5343300 1088
5343301 1092
5343302 1093
5343304 1411
5343305 1415
5343306 1416
5343308 1617
5343309 1621
5343310 1622
5343312 1738
5343313 1742
5343314 1743
5343317 1813
5343318 1814
5343321 1833
5343322 1834
5343324 1837
5343325 1839
5343326 1840
5343328 1841
5343330 1842
5346944 612
5346945 612
5346947 630
5346948 1089
5346949 1089
5346951 1107
5346952 1412
5346953 1412
5346955 1430
5346956 1618
5346957 1618
5346959 1636
5346960 1739
5346961 1739
5346963 1757
5346965 1808
5346967 1815
5346968 1828
5346971 1843
5346972 1831
5346973 1831
5346975 1844
5346976 1834
5346977 1834
5346979 1845
5347072 609
5347073 613
5347074 614
5347076 1086
5347077 1090
5347078 1091
5347080 1409
5347081 1413
5347082 1414
5347084 1615
5347085 1619
5347086 1620
5347088 1736
5347089 1740
5347090 1741
5347093 1810
5347094 1811
5347096 1829
5347098 1831
5347101 1846
5347102 1838
5347104 1837
5347105 1839
5347106 1840
5347136 613
5347137 609
5347138 614
5347140 1090
5347141 1086
5347142 1091
5347144 1413
5347145 1409
5347146 1414
5347148 1619
5347149 1615
5347150 1620
5347152 1740
5347153 1736
5347154 1741
5347157 1809
5347158 1811
5347160 1830
5347162 1831
5347164 1846
5347166 1838
5347168 1839
5347169 1837
5347170 1840
5347200 614
5347201 614
5347202 614
5347203 631
5347204 1091
5347205 1091
5347206 1091
5347207 1108
5347208 1414
5347209 1414
5347210 1414
5347211 1431
5347212 1620
5347213 1620
5347214 1620
5347215 1637
5347216 1741
5347217 1741
5347218 1741
5347219 1758
5347221 1811
5347222 1811
5347223 1816
5347224 1831
5347226 1831
5347227 1844
5347228 1838
5347229 1838
5347231 1847
5347232 1840
5347233 1840
5347234 1840
5347235 1848
5347328 611
5347329 615
5347330 616
5347332 1088
5347333 1092
5347334 1093
5347336 1411
5347337 1415
5347338 1416
5347340 1617
5347341 1621
5347342 1622
5347344 1738
5347345 1742
5347346 1743
5347349 1813
5347350 1814
5347352 1832
5347354 1834
5347356 1837
5347357 1839
5347358 1840
5347361 1849
5347362 1842
5347392 615
5347393 611
5347394 616
5347396 1092
5347397 1088
5347398 1093
5347400 1415
5347401 1411
5347402 1416
5347404 1621
5347405 1617
5347406 1622
5347408 1742
5347409 1738
5347410 1743
5347413 1812
5347414 1814
5347416 1833
5347418 1834
5347420 1839
5347421 1837
5347422 1840
5347424 1849
5347426 1842
5347456 616
5347457 616
5347458 616
5347459 632
5347460 1093
5347461 1093
5347462 1093
5347463 1109
5347464 1416
5347465 1416
5347466 1416
5347467 1432
5347468 1622
5347469 1622
5347470 1622
5347471 1638
5347472 1743
5347473 1743
5347474 1743
5347475 1759
5347477 1814
5347478 1814
5347479 1817
5347480 1834
5347482 1834
5347483 1845
5347484 1840
5347485 1840
5347486 1840
5347487 1848
5347488 1842
5347489 1842
5347491 1850
5359424 617
5359425 633
5359426 620
5359428 1094
5359429 1110
5359430 1097
5359432 1417
5359433 1433
5359434 1420
5359436 1623
5359437 1639
5359438 1626
5359440 1744
5359441 1760
5359442 1747
5359445 1818
5359446 1819
5359448 1835
5359449 1846
5359450 1838
5359454 1851
5359456 1852
5359457 1853
5359458 1854
5359616 618
5359617 619
5359620 1095
5359621 1096
5359624 1418
5359625 1419
5359628 1624
5359629 1625
5359632 1745
5359633 1746
5359637 1820
5359640 1836
5359641 1837
5359645 1852
5359649 1855
5359680 619
5359681 621
5359682 622
5359684 1096
5359685 1098
5359686 1099
5359688 1419
5359689 1421
5359690 1422
5359692 1625
5359693 1627
5359694 1628
5359696 1746
5359697 1748
5359698 1749
5359701 1821
5359702 1822
5359704 1837
5359705 1839
5359706 1840
5359709 1853
5359710 1854
5359712 1855
5359714 1856
5363584 620
5363585 620
5363587 634
5363588 1097
5363589 1097
5363591 1111
5363592 1420
5363593 1420
5363595 1434
5363596 1626
5363597 1626
5363599 1640
5363600 1747
5363601 1747
5363603 1761
5363605 1819
5363607 1823
5363608 1838
5363609 1838
5363611 1847
5363612 1851
5363615 1857
5363616 1854
5363617 1854
5363619 1858
5363712 619
5363713 621
5363714 622
5363716 1096
5363717 1098
5363718 1099
5363720 1419
5363721 1421
5363722 1422
5363724 1625
5363725 1627
5363726 1628
5363728 1746
5363729 1748
5363730 1749
5363733 1821
5363734 1822
5363736 1837
5363737 1839
5363738 1840
5363740 1852
5363742 1854
5363745 1859
5363746 1856
5363776 621
5363777 619
5363778 622
5363780 1098
5363781 1096
5363782 1099
5363784 1421
5363785 1419
5363786 1422
5363788 1627
5363789 1625
5363790 1628
5363792 1748
5363793 1746
5363794 1749
5363797 1820
5363798 1822
5363800 1839
5363801 1837
5363802 1840
5363804 1853
5363806 1854
5363808 1859
5363810 1856
5363840 622
5363841 622
5363842 622
5363843 635
5363844 1099
5363845 1099
5363846 1099
5363847 1112
5363848 1422
5363849 1422
5363850 1422
5363851 1435
5363852 1628
5363853 1628
5363854 1628
5363855 1641
5363856 1749
5363857 1749
5363858 1749
5363859 1762
5363861 1822
5363862 1822
5363863 1824
5363864 1840
5363865 1840
5363866 1840
5363867 1848
5363868 1854
5363870 1854
5363871 1858
5363872 1856
5363873 1856
5363875 1860
5376064 623
5376065 636
5376066 624
5376068 1100
5376069 1113
5376070 1101
5376072 1423
5376073 1436
5376074 1424
5376076 1629
5376077 1642
5376078 1630
5376080 1750
5376081 1763
5376082 1751
5376085 1825
5376086 1826
5376088 1841
5376089 1849
5376090 1842
5376092 1855
5376093 1859
5376094 1856
5376098 1861
5380224 624
5380225 624
5380227 637
5380228 1101
5380229 1101
5380231 1114
5380232 1424
5380233 1424
5380235 1437
5380236 1630
5380237 1630
5380239 1643
5380240 1751
5380241 1751
5380243 1764
5380245 1826
5380247 1827
5380248 1842
5380249 1842
5380251 1850
5380252 1856
5380253 1856
5380255 1860
5380256 1861
5380259 1862
6395520 638
6395523 653
6395524 1115
6395527 1130
6395528 1438
6395531 1453
6395532 1644
6395535 1659
6395536 1765
6395539 1780
6395540 1828
6395543 1843
6395547 1863
6395548 1864
6395551 1865
6395552 1866
6395555 1867
6395648 639
6395649 640
6395650 641
6395652 1116
6395653 1117
6395654 1118
6395656 1439
6395657 1440
6395658 1441
6395660 1645
6395661 1646
6395662 1647
6395664 1766
6395665 1767
6395666 1768
6395668 1829
6395669 1830
6395670 1831
6395674 1864
6395677 1868
6395678 1869
6395680 1870
6395681 1871
6395682 1872
6395776 641
6395778 641
6395779 654
6395780 1118
6395782 1118
6395783 1131
6395784 1441
6395786 1441
6395787 1454
6395788 1647
6395790 1647
6395791 1660
6395792 1768
6395794 1768
6395795 1781
6395796 1831
6395798 1831
6395799 1844
6395802 1864
6395803 1865
6395804 1869
6395807 1873
6395808 1872
6395810 1872
6395811 1874
6395904 642
6395905 643
6395906 644
6395908 1119
6395909 1120
6395910 1121
6395912 1442
6395913 1443
6395914 1444
6395916 1648
6395917 1649
6395918 1650
6395920 1769
6395921 1770
6395922 1771
6395924 1832
6395925 1833
6395926 1834
6395930 1866
6395932 1870
6395933 1871
6395934 1872
6395937 1875
6395938 1876
6396032 644
6396034 644
6396035 655
6396036 1121
6396038 1121
6396039 1132
6396040 1444
6396042 1444
6396043 1455
6396044 1650
6396046 1650
6396047 1661
6396048 1771
6396050 1771
6396051 1782
6396052 1834
6396054 1834
6396055 1845
6396058 1866
6396059 1867
6396060 1872
6396062 1872
6396063 1874
6396064 1876
6396067 1877
6408000 645
6408001 656
6408002 648
6408004 1122
6408005 1133
6408006 1125
6408008 1445
6408009 1456
6408010 1448
6408012 1651
6408013 1662
6408014 1654
6408016 1772
6408017 1783
6408018 1775
6408020 1835
6408021 1846
6408022 1838
6408025 1868
6408026 1869
6408030 1878
6408032 1879
6408033 1880
6408034 1881
6408192 646
6408193 647
6408196 1123
6408197 1124
6408200 1446
6408201 1447
6408204 1652
6408205 1653
6408208 1773
6408209 1774
6408212 1836
6408213 1837
6408217 1870
6408221 1879
6408225 1882
6408256 647
6408257 649
6408258 650
6408260 1124
6408261 1126
6408262 1127
6408264 1447
6408265 1449
6408266 1450
6408268 1653
6408269 1655
6408270 1656
6408272 1774
6408273 1776
6408274 1777
6408276 1837
6408277 1839
6408278 1840
6408281 1871
6408282 1872
6408285 1880
6408286 1881
6408288 1882
6408290 1883
6412160 648
6412161 648
6412163 657
6412164 1125
6412165 1125
6412167 1134
6412168 1448
6412169 1448
6412171 1457
6412172 1654
6412173 1654
6412175 1663
6412176 1775
6412177 1775
6412179 1784
6412180 1838
6412181 1838
6412183 1847
6412185 1869
6412187 1873
6412188 1878
6412191 1884
6412192 1881
6412193 1881
6412195 1885
6412288 647
6412289 649
6412290 650
6412292 1124
6412293 1126
6412294 1127
6412296 1447
6412297 1449
6412298 1450
6412300 1653
6412301 1655
6412302 1656
6412304 1774
6412305 1776
6412306 1777
6412308 1837
6412309 1839
6412310 1840
6412313 1871
6412314 1872
6412316 1879
6412318 1881
6412321 1886
6412322 1883
6412352 649
6412353 647
6412354 650
6412356 1126
6412357 1124
6412358 1127
6412360 1449
6412361 1447
6412362 1450
6412364 1655
6412365 1653
6412366 1656
6412368 1776
6412369 1774
6412370 1777
6412372 1839
6412373 1837
6412374 1840
6412377 1870
6412378 1872
6412380 1880
6412382 1881
6412384 1886
6412386 1883
6412416 650
6412417 650
6412418 650
6412419 658
6412420 1127
6412421 1127
6412422 1127
6412423 1135
6412424 1450
6412425 1450
6412426 1450
6412427 1458
6412428 1656
6412429 1656
6412430 1656
6412431 1664
6412432 1777
6412433 1777
6412434 1777
6412435 1785
6412436 1840
6412437 1840
6412438 1840
6412439 1848
6412441 1872
6412442 1872
6412443 1874
6412444 1881
6412446 1881
6412447 1885
6412448 1883
6412449 1883
6412451 1887
6424640 651
6424641 659
6424642 652
6424644 1128
6424645 1136
6424646 1129
6424648 1451
6424649 1459
6424650 1452
6424652 1657
6424653 1665
6424654 1658
6424656 1778
6424657 1786
6424658 1779
6424660 1841
6424661 1849
6424662 1842
6424665 1875
6424666 1876
6424668 1882
6424669 1886
6424670 1883
6424674 1888
6428800 652
6428801 652
6428803 660
6428804 1129
6428805 1129
6428807 1137
6428808 1452
6428809 1452
6428811 1460
6428812 1658
6428813 1658
6428815 1666
6428816 1779
6428817 1779
6428819 1787
6428820 1842
6428821 1842
6428823 1850
6428825 1876
6428827 1877
6428828 1883
6428829 1883
6428831 1887
6428832 1888
6428835 1889
7460736 661
7460739 667
7460740 1138
7460743 1144
7460744 1461
7460747 1467
7460748 1667
7460751 1673
7460752 1788
7460755 1794
7460756 1851
7460759 1857
7460760 1878
7460763 1884
7460767 1890
7460768 1891
7460771 1892
7460864 662
7460865 663
7460866 664
7460868 1139
7460869 1140
7460870 1141
7460872 1462
7460873 1463
7460874 1464
7460876 1668
7460877 1669
7460878 1670
7460880 1789
7460881 1790
7460882 1791
7460884 1852
7460885 1853
7460886 1854
7460888 1879
7460889 1880
7460890 1881
7460894 1891
7460897 1893
7460898 1894
7460992 664
7460994 664
7460995 668
7460996 1141
7460998 1141
7460999 1145
7461000 1464
7461002 1464
7461003 1468
7461004 1670
7461006 1670
7461007 1674
7461008 1791
7461010 1791
7461011 1795
7461012 1854
7461014 1854
7461015 1858
7461016 1881
7461018 1881
7461019 1885
7461022 1891
7461023 1892
7461024 1894
7461027 1895
7473216 665
7473217 669
7473218 666
7473220 1142
7473221 1146
7473222 1143
7473224 1465
7473225 1469
7473226 1466
7473228 1671
7473229 1675
7473230 1672
7473232 1792
7473233 1796
7473234 1793
7473236 1855
7473237 1859
7473238 1856
7473240 1882
7473241 1886
7473242 1883
7473245 1893
7473246 1894
7473250 1896
7477376 666
7477377 666
7477379 670
7477380 1143
7477381 1143
7477383 1147
7477384 1466
7477385 1466
7477387 1470
7477388 1672
7477389 1672
7477391 1676
7477392 1793
7477393 1793
7477395 1797
7477396 1856
7477397 1856
7477399 1860
7477400 1883
7477401 1883
7477403 1887
7477405 1894
7477407 1895
7477408 1896
7477411 1897
8525952 671
8525955 672
8525956 1148
8525959 1149
8525960 1471
8525963 1472
8525964 1677
8525967 1678
8525968 1798
8525971 1799
8525972 1861
8525975 1862
8525976 1888
8525979 1889
8525980 1896
8525983 1897
8525987 1898
