gtosd-board-texture-v1
name TX3_aggressive
river-key turn
flop 573
66 0
68 1
70 2
72 3
74 4
76 5
78 6
80 7
82 8
84 9
86 10
88 11
90 12
92 13
94 14
96 15
98 16
261 17
264 18
265 19
268 20
269 21
272 22
273 23
276 24
277 25
280 26
281 27
284 28
285 29
288 30
289 31
326 32
328 33
329 34
330 35
332 36
333 37
334 38
336 39
337 40
338 41
340 42
341 43
342 44
344 45
345 46
346 47
348 48
349 49
350 50
352 51
353 52
354 53
521 54
524 55
525 56
528 57
529 58
532 59
533 60
536 61
537 62
540 63
541 64
544 65
545 66
586 67
588 68
589 69
590 70
592 71
593 72
594 73
596 74
597 75
598 76
600 77
601 78
602 79
604 80
605 81
606 82
608 83
609 84
610 85
781 86
784 87
785 88
788 89
789 90
792 91
793 92
796 93
797 94
800 95
801 96
846 97
848 98
849 99
850 100
852 101
853 102
854 103
856 104
857 105
858 106
860 107
861 108
862 109
864 110
865 111
866 112
1041 113
1044 114
1045 115
1048 116
1049 117
1052 118
1053 119
1056 120
1057 121
1106 122
1108 123
1109 124
1110 125
1112 126
1113 127
1114 128
1116 129
1117 130
1118 131
1120 132
1121 133
1122 134
1301 135
1304 136
1305 137
1308 138
1309 139
1312 140
1313 141
1366 142
1368 143
1369 144
1370 145
1372 146
1373 147
1374 148
1376 149
1377 150
1378 151
1561 152
1564 153
1565 154
1568 155
1569 156
1626 157
1628 158
1629 159
1630 160
1632 161
1633 162
1634 163
1821 164
1824 165
1825 166
1886 167
1888 168
1889 169
1890 170
2081 171
2146 172
16710 173
16712 174
16714 175
16716 176
16718 177
16720 178
16722 179
16724 180
16726 181
16728 182
16730 183
16732 184
16734 185
16736 186
16738 187
16905 188
16908 189
16909 190
16912 191
16913 192
16916 193
16917 194
16920 195
16921 196
16924 197
16925 198
16928 199
16929 200
16970 201
16972 202
16973 203
16974 204
16976 205
16977 206
16978 207
16980 208
16981 209
16982 210
16984 211
16985 212
16986 213
16988 214
16989 215
16990 216
16992 217
16993 218
16994 219
17165 220
17168 221
17169 222
17172 223
17173 224
17176 225
17177 226
17180 227
17181 228
17184 229
17185 230
17230 231
17232 232
17233 233
17234 234
17236 235
17237 236
17238 237
17240 238
17241 239
17242 240
17244 241
17245 242
17246 243
17248 244
17249 245
17250 246
17425 247
17428 248
17429 249
17432 250
17433 251
17436 252
17437 253
17440 254
17441 255
17490 256
17492 257
17493 258
17494 259
17496 260
17497 261
17498 262
17500 263
17501 264
17502 265
17504 266
17505 267
17506 268
17685 269
17688 270
17689 271
17692 272
17693 273
17696 274
17697 275
17750 276
17752 277
17753 278
17754 279
17756 280
17757 281
17758 282
17760 283
17761 284
17762 285
17945 286
17948 287
17949 288
17952 289
17953 290
18010 291
18012 292
18013 293
18014 294
18016 295
18017 296
18018 297
18205 298
18208 299
18209 300
18270 301
18272 302
18273 303
18274 304
18465 305
18530 306
33354 307
33356 308
33358 309
33360 310
33362 311
33364 312
33366 313
33368 314
33370 315
33372 316
33374 317
33376 318
33378 319
33549 320
33552 321
33553 322
33556 323
33557 324
33560 325
33561 326
33564 327
33565 328
33568 329
33569 330
33614 331
33616 332
33617 333
33618 334
33620 335
33621 336
33622 337
33624 338
33625 339
33626 340
33628 341
33629 342
33630 343
33632 344
33633 345
33634 346
33809 347
33812 348
33813 349
33816 350
33817 351
33820 352
33821 353
33824 354
33825 355
33874 356
33876 357
33877 358
33878 359
33880 360
33881 361
33882 362
33884 363
33885 364
33886 365
33888 366
33889 367
33890 368
34069 369
34072 370
34073 371
34076 372
34077 373
34080 374
34081 375
34134 376
34136 377
34137 378
34138 379
34140 380
34141 381
34142 382
34144 383
34145 384
34146 385
34329 386
34332 387
34333 388
34336 389
34337 390
34394 391
34396 392
34397 393
34398 394
34400 395
34401 396
34402 397
34589 398
34592 399
34593 400
34654 401
34656 402
34657 403
34658 404
34849 405
34914 406
49998 407
50000 408
50002 409
50004 410
50006 411
50008 412
50010 413
50012 414
50014 415
50016 416
50018 417
50193 418
50196 419
50197 420
50200 421
50201 422
50204 423
50205 424
50208 425
50209 426
50258 427
50260 428
50261 429
50262 430
50264 431
50265 432
50266 433
50268 434
50269 435
50270 436
50272 437
50273 438
50274 439
50453 440
50456 441
50457 442
50460 443
50461 444
50464 445
50465 446
50518 447
50520 448
50521 449
50522 450
50524 451
50525 452
50526 453
50528 454
50529 455
50530 456
50713 457
50716 458
50717 459
50720 460
50721 461
50778 462
50780 463
50781 464
50782 465
50784 466
50785 467
50786 468
50973 469
50976 470
50977 471
51038 472
51040 473
51041 474
51042 475
51233 476
51298 477
66642 478
66644 479
66646 480
66648 481
66650 482
66652 483
66654 484
66656 485
66658 486
66837 487
66840 488
66841 489
66844 490
66845 491
66848 492
66849 493
66902 494
66904 495
66905 496
66906 497
66908 498
66909 499
66910 500
66912 501
66913 502
66914 503
67097 504
67100 505
67101 506
67104 507
67105 508
67162 509
67164 510
67165 511
67166 512
67168 513
67169 514
67170 515
67357 516
67360 517
67361 518
67422 519
67424 520
67425 521
67426 522
67617 523
67682 524
83286 525
83288 526
83290 527
83292 528
83294 529
83296 530
83298 531
83481 532
83484 533
83485 534
83488 535
83489 536
83546 537
83548 538
83549 539
83550 540
83552 541
83553 542
83554 543
83741 544
83744 545
83745 546
83806 547
83808 548
83809 549
83810 550
84001 551
84066 552
99930 553
99932 554
99934 555
99936 556
99938 557
100125 558
100128 559
100129 560
100190 561
100192 562
100193 563
100194 564
100385 565
100450 566
116574 567
116576 568
116578 569
116769 570
116834 571
133218 572
turn 13761
4227 0
4228 1
4231 1
4232 1
4235 1
4236 1
4239 1
4240 1
4243 1
4244 1
4247 1
4248 1
4251 1
4252 1
4255 1
4256 1
4259 1
4354 2
4357 3
4358 3
4360 4
4361 5
4362 5
4364 4
4365 5
4366 5
4368 4
4369 5
4370 5
4372 6
4373 7
4374 7
4376 6
4377 7
4378 7
4380 6
4381 7
4382 7
4384 4
4385 5
4386 5
4482 8
4483 8
4484 9
4487 9
4488 10
4490 10
4491 10
4492 10
4494 10
4495 10
4496 10
4498 10
4499 10
4500 11
4502 11
4503 11
4504 11
4506 11
4507 11
4508 11
4510 11
4511 11
4512 10
4514 10
4515 10
4610 12
4612 13
4613 14
4614 14
4617 15
4618 15
4620 13
4621 14
4622 14
4624 13
4625 14
4626 14
4628 16
4629 17
4630 17
4632 16
4633 17
4634 17
4636 16
4637 17
4638 17
4640 13
4641 14
4642 14
4738 18
4739 18
4740 19
4742 19
4743 19
4744 20
4747 20
4748 19
4750 19
4751 19
4752 19
4754 19
4755 19
4756 21
4758 21
4759 21
4760 21
4762 21
4763 21
4764 21
4766 21
4767 21
4768 19
4770 19
4771 19
4866 22
4868 23
4869 24
4870 24
4872 23
4873 24
4874 24
4877 25
4878 25
4880 23
4881 24
4882 24
4884 26
4885 27
4886 27
4888 26
4889 27
4890 27
4892 26
4893 27
4894 27
4896 23
4897 24
4898 24
4994 28
4995 28
4996 29
4998 29
4999 29
5000 29
5002 29
5003 29
5004 30
5007 30
5008 29
5010 29
5011 29
5012 31
5014 31
5015 31
5016 31
5018 31
5019 31
5020 31
5022 31
5023 31
5024 29
5026 29
5027 29
5122 32
5124 33
5125 34
5126 34
5128 33
5129 34
5130 34
5132 33
5133 34
5134 34
5137 35
5138 35
5140 36
5141 37
5142 37
5144 36
5145 37
5146 37
5148 36
5149 37
5150 37
5152 36
5153 37
5154 37
5250 38
5251 38
5252 39
5254 39
5255 39
5256 39
5258 39
5259 39
5260 39
5262 39
5263 39
5264 40
5267 40
5268 41
5270 41
5271 41
5272 41
5274 41
5275 41
5276 41
5278 41
5279 41
5280 41
5282 41
5283 41
5378 42
5380 43
5381 44
5382 44
5384 43
5385 44
5386 44
5388 43
5389 44
5390 44
5392 43
5393 44
5394 44
5397 45
5398 45
5400 43
5401 44
5402 44
5404 43
5405 44
5406 44
5408 43
5409 44
5410 44
5506 46
5507 46
5508 47
5510 47
5511 47
5512 47
5514 47
5515 47
5516 47
5518 47
5519 47
5520 47
5522 47
5523 47
5524 48
5527 48
5528 47
5530 47
5531 47
5532 47
5534 47
5535 47
5536 47
5538 47
5539 47
5634 49
5636 50
5637 51
5638 51
5640 50
5641 51
5642 51
5644 50
5645 51
5646 51
5648 50
5649 51
5650 51
5652 50
5653 51
5654 51
5657 52
5658 52
5660 50
5661 51
5662 51
5664 50
5665 51
5666 51
5762 53
5763 53
5764 54
5766 54
5767 54
5768 54
5770 54
5771 54
5772 54
5774 54
5775 54
5776 54
5778 54
5779 54
5780 54
5782 54
5783 54
5784 55
5787 55
5788 54
5790 54
5791 54
5792 54
5794 54
5795 54
5890 56
5892 57
5893 58
5894 58
5896 57
5897 58
5898 58
5900 57
5901 58
5902 58
5904 57
5905 58
5906 58
5908 57
5909 58
5910 58
5912 57
5913 58
5914 58
5917 59
5918 59
5920 57
5921 58
5922 58
6018 60
6019 60
6020 61
6022 61
6023 61
6024 61
6026 61
6027 61
6028 61
6030 61
6031 61
6032 61
6034 61
6035 61
6036 61
6038 61
6039 61
6040 61
6042 61
6043 61
6044 62
6047 62
6048 61
6050 61
6051 61
6146 63
6148 64
6149 65
6150 65
6152 64
6153 65
6154 65
6156 64
6157 65
6158 65
6160 66
6161 67
6162 67
6164 66
6165 67
6166 67
6168 66
6169 67
6170 67
6172 66
6173 67
6174 67
6177 68
6178 68
6274 69
6275 69
6276 70
6278 70
6279 70
6280 70
6282 70
6283 70
6284 70
6286 70
6287 70
6288 71
6290 71
6291 71
6292 71
6294 71
6295 71
6296 71
6298 71
6299 71
6300 71
6302 71
6303 71
6304 72
6307 72
16705 73
16706 73
16710 74
16712 75
16713 76
16714 76
16716 75
16717 76
16718 76
16720 75
16721 76
16722 76
16724 77
16725 78
16726 78
16728 77
16729 78
16730 78
16732 77
16733 78
16734 78
16736 75
16737 76
16738 76
16897 79
16901 80
16905 81
16908 82
16909 83
16912 84
16913 85
16916 86
16917 87
16920 88
16921 89
16924 88
16925 89
16928 90
16929 91
16961 92
16962 92
16965 93
16966 93
16968 94
16970 95
16972 96
16973 97
16974 97
16976 98
16977 99
16978 99
16980 100
16981 101
16982 101
16984 102
16985 103
16986 103
16988 102
16989 103
16990 103
16992 104
16993 105
16994 105
17153 106
17157 107
17160 108
17161 109
17165 110
17168 111
17169 112
17172 113
17173 114
17176 115
17177 116
17180 115
17181 116
17184 117
17185 118
17217 119
17218 119
17221 120
17222 120
17224 121
17225 122
17226 122
17228 123
17230 124
17232 125
17233 126
17234 126
17236 127
17237 128
17238 128
17240 129
17241 130
17242 130
17244 129
17245 130
17246 130
17248 131
17249 132
17250 132
17409 133
17413 134
17416 135
17417 136
17420 135
17421 136
17425 137
17428 138
17429 139
17432 140
17433 141
17436 140
17437 141
17440 138
17441 139
17473 142
17474 142
17477 143
17478 143
17480 144
17481 145
17482 145
17484 144
17485 145
17486 145
17488 146
17490 147
17492 148
17493 149
17494 149
17496 150
17497 151
17498 151
17500 150
17501 151
17502 151
17504 148
17505 149
17506 149
17665 152
17669 153
17672 154
17673 155
17676 154
17677 155
17680 154
17681 155
17685 156
17688 157
17689 158
17692 157
17693 158
17696 154
17697 155
17729 159
17730 159
17733 160
17734 160
17736 161
17737 162
17738 162
17740 161
17741 162
17742 162
17744 161
17745 162
17746 162
17748 163
17750 164
17752 165
17753 166
17754 166
17756 165
17757 166
17758 166
17760 161
17761 162
17762 162
17921 167
17925 168
17928 169
17929 170
17932 169
17933 170
17936 169
17937 170
17940 171
17941 172
17945 173
17948 171
17949 172
17952 169
17953 170
17985 174
17986 174
17989 175
17990 175
17992 176
17993 177
17994 177
17996 176
17997 177
17998 177
18000 176
18001 177
18002 177
18004 178
18005 179
18006 179
18008 180
18010 181
18012 178
18013 179
18014 179
18016 176
18017 177
18018 177
18177 182
18181 183
18184 184
18185 185
18188 184
18189 185
18192 184
18193 185
18196 186
18197 187
18200 186
18201 187
18205 188
18208 184
18209 185
18241 189
18242 189
18245 190
18246 190
18248 191
18249 192
18250 192
18252 191
18253 192
18254 192
18256 191
18257 192
18258 192
18260 193
18261 194
18262 194
18264 193
18265 194
18266 194
18268 195
18270 196
18272 191
18273 192
18274 192
18433 197
18437 198
18440 199
18441 200
18444 199
18445 200
18448 201
18449 202
18452 203
18453 204
18456 203
18457 204
18460 203
18461 204
18465 205
18497 206
18498 206
18501 207
18502 207
18504 208
18505 209
18506 209
18508 208
18509 209
18510 209
18512 210
18513 211
18514 211
18516 212
18517 213
18518 213
18520 212
18521 213
18522 213
18524 212
18525 213
18526 213
18528 214
18530 215
20865 216
20867 216
20868 217
20871 217
20872 218
20873 218
20875 218
20876 218
20877 218
20879 218
20880 218
20881 218
20883 218
20884 219
20885 219
20887 219
20888 219
20889 219
20891 219
20892 219
20893 219
20895 219
20896 218
20897 218
20899 218
20993 92
20994 92
20996 220
20998 93
21001 95
21002 95
21004 96
21005 97
21006 97
21008 98
21009 99
21010 99
21012 100
21013 101
21014 101
21016 102
21017 103
21018 103
21020 102
21021 103
21022 103
21024 104
21025 105
21026 105
21057 221
21058 92
21060 93
21062 93
21064 95
21066 95
21068 97
21069 96
21070 97
21072 99
21073 98
21074 99
21076 101
21077 100
21078 101
21080 103
21081 102
21082 103
21084 103
21085 102
21086 103
21088 105
21089 104
21090 105
21121 222
21122 222
21123 222
21124 223
21126 223
21127 223
21128 224
21129 224
21131 224
21132 225
21133 225
21134 225
21135 225
21136 226
21137 226
21138 226
21139 226
21140 227
21141 227
21142 227
21143 227
21144 228
21145 228
21146 228
21147 228
21148 228
21149 228
21150 228
21151 228
21152 229
21153 229
21154 229
21155 229
21249 119
21250 119
21252 230
21254 120
21256 121
21257 122
21258 122
21261 124
21262 124
21264 125
21265 126
21266 126
21268 127
21269 128
21270 128
21272 129
21273 130
21274 130
21276 129
21277 130
21278 130
21280 131
21281 132
21282 132
21313 231
21314 119
21316 120
21318 120
21320 122
21321 121
21322 122
21324 124
21326 124
21328 126
21329 125
21330 126
21332 128
21333 127
21334 128
21336 130
21337 129
21338 130
21340 130
21341 129
21342 130
21344 132
21345 131
21346 132
21377 232
21378 232
21379 232
21380 233
21382 233
21383 233
21384 234
21385 234
21386 234
21387 234
21388 235
21389 235
21391 235
21392 236
21393 236
21394 236
21395 236
21396 237
21397 237
21398 237
21399 237
21400 238
21401 238
21402 238
21403 238
21404 238
21405 238
21406 238
21407 238
21408 239
21409 239
21410 239
21411 239
21505 142
21506 142
21508 240
21510 143
21512 144
21513 145
21514 145
21516 144
21517 145
21518 145
21521 147
21522 147
21524 148
21525 149
21526 149
21528 150
21529 151
21530 151
21532 150
21533 151
21534 151
21536 148
21537 149
21538 149
21569 241
21570 142
21572 143
21574 143
21576 145
21577 144
21578 145
21580 145
21581 144
21582 145
21584 147
21586 147
21588 149
21589 148
21590 149
21592 151
21593 150
21594 151
21596 151
21597 150
21598 151
21600 149
21601 148
21602 149
21633 242
21634 242
21635 242
21636 243
21638 243
21639 243
21640 244
21641 244
21642 244
21643 244
21644 244
21645 244
21646 244
21647 244
21648 245
21649 245
21651 245
21652 246
21653 246
21654 246
21655 246
21656 247
21657 247
21658 247
21659 247
21660 247
21661 247
21662 247
21663 247
21664 246
21665 246
21666 246
21667 246
21761 159
21762 159
21764 248
21766 160
21768 161
21769 162
21770 162
21772 161
21773 162
21774 162
21776 161
21777 162
21778 162
21781 164
21782 164
21784 165
21785 166
21786 166
21788 165
21789 166
21790 166
21792 161
21793 162
21794 162
21825 249
21826 159
21828 160
21830 160
21832 162
21833 161
21834 162
21836 162
21837 161
21838 162
21840 162
21841 161
21842 162
21844 164
21846 164
21848 166
21849 165
21850 166
21852 166
21853 165
21854 166
21856 162
21857 161
21858 162
21889 250
21890 250
21891 250
21892 251
21894 251
21895 251
21896 252
21897 252
21898 252
21899 252
21900 252
21901 252
21902 252
21903 252
21904 252
21905 252
21906 252
21907 252
21908 253
21909 253
21911 253
21912 254
21913 254
21914 254
21915 254
21916 254
21917 254
21918 254
21919 254
21920 252
21921 252
21922 252
21923 252
22017 174
22018 174
22020 255
22022 175
22024 176
22025 177
22026 177
22028 176
22029 177
22030 177
22032 176
22033 177
22034 177
22036 178
22037 179
22038 179
22041 181
22042 181
22044 178
22045 179
22046 179
22048 176
22049 177
22050 177
22081 256
22082 174
22084 175
22086 175
22088 177
22089 176
22090 177
22092 177
22093 176
22094 177
22096 177
22097 176
22098 177
22100 179
22101 178
22102 179
22104 181
22106 181
22108 179
22109 178
22110 179
22112 177
22113 176
22114 177
22145 257
22146 257
22147 257
22148 258
22150 258
22151 258
22152 259
22153 259
22154 259
22155 259
22156 259
22157 259
22158 259
22159 259
22160 259
22161 259
22162 259
22163 259
22164 260
22165 260
22166 260
22167 260
22168 261
22169 261
22171 261
22172 260
22173 260
22174 260
22175 260
22176 259
22177 259
22178 259
22179 259
22273 189
22274 189
22276 262
22278 190
22280 191
22281 192
22282 192
22284 191
22285 192
22286 192
22288 191
22289 192
22290 192
22292 193
22293 194
22294 194
22296 193
22297 194
22298 194
22301 196
22302 196
22304 191
22305 192
22306 192
22337 263
22338 189
22340 190
22342 190
22344 192
22345 191
22346 192
22348 192
22349 191
22350 192
22352 192
22353 191
22354 192
22356 194
22357 193
22358 194
22360 194
22361 193
22362 194
22364 196
22366 196
22368 192
22369 191
22370 192
22401 264
22402 264
22403 264
22404 265
22406 265
22407 265
22408 266
22409 266
22410 266
22411 266
22412 266
22413 266
22414 266
22415 266
22416 266
22417 266
22418 266
22419 266
22420 267
22421 267
22422 267
22423 267
22424 267
22425 267
22426 267
22427 267
22428 268
22429 268
22431 268
22432 266
22433 266
22434 266
22435 266
22529 206
22530 206
22532 269
22534 207
22536 208
22537 209
22538 209
22540 208
22541 209
22542 209
22544 210
22545 211
22546 211
22548 212
22549 213
22550 213
22552 212
22553 213
22554 213
22556 212
22557 213
22558 213
22561 215
22562 215
22593 270
22594 206
22596 207
22598 207
22600 209
22601 208
22602 209
22604 209
22605 208
22606 209
22608 211
22609 210
22610 211
22612 213
22613 212
22614 213
22616 213
22617 212
22618 213
22620 213
22621 212
22622 213
22624 215
22626 215
22657 271
22658 271
22659 271
22660 272
22662 272
22663 272
22664 273
22665 273
22666 273
22667 273
22668 273
22669 273
22670 273
22671 273
22672 274
22673 274
22674 274
22675 274
22676 275
22677 275
22678 275
22679 275
22680 275
22681 275
22682 275
22683 275
22684 275
22685 275
22686 275
22687 275
22688 276
22689 276
22691 276
33345 277
33346 277
33348 278
33349 279
33350 279
33354 280
33356 278
33357 279
33358 279
33360 278
33361 279
33362 279
33364 281
33365 282
33366 282
33368 281
33369 282
33370 282
33372 281
33373 282
33374 282
33376 278
33377 279
33378 279
33537 283
33540 284
33541 285
33545 286
33549 287
33552 288
33553 289
33556 290
33557 291
33560 290
33561 291
33564 292
33565 293
33568 294
33569 295
33601 296
33602 296
33604 297
33605 298
33606 298
33609 299
33610 299
33612 300
33614 301
33616 302
33617 303
33618 303
33620 304
33621 305
33622 305
33624 304
33625 305
33626 305
33628 306
33629 307
33630 307
33632 308
33633 309
33634 309
33793 310
33796 311
33797 312
33801 313
33804 311
33805 312
33809 314
33812 315
33813 316
33816 315
33817 316
33820 317
33821 318
33824 315
33825 316
33857 319
33858 319
33860 320
33861 321
33862 321
33865 322
33866 322
33868 320
33869 321
33870 321
33872 323
33874 324
33876 325
33877 326
33878 326
33880 325
33881 326
33882 326
33884 327
33885 328
33886 328
33888 325
33889 326
33890 326
34049 329
34052 330
34053 331
34057 332
34060 330
34061 331
34064 330
34065 331
34069 333
34072 330
34073 331
34076 334
34077 335
34080 330
34081 331
34113 336
34114 336
34116 337
34117 338
34118 338
34121 339
34122 339
34124 337
34125 338
34126 338
34128 337
34129 338
34130 338
34132 340
34134 341
34136 337
34137 338
34138 338
34140 342
34141 343
34142 343
34144 337
34145 338
34146 338
34305 344
34308 345
34309 346
34313 347
34316 345
34317 346
34320 345
34321 346
34324 345
34325 346
34329 348
34332 349
34333 350
34336 345
34337 346
34369 351
34370 351
34372 352
34373 353
34374 353
34377 354
34378 354
34380 352
34381 353
34382 353
34384 352
34385 353
34386 353
34388 352
34389 353
34390 353
34392 355
34394 356
34396 357
34397 358
34398 358
34400 352
34401 353
34402 353
34561 359
34564 360
34565 361
34569 362
34572 360
34573 361
34576 360
34577 361
34580 363
34581 364
34584 363
34585 364
34589 365
34592 360
34593 361
34625 366
34626 366
34628 367
34629 368
34630 368
34633 369
34634 369
34636 367
34637 368
34638 368
34640 367
34641 368
34642 368
34644 370
34645 371
34646 371
34648 370
34649 371
34650 371
34652 372
34654 373
34656 367
34657 368
34658 368
34817 374
34820 375
34821 376
34825 377
34828 375
34829 376
34832 378
34833 379
34836 380
34837 381
34840 380
34841 381
34844 380
34845 381
34849 382
34881 383
34882 383
34884 384
34885 385
34886 385
34889 386
34890 386
34892 384
34893 385
34894 385
34896 387
34897 388
34898 388
34900 389
34901 390
34902 390
34904 389
34905 390
34906 390
34908 389
34909 390
34910 390
34912 391
34914 392
37505 393
37507 393
37508 394
37509 394
37511 394
37512 395
37515 395
37516 394
37517 394
37519 394
37520 394
37521 394
37523 394
37524 396
37525 396
37527 396
37528 396
37529 396
37531 396
37532 396
37533 396
37535 396
37536 394
37537 394
37539 394
37633 296
37634 296
37636 297
37637 298
37638 298
37640 397
37642 299
37645 301
37646 301
37648 302
37649 303
37650 303
37652 304
37653 305
37654 305
37656 304
37657 305
37658 305
37660 306
37661 307
37662 307
37664 308
37665 309
37666 309
37697 398
37698 296
37700 298
37701 297
37702 298
37704 299
37706 299
37708 301
37710 301
37712 303
37713 302
37714 303
37716 305
37717 304
37718 305
37720 305
37721 304
37722 305
37724 307
37725 306
37726 307
37728 309
37729 308
37730 309
37761 399
37762 399
37763 399
37764 400
37765 400
37766 400
37767 400
37768 401
37770 401
37771 401
37772 402
37773 402
37775 402
37776 403
37777 403
37778 403
37779 403
37780 404
37781 404
37782 404
37783 404
37784 404
37785 404
37786 404
37787 404
37788 405
37789 405
37790 405
37791 405
37792 406
37793 406
37794 406
37795 406
37889 319
37890 319
37892 320
37893 321
37894 321
37896 407
37898 322
37900 320
37901 321
37902 321
37905 324
37906 324
37908 325
37909 326
37910 326
37912 325
37913 326
37914 326
37916 327
37917 328
37918 328
37920 325
37921 326
37922 326
37953 408
37954 319
37956 321
37957 320
37958 321
37960 322
37962 322
37964 321
37965 320
37966 321
37968 324
37970 324
37972 326
37973 325
37974 326
37976 326
37977 325
37978 326
37980 328
37981 327
37982 328
37984 326
37985 325
37986 326
38017 409
38018 409
38019 409
38020 410
38021 410
38022 410
38023 410
38024 411
38026 411
38027 411
38028 410
38029 410
38030 410
38031 410
38032 412
38033 412
38035 412
38036 413
38037 413
38038 413
38039 413
38040 413
38041 413
38042 413
38043 413
38044 414
38045 414
38046 414
38047 414
38048 413
38049 413
38050 413
38051 413
38145 336
38146 336
38148 337
38149 338
38150 338
38152 415
38154 339
38156 337
38157 338
38158 338
38160 337
38161 338
38162 338
38165 341
38166 341
38168 337
38169 338
38170 338
38172 342
38173 343
38174 343
38176 337
38177 338
38178 338
38209 416
38210 336
38212 338
38213 337
38214 338
38216 339
38218 339
38220 338
38221 337
38222 338
38224 338
38225 337
38226 338
38228 341
38230 341
38232 338
38233 337
38234 338
38236 343
38237 342
38238 343
38240 338
38241 337
38242 338
38273 417
38274 417
38275 417
38276 418
38277 418
38278 418
38279 418
38280 419
38282 419
38283 419
38284 418
38285 418
38286 418
38287 418
38288 418
38289 418
38290 418
38291 418
38292 420
38293 420
38295 420
38296 418
38297 418
38298 418
38299 418
38300 421
38301 421
38302 421
38303 421
38304 418
38305 418
38306 418
38307 418
38401 351
38402 351
38404 352
38405 353
38406 353
38408 422
38410 354
38412 352
38413 353
38414 353
38416 352
38417 353
38418 353
38420 352
38421 353
38422 353
38425 356
38426 356
38428 357
38429 358
38430 358
38432 352
38433 353
38434 353
38465 423
38466 351
38468 353
38469 352
38470 353
38472 354
38474 354
38476 353
38477 352
38478 353
38480 353
38481 352
38482 353
38484 353
38485 352
38486 353
38488 356
38490 356
38492 358
38493 357
38494 358
38496 353
38497 352
38498 353
38529 424
38530 424
38531 424
38532 425
38533 425
38534 425
38535 425
38536 426
38538 426
38539 426
38540 425
38541 425
38542 425
38543 425
38544 425
38545 425
38546 425
38547 425
38548 425
38549 425
38550 425
38551 425
38552 427
38553 427
38555 427
38556 428
38557 428
38558 428
38559 428
38560 425
38561 425
38562 425
38563 425
38657 366
38658 366
38660 367
38661 368
38662 368
38664 429
38666 369
38668 367
38669 368
38670 368
38672 367
38673 368
38674 368
38676 370
38677 371
38678 371
38680 370
38681 371
38682 371
38685 373
38686 373
38688 367
38689 368
38690 368
38721 430
38722 366
38724 368
38725 367
38726 368
38728 369
38730 369
38732 368
38733 367
38734 368
38736 368
38737 367
38738 368
38740 371
38741 370
38742 371
38744 371
38745 370
38746 371
38748 373
38750 373
38752 368
38753 367
38754 368
38785 431
38786 431
38787 431
38788 432
38789 432
38790 432
38791 432
38792 433
38794 433
38795 433
38796 432
38797 432
38798 432
38799 432
38800 432
38801 432
38802 432
38803 432
38804 434
38805 434
38806 434
38807 434
38808 434
38809 434
38810 434
38811 434
38812 435
38813 435
38815 435
38816 432
38817 432
38818 432
38819 432
38913 383
38914 383
38916 384
38917 385
38918 385
38920 436
38922 386
38924 384
38925 385
38926 385
38928 387
38929 388
38930 388
38932 389
38933 390
38934 390
38936 389
38937 390
38938 390
38940 389
38941 390
38942 390
38945 392
38946 392
38977 437
38978 383
38980 385
38981 384
38982 385
38984 386
38986 386
38988 385
38989 384
38990 385
38992 388
38993 387
38994 388
38996 390
38997 389
38998 390
39000 390
39001 389
39002 390
39004 390
39005 389
39006 390
39008 392
39010 392
39041 438
39042 438
39043 438
39044 439
39045 439
39046 439
39047 439
39048 440
39050 440
39051 440
39052 439
39053 439
39054 439
39055 439
39056 441
39057 441
39058 441
39059 441
39060 442
39061 442
39062 442
39063 442
39064 442
39065 442
39066 442
39067 442
39068 442
39069 442
39070 442
39071 442
39072 443
39073 443
39075 443
49985 444
49986 444
49988 445
49989 446
49990 446
49992 445
49993 446
49994 446
49998 447
50000 445
50001 446
50002 446
50004 448
50005 449
50006 449
50008 448
50009 449
50010 449
50012 448
50013 449
50014 449
50016 445
50017 446
50018 446
50177 450
50180 451
50181 452
50184 451
50185 452
50189 453
50193 454
50196 455
50197 456
50200 455
50201 456
50204 455
50205 456
50208 455
50209 456
50241 457
50242 457
50244 458
50245 459
50246 459
50248 458
50249 459
50250 459
50253 460
50254 460
50256 461
50258 462
50260 463
50261 464
50262 464
50264 463
50265 464
50266 464
50268 463
50269 464
50270 464
50272 463
50273 464
50274 464
50433 465
50436 466
50437 467
50440 466
50441 467
50445 468
50448 466
50449 467
50453 469
50456 466
50457 467
50460 466
50461 467
50464 466
50465 467
50497 470
50498 470
50500 471
50501 472
50502 472
50504 471
50505 472
50506 472
50509 473
50510 473
50512 471
50513 472
50514 472
50516 474
50518 475
50520 471
50521 472
50522 472
50524 471
50525 472
50526 472
50528 471
50529 472
50530 472
50689 476
50692 477
50693 478
50696 477
50697 478
50701 479
50704 477
50705 478
50708 477
50709 478
50713 480
50716 477
50717 478
50720 477
50721 478
50753 481
50754 481
50756 482
50757 483
50758 483
50760 482
50761 483
50762 483
50765 484
50766 484
50768 482
50769 483
50770 483
50772 482
50773 483
50774 483
50776 485
50778 486
50780 482
50781 483
50782 483
50784 482
50785 483
50786 483
50945 487
50948 488
50949 489
50952 488
50953 489
50957 490
50960 488
50961 489
50964 488
50965 489
50968 488
50969 489
50973 491
50976 488
50977 489
51009 492
51010 492
51012 493
51013 494
51014 494
51016 493
51017 494
51018 494
51021 495
51022 495
51024 493
51025 494
51026 494
51028 493
51029 494
51030 494
51032 493
51033 494
51034 494
51036 496
51038 497
51040 493
51041 494
51042 494
51201 498
51204 499
51205 500
51208 499
51209 500
51213 501
51216 502
51217 503
51220 504
51221 505
51224 504
51225 505
51228 504
51229 505
51233 506
51265 507
51266 507
51268 508
51269 509
51270 509
51272 508
51273 509
51274 509
51277 510
51278 510
51280 511
51281 512
51282 512
51284 513
51285 514
51286 514
51288 513
51289 514
51290 514
51292 513
51293 514
51294 514
51296 515
51298 516
54145 517
54147 517
54148 518
54149 518
54151 518
54152 518
54153 518
54155 518
54156 519
54159 519
54160 518
54161 518
54163 518
54164 520
54165 520
54167 520
54168 520
54169 520
54171 520
54172 520
54173 520
54175 520
54176 518
54177 518
54179 518
54273 457
54274 457
54276 458
54277 459
54278 459
54280 458
54281 459
54282 459
54284 521
54286 460
54289 462
54290 462
54292 463
54293 464
54294 464
54296 463
54297 464
54298 464
54300 463
54301 464
54302 464
54304 463
54305 464
54306 464
54337 522
54338 457
54340 459
54341 458
54342 459
54344 459
54345 458
54346 459
54348 460
54350 460
54352 462
54354 462
54356 464
54357 463
54358 464
54360 464
54361 463
54362 464
54364 464
54365 463
54366 464
54368 464
54369 463
54370 464
54401 523
54402 523
54403 523
54404 524
54405 524
54406 524
54407 524
54408 524
54409 524
54410 524
54411 524
54412 525
54414 525
54415 525
54416 526
54417 526
54419 526
54420 527
54421 527
54422 527
54423 527
54424 527
54425 527
54426 527
54427 527
54428 527
54429 527
54430 527
54431 527
54432 527
54433 527
54434 527
54435 527
54529 470
54530 470
54532 471
54533 472
54534 472
54536 471
54537 472
54538 472
54540 528
54542 473
54544 471
54545 472
54546 472
54549 475
54550 475
54552 471
54553 472
54554 472
54556 471
54557 472
54558 472
54560 471
54561 472
54562 472
54593 529
54594 470
54596 472
54597 471
54598 472
54600 472
54601 471
54602 472
54604 473
54606 473
54608 472
54609 471
54610 472
54612 475
54614 475
54616 472
54617 471
54618 472
54620 472
54621 471
54622 472
54624 472
54625 471
54626 472
54657 530
54658 530
54659 530
54660 531
54661 531
54662 531
54663 531
54664 531
54665 531
54666 531
54667 531
54668 532
54670 532
54671 532
54672 531
54673 531
54674 531
54675 531
54676 533
54677 533
54679 533
54680 531
54681 531
54682 531
54683 531
54684 531
54685 531
54686 531
54687 531
54688 531
54689 531
54690 531
54691 531
54785 481
54786 481
54788 482
54789 483
54790 483
54792 482
54793 483
54794 483
54796 534
54798 484
54800 482
54801 483
54802 483
54804 482
54805 483
54806 483
54809 486
54810 486
54812 482
54813 483
54814 483
54816 482
54817 483
54818 483
54849 535
54850 481
54852 483
54853 482
54854 483
54856 483
54857 482
54858 483
54860 484
54862 484
54864 483
54865 482
54866 483
54868 483
54869 482
54870 483
54872 486
54874 486
54876 483
54877 482
54878 483
54880 483
54881 482
54882 483
54913 536
54914 536
54915 536
54916 537
54917 537
54918 537
54919 537
54920 537
54921 537
54922 537
54923 537
54924 538
54926 538
54927 538
54928 537
54929 537
54930 537
54931 537
54932 537
54933 537
54934 537
54935 537
54936 539
54937 539
54939 539
54940 537
54941 537
54942 537
54943 537
54944 537
54945 537
54946 537
54947 537
55041 492
55042 492
55044 493
55045 494
55046 494
55048 493
55049 494
55050 494
55052 540
55054 495
55056 493
55057 494
55058 494
55060 493
55061 494
55062 494
55064 493
55065 494
55066 494
55069 497
55070 497
55072 493
55073 494
55074 494
55105 541
55106 492
55108 494
55109 493
55110 494
55112 494
55113 493
55114 494
55116 495
55118 495
55120 494
55121 493
55122 494
55124 494
55125 493
55126 494
55128 494
55129 493
55130 494
55132 497
55134 497
55136 494
55137 493
55138 494
55169 542
55170 542
55171 542
55172 543
55173 543
55174 543
55175 543
55176 543
55177 543
55178 543
55179 543
55180 544
55182 544
55183 544
55184 543
55185 543
55186 543
55187 543
55188 543
55189 543
55190 543
55191 543
55192 543
55193 543
55194 543
55195 543
55196 545
55197 545
55199 545
55200 543
55201 543
55202 543
55203 543
55297 507
55298 507
55300 508
55301 509
55302 509
55304 508
55305 509
55306 509
55308 546
55310 510
55312 511
55313 512
55314 512
55316 513
55317 514
55318 514
55320 513
55321 514
55322 514
55324 513
55325 514
55326 514
55329 516
55330 516
55361 547
55362 507
55364 509
55365 508
55366 509
55368 509
55369 508
55370 509
55372 510
55374 510
55376 512
55377 511
55378 512
55380 514
55381 513
55382 514
55384 514
55385 513
55386 514
55388 514
55389 513
55390 514
55392 516
55394 516
55425 548
55426 548
55427 548
55428 549
55429 549
55430 549
55431 549
55432 549
55433 549
55434 549
55435 549
55436 550
55438 550
55439 550
55440 551
55441 551
55442 551
55443 551
55444 552
55445 552
55446 552
55447 552
55448 552
55449 552
55450 552
55451 552
55452 552
55453 552
55454 552
55455 552
55456 553
55457 553
55459 553
66625 554
66626 554
66628 555
66629 556
66630 556
66632 555
66633 556
66634 556
66636 555
66637 556
66638 556
66642 557
66644 558
66645 559
66646 559
66648 558
66649 559
66650 559
66652 558
66653 559
66654 559
66656 558
66657 559
66658 559
66817 560
66820 561
66821 562
66824 561
66825 562
66828 561
66829 562
66833 563
66837 564
66840 561
66841 562
66844 561
66845 562
66848 561
66849 562
66881 565
66882 565
66884 566
66885 567
66886 567
66888 566
66889 567
66890 567
66892 566
66893 567
66894 567
66897 568
66898 568
66900 569
66902 570
66904 566
66905 567
66906 567
66908 566
66909 567
66910 567
66912 566
66913 567
66914 567
67073 571
67076 572
67077 573
67080 572
67081 573
67084 572
67085 573
67089 574
67092 572
67093 573
67097 575
67100 572
67101 573
67104 572
67105 573
67137 576
67138 576
67140 577
67141 578
67142 578
67144 577
67145 578
67146 578
67148 577
67149 578
67150 578
67153 579
67154 579
67156 577
67157 578
67158 578
67160 580
67162 581
67164 577
67165 578
67166 578
67168 577
67169 578
67170 578
67329 582
67332 583
67333 584
67336 583
67337 584
67340 583
67341 584
67345 585
67348 583
67349 584
67352 583
67353 584
67357 586
67360 583
67361 584
67393 587
67394 587
67396 588
67397 589
67398 589
67400 588
67401 589
67402 589
67404 588
67405 589
67406 589
67409 590
67410 590
67412 588
67413 589
67414 589
67416 588
67417 589
67418 589
67420 591
67422 592
67424 588
67425 589
67426 589
67585 593
67588 594
67589 595
67592 594
67593 595
67596 594
67597 595
67601 596
67604 594
67605 595
67608 594
67609 595
67612 594
67613 595
67617 597
67649 598
67650 598
67652 599
67653 600
67654 600
67656 599
67657 600
67658 600
67660 599
67661 600
67662 600
67665 601
67666 601
67668 599
67669 600
67670 600
67672 599
67673 600
67674 600
67676 599
67677 600
67678 600
67680 602
67682 603
70785 604
70787 604
70788 605
70789 605
70791 605
70792 605
70793 605
70795 605
70796 605
70797 605
70799 605
70800 606
70803 606
70804 607
70805 607
70807 607
70808 607
70809 607
70811 607
70812 607
70813 607
70815 607
70816 607
70817 607
70819 607
70913 565
70914 565
70916 566
70917 567
70918 567
70920 566
70921 567
70922 567
70924 566
70925 567
70926 567
70928 608
70930 568
70933 570
70934 570
70936 566
70937 567
70938 567
70940 566
70941 567
70942 567
70944 566
70945 567
70946 567
70977 609
70978 565
70980 567
70981 566
70982 567
70984 567
70985 566
70986 567
70988 567
70989 566
70990 567
70992 568
70994 568
70996 570
70998 570
71000 567
71001 566
71002 567
71004 567
71005 566
71006 567
71008 567
71009 566
71010 567
71041 610
71042 610
71043 610
71044 611
71045 611
71046 611
71047 611
71048 611
71049 611
71050 611
71051 611
71052 611
71053 611
71054 611
71055 611
71056 612
71058 612
71059 612
71060 613
71061 613
71063 613
71064 611
71065 611
71066 611
71067 611
71068 611
71069 611
71070 611
71071 611
71072 611
71073 611
71074 611
71075 611
71169 576
71170 576
71172 577
71173 578
71174 578
71176 577
71177 578
71178 578
71180 577
71181 578
71182 578
71184 614
71186 579
71188 577
71189 578
71190 578
71193 581
71194 581
71196 577
71197 578
71198 578
71200 577
71201 578
71202 578
71233 615
71234 576
71236 578
71237 577
71238 578
71240 578
71241 577
71242 578
71244 578
71245 577
71246 578
71248 579
71250 579
71252 578
71253 577
71254 578
71256 581
71258 581
71260 578
71261 577
71262 578
71264 578
71265 577
71266 578
71297 616
71298 616
71299 616
71300 617
71301 617
71302 617
71303 617
71304 617
71305 617
71306 617
71307 617
71308 617
71309 617
71310 617
71311 617
71312 618
71314 618
71315 618
71316 617
71317 617
71318 617
71319 617
71320 619
71321 619
71323 619
71324 617
71325 617
71326 617
71327 617
71328 617
71329 617
71330 617
71331 617
71425 587
71426 587
71428 588
71429 589
71430 589
71432 588
71433 589
71434 589
71436 588
71437 589
71438 589
71440 620
71442 590
71444 588
71445 589
71446 589
71448 588
71449 589
71450 589
71453 592
71454 592
71456 588
71457 589
71458 589
71489 621
71490 587
71492 589
71493 588
71494 589
71496 589
71497 588
71498 589
71500 589
71501 588
71502 589
71504 590
71506 590
71508 589
71509 588
71510 589
71512 589
71513 588
71514 589
71516 592
71518 592
71520 589
71521 588
71522 589
71553 622
71554 622
71555 622
71556 623
71557 623
71558 623
71559 623
71560 623
71561 623
71562 623
71563 623
71564 623
71565 623
71566 623
71567 623
71568 624
71570 624
71571 624
71572 623
71573 623
71574 623
71575 623
71576 623
71577 623
71578 623
71579 623
71580 625
71581 625
71583 625
71584 623
71585 623
71586 623
71587 623
71681 598
71682 598
71684 599
71685 600
71686 600
71688 599
71689 600
71690 600
71692 599
71693 600
71694 600
71696 626
71698 601
71700 599
71701 600
71702 600
71704 599
71705 600
71706 600
71708 599
71709 600
71710 600
71713 603
71714 603
71745 627
71746 598
71748 600
71749 599
71750 600
71752 600
71753 599
71754 600
71756 600
71757 599
71758 600
71760 601
71762 601
71764 600
71765 599
71766 600
71768 600
71769 599
71770 600
71772 600
71773 599
71774 600
71776 603
71778 603
71809 628
71810 628
71811 628
71812 629
71813 629
71814 629
71815 629
71816 629
71817 629
71818 629
71819 629
71820 629
71821 629
71822 629
71823 629
71824 630
71826 630
71827 630
71828 629
71829 629
71830 629
71831 629
71832 629
71833 629
71834 629
71835 629
71836 629
71837 629
71838 629
71839 629
71840 631
71841 631
71843 631
83265 632
83266 632
83268 633
83269 634
83270 634
83272 633
83273 634
83274 634
83276 633
83277 634
83278 634
83280 633
83281 634
83282 634
83286 635
83288 633
83289 634
83290 634
83292 633
83293 634
83294 634
83296 633
83297 634
83298 634
83457 636
83460 637
83461 638
83464 639
83465 640
83468 639
83469 640
83472 639
83473 640
83477 641
83481 642
83484 639
83485 640
83488 639
83489 640
83521 643
83522 643
83524 644
83525 645
83526 645
83528 646
83529 647
83530 647
83532 646
83533 647
83534 647
83536 646
83537 647
83538 647
83541 648
83542 648
83544 649
83546 650
83548 646
83549 647
83550 647
83552 646
83553 647
83554 647
83713 651
83716 652
83717 653
83720 652
83721 653
83724 654
83725 655
83728 654
83729 655
83733 656
83736 654
83737 655
83741 657
83744 654
83745 655
83777 658
83778 658
83780 659
83781 660
83782 660
83784 659
83785 660
83786 660
83788 661
83789 662
83790 662
83792 661
83793 662
83794 662
83797 663
83798 663
83800 661
83801 662
83802 662
83804 664
83806 665
83808 661
83809 662
83810 662
83969 666
83972 667
83973 668
83976 667
83977 668
83980 667
83981 668
83984 667
83985 668
83989 669
83992 667
83993 668
83996 667
83997 668
84001 670
84033 671
84034 671
84036 672
84037 673
84038 673
84040 672
84041 673
84042 673
84044 672
84045 673
84046 673
84048 672
84049 673
84050 673
84053 674
84054 674
84056 672
84057 673
84058 673
84060 672
84061 673
84062 673
84064 675
84066 676
87425 677
87427 677
87428 678
87429 678
87431 678
87432 678
87433 678
87435 678
87436 678
87437 678
87439 678
87440 678
87441 678
87443 678
87444 679
87447 679
87448 678
87449 678
87451 678
87452 678
87453 678
87455 678
87456 678
87457 678
87459 678
87553 643
87554 643
87556 644
87557 645
87558 645
87560 646
87561 647
87562 647
87564 646
87565 647
87566 647
87568 646
87569 647
87570 647
87572 680
87574 648
87577 650
87578 650
87580 646
87581 647
87582 647
87584 646
87585 647
87586 647
87617 681
87618 643
87620 645
87621 644
87622 645
87624 647
87625 646
87626 647
87628 647
87629 646
87630 647
87632 647
87633 646
87634 647
87636 648
87638 648
87640 650
87642 650
87644 647
87645 646
87646 647
87648 647
87649 646
87650 647
87681 682
87682 682
87683 682
87684 683
87685 683
87686 683
87687 683
87688 684
87689 684
87690 684
87691 684
87692 684
87693 684
87694 684
87695 684
87696 684
87697 684
87698 684
87699 684
87700 685
87702 685
87703 685
87704 686
87705 686
87707 686
87708 684
87709 684
87710 684
87711 684
87712 684
87713 684
87714 684
87715 684
87809 658
87810 658
87812 659
87813 660
87814 660
87816 659
87817 660
87818 660
87820 661
87821 662
87822 662
87824 661
87825 662
87826 662
87828 687
87830 663
87832 661
87833 662
87834 662
87837 665
87838 665
87840 661
87841 662
87842 662
87873 688
87874 658
87876 660
87877 659
87878 660
87880 660
87881 659
87882 660
87884 662
87885 661
87886 662
87888 662
87889 661
87890 662
87892 663
87894 663
87896 662
87897 661
87898 662
87900 665
87902 665
87904 662
87905 661
87906 662
87937 689
87938 689
87939 689
87940 690
87941 690
87942 690
87943 690
87944 690
87945 690
87946 690
87947 690
87948 691
87949 691
87950 691
87951 691
87952 691
87953 691
87954 691
87955 691
87956 692
87958 692
87959 692
87960 691
87961 691
87962 691
87963 691
87964 693
87965 693
87967 693
87968 691
87969 691
87970 691
87971 691
88065 671
88066 671
88068 672
88069 673
88070 673
88072 672
88073 673
88074 673
88076 672
88077 673
88078 673
88080 672
88081 673
88082 673
88084 694
88086 674
88088 672
88089 673
88090 673
88092 672
88093 673
88094 673
88097 676
88098 676
88129 695
88130 671
88132 673
88133 672
88134 673
88136 673
88137 672
88138 673
88140 673
88141 672
88142 673
88144 673
88145 672
88146 673
88148 674
88150 674
88152 673
88153 672
88154 673
88156 673
88157 672
88158 673
88160 676
88162 676
88193 696
88194 696
88195 696
88196 697
88197 697
88198 697
88199 697
88200 697
88201 697
88202 697
88203 697
88204 697
88205 697
88206 697
88207 697
88208 697
88209 697
88210 697
88211 697
88212 698
88214 698
88215 698
88216 697
88217 697
88218 697
88219 697
88220 697
88221 697
88222 697
88223 697
88224 699
88225 699
88227 699
99905 700
99906 700
99908 701
99909 702
99910 702
99912 701
99913 702
99914 702
99916 701
99917 702
99918 702
99920 701
99921 702
99922 702
99924 701
99925 702
99926 702
99930 703
99932 701
99933 702
99934 702
99936 701
99937 702
99938 702
100097 704
100100 705
100101 706
100104 705
100105 706
100108 707
100109 708
100112 707
100113 708
100116 707
100117 708
100121 709
100125 710
100128 707
100129 708
100161 711
100162 711
100164 712
100165 713
100166 713
100168 712
100169 713
100170 713
100172 714
100173 715
100174 715
100176 714
100177 715
100178 715
100180 714
100181 715
100182 715
100185 716
100186 716
100188 717
100190 718
100192 714
100193 715
100194 715
100353 719
100356 720
100357 721
100360 720
100361 721
100364 720
100365 721
100368 720
100369 721
100372 720
100373 721
100377 722
100380 720
100381 721
100385 723
100417 724
100418 724
100420 725
100421 726
100422 726
100424 725
100425 726
100426 726
100428 725
100429 726
100430 726
100432 725
100433 726
100434 726
100436 725
100437 726
100438 726
100441 727
100442 727
100444 725
100445 726
100446 726
100448 728
100450 729
104065 730
104067 730
104068 731
104069 731
104071 731
104072 731
104073 731
104075 731
104076 731
104077 731
104079 731
104080 731
104081 731
104083 731
104084 731
104085 731
104087 731
104088 732
104091 732
104092 731
104093 731
104095 731
104096 731
104097 731
104099 731
104193 711
104194 711
104196 712
104197 713
104198 713
104200 712
104201 713
104202 713
104204 714
104205 715
104206 715
104208 714
104209 715
104210 715
104212 714
104213 715
104214 715
104216 733
104218 716
104221 718
104222 718
104224 714
104225 715
104226 715
104257 734
104258 711
104260 713
104261 712
104262 713
104264 713
104265 712
104266 713
104268 715
104269 714
104270 715
104272 715
104273 714
104274 715
104276 715
104277 714
104278 715
104280 716
104282 716
104284 718
104286 718
104288 715
104289 714
104290 715
104321 735
104322 735
104323 735
104324 736
104325 736
104326 736
104327 736
104328 736
104329 736
104330 736
104331 736
104332 737
104333 737
104334 737
104335 737
104336 737
104337 737
104338 737
104339 737
104340 737
104341 737
104342 737
104343 737
104344 738
104346 738
104347 738
104348 739
104349 739
104351 739
104352 737
104353 737
104354 737
104355 737
104449 724
104450 724
104452 725
104453 726
104454 726
104456 725
104457 726
104458 726
104460 725
104461 726
104462 726
104464 725
104465 726
104466 726
104468 725
104469 726
104470 726
104472 740
104474 727
104476 725
104477 726
104478 726
104481 729
104482 729
104513 741
104514 724
104516 726
104517 725
104518 726
104520 726
104521 725
104522 726
104524 726
104525 725
104526 726
104528 726
104529 725
104530 726
104532 726
104533 725
104534 726
104536 727
104538 727
104540 726
104541 725
104542 726
104544 729
104546 729
104577 742
104578 742
104579 742
104580 743
104581 743
104582 743
104583 743
104584 743
104585 743
104586 743
104587 743
104588 743
104589 743
104590 743
104591 743
104592 743
104593 743
104594 743
104595 743
104596 743
104597 743
104598 743
104599 743
104600 744
104602 744
104603 744
104604 743
104605 743
104606 743
104607 743
104608 745
104609 745
104611 745
116545 746
116546 746
116548 747
116549 748
116550 748
116552 747
116553 748
116554 748
116556 747
116557 748
116558 748
116560 747
116561 748
116562 748
116564 747
116565 748
116566 748
116568 747
116569 748
116570 748
116574 749
116576 747
116577 748
116578 748
116737 750
116740 751
116741 752
116744 751
116745 752
116748 751
116749 752
116752 751
116753 752
116756 751
116757 752
116760 751
116761 752
116765 753
116769 754
116801 755
116802 755
116804 756
116805 757
116806 757
116808 756
116809 757
116810 757
116812 756
116813 757
116814 757
116816 756
116817 757
116818 757
116820 756
116821 757
116822 757
116824 756
116825 757
116826 757
116829 758
116830 758
116832 759
116834 760
120705 761
120707 761
120708 762
120709 762
120711 762
120712 762
120713 762
120715 762
120716 762
120717 762
120719 762
120720 762
120721 762
120723 762
120724 762
120725 762
120727 762
120728 762
120729 762
120731 762
120732 763
120735 763
120736 762
120737 762
120739 762
120833 755
120834 755
120836 756
120837 757
120838 757
120840 756
120841 757
120842 757
120844 756
120845 757
120846 757
120848 756
120849 757
120850 757
120852 756
120853 757
120854 757
120856 756
120857 757
120858 757
120860 764
120862 758
120865 760
120866 760
120897 765
120898 755
120900 757
120901 756
120902 757
120904 757
120905 756
120906 757
120908 757
120909 756
120910 757
120912 757
120913 756
120914 757
120916 757
120917 756
120918 757
120920 757
120921 756
120922 757
120924 758
120926 758
120928 760
120930 760
120961 766
120962 766
120963 766
120964 767
120965 767
120966 767
120967 767
120968 767
120969 767
120970 767
120971 767
120972 767
120973 767
120974 767
120975 767
120976 767
120977 767
120978 767
120979 767
120980 767
120981 767
120982 767
120983 767
120984 767
120985 767
120986 767
120987 767
120988 768
120990 768
120991 768
120992 769
120993 769
120995 769
133185 770
133186 770
133188 771
133189 772
133190 772
133192 771
133193 772
133194 772
133196 771
133197 772
133198 772
133200 773
133201 774
133202 774
133204 773
133205 774
133206 774
133208 773
133209 774
133210 774
133212 773
133213 774
133214 774
133218 775
137345 776
137347 776
137348 777
137349 777
137351 777
137352 777
137353 777
137355 777
137356 777
137357 777
137359 777
137360 778
137361 778
137363 778
137364 778
137365 778
137367 778
137368 778
137369 778
137371 778
137372 778
137373 778
137375 778
137376 779
137379 779
1069440 780
1069443 780
1069447 781
1069448 780
1069451 780
1069452 780
1069455 780
1069456 780
1069459 780
1069460 780
1069463 780
1069464 780
1069467 780
1069468 780
1069471 780
1069472 780
1069475 780
1069568 782
1069569 783
1069570 783
1069574 784
1069577 785
1069578 785
1069580 782
1069581 783
1069582 783
1069584 782
1069585 783
1069586 783
1069588 782
1069589 783
1069590 783
1069592 786
1069593 787
1069594 787
1069596 786
1069597 787
1069598 787
1069600 782
1069601 783
1069602 783
1069696 788
1069698 788
1069699 788
1069702 789
1069703 789
1069704 790
1069707 790
1069708 788
1069710 788
1069711 788
1069712 788
1069714 788
1069715 788
1069716 788
1069718 788
1069719 788
1069720 791
1069722 791
1069723 791
1069724 791
1069726 791
1069727 791
1069728 788
1069730 788
1069731 788
1069824 792
1069825 793
1069826 793
1069830 794
1069832 792
1069833 793
1069834 793
1069837 795
1069838 795
1069840 792
1069841 793
1069842 793
1069844 792
1069845 793
1069846 793
1069848 796
1069849 797
1069850 797
1069852 796
1069853 797
1069854 797
1069856 792
1069857 793
1069858 793
1069952 798
1069954 798
1069955 798
1069958 799
1069959 799
1069960 798
1069962 798
1069963 798
1069964 800
1069967 800
1069968 798
1069970 798
1069971 798
1069972 798
1069974 798
1069975 798
1069976 801
1069978 801
1069979 801
1069980 801
1069982 801
1069983 801
1069984 798
1069986 798
1069987 798
1070080 802
1070081 803
1070082 803
1070086 804
1070088 802
1070089 803
1070090 803
1070092 802
1070093 803
1070094 803
1070097 805
1070098 805
1070100 802
1070101 803
1070102 803
1070104 806
1070105 807
1070106 807
1070108 806
1070109 807
1070110 807
1070112 806
1070113 807
1070114 807
1070208 808
1070210 808
1070211 808
1070214 809
1070215 809
1070216 808
1070218 808
1070219 808
1070220 808
1070222 808
1070223 808
1070224 810
1070227 810
1070228 808
1070230 808
1070231 808
1070232 811
1070234 811
1070235 811
1070236 811
1070238 811
1070239 811
1070240 811
1070242 811
1070243 811
1070336 812
1070337 813
1070338 813
1070342 814
1070344 815
1070345 816
1070346 816
1070348 815
1070349 816
1070350 816
1070352 815
1070353 816
1070354 816
1070357 817
1070358 817
1070360 812
1070361 813
1070362 813
1070364 812
1070365 813
1070366 813
1070368 812
1070369 813
1070370 813
1070464 818
1070466 818
1070467 818
1070470 819
1070471 819
1070472 820
1070474 820
1070475 820
1070476 820
1070478 820
1070479 820
1070480 820
1070482 820
1070483 820
1070484 821
1070487 821
1070488 818
1070490 818
1070491 818
1070492 818
1070494 818
1070495 818
1070496 818
1070498 818
1070499 818
1070592 822
1070593 823
1070594 823
1070598 824
1070600 822
1070601 823
1070602 823
1070604 822
1070605 823
1070606 823
1070608 822
1070609 823
1070610 823
1070612 822
1070613 823
1070614 823
1070617 825
1070618 825
1070620 822
1070621 823
1070622 823
1070624 822
1070625 823
1070626 823
1070720 826
1070722 826
1070723 826
1070726 827
1070727 827
1070728 826
1070730 826
1070731 826
1070732 826
1070734 826
1070735 826
1070736 826
1070738 826
1070739 826
1070740 826
1070742 826
1070743 826
1070744 828
1070747 828
1070748 826
1070750 826
1070751 826
1070752 826
1070754 826
1070755 826
1070848 829
1070849 830
1070850 830
1070854 831
1070856 829
1070857 830
1070858 830
1070860 829
1070861 830
1070862 830
1070864 829
1070865 830
1070866 830
1070868 829
1070869 830
1070870 830
1070872 829
1070873 830
1070874 830
1070877 832
1070878 832
1070880 829
1070881 830
1070882 830
1070976 833
1070978 833
1070979 833
1070982 834
1070983 834
1070984 833
1070986 833
1070987 833
1070988 833
1070990 833
1070991 833
1070992 833
1070994 833
1070995 833
1070996 833
1070998 833
1070999 833
1071000 833
1071002 833
1071003 833
1071004 835
1071007 835
1071008 833
1071010 833
1071011 833
1071104 836
1071105 837
1071106 837
1071110 838
1071112 836
1071113 837
1071114 837
1071116 836
1071117 837
1071118 837
1071120 839
1071121 840
1071122 840
1071124 839
1071125 840
1071126 840
1071128 839
1071129 840
1071130 840
1071132 839
1071133 840
1071134 840
1071137 841
1071138 841
1071232 842
1071234 842
1071235 842
1071238 843
1071239 843
1071240 842
1071242 842
1071243 842
1071244 842
1071246 842
1071247 842
1071248 844
1071250 844
1071251 844
1071252 844
1071254 844
1071255 844
1071256 844
1071258 844
1071259 844
1071260 844
1071262 844
1071263 844
1071264 845
1071267 845
1081920 846
1081921 847
1081922 847
1081925 848
1081926 848
1081930 849
1081932 846
1081933 847
1081934 847
1081936 846
1081937 847
1081938 847
1081940 846
1081941 847
1081942 847
1081944 850
1081945 851
1081946 851
1081948 850
1081949 851
1081950 851
1081952 846
1081953 847
1081954 847
1082112 852
1082113 853
1082117 854
1082121 855
1082125 856
1082128 857
1082129 858
1082132 859
1082133 860
1082136 861
1082137 862
1082140 863
1082141 864
1082144 865
1082145 866
1082176 867
1082177 868
1082178 868
1082181 869
1082182 869
1082185 870
1082186 870
1082188 871
1082190 872
1082192 873
1082193 874
1082194 874
1082196 875
1082197 876
1082198 876
1082200 877
1082201 878
1082202 878
1082204 879
1082205 880
1082206 880
1082208 881
1082209 882
1082210 882
1082368 883
1082369 884
1082373 885
1082377 886
1082380 887
1082381 888
1082385 889
1082388 883
1082389 884
1082392 890
1082393 891
1082396 892
1082397 893
1082400 890
1082401 891
1082432 894
1082433 895
1082434 895
1082437 896
1082438 896
1082441 897
1082442 897
1082444 898
1082445 899
1082446 899
1082448 900
1082450 901
1082452 894
1082453 895
1082454 895
1082456 902
1082457 903
1082458 903
1082460 904
1082461 905
1082462 905
1082464 902
1082465 903
1082466 903
1082624 906
1082625 907
1082629 908
1082633 909
1082636 910
1082637 911
1082640 910
1082641 911
1082645 912
1082648 906
1082649 907
1082652 913
1082653 914
1082656 906
1082657 907
1082688 915
1082689 916
1082690 916
1082693 917
1082694 917
1082697 918
1082698 918
1082700 919
1082701 920
1082702 920
1082704 919
1082705 920
1082706 920
1082708 921
1082710 922
1082712 915
1082713 916
1082714 916
1082716 923
1082717 924
1082718 924
1082720 915
1082721 916
1082722 916
1082880 925
1082881 926
1082885 927
1082889 928
1082892 925
1082893 926
1082896 925
1082897 926
1082900 925
1082901 926
1082905 929
1082908 930
1082909 931
1082912 925
1082913 926
1082944 932
1082945 933
1082946 933
1082949 934
1082950 934
1082953 935
1082954 935
1082956 932
1082957 933
1082958 933
1082960 932
1082961 933
1082962 933
1082964 932
1082965 933
1082966 933
1082968 936
1082970 937
1082972 938
1082973 939
1082974 939
1082976 932
1082977 933
1082978 933
1083136 940
1083137 941
1083141 942
1083145 943
1083148 940
1083149 941
1083152 940
1083153 941
1083156 940
1083157 941
1083160 944
1083161 945
1083165 946
1083168 940
1083169 941
1083200 947
1083201 948
1083202 948
1083205 949
1083206 949
1083209 950
1083210 950
1083212 947
1083213 948
1083214 948
1083216 947
1083217 948
1083218 948
1083220 947
1083221 948
1083222 948
1083224 951
1083225 952
1083226 952
1083228 953
1083230 954
1083232 947
1083233 948
1083234 948
1083392 955
1083393 956
1083397 957
1083401 958
1083404 955
1083405 956
1083408 959
1083409 960
1083412 959
1083413 960
1083416 961
1083417 962
1083420 961
1083421 962
1083425 963
1083456 964
1083457 965
1083458 965
1083461 966
1083462 966
1083465 967
1083466 967
1083468 964
1083469 965
1083470 965
1083472 968
1083473 969
1083474 969
1083476 968
1083477 969
1083478 969
1083480 970
1083481 971
1083482 971
1083484 970
1083485 971
1083486 971
1083488 972
1083490 973
1086080 974
1086081 974
1086083 974
1086085 975
1086087 975
1086088 976
1086091 976
1086092 974
1086093 974
1086095 974
1086096 974
1086097 974
1086099 974
1086100 974
1086101 974
1086103 974
1086104 977
1086105 977
1086107 977
1086108 977
1086109 977
1086111 977
1086112 974
1086113 974
1086115 974
1086208 867
1086209 868
1086210 868
1086213 869
1086214 869
1086216 978
1086218 870
1086221 872
1086222 872
1086224 873
1086225 874
1086226 874
1086228 875
1086229 876
1086230 876
1086232 877
1086233 878
1086234 878
1086236 879
1086237 880
1086238 880
1086240 881
1086241 882
1086242 882
1086272 868
1086273 867
1086274 868
1086277 979
1086278 869
1086280 870
1086282 870
1086284 872
1086286 872
1086288 874
1086289 873
1086290 874
1086292 876
1086293 875
1086294 876
1086296 878
1086297 877
1086298 878
1086300 880
1086301 879
1086302 880
1086304 882
1086305 881
1086306 882
1086336 980
1086337 980
1086338 980
1086339 980
1086341 981
1086342 981
1086343 981
1086344 982
1086346 982
1086347 982
1086348 983
1086349 983
1086351 983
1086352 984
1086353 984
1086354 984
1086355 984
1086356 985
1086357 985
1086358 985
1086359 985
1086360 986
1086361 986
1086362 986
1086363 986
1086364 987
1086365 987
1086366 987
1086367 987
1086368 988
1086369 988
1086370 988
1086371 988
1086464 894
1086465 895
1086466 895
1086469 896
1086470 896
1086472 989
1086474 897
1086476 898
1086477 899
1086478 899
1086481 901
1086482 901
1086484 894
1086485 895
1086486 895
1086488 902
1086489 903
1086490 903
1086492 904
1086493 905
1086494 905
1086496 902
1086497 903
1086498 903
1086528 895
1086529 894
1086530 895
1086533 990
1086534 896
1086536 897
1086538 897
1086540 899
1086541 898
1086542 899
1086544 901
1086546 901
1086548 895
1086549 894
1086550 895
1086552 903
1086553 902
1086554 903
1086556 905
1086557 904
1086558 905
1086560 903
1086561 902
1086562 903
1086592 991
1086593 991
1086594 991
1086595 991
1086597 992
1086598 992
1086599 992
1086600 993
1086602 993
1086603 993
1086604 994
1086605 994
1086606 994
1086607 994
1086608 995
1086609 995
1086611 995
1086612 991
1086613 991
1086614 991
1086615 991
1086616 996
1086617 996
1086618 996
1086619 996
1086620 997
1086621 997
1086622 997
1086623 997
1086624 996
1086625 996
1086626 996
1086627 996
1086720 915
1086721 916
1086722 916
1086725 917
1086726 917
1086728 998
1086730 918
1086732 919
1086733 920
1086734 920
1086736 919
1086737 920
1086738 920
1086741 922
1086742 922
1086744 915
1086745 916
1086746 916
1086748 923
1086749 924
1086750 924
1086752 915
1086753 916
1086754 916
1086784 916
1086785 915
1086786 916
1086789 999
1086790 917
1086792 918
1086794 918
1086796 920
1086797 919
1086798 920
1086800 920
1086801 919
1086802 920
1086804 922
1086806 922
1086808 916
1086809 915
1086810 916
1086812 924
1086813 923
1086814 924
1086816 916
1086817 915
1086818 916
1086848 1000
1086849 1000
1086850 1000
1086851 1000
1086853 1001
1086854 1001
1086855 1001
1086856 1002
1086858 1002
1086859 1002
1086860 1003
1086861 1003
1086862 1003
1086863 1003
1086864 1003
1086865 1003
1086866 1003
1086867 1003
1086868 1004
1086869 1004
1086871 1004
1086872 1000
1086873 1000
1086874 1000
1086875 1000
1086876 1005
1086877 1005
1086878 1005
1086879 1005
1086880 1000
1086881 1000
1086882 1000
1086883 1000
1086976 932
1086977 933
1086978 933
1086981 934
1086982 934
1086984 1006
1086986 935
1086988 932
1086989 933
1086990 933
1086992 932
1086993 933
1086994 933
1086996 932
1086997 933
1086998 933
1087001 937
1087002 937
1087004 938
1087005 939
1087006 939
1087008 932
1087009 933
1087010 933
1087040 933
1087041 932
1087042 933
1087045 1007
1087046 934
1087048 935
1087050 935
1087052 933
1087053 932
1087054 933
1087056 933
1087057 932
1087058 933
1087060 933
1087061 932
1087062 933
1087064 937
1087066 937
1087068 939
1087069 938
1087070 939
1087072 933
1087073 932
1087074 933
1087104 1008
1087105 1008
1087106 1008
1087107 1008
1087109 1009
1087110 1009
1087111 1009
1087112 1010
1087114 1010
1087115 1010
1087116 1008
1087117 1008
1087118 1008
1087119 1008
1087120 1008
1087121 1008
1087122 1008
1087123 1008
1087124 1008
1087125 1008
1087126 1008
1087127 1008
1087128 1011
1087129 1011
1087131 1011
1087132 1012
1087133 1012
1087134 1012
1087135 1012
1087136 1008
1087137 1008
1087138 1008
1087139 1008
1087232 947
1087233 948
1087234 948
1087237 949
1087238 949
1087240 1013
1087242 950
1087244 947
1087245 948
1087246 948
1087248 947
1087249 948
1087250 948
1087252 947
1087253 948
1087254 948
1087256 951
1087257 952
1087258 952
1087261 954
1087262 954
1087264 947
1087265 948
1087266 948
1087296 948
1087297 947
1087298 948
1087301 1014
1087302 949
1087304 950
1087306 950
1087308 948
1087309 947
1087310 948
1087312 948
1087313 947
1087314 948
1087316 948
1087317 947
1087318 948
1087320 952
1087321 951
1087322 952
1087324 954
1087326 954
1087328 948
1087329 947
1087330 948
1087360 1015
1087361 1015
1087362 1015
1087363 1015
1087365 1016
1087366 1016
1087367 1016
1087368 1017
1087370 1017
1087371 1017
1087372 1015
1087373 1015
1087374 1015
1087375 1015
1087376 1015
1087377 1015
1087378 1015
1087379 1015
1087380 1015
1087381 1015
1087382 1015
1087383 1015
1087384 1018
1087385 1018
1087386 1018
1087387 1018
1087388 1019
1087389 1019
1087391 1019
1087392 1015
1087393 1015
1087394 1015
1087395 1015
1087488 964
1087489 965
1087490 965
1087493 966
1087494 966
1087496 1020
1087498 967
1087500 964
1087501 965
1087502 965
1087504 968
1087505 969
1087506 969
1087508 968
1087509 969
1087510 969
1087512 970
1087513 971
1087514 971
1087516 970
1087517 971
1087518 971
1087521 973
1087522 973
1087552 965
1087553 964
1087554 965
1087557 1021
1087558 966
1087560 967
1087562 967
1087564 965
1087565 964
1087566 965
1087568 969
1087569 968
1087570 969
1087572 969
1087573 968
1087574 969
1087576 971
1087577 970
1087578 971
1087580 971
1087581 970
1087582 971
1087584 973
1087586 973
1087616 1022
1087617 1022
1087618 1022
1087619 1022
1087621 1023
1087622 1023
1087623 1023
1087624 1024
1087626 1024
1087627 1024
1087628 1022
1087629 1022
1087630 1022
1087631 1022
1087632 1025
1087633 1025
1087634 1025
1087635 1025
1087636 1025
1087637 1025
1087638 1025
1087639 1025
1087640 1026
1087641 1026
1087642 1026
1087643 1026
1087644 1026
1087645 1026
1087646 1026
1087647 1026
1087648 1027
1087649 1027
1087651 1027
1098560 1028
1098561 1029
1098562 1029
1098565 1030
1098566 1030
1098568 1028
1098569 1029
1098570 1029
1098574 1031
1098576 1028
1098577 1029
1098578 1029
1098580 1028
1098581 1029
1098582 1029
1098584 1032
1098585 1033
1098586 1033
1098588 1032
1098589 1033
1098590 1033
1098592 1028
1098593 1029
1098594 1029
1098752 1034
1098753 1035
1098757 1036
1098760 1037
1098761 1038
1098765 1039
1098769 1040
1098772 1034
1098773 1035
1098776 1041
1098777 1042
1098780 1041
1098781 1042
1098784 1041
1098785 1042
1098816 1043
1098817 1044
1098818 1044
1098821 1045
1098822 1045
1098824 1046
1098825 1047
1098826 1047
1098829 1048
1098830 1048
1098832 1049
1098834 1050
1098836 1043
1098837 1044
1098838 1044
1098840 1051
1098841 1052
1098842 1052
1098844 1051
1098845 1052
1098846 1052
1098848 1051
1098849 1052
1098850 1052
1099008 1053
1099009 1054
1099013 1055
1099016 1056
1099017 1057
1099021 1058
1099024 1056
1099025 1057
1099029 1059
1099032 1053
1099033 1054
1099036 1053
1099037 1054
1099040 1053
1099041 1054
1099072 1060
1099073 1061
1099074 1061
1099077 1062
1099078 1062
1099080 1063
1099081 1064
1099082 1064
1099085 1065
1099086 1065
1099088 1063
1099089 1064
1099090 1064
1099092 1066
1099094 1067
1099096 1060
1099097 1061
1099098 1061
1099100 1060
1099101 1061
1099102 1061
1099104 1060
1099105 1061
1099106 1061
1099264 1068
1099265 1069
1099269 1070
1099272 1068
1099273 1069
1099277 1071
1099280 1068
1099281 1069
1099284 1068
1099285 1069
1099289 1072
1099292 1068
1099293 1069
1099296 1068
1099297 1069
1099328 1073
1099329 1074
1099330 1074
1099333 1075
1099334 1075
1099336 1073
1099337 1074
1099338 1074
1099341 1076
1099342 1076
1099344 1073
1099345 1074
1099346 1074
1099348 1073
1099349 1074
1099350 1074
1099352 1077
1099354 1078
1099356 1073
1099357 1074
1099358 1074
1099360 1073
1099361 1074
1099362 1074
1099520 1079
1099521 1080
1099525 1081
1099528 1079
1099529 1080
1099533 1082
1099536 1079
1099537 1080
1099540 1079
1099541 1080
1099544 1079
1099545 1080
1099549 1083
1099552 1079
1099553 1080
1099584 1084
1099585 1085
1099586 1085
1099589 1086
1099590 1086
1099592 1084
1099593 1085
1099594 1085
1099597 1087
1099598 1087
1099600 1084
1099601 1085
1099602 1085
1099604 1084
1099605 1085
1099606 1085
1099608 1084
1099609 1085
1099610 1085
1099612 1088
1099614 1089
1099616 1084
1099617 1085
1099618 1085
1099776 1090
1099777 1091
1099781 1092
1099784 1090
1099785 1091
1099789 1093
1099792 1094
1099793 1095
1099796 1094
1099797 1095
1099800 1096
1099801 1097
1099804 1096
1099805 1097
1099809 1098
1099840 1099
1099841 1100
1099842 1100
1099845 1101
1099846 1101
1099848 1099
1099849 1100
1099850 1100
1099853 1102
1099854 1102
1099856 1103
1099857 1104
1099858 1104
1099860 1103
1099861 1104
1099862 1104
1099864 1105
1099865 1106
1099866 1106
1099868 1105
1099869 1106
1099870 1106
1099872 1107
1099874 1108
1102720 1109
1102721 1109
1102723 1109
1102725 1110
1102727 1110
1102728 1109
1102729 1109
1102731 1109
1102732 1111
1102735 1111
1102736 1109
1102737 1109
1102739 1109
1102740 1109
1102741 1109
1102743 1109
1102744 1112
1102745 1112
1102747 1112
1102748 1112
1102749 1112
1102751 1112
1102752 1109
1102753 1109
1102755 1109
1102848 1043
1102849 1044
1102850 1044
1102853 1045
1102854 1045
1102856 1046
1102857 1047
1102858 1047
1102860 1113
1102862 1048
1102865 1050
1102866 1050
1102868 1043
1102869 1044
1102870 1044
1102872 1051
1102873 1052
1102874 1052
1102876 1051
1102877 1052
1102878 1052
1102880 1051
1102881 1052
1102882 1052
1102912 1044
1102913 1043
1102914 1044
1102917 1114
1102918 1045
1102920 1047
1102921 1046
1102922 1047
1102924 1048
1102926 1048
1102928 1050
1102930 1050
1102932 1044
1102933 1043
1102934 1044
1102936 1052
1102937 1051
1102938 1052
1102940 1052
1102941 1051
1102942 1052
1102944 1052
1102945 1051
1102946 1052
1102976 1115
1102977 1115
1102978 1115
1102979 1115
1102981 1116
1102982 1116
1102983 1116
1102984 1117
1102985 1117
1102986 1117
1102987 1117
1102988 1118
1102990 1118
1102991 1118
1102992 1119
1102993 1119
1102995 1119
1102996 1115
1102997 1115
1102998 1115
1102999 1115
1103000 1120
1103001 1120
1103002 1120
1103003 1120
1103004 1120
1103005 1120
1103006 1120
1103007 1120
1103008 1120
1103009 1120
1103010 1120
1103011 1120
1103104 1060
1103105 1061
1103106 1061
1103109 1062
1103110 1062
1103112 1063
1103113 1064
1103114 1064
1103116 1121
1103118 1065
1103120 1063
1103121 1064
1103122 1064
1103125 1067
1103126 1067
1103128 1060
1103129 1061
1103130 1061
1103132 1060
1103133 1061
1103134 1061
1103136 1060
1103137 1061
1103138 1061
1103168 1061
1103169 1060
1103170 1061
1103173 1122
1103174 1062
1103176 1064
1103177 1063
1103178 1064
1103180 1065
1103182 1065
1103184 1064
1103185 1063
1103186 1064
1103188 1067
1103190 1067
1103192 1061
1103193 1060
1103194 1061
1103196 1061
1103197 1060
1103198 1061
1103200 1061
1103201 1060
1103202 1061
1103232 1123
1103233 1123
1103234 1123
1103235 1123
1103237 1124
1103238 1124
1103239 1124
1103240 1125
1103241 1125
1103242 1125
1103243 1125
1103244 1126
1103246 1126
1103247 1126
1103248 1125
1103249 1125
1103250 1125
1103251 1125
1103252 1127
1103253 1127
1103255 1127
1103256 1123
1103257 1123
1103258 1123
1103259 1123
1103260 1123
1103261 1123
1103262 1123
1103263 1123
1103264 1123
1103265 1123
1103266 1123
1103267 1123
1103360 1073
1103361 1074
1103362 1074
1103365 1075
1103366 1075
1103368 1073
1103369 1074
1103370 1074
1103372 1128
1103374 1076
1103376 1073
1103377 1074
1103378 1074
1103380 1073
1103381 1074
1103382 1074
1103385 1078
1103386 1078
1103388 1073
1103389 1074
1103390 1074
1103392 1073
1103393 1074
1103394 1074
1103424 1074
1103425 1073
1103426 1074
1103429 1129
1103430 1075
1103432 1074
1103433 1073
1103434 1074
1103436 1076
1103438 1076
1103440 1074
1103441 1073
1103442 1074
1103444 1074
1103445 1073
1103446 1074
1103448 1078
1103450 1078
1103452 1074
1103453 1073
1103454 1074
1103456 1074
1103457 1073
1103458 1074
1103488 1130
1103489 1130
1103490 1130
1103491 1130
1103493 1131
1103494 1131
1103495 1131
1103496 1130
1103497 1130
1103498 1130
1103499 1130
1103500 1132
1103502 1132
1103503 1132
1103504 1130
1103505 1130
1103506 1130
1103507 1130
1103508 1130
1103509 1130
1103510 1130
1103511 1130
1103512 1133
1103513 1133
1103515 1133
1103516 1130
1103517 1130
1103518 1130
1103519 1130
1103520 1130
1103521 1130
1103522 1130
1103523 1130
1103616 1084
1103617 1085
1103618 1085
1103621 1086
1103622 1086
1103624 1084
1103625 1085
1103626 1085
1103628 1134
1103630 1087
1103632 1084
1103633 1085
1103634 1085
1103636 1084
1103637 1085
1103638 1085
1103640 1084
1103641 1085
1103642 1085
1103645 1089
1103646 1089
1103648 1084
1103649 1085
1103650 1085
1103680 1085
1103681 1084
1103682 1085
1103685 1135
1103686 1086
1103688 1085
1103689 1084
1103690 1085
1103692 1087
1103694 1087
1103696 1085
1103697 1084
1103698 1085
1103700 1085
1103701 1084
1103702 1085
1103704 1085
1103705 1084
1103706 1085
1103708 1089
1103710 1089
1103712 1085
1103713 1084
1103714 1085
1103744 1136
1103745 1136
1103746 1136
1103747 1136
1103749 1137
1103750 1137
1103751 1137
1103752 1136
1103753 1136
1103754 1136
1103755 1136
1103756 1138
1103758 1138
1103759 1138
1103760 1136
1103761 1136
1103762 1136
1103763 1136
1103764 1136
1103765 1136
1103766 1136
1103767 1136
1103768 1136
1103769 1136
1103770 1136
1103771 1136
1103772 1139
1103773 1139
1103775 1139
1103776 1136
1103777 1136
1103778 1136
1103779 1136
1103872 1099
1103873 1100
1103874 1100
1103877 1101
1103878 1101
1103880 1099
1103881 1100
1103882 1100
1103884 1140
1103886 1102
1103888 1103
1103889 1104
1103890 1104
1103892 1103
1103893 1104
1103894 1104
1103896 1105
1103897 1106
1103898 1106
1103900 1105
1103901 1106
1103902 1106
1103905 1108
1103906 1108
1103936 1100
1103937 1099
1103938 1100
1103941 1141
1103942 1101
1103944 1100
1103945 1099
1103946 1100
1103948 1102
1103950 1102
1103952 1104
1103953 1103
1103954 1104
1103956 1104
1103957 1103
1103958 1104
1103960 1106
1103961 1105
1103962 1106
1103964 1106
1103965 1105
1103966 1106
1103968 1108
1103970 1108
1104000 1142
1104001 1142
1104002 1142
1104003 1142
1104005 1143
1104006 1143
1104007 1143
1104008 1142
1104009 1142
1104010 1142
1104011 1142
1104012 1144
1104014 1144
1104015 1144
1104016 1145
1104017 1145
1104018 1145
1104019 1145
1104020 1145
1104021 1145
1104022 1145
1104023 1145
1104024 1146
1104025 1146
1104026 1146
1104027 1146
1104028 1146
1104029 1146
1104030 1146
1104031 1146
1104032 1147
1104033 1147
1104035 1147
1115200 1148
1115201 1149
1115202 1149
1115205 1150
1115206 1150
1115208 1148
1115209 1149
1115210 1149
1115212 1148
1115213 1149
1115214 1149
1115218 1151
1115220 1148
1115221 1149
1115222 1149
1115224 1152
1115225 1153
1115226 1153
1115228 1152
1115229 1153
1115230 1153
1115232 1152
1115233 1153
1115234 1153
1115392 1154
1115393 1155
1115397 1156
1115400 1157
1115401 1158
1115404 1157
1115405 1158
1115409 1159
1115413 1160
1115416 1154
1115417 1155
1115420 1154
1115421 1155
1115424 1154
1115425 1155
1115456 1161
1115457 1162
1115458 1162
1115461 1163
1115462 1163
1115464 1164
1115465 1165
1115466 1165
1115468 1164
1115469 1165
1115470 1165
1115473 1166
1115474 1166
1115476 1167
1115478 1168
1115480 1161
1115481 1162
1115482 1162
1115484 1161
1115485 1162
1115486 1162
1115488 1161
1115489 1162
1115490 1162
1115648 1169
1115649 1170
1115653 1171
1115656 1169
1115657 1170
1115660 1169
1115661 1170
1115665 1172
1115668 1169
1115669 1170
1115673 1173
1115676 1169
1115677 1170
1115680 1169
1115681 1170
1115712 1174
1115713 1175
1115714 1175
1115717 1176
1115718 1176
1115720 1174
1115721 1175
1115722 1175
1115724 1174
1115725 1175
1115726 1175
1115729 1177
1115730 1177
1115732 1174
1115733 1175
1115734 1175
1115736 1178
1115738 1179
1115740 1174
1115741 1175
1115742 1175
1115744 1174
1115745 1175
1115746 1175
1115904 1180
1115905 1181
1115909 1182
1115912 1180
1115913 1181
1115916 1180
1115917 1181
1115921 1183
1115924 1180
1115925 1181
1115928 1180
1115929 1181
1115933 1184
1115936 1180
1115937 1181
1115968 1185
1115969 1186
1115970 1186
1115973 1187
1115974 1187
1115976 1185
1115977 1186
1115978 1186
1115980 1185
1115981 1186
1115982 1186
1115985 1188
1115986 1188
1115988 1185
1115989 1186
1115990 1186
1115992 1185
1115993 1186
1115994 1186
1115996 1189
1115998 1190
1116000 1185
1116001 1186
1116002 1186
1116160 1191
1116161 1192
1116165 1193
1116168 1191
1116169 1192
1116172 1191
1116173 1192
1116177 1194
1116180 1191
1116181 1192
1116184 1191
1116185 1192
1116188 1191
1116189 1192
1116193 1195
1116224 1196
1116225 1197
1116226 1197
1116229 1198
1116230 1198
1116232 1196
1116233 1197
1116234 1197
1116236 1196
1116237 1197
1116238 1197
1116241 1199
1116242 1199
1116244 1196
1116245 1197
1116246 1197
1116248 1196
1116249 1197
1116250 1197
1116252 1196
1116253 1197
1116254 1197
1116256 1200
1116258 1201
1119360 1202
1119361 1202
1119363 1202
1119365 1203
1119367 1203
1119368 1202
1119369 1202
1119371 1202
1119372 1202
1119373 1202
1119375 1202
1119376 1204
1119379 1204
1119380 1202
1119381 1202
1119383 1202
1119384 1205
1119385 1205
1119387 1205
1119388 1205
1119389 1205
1119391 1205
1119392 1205
1119393 1205
1119395 1205
1119488 1161
1119489 1162
1119490 1162
1119493 1163
1119494 1163
1119496 1164
1119497 1165
1119498 1165
1119500 1164
1119501 1165
1119502 1165
1119504 1206
1119506 1166
1119509 1168
1119510 1168
1119512 1161
1119513 1162
1119514 1162
1119516 1161
1119517 1162
1119518 1162
1119520 1161
1119521 1162
1119522 1162
1119552 1162
1119553 1161
1119554 1162
1119557 1207
1119558 1163
1119560 1165
1119561 1164
1119562 1165
1119564 1165
1119565 1164
1119566 1165
1119568 1166
1119570 1166
1119572 1168
1119574 1168
1119576 1162
1119577 1161
1119578 1162
1119580 1162
1119581 1161
1119582 1162
1119584 1162
1119585 1161
1119586 1162
1119616 1208
1119617 1208
1119618 1208
1119619 1208
1119621 1209
1119622 1209
1119623 1209
1119624 1210
1119625 1210
1119626 1210
1119627 1210
1119628 1210
1119629 1210
1119630 1210
1119631 1210
1119632 1211
1119634 1211
1119635 1211
1119636 1212
1119637 1212
1119639 1212
1119640 1208
1119641 1208
1119642 1208
1119643 1208
1119644 1208
1119645 1208
1119646 1208
1119647 1208
1119648 1208
1119649 1208
1119650 1208
1119651 1208
1119744 1174
1119745 1175
1119746 1175
1119749 1176
1119750 1176
1119752 1174
1119753 1175
1119754 1175
1119756 1174
1119757 1175
1119758 1175
1119760 1213
1119762 1177
1119764 1174
1119765 1175
1119766 1175
1119769 1179
1119770 1179
1119772 1174
1119773 1175
1119774 1175
1119776 1174
1119777 1175
1119778 1175
1119808 1175
1119809 1174
1119810 1175
1119813 1214
1119814 1176
1119816 1175
1119817 1174
1119818 1175
1119820 1175
1119821 1174
1119822 1175
1119824 1177
1119826 1177
1119828 1175
1119829 1174
1119830 1175
1119832 1179
1119834 1179
1119836 1175
1119837 1174
1119838 1175
1119840 1175
1119841 1174
1119842 1175
1119872 1215
1119873 1215
1119874 1215
1119875 1215
1119877 1216
1119878 1216
1119879 1216
1119880 1215
1119881 1215
1119882 1215
1119883 1215
1119884 1215
1119885 1215
1119886 1215
1119887 1215
1119888 1217
1119890 1217
1119891 1217
1119892 1215
1119893 1215
1119894 1215
1119895 1215
1119896 1218
1119897 1218
1119899 1218
1119900 1215
1119901 1215
1119902 1215
1119903 1215
1119904 1215
1119905 1215
1119906 1215
1119907 1215
1120000 1185
1120001 1186
1120002 1186
1120005 1187
1120006 1187
1120008 1185
1120009 1186
1120010 1186
1120012 1185
1120013 1186
1120014 1186
1120016 1219
1120018 1188
1120020 1185
1120021 1186
1120022 1186
1120024 1185
1120025 1186
1120026 1186
1120029 1190
1120030 1190
1120032 1185
1120033 1186
1120034 1186
1120064 1186
1120065 1185
1120066 1186
1120069 1220
1120070 1187
1120072 1186
1120073 1185
1120074 1186
1120076 1186
1120077 1185
1120078 1186
1120080 1188
1120082 1188
1120084 1186
1120085 1185
1120086 1186
1120088 1186
1120089 1185
1120090 1186
1120092 1190
1120094 1190
1120096 1186
1120097 1185
1120098 1186
1120128 1221
1120129 1221
1120130 1221
1120131 1221
1120133 1222
1120134 1222
1120135 1222
1120136 1221
1120137 1221
1120138 1221
1120139 1221
1120140 1221
1120141 1221
1120142 1221
1120143 1221
1120144 1223
1120146 1223
1120147 1223
1120148 1221
1120149 1221
1120150 1221
1120151 1221
1120152 1221
1120153 1221
1120154 1221
1120155 1221
1120156 1224
1120157 1224
1120159 1224
1120160 1221
1120161 1221
1120162 1221
1120163 1221
1120256 1196
1120257 1197
1120258 1197
1120261 1198
1120262 1198
1120264 1196
1120265 1197
1120266 1197
1120268 1196
1120269 1197
1120270 1197
1120272 1225
1120274 1199
1120276 1196
1120277 1197
1120278 1197
1120280 1196
1120281 1197
1120282 1197
1120284 1196
1120285 1197
1120286 1197
1120289 1201
1120290 1201
1120320 1197
1120321 1196
1120322 1197
1120325 1226
1120326 1198
1120328 1197
1120329 1196
1120330 1197
1120332 1197
1120333 1196
1120334 1197
1120336 1199
1120338 1199
1120340 1197
1120341 1196
1120342 1197
1120344 1197
1120345 1196
1120346 1197
1120348 1197
1120349 1196
1120350 1197
1120352 1201
1120354 1201
1120384 1227
1120385 1227
1120386 1227
1120387 1227
1120389 1228
1120390 1228
1120391 1228
1120392 1227
1120393 1227
1120394 1227
1120395 1227
1120396 1227
1120397 1227
1120398 1227
1120399 1227
1120400 1229
1120402 1229
1120403 1229
1120404 1227
1120405 1227
1120406 1227
1120407 1227
1120408 1227
1120409 1227
1120410 1227
1120411 1227
1120412 1227
1120413 1227
1120414 1227
1120415 1227
1120416 1230
1120417 1230
1120419 1230
1131840 1231
1131841 1232
1131842 1232
1131845 1233
1131846 1233
1131848 1234
1131849 1235
1131850 1235
1131852 1234
1131853 1235
1131854 1235
1131856 1234
1131857 1235
1131858 1235
1131862 1236
1131864 1231
1131865 1232
1131866 1232
1131868 1231
1131869 1232
1131870 1232
1131872 1231
1131873 1232
1131874 1232
1132032 1237
1132033 1238
1132037 1239
1132040 1240
1132041 1241
1132044 1240
1132045 1241
1132048 1240
1132049 1241
1132053 1242
1132057 1243
1132060 1240
1132061 1241
1132064 1240
1132065 1241
1132096 1244
1132097 1245
1132098 1245
1132101 1246
1132102 1246
1132104 1247
1132105 1248
1132106 1248
1132108 1247
1132109 1248
1132110 1248
1132112 1247
1132113 1248
1132114 1248
1132117 1249
1132118 1249
1132120 1250
1132122 1251
1132124 1247
1132125 1248
1132126 1248
1132128 1247
1132129 1248
1132130 1248
1132288 1252
1132289 1253
1132293 1254
1132296 1255
1132297 1256
1132300 1255
1132301 1256
1132304 1255
1132305 1256
1132309 1257
1132312 1255
1132313 1256
1132317 1258
1132320 1255
1132321 1256
1132352 1259
1132353 1260
1132354 1260
1132357 1261
1132358 1261
1132360 1262
1132361 1263
1132362 1263
1132364 1262
1132365 1263
1132366 1263
1132368 1262
1132369 1263
1132370 1263
1132373 1264
1132374 1264
1132376 1262
1132377 1263
1132378 1263
1132380 1265
1132382 1266
1132384 1262
1132385 1263
1132386 1263
1132544 1267
1132545 1268
1132549 1269
1132552 1267
1132553 1268
1132556 1267
1132557 1268
1132560 1267
1132561 1268
1132565 1270
1132568 1267
1132569 1268
1132572 1267
1132573 1268
1132577 1271
1132608 1272
1132609 1273
1132610 1273
1132613 1274
1132614 1274
1132616 1272
1132617 1273
1132618 1273
1132620 1272
1132621 1273
1132622 1273
1132624 1272
1132625 1273
1132626 1273
1132629 1275
1132630 1275
1132632 1272
1132633 1273
1132634 1273
1132636 1272
1132637 1273
1132638 1273
1132640 1276
1132642 1277
1136000 1278
1136001 1278
1136003 1278
1136005 1279
1136007 1279
1136008 1280
1136009 1280
1136011 1280
1136012 1280
1136013 1280
1136015 1280
1136016 1280
1136017 1280
1136019 1280
1136020 1281
1136023 1281
1136024 1278
1136025 1278
1136027 1278
1136028 1278
1136029 1278
1136031 1278
1136032 1278
1136033 1278
1136035 1278
1136128 1244
1136129 1245
1136130 1245
1136133 1246
1136134 1246
1136136 1247
1136137 1248
1136138 1248
1136140 1247
1136141 1248
1136142 1248
1136144 1247
1136145 1248
1136146 1248
1136148 1282
1136150 1249
1136153 1251
1136154 1251
1136156 1247
1136157 1248
1136158 1248
1136160 1247
1136161 1248
1136162 1248
1136192 1245
1136193 1244
1136194 1245
1136197 1283
1136198 1246
1136200 1248
1136201 1247
1136202 1248
1136204 1248
1136205 1247
1136206 1248
1136208 1248
1136209 1247
1136210 1248
1136212 1249
1136214 1249
1136216 1251
1136218 1251
1136220 1248
1136221 1247
1136222 1248
1136224 1248
1136225 1247
1136226 1248
1136256 1284
1136257 1284
1136258 1284
1136259 1284
1136261 1285
1136262 1285
1136263 1285
1136264 1286
1136265 1286
1136266 1286
1136267 1286
1136268 1286
1136269 1286
1136270 1286
1136271 1286
1136272 1286
1136273 1286
1136274 1286
1136275 1286
1136276 1287
1136278 1287
1136279 1287
1136280 1288
1136281 1288
1136283 1288
1136284 1286
1136285 1286
1136286 1286
1136287 1286
1136288 1286
1136289 1286
1136290 1286
1136291 1286
1136384 1259
1136385 1260
1136386 1260
1136389 1261
1136390 1261
1136392 1262
1136393 1263
1136394 1263
1136396 1262
1136397 1263
1136398 1263
1136400 1262
1136401 1263
1136402 1263
1136404 1289
1136406 1264
1136408 1262
1136409 1263
1136410 1263
1136413 1266
1136414 1266
1136416 1262
1136417 1263
1136418 1263
1136448 1260
1136449 1259
1136450 1260
1136453 1290
1136454 1261
1136456 1263
1136457 1262
1136458 1263
1136460 1263
1136461 1262
1136462 1263
1136464 1263
1136465 1262
1136466 1263
1136468 1264
1136470 1264
1136472 1263
1136473 1262
1136474 1263
1136476 1266
1136478 1266
1136480 1263
1136481 1262
1136482 1263
1136512 1291
1136513 1291
1136514 1291
1136515 1291
1136517 1292
1136518 1292
1136519 1292
1136520 1293
1136521 1293
1136522 1293
1136523 1293
1136524 1293
1136525 1293
1136526 1293
1136527 1293
1136528 1293
1136529 1293
1136530 1293
1136531 1293
1136532 1294
1136534 1294
1136535 1294
1136536 1293
1136537 1293
1136538 1293
1136539 1293
1136540 1295
1136541 1295
1136543 1295
1136544 1293
1136545 1293
1136546 1293
1136547 1293
1136640 1272
1136641 1273
1136642 1273
1136645 1274
1136646 1274
1136648 1272
1136649 1273
1136650 1273
1136652 1272
1136653 1273
1136654 1273
1136656 1272
1136657 1273
1136658 1273
1136660 1296
1136662 1275
1136664 1272
1136665 1273
1136666 1273
1136668 1272
1136669 1273
1136670 1273
1136673 1277
1136674 1277
1136704 1273
1136705 1272
1136706 1273
1136709 1297
1136710 1274
1136712 1273
1136713 1272
1136714 1273
1136716 1273
1136717 1272
1136718 1273
1136720 1273
1136721 1272
1136722 1273
1136724 1275
1136726 1275
1136728 1273
1136729 1272
1136730 1273
1136732 1273
1136733 1272
1136734 1273
1136736 1277
1136738 1277
1136768 1298
1136769 1298
1136770 1298
1136771 1298
1136773 1299
1136774 1299
1136775 1299
1136776 1298
1136777 1298
1136778 1298
1136779 1298
1136780 1298
1136781 1298
1136782 1298
1136783 1298
1136784 1298
1136785 1298
1136786 1298
1136787 1298
1136788 1300
1136790 1300
1136791 1300
1136792 1298
1136793 1298
1136794 1298
1136795 1298
1136796 1298
1136797 1298
1136798 1298
1136799 1298
1136800 1301
1136801 1301
1136803 1301
1148480 1302
1148481 1303
1148482 1303
1148485 1304
1148486 1304
1148488 1302
1148489 1303
1148490 1303
1148492 1302
1148493 1303
1148494 1303
1148496 1302
1148497 1303
1148498 1303
1148500 1302
1148501 1303
1148502 1303
1148506 1305
1148508 1302
1148509 1303
1148510 1303
1148512 1302
1148513 1303
1148514 1303
1148672 1306
1148673 1307
1148677 1308
1148680 1306
1148681 1307
1148684 1309
1148685 1310
1148688 1309
1148689 1310
1148692 1309
1148693 1310
1148697 1311
1148701 1312
1148704 1309
1148705 1310
1148736 1313
1148737 1314
1148738 1314
1148741 1315
1148742 1315
1148744 1313
1148745 1314
1148746 1314
1148748 1316
1148749 1317
1148750 1317
1148752 1316
1148753 1317
1148754 1317
1148756 1316
1148757 1317
1148758 1317
1148761 1318
1148762 1318
1148764 1319
1148766 1320
1148768 1316
1148769 1317
1148770 1317
1148928 1321
1148929 1322
1148933 1323
1148936 1321
1148937 1322
1148940 1321
1148941 1322
1148944 1321
1148945 1322
1148948 1321
1148949 1322
1148953 1324
1148956 1321
1148957 1322
1148961 1325
1148992 1326
1148993 1327
1148994 1327
1148997 1328
1148998 1328
1149000 1326
1149001 1327
1149002 1327
1149004 1326
1149005 1327
1149006 1327
1149008 1326
1149009 1327
1149010 1327
1149012 1326
1149013 1327
1149014 1327
1149017 1329
1149018 1329
1149020 1326
1149021 1327
1149022 1327
1149024 1330
1149026 1331
1152640 1332
1152641 1332
1152643 1332
1152645 1333
1152647 1333
1152648 1332
1152649 1332
1152651 1332
1152652 1332
1152653 1332
1152655 1332
1152656 1332
1152657 1332
1152659 1332
1152660 1332
1152661 1332
1152663 1332
1152664 1334
1152667 1334
1152668 1332
1152669 1332
1152671 1332
1152672 1332
1152673 1332
1152675 1332
1152768 1313
1152769 1314
1152770 1314
1152773 1315
1152774 1315
1152776 1313
1152777 1314
1152778 1314
1152780 1316
1152781 1317
1152782 1317
1152784 1316
1152785 1317
1152786 1317
1152788 1316
1152789 1317
1152790 1317
1152792 1335
1152794 1318
1152797 1320
1152798 1320
1152800 1316
1152801 1317
1152802 1317
1152832 1314
1152833 1313
1152834 1314
1152837 1336
1152838 1315
1152840 1314
1152841 1313
1152842 1314
1152844 1317
1152845 1316
1152846 1317
1152848 1317
1152849 1316
1152850 1317
1152852 1317
1152853 1316
1152854 1317
1152856 1318
1152858 1318
1152860 1320
1152862 1320
1152864 1317
1152865 1316
1152866 1317
1152896 1337
1152897 1337
1152898 1337
1152899 1337
1152901 1338
1152902 1338
1152903 1338
1152904 1337
1152905 1337
1152906 1337
1152907 1337
1152908 1339
1152909 1339
1152910 1339
1152911 1339
1152912 1339
1152913 1339
1152914 1339
1152915 1339
1152916 1339
1152917 1339
1152918 1339
1152919 1339
1152920 1340
1152922 1340
1152923 1340
1152924 1341
1152925 1341
1152927 1341
1152928 1339
1152929 1339
1152930 1339
1152931 1339
1153024 1326
1153025 1327
1153026 1327
1153029 1328
1153030 1328
1153032 1326
1153033 1327
1153034 1327
1153036 1326
1153037 1327
1153038 1327
1153040 1326
1153041 1327
1153042 1327
1153044 1326
1153045 1327
1153046 1327
1153048 1342
1153050 1329
1153052 1326
1153053 1327
1153054 1327
1153057 1331
1153058 1331
1153088 1327
1153089 1326
1153090 1327
1153093 1343
1153094 1328
1153096 1327
1153097 1326
1153098 1327
1153100 1327
1153101 1326
1153102 1327
1153104 1327
1153105 1326
1153106 1327
1153108 1327
1153109 1326
1153110 1327
1153112 1329
1153114 1329
1153116 1327
1153117 1326
1153118 1327
1153120 1331
1153122 1331
1153152 1344
1153153 1344
1153154 1344
1153155 1344
1153157 1345
1153158 1345
1153159 1345
1153160 1344
1153161 1344
1153162 1344
1153163 1344
1153164 1344
1153165 1344
1153166 1344
1153167 1344
1153168 1344
1153169 1344
1153170 1344
1153171 1344
1153172 1344
1153173 1344
1153174 1344
1153175 1344
1153176 1346
1153178 1346
1153179 1346
1153180 1344
1153181 1344
1153182 1344
1153183 1344
1153184 1347
1153185 1347
1153187 1347
1165120 1348
1165121 1349
1165122 1349
1165125 1350
1165126 1350
1165128 1348
1165129 1349
1165130 1349
1165132 1348
1165133 1349
1165134 1349
1165136 1348
1165137 1349
1165138 1349
1165140 1348
1165141 1349
1165142 1349
1165144 1348
1165145 1349
1165146 1349
1165150 1351
1165152 1348
1165153 1349
1165154 1349
1165312 1352
1165313 1353
1165317 1354
1165320 1352
1165321 1353
1165324 1352
1165325 1353
1165328 1352
1165329 1353
1165332 1352
1165333 1353
1165336 1352
1165337 1353
1165341 1355
1165345 1356
1165376 1357
1165377 1358
1165378 1358
1165381 1359
1165382 1359
1165384 1357
1165385 1358
1165386 1358
1165388 1357
1165389 1358
1165390 1358
1165392 1357
1165393 1358
1165394 1358
1165396 1357
1165397 1358
1165398 1358
1165400 1357
1165401 1358
1165402 1358
1165405 1360
1165406 1360
1165408 1361
1165410 1362
1169280 1363
1169281 1363
1169283 1363
1169285 1364
1169287 1364
1169288 1363
1169289 1363
1169291 1363
1169292 1363
1169293 1363
1169295 1363
1169296 1363
1169297 1363
1169299 1363
1169300 1363
1169301 1363
1169303 1363
1169304 1363
1169305 1363
1169307 1363
1169308 1365
1169311 1365
1169312 1363
1169313 1363
1169315 1363
1169408 1357
1169409 1358
1169410 1358
1169413 1359
1169414 1359
1169416 1357
1169417 1358
1169418 1358
1169420 1357
1169421 1358
1169422 1358
1169424 1357
1169425 1358
1169426 1358
1169428 1357
1169429 1358
1169430 1358
1169432 1357
1169433 1358
1169434 1358
1169436 1366
1169438 1360
1169441 1362
1169442 1362
1169472 1358
1169473 1357
1169474 1358
1169477 1367
1169478 1359
1169480 1358
1169481 1357
1169482 1358
1169484 1358
1169485 1357
1169486 1358
1169488 1358
1169489 1357
1169490 1358
1169492 1358
1169493 1357
1169494 1358
1169496 1358
1169497 1357
1169498 1358
1169500 1360
1169502 1360
1169504 1362
1169506 1362
1169536 1368
1169537 1368
1169538 1368
1169539 1368
1169541 1369
1169542 1369
1169543 1369
1169544 1368
1169545 1368
1169546 1368
1169547 1368
1169548 1368
1169549 1368
1169550 1368
1169551 1368
1169552 1368
1169553 1368
1169554 1368
1169555 1368
1169556 1368
1169557 1368
1169558 1368
1169559 1368
1169560 1368
1169561 1368
1169562 1368
1169563 1368
1169564 1370
1169566 1370
1169567 1370
1169568 1371
1169569 1371
1169571 1371
1181760 1372
1181761 1373
1181762 1373
1181765 1374
1181766 1374
1181768 1372
1181769 1373
1181770 1373
1181772 1372
1181773 1373
1181774 1373
1181776 1375
1181777 1376
1181778 1376
1181780 1375
1181781 1376
1181782 1376
1181784 1375
1181785 1376
1181786 1376
1181788 1375
1181789 1376
1181790 1376
1181794 1377
1185920 1378
1185921 1378
1185923 1378
1185925 1379
1185927 1379
1185928 1378
1185929 1378
1185931 1378
1185932 1378
1185933 1378
1185935 1378
1185936 1380
1185937 1380
1185939 1380
1185940 1380
1185941 1380
1185943 1380
1185944 1380
1185945 1380
1185947 1380
1185948 1380
1185949 1380
1185951 1380
1185952 1381
1185955 1381
2134656 1382
2134659 1382
2134660 1382
2134663 1382
2134667 1383
2134668 1382
2134671 1382
2134672 1382
2134675 1382
2134676 1382
2134679 1382
2134680 1382
2134683 1382
2134684 1382
2134687 1382
2134688 1382
2134691 1382
2134784 1384
2134785 1385
2134786 1385
2134788 1384
2134789 1385
2134790 1385
2134794 1386
2134797 1387
2134798 1387
2134800 1384
2134801 1385
2134802 1385
2134804 1384
2134805 1385
2134806 1385
2134808 1384
2134809 1385
2134810 1385
2134812 1388
2134813 1389
2134814 1389
2134816 1384
2134817 1385
2134818 1385
2134912 1390
2134914 1390
2134915 1390
2134916 1390
2134918 1390
2134919 1390
2134922 1391
2134923 1391
2134924 1392
2134927 1392
2134928 1390
2134930 1390
2134931 1390
2134932 1390
2134934 1390
2134935 1390
2134936 1390
2134938 1390
2134939 1390
2134940 1393
2134942 1393
2134943 1393
2134944 1390
2134946 1390
2134947 1390
2135040 1394
2135041 1395
2135042 1395
2135044 1394
2135045 1395
2135046 1395
2135050 1396
2135052 1394
2135053 1395
2135054 1395
2135057 1397
2135058 1397
2135060 1394
2135061 1395
2135062 1395
2135064 1394
2135065 1395
2135066 1395
2135068 1398
2135069 1399
2135070 1399
2135072 1398
2135073 1399
2135074 1399
2135168 1400
2135170 1400
2135171 1400
2135172 1400
2135174 1400
2135175 1400
2135178 1401
2135179 1401
2135180 1400
2135182 1400
2135183 1400
2135184 1402
2135187 1402
2135188 1400
2135190 1400
2135191 1400
2135192 1400
2135194 1400
2135195 1400
2135196 1403
2135198 1403
2135199 1403
2135200 1403
2135202 1403
2135203 1403
2135296 1404
2135297 1405
2135298 1405
2135300 1406
2135301 1407
2135302 1407
2135306 1408
2135308 1406
2135309 1407
2135310 1407
2135312 1406
2135313 1407
2135314 1407
2135317 1409
2135318 1409
2135320 1406
2135321 1407
2135322 1407
2135324 1404
2135325 1405
2135326 1405
2135328 1404
2135329 1405
2135330 1405
2135424 1410
2135426 1410
2135427 1410
2135428 1411
2135430 1411
2135431 1411
2135434 1412
2135435 1412
2135436 1411
2135438 1411
2135439 1411
2135440 1411
2135442 1411
2135443 1411
2135444 1413
2135447 1413
2135448 1411
2135450 1411
2135451 1411
2135452 1410
2135454 1410
2135455 1410
2135456 1410
2135458 1410
2135459 1410
2135552 1414
2135553 1415
2135554 1415
2135556 1414
2135557 1415
2135558 1415
2135562 1416
2135564 1417
2135565 1418
2135566 1418
2135568 1417
2135569 1418
2135570 1418
2135572 1417
2135573 1418
2135574 1418
2135577 1419
2135578 1419
2135580 1414
2135581 1415
2135582 1415
2135584 1414
2135585 1415
2135586 1415
2135680 1420
2135682 1420
2135683 1420
2135684 1420
2135686 1420
2135687 1420
2135690 1421
2135691 1421
2135692 1422
2135694 1422
2135695 1422
2135696 1422
2135698 1422
2135699 1422
2135700 1422
2135702 1422
2135703 1422
2135704 1423
2135707 1423
2135708 1420
2135710 1420
2135711 1420
2135712 1420
2135714 1420
2135715 1420
2135808 1424
2135809 1425
2135810 1425
2135812 1424
2135813 1425
2135814 1425
2135818 1426
2135820 1424
2135821 1425
2135822 1425
2135824 1424
2135825 1425
2135826 1425
2135828 1424
2135829 1425
2135830 1425
2135832 1424
2135833 1425
2135834 1425
2135837 1427
2135838 1427
2135840 1424
2135841 1425
2135842 1425
2135936 1428
2135938 1428
2135939 1428
2135940 1428
2135942 1428
2135943 1428
2135946 1429
2135947 1429
2135948 1428
2135950 1428
2135951 1428
2135952 1428
2135954 1428
2135955 1428
2135956 1428
2135958 1428
2135959 1428
2135960 1428
2135962 1428
2135963 1428
2135964 1430
2135967 1430
2135968 1428
2135970 1428
2135971 1428
2136064 1431
2136065 1432
2136066 1432
2136068 1431
2136069 1432
2136070 1432
2136074 1433
2136076 1431
2136077 1432
2136078 1432
2136080 1434
2136081 1435
2136082 1435
2136084 1434
2136085 1435
2136086 1435
2136088 1434
2136089 1435
2136090 1435
2136092 1434
2136093 1435
2136094 1435
2136097 1436
2136098 1436
2136192 1437
2136194 1437
2136195 1437
2136196 1437
2136198 1437
2136199 1437
2136202 1438
2136203 1438
2136204 1437
2136206 1437
2136207 1437
2136208 1439
2136210 1439
2136211 1439
2136212 1439
2136214 1439
2136215 1439
2136216 1439
2136218 1439
2136219 1439
2136220 1439
2136222 1439
2136223 1439
2136224 1440
2136227 1440
2147136 1441
2147137 1442
2147138 1442
2147140 1441
2147141 1442
2147142 1442
2147145 1443
2147146 1443
2147150 1444
2147152 1441
2147153 1442
2147154 1442
2147156 1441
2147157 1442
2147158 1442
2147160 1441
2147161 1442
2147162 1442
2147164 1445
2147165 1446
2147166 1446
2147168 1441
2147169 1442
2147170 1442
2147328 1447
2147329 1448
2147332 1449
2147333 1450
2147337 1451
2147341 1452
2147345 1453
2147348 1449
2147349 1450
2147352 1447
2147353 1448
2147356 1454
2147357 1455
2147360 1454
2147361 1455
2147392 1456
2147393 1457
2147394 1457
2147396 1458
2147397 1459
2147398 1459
2147401 1460
2147402 1460
2147405 1461
2147406 1461
2147408 1462
2147410 1463
2147412 1458
2147413 1459
2147414 1459
2147416 1456
2147417 1457
2147418 1457
2147420 1464
2147421 1465
2147422 1465
2147424 1464
2147425 1465
2147426 1465
2147584 1466
2147585 1467
2147588 1468
2147589 1469
2147593 1470
2147597 1471
2147600 1472
2147601 1473
2147605 1474
2147608 1468
2147609 1469
2147612 1466
2147613 1467
2147616 1466
2147617 1467
2147648 1475
2147649 1476
2147650 1476
2147652 1477
2147653 1478
2147654 1478
2147657 1479
2147658 1479
2147661 1480
2147662 1480
2147664 1481
2147665 1482
2147666 1482
2147668 1483
2147670 1484
2147672 1477
2147673 1478
2147674 1478
2147676 1475
2147677 1476
2147678 1476
2147680 1475
2147681 1476
2147682 1476
2147840 1485
2147841 1486
2147844 1485
2147845 1486
2147849 1487
2147853 1488
2147856 1489
2147857 1490
2147860 1489
2147861 1490
2147865 1491
2147868 1485
2147869 1486
2147872 1485
2147873 1486
2147904 1492
2147905 1493
2147906 1493
2147908 1492
2147909 1493
2147910 1493
2147913 1494
2147914 1494
2147917 1495
2147918 1495
2147920 1496
2147921 1497
2147922 1497
2147924 1496
2147925 1497
2147926 1497
2147928 1498
2147930 1499
2147932 1492
2147933 1493
2147934 1493
2147936 1492
2147937 1493
2147938 1493
2148096 1500
2148097 1501
2148100 1500
2148101 1501
2148105 1502
2148109 1503
2148112 1500
2148113 1501
2148116 1500
2148117 1501
2148120 1500
2148121 1501
2148125 1504
2148128 1500
2148129 1501
2148160 1505
2148161 1506
2148162 1506
2148164 1505
2148165 1506
2148166 1506
2148169 1507
2148170 1507
2148173 1508
2148174 1508
2148176 1505
2148177 1506
2148178 1506
2148180 1505
2148181 1506
2148182 1506
2148184 1505
2148185 1506
2148186 1506
2148188 1509
2148190 1510
2148192 1505
2148193 1506
2148194 1506
2148352 1511
2148353 1512
2148356 1511
2148357 1512
2148361 1513
2148365 1514
2148368 1515
2148369 1516
2148372 1515
2148373 1516
2148376 1515
2148377 1516
2148380 1517
2148381 1518
2148385 1519
2148416 1520
2148417 1521
2148418 1521
2148420 1520
2148421 1521
2148422 1521
2148425 1522
2148426 1522
2148429 1523
2148430 1523
2148432 1524
2148433 1525
2148434 1525
2148436 1524
2148437 1525
2148438 1525
2148440 1524
2148441 1525
2148442 1525
2148444 1526
2148445 1527
2148446 1527
2148448 1528
2148450 1529
2151296 1530
2151297 1530
2151299 1530
2151300 1530
2151301 1530
2151303 1530
2151305 1531
2151307 1531
2151308 1532
2151311 1532
2151312 1530
2151313 1530
2151315 1530
2151316 1530
2151317 1530
2151319 1530
2151320 1530
2151321 1530
2151323 1530
2151324 1533
2151325 1533
2151327 1533
2151328 1530
2151329 1530
2151331 1530
2151424 1456
2151425 1457
2151426 1457
2151428 1458
2151429 1459
2151430 1459
2151433 1460
2151434 1460
2151436 1534
2151438 1461
2151441 1463
2151442 1463
2151444 1458
2151445 1459
2151446 1459
2151448 1456
2151449 1457
2151450 1457
2151452 1464
2151453 1465
2151454 1465
2151456 1464
2151457 1465
2151458 1465
2151488 1457
2151489 1456
2151490 1457
2151492 1459
2151493 1458
2151494 1459
2151497 1535
2151498 1460
2151500 1461
2151502 1461
2151504 1463
2151506 1463
2151508 1459
2151509 1458
2151510 1459
2151512 1457
2151513 1456
2151514 1457
2151516 1465
2151517 1464
2151518 1465
2151520 1465
2151521 1464
2151522 1465
2151552 1536
2151553 1536
2151554 1536
2151555 1536
2151556 1537
2151557 1537
2151558 1537
2151559 1537
2151561 1538
2151562 1538
2151563 1538
2151564 1539
2151566 1539
2151567 1539
2151568 1540
2151569 1540
2151571 1540
2151572 1537
2151573 1537
2151574 1537
2151575 1537
2151576 1536
2151577 1536
2151578 1536
2151579 1536
2151580 1541
2151581 1541
2151582 1541
2151583 1541
2151584 1541
2151585 1541
2151586 1541
2151587 1541
2151680 1475
2151681 1476
2151682 1476
2151684 1477
2151685 1478
2151686 1478
2151689 1479
2151690 1479
2151692 1542
2151694 1480
2151696 1481
2151697 1482
2151698 1482
2151701 1484
2151702 1484
2151704 1477
2151705 1478
2151706 1478
2151708 1475
2151709 1476
2151710 1476
2151712 1475
2151713 1476
2151714 1476
2151744 1476
2151745 1475
2151746 1476
2151748 1478
2151749 1477
2151750 1478
2151753 1543
2151754 1479
2151756 1480
2151758 1480
2151760 1482
2151761 1481
2151762 1482
2151764 1484
2151766 1484
2151768 1478
2151769 1477
2151770 1478
2151772 1476
2151773 1475
2151774 1476
2151776 1476
2151777 1475
2151778 1476
2151808 1544
2151809 1544
2151810 1544
2151811 1544
2151812 1545
2151813 1545
2151814 1545
2151815 1545
2151817 1546
2151818 1546
2151819 1546
2151820 1547
2151822 1547
2151823 1547
2151824 1548
2151825 1548
2151826 1548
2151827 1548
2151828 1549
2151829 1549
2151831 1549
2151832 1545
2151833 1545
2151834 1545
2151835 1545
2151836 1544
2151837 1544
2151838 1544
2151839 1544
2151840 1544
2151841 1544
2151842 1544
2151843 1544
2151936 1492
2151937 1493
2151938 1493
2151940 1492
2151941 1493
2151942 1493
2151945 1494
2151946 1494
2151948 1550
2151950 1495
2151952 1496
2151953 1497
2151954 1497
2151956 1496
2151957 1497
2151958 1497
2151961 1499
2151962 1499
2151964 1492
2151965 1493
2151966 1493
2151968 1492
2151969 1493
2151970 1493
2152000 1493
2152001 1492
2152002 1493
2152004 1493
2152005 1492
2152006 1493
2152009 1551
2152010 1494
2152012 1495
2152014 1495
2152016 1497
2152017 1496
2152018 1497
2152020 1497
2152021 1496
2152022 1497
2152024 1499
2152026 1499
2152028 1493
2152029 1492
2152030 1493
2152032 1493
2152033 1492
2152034 1493
2152064 1552
2152065 1552
2152066 1552
2152067 1552
2152068 1552
2152069 1552
2152070 1552
2152071 1552
2152073 1553
2152074 1553
2152075 1553
2152076 1554
2152078 1554
2152079 1554
2152080 1555
2152081 1555
2152082 1555
2152083 1555
2152084 1555
2152085 1555
2152086 1555
2152087 1555
2152088 1556
2152089 1556
2152091 1556
2152092 1552
2152093 1552
2152094 1552
2152095 1552
2152096 1552
2152097 1552
2152098 1552
2152099 1552
2152192 1505
2152193 1506
2152194 1506
2152196 1505
2152197 1506
2152198 1506
2152201 1507
2152202 1507
2152204 1557
2152206 1508
2152208 1505
2152209 1506
2152210 1506
2152212 1505
2152213 1506
2152214 1506
2152216 1505
2152217 1506
2152218 1506
2152221 1510
2152222 1510
2152224 1505
2152225 1506
2152226 1506
2152256 1506
2152257 1505
2152258 1506
2152260 1506
2152261 1505
2152262 1506
2152265 1558
2152266 1507
2152268 1508
2152270 1508
2152272 1506
2152273 1505
2152274 1506
2152276 1506
2152277 1505
2152278 1506
2152280 1506
2152281 1505
2152282 1506
2152284 1510
2152286 1510
2152288 1506
2152289 1505
2152290 1506
2152320 1559
2152321 1559
2152322 1559
2152323 1559
2152324 1559
2152325 1559
2152326 1559
2152327 1559
2152329 1560
2152330 1560
2152331 1560
2152332 1561
2152334 1561
2152335 1561
2152336 1559
2152337 1559
2152338 1559
2152339 1559
2152340 1559
2152341 1559
2152342 1559
2152343 1559
2152344 1559
2152345 1559
2152346 1559
2152347 1559
2152348 1562
2152349 1562
2152351 1562
2152352 1559
2152353 1559
2152354 1559
2152355 1559
2152448 1520
2152449 1521
2152450 1521
2152452 1520
2152453 1521
2152454 1521
2152457 1522
2152458 1522
2152460 1563
2152462 1523
2152464 1524
2152465 1525
2152466 1525
2152468 1524
2152469 1525
2152470 1525
2152472 1524
2152473 1525
2152474 1525
2152476 1526
2152477 1527
2152478 1527
2152481 1529
2152482 1529
2152512 1521
2152513 1520
2152514 1521
2152516 1521
2152517 1520
2152518 1521
2152521 1564
2152522 1522
2152524 1523
2152526 1523
2152528 1525
2152529 1524
2152530 1525
2152532 1525
2152533 1524
2152534 1525
2152536 1525
2152537 1524
2152538 1525
2152540 1527
2152541 1526
2152542 1527
2152544 1529
2152546 1529
2152576 1565
2152577 1565
2152578 1565
2152579 1565
2152580 1565
2152581 1565
2152582 1565
2152583 1565
2152585 1566
2152586 1566
2152587 1566
2152588 1567
2152590 1567
2152591 1567
2152592 1568
2152593 1568
2152594 1568
2152595 1568
2152596 1568
2152597 1568
2152598 1568
2152599 1568
2152600 1568
2152601 1568
2152602 1568
2152603 1568
2152604 1569
2152605 1569
2152606 1569
2152607 1569
2152608 1570
2152609 1570
2152611 1570
2163776 1571
2163777 1572
2163778 1572
2163780 1571
2163781 1572
2163782 1572
2163785 1573
2163786 1573
2163788 1571
2163789 1572
2163790 1572
2163794 1574
2163796 1571
2163797 1572
2163798 1572
2163800 1571
2163801 1572
2163802 1572
2163804 1575
2163805 1576
2163806 1576
2163808 1575
2163809 1576
2163810 1576
2163968 1577
2163969 1578
2163972 1579
2163973 1580
2163977 1581
2163980 1582
2163981 1583
2163985 1584
2163989 1585
2163992 1579
2163993 1580
2163996 1577
2163997 1578
2164000 1577
2164001 1578
2164032 1586
2164033 1587
2164034 1587
2164036 1588
2164037 1589
2164038 1589
2164041 1590
2164042 1590
2164044 1591
2164045 1592
2164046 1592
2164049 1593
2164050 1593
2164052 1594
2164054 1595
2164056 1588
2164057 1589
2164058 1589
2164060 1586
2164061 1587
2164062 1587
2164064 1586
2164065 1587
2164066 1587
2164224 1596
2164225 1597
2164228 1596
2164229 1597
2164233 1598
2164236 1599
2164237 1600
2164241 1601
2164244 1599
2164245 1600
2164249 1602
2164252 1596
2164253 1597
2164256 1596
2164257 1597
2164288 1603
2164289 1604
2164290 1604
2164292 1603
2164293 1604
2164294 1604
2164297 1605
2164298 1605
2164300 1606
2164301 1607
2164302 1607
2164305 1608
2164306 1608
2164308 1606
2164309 1607
2164310 1607
2164312 1609
2164314 1610
2164316 1603
2164317 1604
2164318 1604
2164320 1603
2164321 1604
2164322 1604
2164480 1611
2164481 1612
2164484 1611
2164485 1612
2164489 1613
2164492 1611
2164493 1612
2164497 1614
2164500 1611
2164501 1612
2164504 1611
2164505 1612
2164509 1615
2164512 1611
2164513 1612
2164544 1616
2164545 1617
2164546 1617
2164548 1616
2164549 1617
2164550 1617
2164553 1618
2164554 1618
2164556 1616
2164557 1617
2164558 1617
2164561 1619
2164562 1619
2164564 1616
2164565 1617
2164566 1617
2164568 1616
2164569 1617
2164570 1617
2164572 1620
2164574 1621
2164576 1616
2164577 1617
2164578 1617
2164736 1622
2164737 1623
2164740 1622
2164741 1623
2164745 1624
2164748 1622
2164749 1623
2164753 1625
2164756 1622
2164757 1623
2164760 1622
2164761 1623
2164764 1622
2164765 1623
2164769 1626
2164800 1627
2164801 1628
2164802 1628
2164804 1627
2164805 1628
2164806 1628
2164809 1629
2164810 1629
2164812 1627
2164813 1628
2164814 1628
2164817 1630
2164818 1630
2164820 1627
2164821 1628
2164822 1628
2164824 1627
2164825 1628
2164826 1628
2164828 1627
2164829 1628
2164830 1628
2164832 1631
2164834 1632
2167936 1633
2167937 1633
2167939 1633
2167940 1633
2167941 1633
2167943 1633
2167945 1634
2167947 1634
2167948 1633
2167949 1633
2167951 1633
2167952 1635
2167955 1635
2167956 1633
2167957 1633
2167959 1633
2167960 1633
2167961 1633
2167963 1633
2167964 1636
2167965 1636
2167967 1636
2167968 1636
2167969 1636
2167971 1636
2168064 1586
2168065 1587
2168066 1587
2168068 1588
2168069 1589
2168070 1589
2168073 1590
2168074 1590
2168076 1591
2168077 1592
2168078 1592
2168080 1637
2168082 1593
2168085 1595
2168086 1595
2168088 1588
2168089 1589
2168090 1589
2168092 1586
2168093 1587
2168094 1587
2168096 1586
2168097 1587
2168098 1587
2168128 1587
2168129 1586
2168130 1587
2168132 1589
2168133 1588
2168134 1589
2168137 1638
2168138 1590
2168140 1592
2168141 1591
2168142 1592
2168144 1593
2168146 1593
2168148 1595
2168150 1595
2168152 1589
2168153 1588
2168154 1589
2168156 1587
2168157 1586
2168158 1587
2168160 1587
2168161 1586
2168162 1587
2168192 1639
2168193 1639
2168194 1639
2168195 1639
2168196 1640
2168197 1640
2168198 1640
2168199 1640
2168201 1641
2168202 1641
2168203 1641
2168204 1642
2168205 1642
2168206 1642
2168207 1642
2168208 1643
2168210 1643
2168211 1643
2168212 1644
2168213 1644
2168215 1644
2168216 1640
2168217 1640
2168218 1640
2168219 1640
2168220 1639
2168221 1639
2168222 1639
2168223 1639
2168224 1639
2168225 1639
2168226 1639
2168227 1639
2168320 1603
2168321 1604
2168322 1604
2168324 1603
2168325 1604
2168326 1604
2168329 1605
2168330 1605
2168332 1606
2168333 1607
2168334 1607
2168336 1645
2168338 1608
2168340 1606
2168341 1607
2168342 1607
2168345 1610
2168346 1610
2168348 1603
2168349 1604
2168350 1604
2168352 1603
2168353 1604
2168354 1604
2168384 1604
2168385 1603
2168386 1604
2168388 1604
2168389 1603
2168390 1604
2168393 1646
2168394 1605
2168396 1607
2168397 1606
2168398 1607
2168400 1608
2168402 1608
2168404 1607
2168405 1606
2168406 1607
2168408 1610
2168410 1610
2168412 1604
2168413 1603
2168414 1604
2168416 1604
2168417 1603
2168418 1604
2168448 1647
2168449 1647
2168450 1647
2168451 1647
2168452 1647
2168453 1647
2168454 1647
2168455 1647
2168457 1648
2168458 1648
2168459 1648
2168460 1649
2168461 1649
2168462 1649
2168463 1649
2168464 1650
2168466 1650
2168467 1650
2168468 1649
2168469 1649
2168470 1649
2168471 1649
2168472 1651
2168473 1651
2168475 1651
2168476 1647
2168477 1647
2168478 1647
2168479 1647
2168480 1647
2168481 1647
2168482 1647
2168483 1647
2168576 1616
2168577 1617
2168578 1617
2168580 1616
2168581 1617
2168582 1617
2168585 1618
2168586 1618
2168588 1616
2168589 1617
2168590 1617
2168592 1652
2168594 1619
2168596 1616
2168597 1617
2168598 1617
2168600 1616
2168601 1617
2168602 1617
2168605 1621
2168606 1621
2168608 1616
2168609 1617
2168610 1617
2168640 1617
2168641 1616
2168642 1617
2168644 1617
2168645 1616
2168646 1617
2168649 1653
2168650 1618
2168652 1617
2168653 1616
2168654 1617
2168656 1619
2168658 1619
2168660 1617
2168661 1616
2168662 1617
2168664 1617
2168665 1616
2168666 1617
2168668 1621
2168670 1621
2168672 1617
2168673 1616
2168674 1617
2168704 1654
2168705 1654
2168706 1654
2168707 1654
2168708 1654
2168709 1654
2168710 1654
2168711 1654
2168713 1655
2168714 1655
2168715 1655
2168716 1654
2168717 1654
2168718 1654
2168719 1654
2168720 1656
2168722 1656
2168723 1656
2168724 1654
2168725 1654
2168726 1654
2168727 1654
2168728 1654
2168729 1654
2168730 1654
2168731 1654
2168732 1657
2168733 1657
2168735 1657
2168736 1654
2168737 1654
2168738 1654
2168739 1654
2168832 1627
2168833 1628
2168834 1628
2168836 1627
2168837 1628
2168838 1628
2168841 1629
2168842 1629
2168844 1627
2168845 1628
2168846 1628
2168848 1658
2168850 1630
2168852 1627
2168853 1628
2168854 1628
2168856 1627
2168857 1628
2168858 1628
2168860 1627
2168861 1628
2168862 1628
2168865 1632
2168866 1632
2168896 1628
2168897 1627
2168898 1628
2168900 1628
2168901 1627
2168902 1628
2168905 1659
2168906 1629
2168908 1628
2168909 1627
2168910 1628
2168912 1630
2168914 1630
2168916 1628
2168917 1627
2168918 1628
2168920 1628
2168921 1627
2168922 1628
2168924 1628
2168925 1627
2168926 1628
2168928 1632
2168930 1632
2168960 1660
2168961 1660
2168962 1660
2168963 1660
2168964 1660
2168965 1660
2168966 1660
2168967 1660
2168969 1661
2168970 1661
2168971 1661
2168972 1660
2168973 1660
2168974 1660
2168975 1660
2168976 1662
2168978 1662
2168979 1662
2168980 1660
2168981 1660
2168982 1660
2168983 1660
2168984 1660
2168985 1660
2168986 1660
2168987 1660
2168988 1660
2168989 1660
2168990 1660
2168991 1660
2168992 1663
2168993 1663
2168995 1663
2180416 1664
2180417 1665
2180418 1665
2180420 1666
2180421 1667
2180422 1667
2180425 1668
2180426 1668
2180428 1666
2180429 1667
2180430 1667
2180432 1666
2180433 1667
2180434 1667
2180438 1669
2180440 1666
2180441 1667
2180442 1667
2180444 1664
2180445 1665
2180446 1665
2180448 1664
2180449 1665
2180450 1665
2180608 1670
2180609 1671
2180612 1672
2180613 1673
2180617 1674
2180620 1675
2180621 1676
2180624 1675
2180625 1676
2180629 1677
2180633 1678
2180636 1672
2180637 1673
2180640 1672
2180641 1673
2180672 1679
2180673 1680
2180674 1680
2180676 1681
2180677 1682
2180678 1682
2180681 1683
2180682 1683
2180684 1684
2180685 1685
2180686 1685
2180688 1684
2180689 1685
2180690 1685
2180693 1686
2180694 1686
2180696 1687
2180698 1688
2180700 1681
2180701 1682
2180702 1682
2180704 1681
2180705 1682
2180706 1682
2180864 1689
2180865 1690
2180868 1691
2180869 1692
2180873 1693
2180876 1691
2180877 1692
2180880 1691
2180881 1692
2180885 1694
2180888 1691
2180889 1692
2180893 1695
2180896 1691
2180897 1692
2180928 1696
2180929 1697
2180930 1697
2180932 1698
2180933 1699
2180934 1699
2180937 1700
2180938 1700
2180940 1698
2180941 1699
2180942 1699
2180944 1698
2180945 1699
2180946 1699
2180949 1701
2180950 1701
2180952 1698
2180953 1699
2180954 1699
2180956 1702
2180958 1703
2180960 1698
2180961 1699
2180962 1699
2181120 1704
2181121 1705
2181124 1704
2181125 1705
2181129 1706
2181132 1704
2181133 1705
2181136 1704
2181137 1705
2181141 1707
2181144 1704
2181145 1705
2181148 1704
2181149 1705
2181153 1708
2181184 1709
2181185 1710
2181186 1710
2181188 1709
2181189 1710
2181190 1710
2181193 1711
2181194 1711
2181196 1709
2181197 1710
2181198 1710
2181200 1709
2181201 1710
2181202 1710
2181205 1712
2181206 1712
2181208 1709
2181209 1710
2181210 1710
2181212 1709
2181213 1710
2181214 1710
2181216 1713
2181218 1714
2184576 1715
2184577 1715
2184579 1715
2184580 1716
2184581 1716
2184583 1716
2184585 1717
2184587 1717
2184588 1716
2184589 1716
2184591 1716
2184592 1716
2184593 1716
2184595 1716
2184596 1718
2184599 1718
2184600 1716
2184601 1716
2184603 1716
2184604 1715
2184605 1715
2184607 1715
2184608 1715
2184609 1715
2184611 1715
2184704 1679
2184705 1680
2184706 1680
2184708 1681
2184709 1682
2184710 1682
2184713 1683
2184714 1683
2184716 1684
2184717 1685
2184718 1685
2184720 1684
2184721 1685
2184722 1685
2184724 1719
2184726 1686
2184729 1688
2184730 1688
2184732 1681
2184733 1682
2184734 1682
2184736 1681
2184737 1682
2184738 1682
2184768 1680
2184769 1679
2184770 1680
2184772 1682
2184773 1681
2184774 1682
2184777 1720
2184778 1683
2184780 1685
2184781 1684
2184782 1685
2184784 1685
2184785 1684
2184786 1685
2184788 1686
2184790 1686
2184792 1688
2184794 1688
2184796 1682
2184797 1681
2184798 1682
2184800 1682
2184801 1681
2184802 1682
2184832 1721
2184833 1721
2184834 1721
2184835 1721
2184836 1722
2184837 1722
2184838 1722
2184839 1722
2184841 1723
2184842 1723
2184843 1723
2184844 1724
2184845 1724
2184846 1724
2184847 1724
2184848 1724
2184849 1724
2184850 1724
2184851 1724
2184852 1725
2184854 1725
2184855 1725
2184856 1726
2184857 1726
2184859 1726
2184860 1722
2184861 1722
2184862 1722
2184863 1722
2184864 1722
2184865 1722
2184866 1722
2184867 1722
2184960 1696
2184961 1697
2184962 1697
2184964 1698
2184965 1699
2184966 1699
2184969 1700
2184970 1700
2184972 1698
2184973 1699
2184974 1699
2184976 1698
2184977 1699
2184978 1699
2184980 1727
2184982 1701
2184984 1698
2184985 1699
2184986 1699
2184989 1703
2184990 1703
2184992 1698
2184993 1699
2184994 1699
2185024 1697
2185025 1696
2185026 1697
2185028 1699
2185029 1698
2185030 1699
2185033 1728
2185034 1700
2185036 1699
2185037 1698
2185038 1699
2185040 1699
2185041 1698
2185042 1699
2185044 1701
2185046 1701
2185048 1699
2185049 1698
2185050 1699
2185052 1703
2185054 1703
2185056 1699
2185057 1698
2185058 1699
2185088 1729
2185089 1729
2185090 1729
2185091 1729
2185092 1730
2185093 1730
2185094 1730
2185095 1730
2185097 1731
2185098 1731
2185099 1731
2185100 1730
2185101 1730
2185102 1730
2185103 1730
2185104 1730
2185105 1730
2185106 1730
2185107 1730
2185108 1732
2185110 1732
2185111 1732
2185112 1730
2185113 1730
2185114 1730
2185115 1730
2185116 1733
2185117 1733
2185119 1733
2185120 1730
2185121 1730
2185122 1730
2185123 1730
2185216 1709
2185217 1710
2185218 1710
2185220 1709
2185221 1710
2185222 1710
2185225 1711
2185226 1711
2185228 1709
2185229 1710
2185230 1710
2185232 1709
2185233 1710
2185234 1710
2185236 1734
2185238 1712
2185240 1709
2185241 1710
2185242 1710
2185244 1709
2185245 1710
2185246 1710
2185249 1714
2185250 1714
2185280 1710
2185281 1709
2185282 1710
2185284 1710
2185285 1709
2185286 1710
2185289 1735
2185290 1711
2185292 1710
2185293 1709
2185294 1710
2185296 1710
2185297 1709
2185298 1710
2185300 1712
2185302 1712
2185304 1710
2185305 1709
2185306 1710
2185308 1710
2185309 1709
2185310 1710
2185312 1714
2185314 1714
2185344 1736
2185345 1736
2185346 1736
2185347 1736
2185348 1736
2185349 1736
2185350 1736
2185351 1736
2185353 1737
2185354 1737
2185355 1737
2185356 1736
2185357 1736
2185358 1736
2185359 1736
2185360 1736
2185361 1736
2185362 1736
2185363 1736
2185364 1738
2185366 1738
2185367 1738
2185368 1736
2185369 1736
2185370 1736
2185371 1736
2185372 1736
2185373 1736
2185374 1736
2185375 1736
2185376 1739
2185377 1739
2185379 1739
2197056 1740
2197057 1741
2197058 1741
2197060 1740
2197061 1741
2197062 1741
2197065 1742
2197066 1742
2197068 1743
2197069 1744
2197070 1744
2197072 1743
2197073 1744
2197074 1744
2197076 1743
2197077 1744
2197078 1744
2197082 1745
2197084 1740
2197085 1741
2197086 1741
2197088 1740
2197089 1741
2197090 1741
2197248 1746
2197249 1747
2197252 1746
2197253 1747
2197257 1748
2197260 1749
2197261 1750
2197264 1749
2197265 1750
2197268 1749
2197269 1750
2197273 1751
2197277 1752
2197280 1749
2197281 1750
2197312 1753
2197313 1754
2197314 1754
2197316 1753
2197317 1754
2197318 1754
2197321 1755
2197322 1755
2197324 1756
2197325 1757
2197326 1757
2197328 1756
2197329 1757
2197330 1757
2197332 1756
2197333 1757
2197334 1757
2197337 1758
2197338 1758
2197340 1759
2197342 1760
2197344 1756
2197345 1757
2197346 1757
2197504 1761
2197505 1762
2197508 1761
2197509 1762
2197513 1763
2197516 1761
2197517 1762
2197520 1761
2197521 1762
2197524 1761
2197525 1762
2197529 1764
2197532 1761
2197533 1762
2197537 1765
2197568 1766
2197569 1767
2197570 1767
2197572 1766
2197573 1767
2197574 1767
2197577 1768
2197578 1768
2197580 1766
2197581 1767
2197582 1767
2197584 1766
2197585 1767
2197586 1767
2197588 1766
2197589 1767
2197590 1767
2197593 1769
2197594 1769
2197596 1766
2197597 1767
2197598 1767
2197600 1770
2197602 1771
2201216 1772
2201217 1772
2201219 1772
2201220 1772
2201221 1772
2201223 1772
2201225 1773
2201227 1773
2201228 1774
2201229 1774
2201231 1774
2201232 1774
2201233 1774
2201235 1774
2201236 1774
2201237 1774
2201239 1774
2201240 1775
2201243 1775
2201244 1772
2201245 1772
2201247 1772
2201248 1772
2201249 1772
2201251 1772
2201344 1753
2201345 1754
2201346 1754
2201348 1753
2201349 1754
2201350 1754
2201353 1755
2201354 1755
2201356 1756
2201357 1757
2201358 1757
2201360 1756
2201361 1757
2201362 1757
2201364 1756
2201365 1757
2201366 1757
2201368 1776
2201370 1758
2201373 1760
2201374 1760
2201376 1756
2201377 1757
2201378 1757
2201408 1754
2201409 1753
2201410 1754
2201412 1754
2201413 1753
2201414 1754
2201417 1777
2201418 1755
2201420 1757
2201421 1756
2201422 1757
2201424 1757
2201425 1756
2201426 1757
2201428 1757
2201429 1756
2201430 1757
2201432 1758
2201434 1758
2201436 1760
2201438 1760
2201440 1757
2201441 1756
2201442 1757
2201472 1778
2201473 1778
2201474 1778
2201475 1778
2201476 1778
2201477 1778
2201478 1778
2201479 1778
2201481 1779
2201482 1779
2201483 1779
2201484 1780
2201485 1780
2201486 1780
2201487 1780
2201488 1780
2201489 1780
2201490 1780
2201491 1780
2201492 1780
2201493 1780
2201494 1780
2201495 1780
2201496 1781
2201498 1781
2201499 1781
2201500 1782
2201501 1782
2201503 1782
2201504 1780
2201505 1780
2201506 1780
2201507 1780
2201600 1766
2201601 1767
2201602 1767
2201604 1766
2201605 1767
2201606 1767
2201609 1768
2201610 1768
2201612 1766
2201613 1767
2201614 1767
2201616 1766
2201617 1767
2201618 1767
2201620 1766
2201621 1767
2201622 1767
2201624 1783
2201626 1769
2201628 1766
2201629 1767
2201630 1767
2201633 1771
2201634 1771
2201664 1767
2201665 1766
2201666 1767
2201668 1767
2201669 1766
2201670 1767
2201673 1784
2201674 1768
2201676 1767
2201677 1766
2201678 1767
2201680 1767
2201681 1766
2201682 1767
2201684 1767
2201685 1766
2201686 1767
2201688 1769
2201690 1769
2201692 1767
2201693 1766
2201694 1767
2201696 1771
2201698 1771
2201728 1785
2201729 1785
2201730 1785
2201731 1785
2201732 1785
2201733 1785
2201734 1785
2201735 1785
2201737 1786
2201738 1786
2201739 1786
2201740 1785
2201741 1785
2201742 1785
2201743 1785
2201744 1785
2201745 1785
2201746 1785
2201747 1785
2201748 1785
2201749 1785
2201750 1785
2201751 1785
2201752 1787
2201754 1787
2201755 1787
2201756 1785
2201757 1785
2201758 1785
2201759 1785
2201760 1788
2201761 1788
2201763 1788
2213696 1789
2213697 1790
2213698 1790
2213700 1789
2213701 1790
2213702 1790
2213705 1791
2213706 1791
2213708 1789
2213709 1790
2213710 1790
2213712 1789
2213713 1790
2213714 1790
2213716 1789
2213717 1790
2213718 1790
2213720 1789
2213721 1790
2213722 1790
2213726 1792
2213728 1789
2213729 1790
2213730 1790
2213888 1793
2213889 1794
2213892 1793
2213893 1794
2213897 1795
2213900 1793
2213901 1794
2213904 1793
2213905 1794
2213908 1793
2213909 1794
2213912 1793
2213913 1794
2213917 1796
2213921 1797
2213952 1798
2213953 1799
2213954 1799
2213956 1798
2213957 1799
2213958 1799
2213961 1800
2213962 1800
2213964 1798
2213965 1799
2213966 1799
2213968 1798
2213969 1799
2213970 1799
2213972 1798
2213973 1799
2213974 1799
2213976 1798
2213977 1799
2213978 1799
2213981 1801
2213982 1801
2213984 1802
2213986 1803
2217856 1804
2217857 1804
2217859 1804
2217860 1804
2217861 1804
2217863 1804
2217865 1805
2217867 1805
2217868 1804
2217869 1804
2217871 1804
2217872 1804
2217873 1804
2217875 1804
2217876 1804
2217877 1804
2217879 1804
2217880 1804
2217881 1804
2217883 1804
2217884 1806
2217887 1806
2217888 1804
2217889 1804
2217891 1804
2217984 1798
2217985 1799
2217986 1799
2217988 1798
2217989 1799
2217990 1799
2217993 1800
2217994 1800
2217996 1798
2217997 1799
2217998 1799
2218000 1798
2218001 1799
2218002 1799
2218004 1798
2218005 1799
2218006 1799
2218008 1798
2218009 1799
2218010 1799
2218012 1807
2218014 1801
2218017 1803
2218018 1803
2218048 1799
2218049 1798
2218050 1799
2218052 1799
2218053 1798
2218054 1799
2218057 1808
2218058 1800
2218060 1799
2218061 1798
2218062 1799
2218064 1799
2218065 1798
2218066 1799
2218068 1799
2218069 1798
2218070 1799
2218072 1799
2218073 1798
2218074 1799
2218076 1801
2218078 1801
2218080 1803
2218082 1803
2218112 1809
2218113 1809
2218114 1809
2218115 1809
2218116 1809
2218117 1809
2218118 1809
2218119 1809
2218121 1810
2218122 1810
2218123 1810
2218124 1809
2218125 1809
2218126 1809
2218127 1809
2218128 1809
2218129 1809
2218130 1809
2218131 1809
2218132 1809
2218133 1809
2218134 1809
2218135 1809
2218136 1809
2218137 1809
2218138 1809
2218139 1809
2218140 1811
2218142 1811
2218143 1811
2218144 1812
2218145 1812
2218147 1812
2230336 1813
2230337 1814
2230338 1814
2230340 1813
2230341 1814
2230342 1814
2230345 1815
2230346 1815
2230348 1813
2230349 1814
2230350 1814
2230352 1816
2230353 1817
2230354 1817
2230356 1816
2230357 1817
2230358 1817
2230360 1816
2230361 1817
2230362 1817
2230364 1816
2230365 1817
2230366 1817
2230370 1818
2234496 1819
2234497 1819
2234499 1819
2234500 1819
2234501 1819
2234503 1819
2234505 1820
2234507 1820
2234508 1819
2234509 1819
2234511 1819
2234512 1821
2234513 1821
2234515 1821
2234516 1821
2234517 1821
2234519 1821
2234520 1821
2234521 1821
2234523 1821
2234524 1821
2234525 1821
2234527 1821
2234528 1822
2234531 1822
3199872 1823
3199875 1823
3199876 1823
3199879 1823
3199880 1823
3199883 1823
3199887 1824
3199888 1823
3199891 1823
3199892 1823
3199895 1823
3199896 1823
3199899 1823
3199900 1823
3199903 1823
3199904 1823
3199907 1823
3200000 1825
3200001 1826
3200002 1826
3200004 1825
3200005 1826
3200006 1826
3200008 1825
3200009 1826
3200010 1826
3200014 1827
3200017 1828
3200018 1828
3200020 1825
3200021 1826
3200022 1826
3200024 1825
3200025 1826
3200026 1826
3200028 1825
3200029 1826
3200030 1826
3200032 1829
3200033 1830
3200034 1830
3200128 1831
3200130 1831
3200131 1831
3200132 1831
3200134 1831
3200135 1831
3200136 1831
3200138 1831
3200139 1831
3200142 1832
3200143 1832
3200144 1833
3200147 1833
3200148 1831
3200150 1831
3200151 1831
3200152 1831
3200154 1831
3200155 1831
3200156 1831
3200158 1831
3200159 1831
3200160 1834
3200162 1834
3200163 1834
3200256 1835
3200257 1836
3200258 1836
3200260 1837
3200261 1838
3200262 1838
3200264 1837
3200265 1838
3200266 1838
3200270 1839
3200272 1837
3200273 1838
3200274 1838
3200277 1840
3200278 1840
3200280 1837
3200281 1838
3200282 1838
3200284 1837
3200285 1838
3200286 1838
3200288 1835
3200289 1836
3200290 1836
3200384 1841
3200386 1841
3200387 1841
3200388 1842
3200390 1842
3200391 1842
3200392 1842
3200394 1842
3200395 1842
3200398 1843
3200399 1843
3200400 1842
3200402 1842
3200403 1842
3200404 1844
3200407 1844
3200408 1842
3200410 1842
3200411 1842
3200412 1842
3200414 1842
3200415 1842
3200416 1841
3200418 1841
3200419 1841
3200512 1845
3200513 1846
3200514 1846
3200516 1845
3200517 1846
3200518 1846
3200520 1847
3200521 1848
3200522 1848
3200526 1849
3200528 1847
3200529 1848
3200530 1848
3200532 1847
3200533 1848
3200534 1848
3200537 1850
3200538 1850
3200540 1847
3200541 1848
3200542 1848
3200544 1845
3200545 1846
3200546 1846
3200640 1851
3200642 1851
3200643 1851
3200644 1851
3200646 1851
3200647 1851
3200648 1852
3200650 1852
3200651 1852
3200654 1853
3200655 1853
3200656 1852
3200658 1852
3200659 1852
3200660 1852
3200662 1852
3200663 1852
3200664 1854
3200667 1854
3200668 1852
3200670 1852
3200671 1852
3200672 1851
3200674 1851
3200675 1851
3200768 1855
3200769 1856
3200770 1856
3200772 1855
3200773 1856
3200774 1856
3200776 1855
3200777 1856
3200778 1856
3200782 1857
3200784 1858
3200785 1859
3200786 1859
3200788 1858
3200789 1859
3200790 1859
3200792 1858
3200793 1859
3200794 1859
3200797 1860
3200798 1860
3200800 1855
3200801 1856
3200802 1856
3200896 1861
3200898 1861
3200899 1861
3200900 1861
3200902 1861
3200903 1861
3200904 1861
3200906 1861
3200907 1861
3200910 1862
3200911 1862
3200912 1863
3200914 1863
3200915 1863
3200916 1863
3200918 1863
3200919 1863
3200920 1863
3200922 1863
3200923 1863
3200924 1864
3200927 1864
3200928 1861
3200930 1861
3200931 1861
3201024 1865
3201025 1866
3201026 1866
3201028 1865
3201029 1866
3201030 1866
3201032 1865
3201033 1866
3201034 1866
3201038 1867
3201040 1868
3201041 1869
3201042 1869
3201044 1868
3201045 1869
3201046 1869
3201048 1868
3201049 1869
3201050 1869
3201052 1868
3201053 1869
3201054 1869
3201057 1870
3201058 1870
3201152 1871
3201154 1871
3201155 1871
3201156 1871
3201158 1871
3201159 1871
3201160 1871
3201162 1871
3201163 1871
3201166 1872
3201167 1872
3201168 1873
3201170 1873
3201171 1873
3201172 1873
3201174 1873
3201175 1873
3201176 1873
3201178 1873
3201179 1873
3201180 1873
3201182 1873
3201183 1873
3201184 1874
3201187 1874
3212352 1875
3212353 1876
3212354 1876
3212356 1875
3212357 1876
3212358 1876
3212360 1875
3212361 1876
3212362 1876
3212365 1877
3212366 1877
3212370 1878
3212372 1875
3212373 1876
3212374 1876
3212376 1875
3212377 1876
3212378 1876
3212380 1875
3212381 1876
3212382 1876
3212384 1879
3212385 1880
3212386 1880
3212544 1881
3212545 1882
3212548 1883
3212549 1884
3212552 1885
3212553 1886
3212557 1887
3212561 1888
3212565 1889
3212568 1885
3212569 1886
3212572 1883
3212573 1884
3212576 1881
3212577 1882
3212608 1890
3212609 1891
3212610 1891
3212612 1892
3212613 1893
3212614 1893
3212616 1894
3212617 1895
3212618 1895
3212621 1896
3212622 1896
3212625 1897
3212626 1897
3212628 1898
3212630 1899
3212632 1894
3212633 1895
3212634 1895
3212636 1892
3212637 1893
3212638 1893
3212640 1890
3212641 1891
3212642 1891
3212800 1900
3212801 1901
3212804 1900
3212805 1901
3212808 1902
3212809 1903
3212813 1904
3212817 1905
3212820 1906
3212821 1907
3212825 1908
3212828 1902
3212829 1903
3212832 1900
3212833 1901
3212864 1909
3212865 1910
3212866 1910
3212868 1909
3212869 1910
3212870 1910
3212872 1911
3212873 1912
3212874 1912
3212877 1913
3212878 1913
3212881 1914
3212882 1914
3212884 1915
3212885 1916
3212886 1916
3212888 1917
3212890 1918
3212892 1911
3212893 1912
3212894 1912
3212896 1909
3212897 1910
3212898 1910
3213056 1919
3213057 1920
3213060 1919
3213061 1920
3213064 1919
3213065 1920
3213069 1921
3213073 1922
3213076 1923
3213077 1924
3213080 1923
3213081 1924
3213085 1925
3213088 1919
3213089 1920
3213120 1926
3213121 1927
3213122 1927
3213124 1926
3213125 1927
3213126 1927
3213128 1926
3213129 1927
3213130 1927
3213133 1928
3213134 1928
3213137 1929
3213138 1929
3213140 1930
3213141 1931
3213142 1931
3213144 1930
3213145 1931
3213146 1931
3213148 1932
3213150 1933
3213152 1926
3213153 1927
3213154 1927
3213312 1934
3213313 1935
3213316 1934
3213317 1935
3213320 1934
3213321 1935
3213325 1936
3213329 1937
3213332 1934
3213333 1935
3213336 1934
3213337 1935
3213340 1934
3213341 1935
3213345 1938
3213376 1939
3213377 1940
3213378 1940
3213380 1939
3213381 1940
3213382 1940
3213384 1939
3213385 1940
3213386 1940
3213389 1941
3213390 1941
3213393 1942
3213394 1942
3213396 1939
3213397 1940
3213398 1940
3213400 1939
3213401 1940
3213402 1940
3213404 1939
3213405 1940
3213406 1940
3213408 1943
3213410 1944
3216512 1945
3216513 1945
3216515 1945
3216516 1945
3216517 1945
3216519 1945
3216520 1945
3216521 1945
3216523 1945
3216525 1946
3216527 1946
3216528 1947
3216531 1947
3216532 1945
3216533 1945
3216535 1945
3216536 1945
3216537 1945
3216539 1945
3216540 1945
3216541 1945
3216543 1945
3216544 1948
3216545 1948
3216547 1948
3216640 1890
3216641 1891
3216642 1891
3216644 1892
3216645 1893
3216646 1893
3216648 1894
3216649 1895
3216650 1895
3216653 1896
3216654 1896
3216656 1949
3216658 1897
3216661 1899
3216662 1899
3216664 1894
3216665 1895
3216666 1895
3216668 1892
3216669 1893
3216670 1893
3216672 1890
3216673 1891
3216674 1891
3216704 1891
3216705 1890
3216706 1891
3216708 1893
3216709 1892
3216710 1893
3216712 1895
3216713 1894
3216714 1895
3216717 1950
3216718 1896
3216720 1897
3216722 1897
3216724 1899
3216726 1899
3216728 1895
3216729 1894
3216730 1895
3216732 1893
3216733 1892
3216734 1893
3216736 1891
3216737 1890
3216738 1891
3216768 1951
3216769 1951
3216770 1951
3216771 1951
3216772 1952
3216773 1952
3216774 1952
3216775 1952
3216776 1953
3216777 1953
3216778 1953
3216779 1953
3216781 1954
3216782 1954
3216783 1954
3216784 1955
3216786 1955
3216787 1955
3216788 1956
3216789 1956
3216791 1956
3216792 1953
3216793 1953
3216794 1953
3216795 1953
3216796 1952
3216797 1952
3216798 1952
3216799 1952
3216800 1951
3216801 1951
3216802 1951
3216803 1951
3216896 1909
3216897 1910
3216898 1910
3216900 1909
3216901 1910
3216902 1910
3216904 1911
3216905 1912
3216906 1912
3216909 1913
3216910 1913
3216912 1957
3216914 1914
3216916 1915
3216917 1916
3216918 1916
3216921 1918
3216922 1918
3216924 1911
3216925 1912
3216926 1912
3216928 1909
3216929 1910
3216930 1910
3216960 1910
3216961 1909
3216962 1910
3216964 1910
3216965 1909
3216966 1910
3216968 1912
3216969 1911
3216970 1912
3216973 1958
3216974 1913
3216976 1914
3216978 1914
3216980 1916
3216981 1915
3216982 1916
3216984 1918
3216986 1918
3216988 1912
3216989 1911
3216990 1912
3216992 1910
3216993 1909
3216994 1910
3217024 1959
3217025 1959
3217026 1959
3217027 1959
3217028 1959
3217029 1959
3217030 1959
3217031 1959
3217032 1960
3217033 1960
3217034 1960
3217035 1960
3217037 1961
3217038 1961
3217039 1961
3217040 1962
3217042 1962
3217043 1962
3217044 1963
3217045 1963
3217046 1963
3217047 1963
3217048 1964
3217049 1964
3217051 1964
3217052 1960
3217053 1960
3217054 1960
3217055 1960
3217056 1959
3217057 1959
3217058 1959
3217059 1959
3217152 1926
3217153 1927
3217154 1927
3217156 1926
3217157 1927
3217158 1927
3217160 1926
3217161 1927
3217162 1927
3217165 1928
3217166 1928
3217168 1965
3217170 1929
3217172 1930
3217173 1931
3217174 1931
3217176 1930
3217177 1931
3217178 1931
3217181 1933
3217182 1933
3217184 1926
3217185 1927
3217186 1927
3217216 1927
3217217 1926
3217218 1927
3217220 1927
3217221 1926
3217222 1927
3217224 1927
3217225 1926
3217226 1927
3217229 1966
3217230 1928
3217232 1929
3217234 1929
3217236 1931
3217237 1930
3217238 1931
3217240 1931
3217241 1930
3217242 1931
3217244 1933
3217246 1933
3217248 1927
3217249 1926
3217250 1927
3217280 1967
3217281 1967
3217282 1967
3217283 1967
3217284 1967
3217285 1967
3217286 1967
3217287 1967
3217288 1967
3217289 1967
3217290 1967
3217291 1967
3217293 1968
3217294 1968
3217295 1968
3217296 1969
3217298 1969
3217299 1969
3217300 1970
3217301 1970
3217302 1970
3217303 1970
3217304 1970
3217305 1970
3217306 1970
3217307 1970
3217308 1971
3217309 1971
3217311 1971
3217312 1967
3217313 1967
3217314 1967
3217315 1967
3217408 1939
3217409 1940
3217410 1940
3217412 1939
3217413 1940
3217414 1940
3217416 1939
3217417 1940
3217418 1940
3217421 1941
3217422 1941
3217424 1972
3217426 1942
3217428 1939
3217429 1940
3217430 1940
3217432 1939
3217433 1940
3217434 1940
3217436 1939
3217437 1940
3217438 1940
3217441 1944
3217442 1944
3217472 1940
3217473 1939
3217474 1940
3217476 1940
3217477 1939
3217478 1940
3217480 1940
3217481 1939
3217482 1940
3217485 1973
3217486 1941
3217488 1942
3217490 1942
3217492 1940
3217493 1939
3217494 1940
3217496 1940
3217497 1939
3217498 1940
3217500 1940
3217501 1939
3217502 1940
3217504 1944
3217506 1944
3217536 1974
3217537 1974
3217538 1974
3217539 1974
3217540 1974
3217541 1974
3217542 1974
3217543 1974
3217544 1974
3217545 1974
3217546 1974
3217547 1974
3217549 1975
3217550 1975
3217551 1975
3217552 1976
3217554 1976
3217555 1976
3217556 1974
3217557 1974
3217558 1974
3217559 1974
3217560 1974
3217561 1974
3217562 1974
3217563 1974
3217564 1974
3217565 1974
3217566 1974
3217567 1974
3217568 1977
3217569 1977
3217571 1977
3228992 1978
3228993 1979
3228994 1979
3228996 1980
3228997 1981
3228998 1981
3229000 1980
3229001 1981
3229002 1981
3229005 1982
3229006 1982
3229008 1980
3229009 1981
3229010 1981
3229014 1983
3229016 1980
3229017 1981
3229018 1981
3229020 1980
3229021 1981
3229022 1981
3229024 1978
3229025 1979
3229026 1979
3229184 1984
3229185 1985
3229188 1986
3229189 1987
3229192 1988
3229193 1989
3229197 1990
3229200 1991
3229201 1992
3229205 1993
3229209 1994
3229212 1988
3229213 1989
3229216 1986
3229217 1987
3229248 1995
3229249 1996
3229250 1996
3229252 1997
3229253 1998
3229254 1998
3229256 1999
3229257 2000
3229258 2000
3229261 2001
3229262 2001
3229264 2002
3229265 2003
3229266 2003
3229269 2004
3229270 2004
3229272 2005
3229274 2006
3229276 1999
3229277 2000
3229278 2000
3229280 1997
3229281 1998
3229282 1998
3229440 2007
3229441 2008
3229444 2009
3229445 2010
3229448 2009
3229449 2010
3229453 2011
3229456 2012
3229457 2013
3229461 2014
3229464 2012
3229465 2013
3229469 2015
3229472 2009
3229473 2010
3229504 2016
3229505 2017
3229506 2017
3229508 2018
3229509 2019
3229510 2019
3229512 2018
3229513 2019
3229514 2019
3229517 2020
3229518 2020
3229520 2021
3229521 2022
3229522 2022
3229525 2023
3229526 2023
3229528 2021
3229529 2022
3229530 2022
3229532 2024
3229534 2025
3229536 2018
3229537 2019
3229538 2019
3229696 2026
3229697 2027
3229700 2026
3229701 2027
3229704 2026
3229705 2027
3229709 2028
3229712 2026
3229713 2027
3229717 2029
3229720 2026
3229721 2027
3229724 2026
3229725 2027
3229729 2030
3229760 2031
3229761 2032
3229762 2032
3229764 2031
3229765 2032
3229766 2032
3229768 2031
3229769 2032
3229770 2032
3229773 2033
3229774 2033
3229776 2031
3229777 2032
3229778 2032
3229781 2034
3229782 2034
3229784 2031
3229785 2032
3229786 2032
3229788 2031
3229789 2032
3229790 2032
3229792 2035
3229794 2036
3233152 2037
3233153 2037
3233155 2037
3233156 2038
3233157 2038
3233159 2038
3233160 2038
3233161 2038
3233163 2038
3233165 2039
3233167 2039
3233168 2038
3233169 2038
3233171 2038
3233172 2040
3233175 2040
3233176 2038
3233177 2038
3233179 2038
3233180 2038
3233181 2038
3233183 2038
3233184 2037
3233185 2037
3233187 2037
3233280 1995
3233281 1996
3233282 1996
3233284 1997
3233285 1998
3233286 1998
3233288 1999
3233289 2000
3233290 2000
3233293 2001
3233294 2001
3233296 2002
3233297 2003
3233298 2003
3233300 2041
3233302 2004
3233305 2006
3233306 2006
3233308 1999
3233309 2000
3233310 2000
3233312 1997
3233313 1998
3233314 1998
3233344 1996
3233345 1995
3233346 1996
3233348 1998
3233349 1997
3233350 1998
3233352 2000
3233353 1999
3233354 2000
3233357 2042
3233358 2001
3233360 2003
3233361 2002
3233362 2003
3233364 2004
3233366 2004
3233368 2006
3233370 2006
3233372 2000
3233373 1999
3233374 2000
3233376 1998
3233377 1997
3233378 1998
3233408 2043
3233409 2043
3233410 2043
3233411 2043
3233412 2044
3233413 2044
3233414 2044
3233415 2044
3233416 2045
3233417 2045
3233418 2045
3233419 2045
3233421 2046
3233422 2046
3233423 2046
3233424 2047
3233425 2047
3233426 2047
3233427 2047
3233428 2048
3233430 2048
3233431 2048
3233432 2049
3233433 2049
3233435 2049
3233436 2045
3233437 2045
3233438 2045
3233439 2045
3233440 2044
3233441 2044
3233442 2044
3233443 2044
3233536 2016
3233537 2017
3233538 2017
3233540 2018
3233541 2019
3233542 2019
3233544 2018
3233545 2019
3233546 2019
3233549 2020
3233550 2020
3233552 2021
3233553 2022
3233554 2022
3233556 2050
3233558 2023
3233560 2021
3233561 2022
3233562 2022
3233565 2025
3233566 2025
3233568 2018
3233569 2019
3233570 2019
3233600 2017
3233601 2016
3233602 2017
3233604 2019
3233605 2018
3233606 2019
3233608 2019
3233609 2018
3233610 2019
3233613 2051
3233614 2020
3233616 2022
3233617 2021
3233618 2022
3233620 2023
3233622 2023
3233624 2022
3233625 2021
3233626 2022
3233628 2025
3233630 2025
3233632 2019
3233633 2018
3233634 2019
3233664 2052
3233665 2052
3233666 2052
3233667 2052
3233668 2053
3233669 2053
3233670 2053
3233671 2053
3233672 2053
3233673 2053
3233674 2053
3233675 2053
3233677 2054
3233678 2054
3233679 2054
3233680 2055
3233681 2055
3233682 2055
3233683 2055
3233684 2056
3233686 2056
3233687 2056
3233688 2055
3233689 2055
3233690 2055
3233691 2055
3233692 2057
3233693 2057
3233695 2057
3233696 2053
3233697 2053
3233698 2053
3233699 2053
3233792 2031
3233793 2032
3233794 2032
3233796 2031
3233797 2032
3233798 2032
3233800 2031
3233801 2032
3233802 2032
3233805 2033
3233806 2033
3233808 2031
3233809 2032
3233810 2032
3233812 2058
3233814 2034
3233816 2031
3233817 2032
3233818 2032
3233820 2031
3233821 2032
3233822 2032
3233825 2036
3233826 2036
3233856 2032
3233857 2031
3233858 2032
3233860 2032
3233861 2031
3233862 2032
3233864 2032
3233865 2031
3233866 2032
3233869 2059
3233870 2033
3233872 2032
3233873 2031
3233874 2032
3233876 2034
3233878 2034
3233880 2032
3233881 2031
3233882 2032
3233884 2032
3233885 2031
3233886 2032
3233888 2036
3233890 2036
3233920 2060
3233921 2060
3233922 2060
3233923 2060
3233924 2060
3233925 2060
3233926 2060
3233927 2060
3233928 2060
3233929 2060
3233930 2060
3233931 2060
3233933 2061
3233934 2061
3233935 2061
3233936 2060
3233937 2060
3233938 2060
3233939 2060
3233940 2062
3233942 2062
3233943 2062
3233944 2060
3233945 2060
3233946 2060
3233947 2060
3233948 2060
3233949 2060
3233950 2060
3233951 2060
3233952 2063
3233953 2063
3233955 2063
3245632 2064
3245633 2065
3245634 2065
3245636 2064
3245637 2065
3245638 2065
3245640 2066
3245641 2067
3245642 2067
3245645 2068
3245646 2068
3245648 2066
3245649 2067
3245650 2067
3245652 2066
3245653 2067
3245654 2067
3245658 2069
3245660 2066
3245661 2067
3245662 2067
3245664 2064
3245665 2065
3245666 2065
3245824 2070
3245825 2071
3245828 2070
3245829 2071
3245832 2072
3245833 2073
3245837 2074
3245840 2075
3245841 2076
3245844 2075
3245845 2076
3245849 2077
3245853 2078
3245856 2072
3245857 2073
3245888 2079
3245889 2080
3245890 2080
3245892 2079
3245893 2080
3245894 2080
3245896 2081
3245897 2082
3245898 2082
3245901 2083
3245902 2083
3245904 2084
3245905 2085
3245906 2085
3245908 2084
3245909 2085
3245910 2085
3245913 2086
3245914 2086
3245916 2087
3245918 2088
3245920 2081
3245921 2082
3245922 2082
3246080 2089
3246081 2090
3246084 2089
3246085 2090
3246088 2089
3246089 2090
3246093 2091
3246096 2089
3246097 2090
3246100 2089
3246101 2090
3246105 2092
3246108 2089
3246109 2090
3246113 2093
3246144 2094
3246145 2095
3246146 2095
3246148 2094
3246149 2095
3246150 2095
3246152 2094
3246153 2095
3246154 2095
3246157 2096
3246158 2096
3246160 2094
3246161 2095
3246162 2095
3246164 2094
3246165 2095
3246166 2095
3246169 2097
3246170 2097
3246172 2094
3246173 2095
3246174 2095
3246176 2098
3246178 2099
3249792 2100
3249793 2100
3249795 2100
3249796 2100
3249797 2100
3249799 2100
3249800 2101
3249801 2101
3249803 2101
3249805 2102
3249807 2102
3249808 2101
3249809 2101
3249811 2101
3249812 2101
3249813 2101
3249815 2101
3249816 2103
3249819 2103
3249820 2101
3249821 2101
3249823 2101
3249824 2100
3249825 2100
3249827 2100
3249920 2079
3249921 2080
3249922 2080
3249924 2079
3249925 2080
3249926 2080
3249928 2081
3249929 2082
3249930 2082
3249933 2083
3249934 2083
3249936 2084
3249937 2085
3249938 2085
3249940 2084
3249941 2085
3249942 2085
3249944 2104
3249946 2086
3249949 2088
3249950 2088
3249952 2081
3249953 2082
3249954 2082
3249984 2080
3249985 2079
3249986 2080
3249988 2080
3249989 2079
3249990 2080
3249992 2082
3249993 2081
3249994 2082
3249997 2105
3249998 2083
3250000 2085
3250001 2084
3250002 2085
3250004 2085
3250005 2084
3250006 2085
3250008 2086
3250010 2086
3250012 2088
3250014 2088
3250016 2082
3250017 2081
3250018 2082
3250048 2106
3250049 2106
3250050 2106
3250051 2106
3250052 2106
3250053 2106
3250054 2106
3250055 2106
3250056 2107
3250057 2107
3250058 2107
3250059 2107
3250061 2108
3250062 2108
3250063 2108
3250064 2109
3250065 2109
3250066 2109
3250067 2109
3250068 2109
3250069 2109
3250070 2109
3250071 2109
3250072 2110
3250074 2110
3250075 2110
3250076 2111
3250077 2111
3250079 2111
3250080 2107
3250081 2107
3250082 2107
3250083 2107
3250176 2094
3250177 2095
3250178 2095
3250180 2094
3250181 2095
3250182 2095
3250184 2094
3250185 2095
3250186 2095
3250189 2096
3250190 2096
3250192 2094
3250193 2095
3250194 2095
3250196 2094
3250197 2095
3250198 2095
3250200 2112
3250202 2097
3250204 2094
3250205 2095
3250206 2095
3250209 2099
3250210 2099
3250240 2095
3250241 2094
3250242 2095
3250244 2095
3250245 2094
3250246 2095
3250248 2095
3250249 2094
3250250 2095
3250253 2113
3250254 2096
3250256 2095
3250257 2094
3250258 2095
3250260 2095
3250261 2094
3250262 2095
3250264 2097
3250266 2097
3250268 2095
3250269 2094
3250270 2095
3250272 2099
3250274 2099
3250304 2114
3250305 2114
3250306 2114
3250307 2114
3250308 2114
3250309 2114
3250310 2114
3250311 2114
3250312 2114
3250313 2114
3250314 2114
3250315 2114
3250317 2115
3250318 2115
3250319 2115
3250320 2114
3250321 2114
3250322 2114
3250323 2114
3250324 2114
3250325 2114
3250326 2114
3250327 2114
3250328 2116
3250330 2116
3250331 2116
3250332 2114
3250333 2114
3250334 2114
3250335 2114
3250336 2117
3250337 2117
3250339 2117
3262272 2118
3262273 2119
3262274 2119
3262276 2118
3262277 2119
3262278 2119
3262280 2118
3262281 2119
3262282 2119
3262285 2120
3262286 2120
3262288 2121
3262289 2122
3262290 2122
3262292 2121
3262293 2122
3262294 2122
3262296 2121
3262297 2122
3262298 2122
3262302 2123
3262304 2118
3262305 2119
3262306 2119
3262464 2124
3262465 2125
3262468 2124
3262469 2125
3262472 2124
3262473 2125
3262477 2126
3262480 2124
3262481 2125
3262484 2124
3262485 2125
3262488 2124
3262489 2125
3262493 2127
3262497 2128
3262528 2129
3262529 2130
3262530 2130
3262532 2129
3262533 2130
3262534 2130
3262536 2129
3262537 2130
3262538 2130
3262541 2131
3262542 2131
3262544 2129
3262545 2130
3262546 2130
3262548 2129
3262549 2130
3262550 2130
3262552 2129
3262553 2130
3262554 2130
3262557 2132
3262558 2132
3262560 2133
3262562 2134
3266432 2135
3266433 2135
3266435 2135
3266436 2135
3266437 2135
3266439 2135
3266440 2135
3266441 2135
3266443 2135
3266445 2136
3266447 2136
3266448 2137
3266449 2137
3266451 2137
3266452 2137
3266453 2137
3266455 2137
3266456 2137
3266457 2137
3266459 2137
3266460 2138
3266463 2138
3266464 2135
3266465 2135
3266467 2135
3266560 2129
3266561 2130
3266562 2130
3266564 2129
3266565 2130
3266566 2130
3266568 2129
3266569 2130
3266570 2130
3266573 2131
3266574 2131
3266576 2129
3266577 2130
3266578 2130
3266580 2129
3266581 2130
3266582 2130
3266584 2129
3266585 2130
3266586 2130
3266588 2139
3266590 2132
3266593 2134
3266594 2134
3266624 2130
3266625 2129
3266626 2130
3266628 2130
3266629 2129
3266630 2130
3266632 2130
3266633 2129
3266634 2130
3266637 2140
3266638 2131
3266640 2130
3266641 2129
3266642 2130
3266644 2130
3266645 2129
3266646 2130
3266648 2130
3266649 2129
3266650 2130
3266652 2132
3266654 2132
3266656 2134
3266658 2134
3266688 2141
3266689 2141
3266690 2141
3266691 2141
3266692 2141
3266693 2141
3266694 2141
3266695 2141
3266696 2141
3266697 2141
3266698 2141
3266699 2141
3266701 2142
3266702 2142
3266703 2142
3266704 2141
3266705 2141
3266706 2141
3266707 2141
3266708 2141
3266709 2141
3266710 2141
3266711 2141
3266712 2141
3266713 2141
3266714 2141
3266715 2141
3266716 2143
3266718 2143
3266719 2143
3266720 2144
3266721 2144
3266723 2144
3278912 2145
3278913 2146
3278914 2146
3278916 2145
3278917 2146
3278918 2146
3278920 2145
3278921 2146
3278922 2146
3278925 2147
3278926 2147
3278928 2148
3278929 2149
3278930 2149
3278932 2148
3278933 2149
3278934 2149
3278936 2148
3278937 2149
3278938 2149
3278940 2148
3278941 2149
3278942 2149
3278946 2150
3283072 2151
3283073 2151
3283075 2151
3283076 2151
3283077 2151
3283079 2151
3283080 2151
3283081 2151
3283083 2151
3283085 2152
3283087 2152
3283088 2153
3283089 2153
3283091 2153
3283092 2153
3283093 2153
3283095 2153
3283096 2153
3283097 2153
3283099 2153
3283100 2153
3283101 2153
3283103 2153
3283104 2154
3283107 2154
4265088 2155
4265091 2155
4265092 2155
4265095 2155
4265096 2155
4265099 2155
4265100 2155
4265103 2155
4265107 2156
4265108 2155
4265111 2155
4265112 2155
4265115 2155
4265116 2155
4265119 2155
4265120 2155
4265123 2155
4265216 2157
4265217 2158
4265218 2158
4265220 2159
4265221 2160
4265222 2160
4265224 2159
4265225 2160
4265226 2160
4265228 2159
4265229 2160
4265230 2160
4265234 2161
4265237 2162
4265238 2162
4265240 2159
4265241 2160
4265242 2160
4265244 2159
4265245 2160
4265246 2160
4265248 2159
4265249 2160
4265250 2160
4265344 2163
4265346 2163
4265347 2163
4265348 2164
4265350 2164
4265351 2164
4265352 2164
4265354 2164
4265355 2164
4265356 2164
4265358 2164
4265359 2164
4265362 2165
4265363 2165
4265364 2166
4265367 2166
4265368 2164
4265370 2164
4265371 2164
4265372 2164
4265374 2164
4265375 2164
4265376 2164
4265378 2164
4265379 2164
4265472 2167
4265473 2168
4265474 2168
4265476 2167
4265477 2168
4265478 2168
4265480 2169
4265481 2170
4265482 2170
4265484 2169
4265485 2170
4265486 2170
4265490 2171
4265492 2169
4265493 2170
4265494 2170
4265497 2172
4265498 2172
4265500 2169
4265501 2170
4265502 2170
4265504 2169
4265505 2170
4265506 2170
4265600 2173
4265602 2173
4265603 2173
4265604 2173
4265606 2173
4265607 2173
4265608 2174
4265610 2174
4265611 2174
4265612 2174
4265614 2174
4265615 2174
4265618 2175
4265619 2175
4265620 2174
4265622 2174
4265623 2174
4265624 2176
4265627 2176
4265628 2174
4265630 2174
4265631 2174
4265632 2174
4265634 2174
4265635 2174
4265728 2177
4265729 2178
4265730 2178
4265732 2177
4265733 2178
4265734 2178
4265736 2177
4265737 2178
4265738 2178
4265740 2179
4265741 2180
4265742 2180
4265746 2181
4265748 2179
4265749 2180
4265750 2180
4265752 2179
4265753 2180
4265754 2180
4265757 2182
4265758 2182
4265760 2179
4265761 2180
4265762 2180
4265856 2183
4265858 2183
4265859 2183
4265860 2183
4265862 2183
4265863 2183
4265864 2183
4265866 2183
4265867 2183
4265868 2184
4265870 2184
4265871 2184
4265874 2185
4265875 2185
4265876 2184
4265878 2184
4265879 2184
4265880 2184
4265882 2184
4265883 2184
4265884 2186
4265887 2186
4265888 2184
4265890 2184
4265891 2184
4265984 2187
4265985 2188
4265986 2188
4265988 2187
4265989 2188
4265990 2188
4265992 2187
4265993 2188
4265994 2188
4265996 2187
4265997 2188
4265998 2188
4266002 2189
4266004 2190
4266005 2191
4266006 2191
4266008 2190
4266009 2191
4266010 2191
4266012 2190
4266013 2191
4266014 2191
4266017 2192
4266018 2192
4266112 2193
4266114 2193
4266115 2193
4266116 2193
4266118 2193
4266119 2193
4266120 2193
4266122 2193
4266123 2193
4266124 2193
4266126 2193
4266127 2193
4266130 2194
4266131 2194
4266132 2195
4266134 2195
4266135 2195
4266136 2195
4266138 2195
4266139 2195
4266140 2195
4266142 2195
4266143 2195
4266144 2196
4266147 2196
4277568 2197
4277569 2198
4277570 2198
4277572 2199
4277573 2200
4277574 2200
4277576 2199
4277577 2200
4277578 2200
4277580 2199
4277581 2200
4277582 2200
4277585 2201
4277586 2201
4277590 2202
4277592 2199
4277593 2200
4277594 2200
4277596 2199
4277597 2200
4277598 2200
4277600 2199
4277601 2200
4277602 2200
4277760 2203
4277761 2204
4277764 2205
4277765 2206
4277768 2207
4277769 2208
4277772 2209
4277773 2210
4277777 2211
4277781 2212
4277785 2213
4277788 2214
4277789 2215
4277792 2216
4277793 2217
4277824 2218
4277825 2219
4277826 2219
4277828 2220
4277829 2221
4277830 2221
4277832 2222
4277833 2223
4277834 2223
4277836 2224
4277837 2225
4277838 2225
4277841 2226
4277842 2226
4277845 2227
4277846 2227
4277848 2228
4277850 2229
4277852 2230
4277853 2231
4277854 2231
4277856 2232
4277857 2233
4277858 2233
4278016 2234
4278017 2235
4278020 2236
4278021 2237
4278024 2236
4278025 2237
4278028 2238
4278029 2239
4278033 2240
4278037 2241
4278040 2242
4278041 2243
4278045 2244
4278048 2245
4278049 2246
4278080 2247
4278081 2248
4278082 2248
4278084 2249
4278085 2250
4278086 2250
4278088 2249
4278089 2250
4278090 2250
4278092 2251
4278093 2252
4278094 2252
4278097 2253
4278098 2253
4278101 2254
4278102 2254
4278104 2255
4278105 2256
4278106 2256
4278108 2257
4278110 2258
4278112 2259
4278113 2260
4278114 2260
4278272 2261
4278273 2262
4278276 2263
4278277 2264
4278280 2263
4278281 2264
4278284 2263
4278285 2264
4278289 2265
4278293 2266
4278296 2267
4278297 2268
4278300 2267
4278301 2268
4278305 2269
4278336 2270
4278337 2271
4278338 2271
4278340 2272
4278341 2273
4278342 2273
4278344 2272
4278345 2273
4278346 2273
4278348 2272
4278349 2273
4278350 2273
4278353 2274
4278354 2274
4278357 2275
4278358 2275
4278360 2276
4278361 2277
4278362 2277
4278364 2276
4278365 2277
4278366 2277
4278368 2278
4278370 2279
4281728 2280
4281729 2280
4281731 2280
4281732 2281
4281733 2281
4281735 2281
4281736 2281
4281737 2281
4281739 2281
4281740 2281
4281741 2281
4281743 2281
4281745 2282
4281747 2282
4281748 2283
4281751 2283
4281752 2281
4281753 2281
4281755 2281
4281756 2281
4281757 2281
4281759 2281
4281760 2281
4281761 2281
4281763 2281
4281856 2218
4281857 2219
4281858 2219
4281860 2220
4281861 2221
4281862 2221
4281864 2222
4281865 2223
4281866 2223
4281868 2224
4281869 2225
4281870 2225
4281873 2226
4281874 2226
4281876 2284
4281878 2227
4281881 2229
4281882 2229
4281884 2230
4281885 2231
4281886 2231
4281888 2232
4281889 2233
4281890 2233
4281920 2219
4281921 2218
4281922 2219
4281924 2221
4281925 2220
4281926 2221
4281928 2223
4281929 2222
4281930 2223
4281932 2225
4281933 2224
4281934 2225
4281937 2285
4281938 2226
4281940 2227
4281942 2227
4281944 2229
4281946 2229
4281948 2231
4281949 2230
4281950 2231
4281952 2233
4281953 2232
4281954 2233
4281984 2286
4281985 2286
4281986 2286
4281987 2286
4281988 2287
4281989 2287
4281990 2287
4281991 2287
4281992 2288
4281993 2288
4281994 2288
4281995 2288
4281996 2289
4281997 2289
4281998 2289
4281999 2289
4282001 2290
4282002 2290
4282003 2290
4282004 2291
4282006 2291
4282007 2291
4282008 2292
4282009 2292
4282011 2292
4282012 2293
4282013 2293
4282014 2293
4282015 2293
4282016 2294
4282017 2294
4282018 2294
4282019 2294
4282112 2247
4282113 2248
4282114 2248
4282116 2249
4282117 2250
4282118 2250
4282120 2249
4282121 2250
4282122 2250
4282124 2251
4282125 2252
4282126 2252
4282129 2253
4282130 2253
4282132 2295
4282134 2254
4282136 2255
4282137 2256
4282138 2256
4282141 2258
4282142 2258
4282144 2259
4282145 2260
4282146 2260
4282176 2248
4282177 2247
4282178 2248
4282180 2250
4282181 2249
4282182 2250
4282184 2250
4282185 2249
4282186 2250
4282188 2252
4282189 2251
4282190 2252
4282193 2296
4282194 2253
4282196 2254
4282198 2254
4282200 2256
4282201 2255
4282202 2256
4282204 2258
4282206 2258
4282208 2260
4282209 2259
4282210 2260
4282240 2297
4282241 2297
4282242 2297
4282243 2297
4282244 2298
4282245 2298
4282246 2298
4282247 2298
4282248 2298
4282249 2298
4282250 2298
4282251 2298
4282252 2299
4282253 2299
4282254 2299
4282255 2299
4282257 2300
4282258 2300
4282259 2300
4282260 2301
4282262 2301
4282263 2301
4282264 2302
4282265 2302
4282266 2302
4282267 2302
4282268 2303
4282269 2303
4282271 2303
4282272 2304
4282273 2304
4282274 2304
4282275 2304
4282368 2270
4282369 2271
4282370 2271
4282372 2272
4282373 2273
4282374 2273
4282376 2272
4282377 2273
4282378 2273
4282380 2272
4282381 2273
4282382 2273
4282385 2274
4282386 2274
4282388 2305
4282390 2275
4282392 2276
4282393 2277
4282394 2277
4282396 2276
4282397 2277
4282398 2277
4282401 2279
4282402 2279
4282432 2271
4282433 2270
4282434 2271
4282436 2273
4282437 2272
4282438 2273
4282440 2273
4282441 2272
4282442 2273
4282444 2273
4282445 2272
4282446 2273
4282449 2306
4282450 2274
4282452 2275
4282454 2275
4282456 2277
4282457 2276
4282458 2277
4282460 2277
4282461 2276
4282462 2277
4282464 2279
4282466 2279
4282496 2307
4282497 2307
4282498 2307
4282499 2307
4282500 2308
4282501 2308
4282502 2308
4282503 2308
4282504 2308
4282505 2308
4282506 2308
4282507 2308
4282508 2308
4282509 2308
4282510 2308
4282511 2308
4282513 2309
4282514 2309
4282515 2309
4282516 2310
4282518 2310
4282519 2310
4282520 2311
4282521 2311
4282522 2311
4282523 2311
4282524 2311
4282525 2311
4282526 2311
4282527 2311
4282528 2312
4282529 2312
4282531 2312
4294208 2313
4294209 2314
4294210 2314
4294212 2313
4294213 2314
4294214 2314
4294216 2315
4294217 2316
4294218 2316
4294220 2315
4294221 2316
4294222 2316
4294225 2317
4294226 2317
4294228 2315
4294229 2316
4294230 2316
4294234 2318
4294236 2315
4294237 2316
4294238 2316
4294240 2315
4294241 2316
4294242 2316
4294400 2319
4294401 2320
4294404 2319
4294405 2320
4294408 2321
4294409 2322
4294412 2323
4294413 2324
4294417 2325
4294420 2326
4294421 2327
4294425 2328
4294429 2329
4294432 2330
4294433 2331
4294464 2332
4294465 2333
4294466 2333
4294468 2332
4294469 2333
4294470 2333
4294472 2334
4294473 2335
4294474 2335
4294476 2336
4294477 2337
4294478 2337
4294481 2338
4294482 2338
4294484 2339
4294485 2340
4294486 2340
4294489 2341
4294490 2341
4294492 2342
4294494 2343
4294496 2344
4294497 2345
4294498 2345
4294656 2346
4294657 2347
4294660 2346
4294661 2347
4294664 2348
4294665 2349
4294668 2348
4294669 2349
4294673 2350
4294676 2351
4294677 2352
4294681 2353
4294684 2351
4294685 2352
4294689 2354
4294720 2355
4294721 2356
4294722 2356
4294724 2355
4294725 2356
4294726 2356
4294728 2357
4294729 2358
4294730 2358
4294732 2357
4294733 2358
4294734 2358
4294737 2359
4294738 2359
4294740 2360
4294741 2361
4294742 2361
4294745 2362
4294746 2362
4294748 2360
4294749 2361
4294750 2361
4294752 2363
4294754 2364
4298368 2365
4298369 2365
4298371 2365
4298372 2365
4298373 2365
4298375 2365
4298376 2366
4298377 2366
4298379 2366
4298380 2366
4298381 2366
4298383 2366
4298385 2367
4298387 2367
4298388 2366
4298389 2366
4298391 2366
4298392 2368
4298395 2368
4298396 2366
4298397 2366
4298399 2366
4298400 2366
4298401 2366
4298403 2366
4298496 2332
4298497 2333
4298498 2333
4298500 2332
4298501 2333
4298502 2333
4298504 2334
4298505 2335
4298506 2335
4298508 2336
4298509 2337
4298510 2337
4298513 2338
4298514 2338
4298516 2339
4298517 2340
4298518 2340
4298520 2369
4298522 2341
4298525 2343
4298526 2343
4298528 2344
4298529 2345
4298530 2345
4298560 2333
4298561 2332
4298562 2333
4298564 2333
4298565 2332
4298566 2333
4298568 2335
4298569 2334
4298570 2335
4298572 2337
4298573 2336
4298574 2337
4298577 2370
4298578 2338
4298580 2340
4298581 2339
4298582 2340
4298584 2341
4298586 2341
4298588 2343
4298590 2343
4298592 2345
4298593 2344
4298594 2345
4298624 2371
4298625 2371
4298626 2371
4298627 2371
4298628 2371
4298629 2371
4298630 2371
4298631 2371
4298632 2372
4298633 2372
4298634 2372
4298635 2372
4298636 2373
4298637 2373
4298638 2373
4298639 2373
4298641 2374
4298642 2374
4298643 2374
4298644 2375
4298645 2375
4298646 2375
4298647 2375
4298648 2376
4298650 2376
4298651 2376
4298652 2377
4298653 2377
4298655 2377
4298656 2378
4298657 2378
4298658 2378
4298659 2378
4298752 2355
4298753 2356
4298754 2356
4298756 2355
4298757 2356
4298758 2356
4298760 2357
4298761 2358
4298762 2358
4298764 2357
4298765 2358
4298766 2358
4298769 2359
4298770 2359
4298772 2360
4298773 2361
4298774 2361
4298776 2379
4298778 2362
4298780 2360
4298781 2361
4298782 2361
4298785 2364
4298786 2364
4298816 2356
4298817 2355
4298818 2356
4298820 2356
4298821 2355
4298822 2356
4298824 2358
4298825 2357
4298826 2358
4298828 2358
4298829 2357
4298830 2358
4298833 2380
4298834 2359
4298836 2361
4298837 2360
4298838 2361
4298840 2362
4298842 2362
4298844 2361
4298845 2360
4298846 2361
4298848 2364
4298850 2364
4298880 2381
4298881 2381
4298882 2381
4298883 2381
4298884 2381
4298885 2381
4298886 2381
4298887 2381
4298888 2382
4298889 2382
4298890 2382
4298891 2382
4298892 2382
4298893 2382
4298894 2382
4298895 2382
4298897 2383
4298898 2383
4298899 2383
4298900 2384
4298901 2384
4298902 2384
4298903 2384
4298904 2385
4298906 2385
4298907 2385
4298908 2384
4298909 2384
4298910 2384
4298911 2384
4298912 2386
4298913 2386
4298915 2386
4310848 2387
4310849 2388
4310850 2388
4310852 2387
4310853 2388
4310854 2388
4310856 2387
4310857 2388
4310858 2388
4310860 2389
4310861 2390
4310862 2390
4310865 2391
4310866 2391
4310868 2389
4310869 2390
4310870 2390
4310872 2389
4310873 2390
4310874 2390
4310878 2392
4310880 2389
4310881 2390
4310882 2390
4311040 2393
4311041 2394
4311044 2393
4311045 2394
4311048 2393
4311049 2394
4311052 2395
4311053 2396
4311057 2397
4311060 2398
4311061 2399
4311064 2398
4311065 2399
4311069 2400
4311073 2401
4311104 2402
4311105 2403
4311106 2403
4311108 2402
4311109 2403
4311110 2403
4311112 2402
4311113 2403
4311114 2403
4311116 2404
4311117 2405
4311118 2405
4311121 2406
4311122 2406
4311124 2407
4311125 2408
4311126 2408
4311128 2407
4311129 2408
4311130 2408
4311133 2409
4311134 2409
4311136 2410
4311138 2411
4315008 2412
4315009 2412
4315011 2412
4315012 2412
4315013 2412
4315015 2412
4315016 2412
4315017 2412
4315019 2412
4315020 2413
4315021 2413
4315023 2413
4315025 2414
4315027 2414
4315028 2413
4315029 2413
4315031 2413
4315032 2413
4315033 2413
4315035 2413
4315036 2415
4315039 2415
4315040 2413
4315041 2413
4315043 2413
4315136 2402
4315137 2403
4315138 2403
4315140 2402
4315141 2403
4315142 2403
4315144 2402
4315145 2403
4315146 2403
4315148 2404
4315149 2405
4315150 2405
4315153 2406
4315154 2406
4315156 2407
4315157 2408
4315158 2408
4315160 2407
4315161 2408
4315162 2408
4315164 2416
4315166 2409
4315169 2411
4315170 2411
4315200 2403
4315201 2402
4315202 2403
4315204 2403
4315205 2402
4315206 2403
4315208 2403
4315209 2402
4315210 2403
4315212 2405
4315213 2404
4315214 2405
4315217 2417
4315218 2406
4315220 2408
4315221 2407
4315222 2408
4315224 2408
4315225 2407
4315226 2408
4315228 2409
4315230 2409
4315232 2411
4315234 2411
4315264 2418
4315265 2418
4315266 2418
4315267 2418
4315268 2418
4315269 2418
4315270 2418
4315271 2418
4315272 2418
4315273 2418
4315274 2418
4315275 2418
4315276 2419
4315277 2419
4315278 2419
4315279 2419
4315281 2420
4315282 2420
4315283 2420
4315284 2421
4315285 2421
4315286 2421
4315287 2421
4315288 2421
4315289 2421
4315290 2421
4315291 2421
4315292 2422
4315294 2422
4315295 2422
4315296 2423
4315297 2423
4315299 2423
4327488 2424
4327489 2425
4327490 2425
4327492 2424
4327493 2425
4327494 2425
4327496 2424
4327497 2425
4327498 2425
4327500 2424
4327501 2425
4327502 2425
4327505 2426
4327506 2426
4327508 2427
4327509 2428
4327510 2428
4327512 2427
4327513 2428
4327514 2428
4327516 2427
4327517 2428
4327518 2428
4327522 2429
4331648 2430
4331649 2430
4331651 2430
4331652 2430
4331653 2430
4331655 2430
4331656 2430
4331657 2430
4331659 2430
4331660 2430
4331661 2430
4331663 2430
4331665 2431
4331667 2431
4331668 2432
4331669 2432
4331671 2432
4331672 2432
4331673 2432
4331675 2432
4331676 2432
4331677 2432
4331679 2432
4331680 2433
4331683 2433
5330304 2434
5330307 2434
5330308 2434
5330311 2434
5330312 2434
5330315 2434
5330316 2434
5330319 2434
5330320 2434
5330323 2434
5330327 2435
5330328 2434
5330331 2434
5330332 2434
5330335 2434
5330336 2434
5330339 2434
5330432 2436
5330433 2437
5330434 2437
5330436 2436
5330437 2437
5330438 2437
5330440 2438
5330441 2439
5330442 2439
5330444 2438
5330445 2439
5330446 2439
5330448 2438
5330449 2439
5330450 2439
5330454 2440
5330457 2441
5330458 2441
5330460 2438
5330461 2439
5330462 2439
5330464 2438
5330465 2439
5330466 2439
5330560 2442
5330562 2442
5330563 2442
5330564 2442
5330566 2442
5330567 2442
5330568 2443
5330570 2443
5330571 2443
5330572 2443
5330574 2443
5330575 2443
5330576 2443
5330578 2443
5330579 2443
5330582 2444
5330583 2444
5330584 2445
5330587 2445
5330588 2443
5330590 2443
5330591 2443
5330592 2443
5330594 2443
5330595 2443
5330688 2446
5330689 2447
5330690 2447
5330692 2446
5330693 2447
5330694 2447
5330696 2446
5330697 2447
5330698 2447
5330700 2448
5330701 2449
5330702 2449
5330704 2448
5330705 2449
5330706 2449
5330710 2450
5330712 2448
5330713 2449
5330714 2449
5330717 2451
5330718 2451
5330720 2448
5330721 2449
5330722 2449
5330816 2452
5330818 2452
5330819 2452
5330820 2452
5330822 2452
5330823 2452
5330824 2452
5330826 2452
5330827 2452
5330828 2453
5330830 2453
5330831 2453
5330832 2453
5330834 2453
5330835 2453
5330838 2454
5330839 2454
5330840 2453
5330842 2453
5330843 2453
5330844 2455
5330847 2455
5330848 2453
5330850 2453
5330851 2453
5330944 2456
5330945 2457
5330946 2457
5330948 2456
5330949 2457
5330950 2457
5330952 2456
5330953 2457
5330954 2457
5330956 2456
5330957 2457
5330958 2457
5330960 2458
5330961 2459
5330962 2459
5330966 2460
5330968 2458
5330969 2459
5330970 2459
5330972 2458
5330973 2459
5330974 2459
5330977 2461
5330978 2461
5331072 2462
5331074 2462
5331075 2462
5331076 2462
5331078 2462
5331079 2462
5331080 2462
5331082 2462
5331083 2462
5331084 2462
5331086 2462
5331087 2462
5331088 2463
5331090 2463
5331091 2463
5331094 2464
5331095 2464
5331096 2463
5331098 2463
5331099 2463
5331100 2463
5331102 2463
5331103 2463
5331104 2465
5331107 2465
5342784 2466
5342785 2467
5342786 2467
5342788 2466
5342789 2467
5342790 2467
5342792 2468
5342793 2469
5342794 2469
5342796 2468
5342797 2469
5342798 2469
5342800 2468
5342801 2469
5342802 2469
5342805 2470
5342806 2470
5342810 2471
5342812 2468
5342813 2469
5342814 2469
5342816 2468
5342817 2469
5342818 2469
5342976 2472
5342977 2473
5342980 2472
5342981 2473
5342984 2474
5342985 2475
5342988 2476
5342989 2477
5342992 2478
5342993 2479
5342997 2480
5343001 2481
5343005 2482
5343008 2483
5343009 2484
5343040 2485
5343041 2486
5343042 2486
5343044 2485
5343045 2486
5343046 2486
5343048 2487
5343049 2488
5343050 2488
5343052 2489
5343053 2490
5343054 2490
5343056 2491
5343057 2492
5343058 2492
5343061 2493
5343062 2493
5343065 2494
5343066 2494
5343068 2495
5343070 2496
5343072 2497
5343073 2498
5343074 2498
5343232 2499
5343233 2500
5343236 2499
5343237 2500
5343240 2501
5343241 2502
5343244 2501
5343245 2502
5343248 2503
5343249 2504
5343253 2505
5343257 2506
5343260 2503
5343261 2504
5343265 2507
5343296 2508
5343297 2509
5343298 2509
5343300 2508
5343301 2509
5343302 2509
5343304 2510
5343305 2511
5343306 2511
5343308 2510
5343309 2511
5343310 2511
5343312 2512
5343313 2513
5343314 2513
5343317 2514
5343318 2514
5343321 2515
5343322 2515
5343324 2512
5343325 2513
5343326 2513
5343328 2516
5343330 2517
5346944 2518
5346945 2518
5346947 2518
5346948 2518
5346949 2518
5346951 2518
5346952 2519
5346953 2519
5346955 2519
5346956 2519
5346957 2519
5346959 2519
5346960 2519
5346961 2519
5346963 2519
5346965 2520
5346967 2520
5346968 2521
5346971 2521
5346972 2519
5346973 2519
5346975 2519
5346976 2519
5346977 2519
5346979 2519
5347072 2485
5347073 2486
5347074 2486
5347076 2485
5347077 2486
5347078 2486
5347080 2487
5347081 2488
5347082 2488
5347084 2489
5347085 2490
5347086 2490
5347088 2491
5347089 2492
5347090 2492
5347093 2493
5347094 2493
5347096 2522
5347098 2494
5347101 2496
5347102 2496
5347104 2497
5347105 2498
5347106 2498
5347136 2486
5347137 2485
5347138 2486
5347140 2486
5347141 2485
5347142 2486
5347144 2488
5347145 2487
5347146 2488
5347148 2490
5347149 2489
5347150 2490
5347152 2492
5347153 2491
5347154 2492
5347157 2523
5347158 2493
5347160 2494
5347162 2494
5347164 2496
5347166 2496
5347168 2498
5347169 2497
5347170 2498
5347200 2524
5347201 2524
5347202 2524
5347203 2524
5347204 2524
5347205 2524
5347206 2524
5347207 2524
5347208 2525
5347209 2525
5347210 2525
5347211 2525
5347212 2526
5347213 2526
5347214 2526
5347215 2526
5347216 2527
5347217 2527
5347218 2527
5347219 2527
5347221 2528
5347222 2528
5347223 2528
5347224 2529
5347226 2529
5347227 2529
5347228 2530
5347229 2530
5347231 2530
5347232 2531
5347233 2531
5347234 2531
5347235 2531
5347328 2508
5347329 2509
5347330 2509
5347332 2508
5347333 2509
5347334 2509
5347336 2510
5347337 2511
5347338 2511
5347340 2510
5347341 2511
5347342 2511
5347344 2512
5347345 2513
5347346 2513
5347349 2514
5347350 2514
5347352 2532
5347354 2515
5347356 2512
5347357 2513
5347358 2513
5347361 2517
5347362 2517
5347392 2509
5347393 2508
5347394 2509
5347396 2509
5347397 2508
5347398 2509
5347400 2511
5347401 2510
5347402 2511
5347404 2511
5347405 2510
5347406 2511
5347408 2513
5347409 2512
5347410 2513
5347413 2533
5347414 2514
5347416 2515
5347418 2515
5347420 2513
5347421 2512
5347422 2513
5347424 2517
5347426 2517
5347456 2534
5347457 2534
5347458 2534
5347459 2534
5347460 2534
5347461 2534
5347462 2534
5347463 2534
5347464 2535
5347465 2535
5347466 2535
5347467 2535
5347468 2535
5347469 2535
5347470 2535
5347471 2535
5347472 2536
5347473 2536
5347474 2536
5347475 2536
5347477 2537
5347478 2537
5347479 2537
5347480 2538
5347482 2538
5347483 2538
5347484 2536
5347485 2536
5347486 2536
5347487 2536
5347488 2539
5347489 2539
5347491 2539
5359424 2540
5359425 2541
5359426 2541
5359428 2540
5359429 2541
5359430 2541
5359432 2540
5359433 2541
5359434 2541
5359436 2542
5359437 2543
5359438 2543
5359440 2542
5359441 2543
5359442 2543
5359445 2544
5359446 2544
5359448 2542
5359449 2543
5359450 2543
5359454 2545
5359456 2542
5359457 2543
5359458 2543
5359616 2546
5359617 2547
5359620 2546
5359621 2547
5359624 2546
5359625 2547
5359628 2548
5359629 2549
5359632 2550
5359633 2551
5359637 2552
5359640 2550
5359641 2551
5359645 2553
5359649 2554
5359680 2555
5359681 2556
5359682 2556
5359684 2555
5359685 2556
5359686 2556
5359688 2555
5359689 2556
5359690 2556
5359692 2557
5359693 2558
5359694 2558
5359696 2559
5359697 2560
5359698 2560
5359701 2561
5359702 2561
5359704 2559
5359705 2560
5359706 2560
5359709 2562
5359710 2562
5359712 2563
5359714 2564
5363584 2565
5363585 2565
5363587 2565
5363588 2565
5363589 2565
5363591 2565
5363592 2565
5363593 2565
5363595 2565
5363596 2566
5363597 2566
5363599 2566
5363600 2566
5363601 2566
5363603 2566
5363605 2567
5363607 2567
5363608 2566
5363609 2566
5363611 2566
5363612 2568
5363615 2568
5363616 2566
5363617 2566
5363619 2566
5363712 2555
5363713 2556
5363714 2556
5363716 2555
5363717 2556
5363718 2556
5363720 2555
5363721 2556
5363722 2556
5363724 2557
5363725 2558
5363726 2558
5363728 2559
5363729 2560
5363730 2560
5363733 2561
5363734 2561
5363736 2559
5363737 2560
5363738 2560
5363740 2569
5363742 2562
5363745 2564
5363746 2564
5363776 2556
5363777 2555
5363778 2556
5363780 2556
5363781 2555
5363782 2556
5363784 2556
5363785 2555
5363786 2556
5363788 2558
5363789 2557
5363790 2558
5363792 2560
5363793 2559
5363794 2560
5363797 2570
5363798 2561
5363800 2560
5363801 2559
5363802 2560
5363804 2562
5363806 2562
5363808 2564
5363810 2564
5363840 2571
5363841 2571
5363842 2571
5363843 2571
5363844 2571
5363845 2571
5363846 2571
5363847 2571
5363848 2571
5363849 2571
5363850 2571
5363851 2571
5363852 2572
5363853 2572
5363854 2572
5363855 2572
5363856 2573
5363857 2573
5363858 2573
5363859 2573
5363861 2574
5363862 2574
5363863 2574
5363864 2573
5363865 2573
5363866 2573
5363867 2573
5363868 2575
5363870 2575
5363871 2575
5363872 2576
5363873 2576
5363875 2576
5376064 2577
5376065 2578
5376066 2578
5376068 2577
5376069 2578
5376070 2578
5376072 2577
5376073 2578
5376074 2578
5376076 2577
5376077 2578
5376078 2578
5376080 2579
5376081 2580
5376082 2580
5376085 2581
5376086 2581
5376088 2579
5376089 2580
5376090 2580
5376092 2579
5376093 2580
5376094 2580
5376098 2582
5380224 2583
5380225 2583
5380227 2583
5380228 2583
5380229 2583
5380231 2583
5380232 2583
5380233 2583
5380235 2583
5380236 2583
5380237 2583
5380239 2583
5380240 2584
5380241 2584
5380243 2584
5380245 2585
5380247 2585
5380248 2584
5380249 2584
5380251 2584
5380252 2584
5380253 2584
5380255 2584
5380256 2586
5380259 2586
6395520 2587
6395523 2587
6395524 2587
6395527 2587
6395528 2587
6395531 2587
6395532 2587
6395535 2587
6395536 2587
6395539 2587
6395540 2587
6395543 2587
6395547 2588
6395548 2587
6395551 2587
6395552 2587
6395555 2587
6395648 2589
6395649 2590
6395650 2590
6395652 2589
6395653 2590
6395654 2590
6395656 2589
6395657 2590
6395658 2590
6395660 2591
6395661 2592
6395662 2592
6395664 2591
6395665 2592
6395666 2592
6395668 2591
6395669 2592
6395670 2592
6395674 2593
6395677 2594
6395678 2594
6395680 2591
6395681 2592
6395682 2592
6395776 2595
6395778 2595
6395779 2595
6395780 2595
6395782 2595
6395783 2595
6395784 2595
6395786 2595
6395787 2595
6395788 2596
6395790 2596
6395791 2596
6395792 2596
6395794 2596
6395795 2596
6395796 2596
6395798 2596
6395799 2596
6395802 2597
6395803 2597
6395804 2598
6395807 2598
6395808 2596
6395810 2596
6395811 2596
6395904 2599
6395905 2600
6395906 2600
6395908 2599
6395909 2600
6395910 2600
6395912 2599
6395913 2600
6395914 2600
6395916 2599
6395917 2600
6395918 2600
6395920 2601
6395921 2602
6395922 2602
6395924 2601
6395925 2602
6395926 2602
6395930 2603
6395932 2601
6395933 2602
6395934 2602
6395937 2604
6395938 2604
6396032 2605
6396034 2605
6396035 2605
6396036 2605
6396038 2605
6396039 2605
6396040 2605
6396042 2605
6396043 2605
6396044 2605
6396046 2605
6396047 2605
6396048 2606
6396050 2606
6396051 2606
6396052 2606
6396054 2606
6396055 2606
6396058 2607
6396059 2607
6396060 2606
6396062 2606
6396063 2606
6396064 2608
6396067 2608
6408000 2609
6408001 2610
6408002 2610
6408004 2609
6408005 2610
6408006 2610
6408008 2609
6408009 2610
6408010 2610
6408012 2611
6408013 2612
6408014 2612
6408016 2611
6408017 2612
6408018 2612
6408020 2611
6408021 2612
6408022 2612
6408025 2613
6408026 2613
6408030 2614
6408032 2611
6408033 2612
6408034 2612
6408192 2615
6408193 2616
6408196 2615
6408197 2616
6408200 2615
6408201 2616
6408204 2617
6408205 2618
6408208 2619
6408209 2620
6408212 2619
6408213 2620
6408217 2621
6408221 2622
6408225 2623
6408256 2624
6408257 2625
6408258 2625
6408260 2624
6408261 2625
6408262 2625
6408264 2624
6408265 2625
6408266 2625
6408268 2626
6408269 2627
6408270 2627
6408272 2628
6408273 2629
6408274 2629
6408276 2628
6408277 2629
6408278 2629
6408281 2630
6408282 2630
6408285 2631
6408286 2631
6408288 2632
6408290 2633
6412160 2634
6412161 2634
6412163 2634
6412164 2634
6412165 2634
6412167 2634
6412168 2634
6412169 2634
6412171 2634
6412172 2635
6412173 2635
6412175 2635
6412176 2635
6412177 2635
6412179 2635
6412180 2635
6412181 2635
6412183 2635
6412185 2636
6412187 2636
6412188 2637
6412191 2637
6412192 2635
6412193 2635
6412195 2635
6412288 2624
6412289 2625
6412290 2625
6412292 2624
6412293 2625
6412294 2625
6412296 2624
6412297 2625
6412298 2625
6412300 2626
6412301 2627
6412302 2627
6412304 2628
6412305 2629
6412306 2629
6412308 2628
6412309 2629
6412310 2629
6412313 2630
6412314 2630
6412316 2638
6412318 2631
6412321 2633
6412322 2633
6412352 2625
6412353 2624
6412354 2625
6412356 2625
6412357 2624
6412358 2625
6412360 2625
6412361 2624
6412362 2625
6412364 2627
6412365 2626
6412366 2627
6412368 2629
6412369 2628
6412370 2629
6412372 2629
6412373 2628
6412374 2629
6412377 2639
6412378 2630
6412380 2631
6412382 2631
6412384 2633
6412386 2633
6412416 2640
6412417 2640
6412418 2640
6412419 2640
6412420 2640
6412421 2640
6412422 2640
6412423 2640
6412424 2640
6412425 2640
6412426 2640
6412427 2640
6412428 2641
6412429 2641
6412430 2641
6412431 2641
6412432 2642
6412433 2642
6412434 2642
6412435 2642
6412436 2642
6412437 2642
6412438 2642
6412439 2642
6412441 2643
6412442 2643
6412443 2643
6412444 2644
6412446 2644
6412447 2644
6412448 2645
6412449 2645
6412451 2645
6424640 2646
6424641 2647
6424642 2647
6424644 2646
6424645 2647
6424646 2647
6424648 2646
6424649 2647
6424650 2647
6424652 2646
6424653 2647
6424654 2647
6424656 2648
6424657 2649
6424658 2649
6424660 2648
6424661 2649
6424662 2649
6424665 2650
6424666 2650
6424668 2648
6424669 2649
6424670 2649
6424674 2651
6428800 2652
6428801 2652
6428803 2652
6428804 2652
6428805 2652
6428807 2652
6428808 2652
6428809 2652
6428811 2652
6428812 2652
6428813 2652
6428815 2652
6428816 2653
6428817 2653
6428819 2653
6428820 2653
6428821 2653
6428823 2653
6428825 2654
6428827 2654
6428828 2653
6428829 2653
6428831 2653
6428832 2655
6428835 2655
7460736 2656
7460739 2656
7460740 2656
7460743 2656
7460744 2656
7460747 2656
7460748 2656
7460751 2656
7460752 2656
7460755 2656
7460756 2656
7460759 2656
7460760 2656
7460763 2656
7460767 2657
7460768 2656
7460771 2656
7460864 2658
7460865 2659
7460866 2659
7460868 2658
7460869 2659
7460870 2659
7460872 2658
7460873 2659
7460874 2659
7460876 2658
7460877 2659
7460878 2659
7460880 2660
7460881 2661
7460882 2661
7460884 2660
7460885 2661
7460886 2661
7460888 2660
7460889 2661
7460890 2661
7460894 2662
7460897 2663
7460898 2663
7460992 2664
7460994 2664
7460995 2664
7460996 2664
7460998 2664
7460999 2664
7461000 2664
7461002 2664
7461003 2664
7461004 2664
7461006 2664
7461007 2664
7461008 2665
7461010 2665
7461011 2665
7461012 2665
7461014 2665
7461015 2665
7461016 2665
7461018 2665
7461019 2665
7461022 2666
7461023 2666
7461024 2667
7461027 2667
7473216 2668
7473217 2669
7473218 2669
7473220 2668
7473221 2669
7473222 2669
7473224 2668
7473225 2669
7473226 2669
7473228 2668
7473229 2669
7473230 2669
7473232 2670
7473233 2671
7473234 2671
7473236 2670
7473237 2671
7473238 2671
7473240 2670
7473241 2671
7473242 2671
7473245 2672
7473246 2672
7473250 2673
7477376 2674
7477377 2674
7477379 2674
7477380 2674
7477381 2674
7477383 2674
7477384 2674
7477385 2674
7477387 2674
7477388 2674
7477389 2674
7477391 2674
7477392 2675
7477393 2675
7477395 2675
7477396 2675
7477397 2675
7477399 2675
7477400 2675
7477401 2675
7477403 2675
7477405 2676
7477407 2676
7477408 2677
7477411 2677
8525952 2678
8525955 2678
8525956 2678
8525959 2678
8525960 2678
8525963 2678
8525964 2678
8525967 2678
8525968 2678
8525971 2678
8525972 2678
8525975 2678
8525976 2678
8525979 2678
8525980 2678
8525983 2678
8525987 2679
river 13761
4227 0
4228 1
4231 1
4232 1
4235 1
4236 1
4239 1
4240 1
4243 1
4244 1
4247 1
4248 1
4251 1
4252 1
4255 1
4256 1
4259 1
4354 2
4357 3
4358 3
4360 4
4361 5
4362 5
4364 4
4365 5
4366 5
4368 4
4369 5
4370 5
4372 6
4373 7
4374 7
4376 6
4377 7
4378 7
4380 6
4381 7
4382 7
4384 4
4385 5
4386 5
4482 8
4483 8
4484 9
4487 9
4488 10
4490 10
4491 10
4492 10
4494 10
4495 10
4496 10
4498 10
4499 10
4500 11
4502 11
4503 11
4504 11
4506 11
4507 11
4508 11
4510 11
4511 11
4512 10
4514 10
4515 10
4610 12
4612 13
4613 14
4614 14
4617 15
4618 15
4620 13
4621 14
4622 14
4624 13
4625 14
4626 14
4628 16
4629 17
4630 17
4632 16
4633 17
4634 17
4636 16
4637 17
4638 17
4640 13
4641 14
4642 14
4738 18
4739 18
4740 19
4742 19
4743 19
4744 20
4747 20
4748 19
4750 19
4751 19
4752 19
4754 19
4755 19
4756 21
4758 21
4759 21
4760 21
4762 21
4763 21
4764 21
4766 21
4767 21
4768 19
4770 19
4771 19
4866 22
4868 23
4869 24
4870 24
4872 23
4873 24
4874 24
4877 25
4878 25
4880 23
4881 24
4882 24
4884 26
4885 27
4886 27
4888 26
4889 27
4890 27
4892 26
4893 27
4894 27
4896 23
4897 24
4898 24
4994 28
4995 28
4996 29
4998 29
4999 29
5000 29
5002 29
5003 29
5004 30
5007 30
5008 29
5010 29
5011 29
5012 31
5014 31
5015 31
5016 31
5018 31
5019 31
5020 31
5022 31
5023 31
5024 29
5026 29
5027 29
5122 32
5124 33
5125 34
5126 34
5128 33
5129 34
5130 34
5132 33
5133 34
5134 34
5137 35
5138 35
5140 36
5141 37
5142 37
5144 36
5145 37
5146 37
5148 36
5149 37
5150 37
5152 36
5153 37
5154 37
5250 38
5251 38
5252 39
5254 39
5255 39
5256 39
5258 39
5259 39
5260 39
5262 39
5263 39
5264 40
5267 40
5268 41
5270 41
5271 41
5272 41
5274 41
5275 41
5276 41
5278 41
5279 41
5280 41
5282 41
5283 41
5378 42
5380 43
5381 44
5382 44
5384 43
5385 44
5386 44
5388 43
5389 44
5390 44
5392 43
5393 44
5394 44
5397 45
5398 45
5400 43
5401 44
5402 44
5404 43
5405 44
5406 44
5408 43
5409 44
5410 44
5506 46
5507 46
5508 47
5510 47
5511 47
5512 47
5514 47
5515 47
5516 47
5518 47
5519 47
5520 47
5522 47
5523 47
5524 48
5527 48
5528 47
5530 47
5531 47
5532 47
5534 47
5535 47
5536 47
5538 47
5539 47
5634 49
5636 50
5637 51
5638 51
5640 50
5641 51
5642 51
5644 50
5645 51
5646 51
5648 50
5649 51
5650 51
5652 50
5653 51
5654 51
5657 52
5658 52
5660 50
5661 51
5662 51
5664 50
5665 51
5666 51
5762 53
5763 53
5764 54
5766 54
5767 54
5768 54
5770 54
5771 54
5772 54
5774 54
5775 54
5776 54
5778 54
5779 54
5780 54
5782 54
5783 54
5784 55
5787 55
5788 54
5790 54
5791 54
5792 54
5794 54
5795 54
5890 56
5892 57
5893 58
5894 58
5896 57
5897 58
5898 58
5900 57
5901 58
5902 58
5904 57
5905 58
5906 58
5908 57
5909 58
5910 58
5912 57
5913 58
5914 58
5917 59
5918 59
5920 57
5921 58
5922 58
6018 60
6019 60
6020 61
6022 61
6023 61
6024 61
6026 61
6027 61
6028 61
6030 61
6031 61
6032 61
6034 61
6035 61
6036 61
6038 61
6039 61
6040 61
6042 61
6043 61
6044 62
6047 62
6048 61
6050 61
6051 61
6146 63
6148 64
6149 65
6150 65
6152 64
6153 65
6154 65
6156 64
6157 65
6158 65
6160 66
6161 67
6162 67
6164 66
6165 67
6166 67
6168 66
6169 67
6170 67
6172 66
6173 67
6174 67
6177 68
6178 68
6274 69
6275 69
6276 70
6278 70
6279 70
6280 70
6282 70
6283 70
6284 70
6286 70
6287 70
6288 71
6290 71
6291 71
6292 71
6294 71
6295 71
6296 71
6298 71
6299 71
6300 71
6302 71
6303 71
6304 72
6307 72
16705 73
16706 73
16710 74
16712 75
16713 76
16714 76
16716 75
16717 76
16718 76
16720 75
16721 76
16722 76
16724 77
16725 78
16726 78
16728 77
16729 78
16730 78
16732 77
16733 78
16734 78
16736 75
16737 76
16738 76
16897 79
16901 80
16905 81
16908 82
16909 83
16912 84
16913 85
16916 86
16917 87
16920 88
16921 89
16924 88
16925 89
16928 90
16929 91
16961 92
16962 92
16965 93
16966 93
16968 94
16970 95
16972 96
16973 97
16974 97
16976 98
16977 99
16978 99
16980 100
16981 101
16982 101
16984 102
16985 103
16986 103
16988 102
16989 103
16990 103
16992 104
16993 105
16994 105
17153 106
17157 107
17160 108
17161 109
17165 110
17168 111
17169 112
17172 113
17173 114
17176 115
17177 116
17180 115
17181 116
17184 117
17185 118
17217 119
17218 119
17221 120
17222 120
17224 121
17225 122
17226 122
17228 123
17230 124
17232 125
17233 126
17234 126
17236 127
17237 128
17238 128
17240 129
17241 130
17242 130
17244 129
17245 130
17246 130
17248 131
17249 132
17250 132
17409 133
17413 134
17416 135
17417 136
17420 135
17421 136
17425 137
17428 138
17429 139
17432 140
17433 141
17436 140
17437 141
17440 138
17441 139
17473 142
17474 142
17477 143
17478 143
17480 144
17481 145
17482 145
17484 144
17485 145
17486 145
17488 146
17490 147
17492 148
17493 149
17494 149
17496 150
17497 151
17498 151
17500 150
17501 151
17502 151
17504 148
17505 149
17506 149
17665 152
17669 153
17672 154
17673 155
17676 154
17677 155
17680 154
17681 155
17685 156
17688 157
17689 158
17692 157
17693 158
17696 154
17697 155
17729 159
17730 159
17733 160
17734 160
17736 161
17737 162
17738 162
17740 161
17741 162
17742 162
17744 161
17745 162
17746 162
17748 163
17750 164
17752 165
17753 166
17754 166
17756 165
17757 166
17758 166
17760 161
17761 162
17762 162
17921 167
17925 168
17928 169
17929 170
17932 169
17933 170
17936 169
17937 170
17940 171
17941 172
17945 173
17948 171
17949 172
17952 169
17953 170
17985 174
17986 174
17989 175
17990 175
17992 176
17993 177
17994 177
17996 176
17997 177
17998 177
18000 176
18001 177
18002 177
18004 178
18005 179
18006 179
18008 180
18010 181
18012 178
18013 179
18014 179
18016 176
18017 177
18018 177
18177 182
18181 183
18184 184
18185 185
18188 184
18189 185
18192 184
18193 185
18196 186
18197 187
18200 186
18201 187
18205 188
18208 184
18209 185
18241 189
18242 189
18245 190
18246 190
18248 191
18249 192
18250 192
18252 191
18253 192
18254 192
18256 191
18257 192
18258 192
18260 193
18261 194
18262 194
18264 193
18265 194
18266 194
18268 195
18270 196
18272 191
18273 192
18274 192
18433 197
18437 198
18440 199
18441 200
18444 199
18445 200
18448 201
18449 202
18452 203
18453 204
18456 203
18457 204
18460 203
18461 204
18465 205
18497 206
18498 206
18501 207
18502 207
18504 208
18505 209
18506 209
18508 208
18509 209
18510 209
18512 210
18513 211
18514 211
18516 212
18517 213
18518 213
18520 212
18521 213
18522 213
18524 212
18525 213
18526 213
18528 214
18530 215
20865 216
20867 216
20868 217
20871 217
20872 218
20873 218
20875 218
20876 218
20877 218
20879 218
20880 218
20881 218
20883 218
20884 219
20885 219
20887 219
20888 219
20889 219
20891 219
20892 219
20893 219
20895 219
20896 218
20897 218
20899 218
20993 92
20994 92
20996 220
20998 93
21001 95
21002 95
21004 96
21005 97
21006 97
21008 98
21009 99
21010 99
21012 100
21013 101
21014 101
21016 102
21017 103
21018 103
21020 102
21021 103
21022 103
21024 104
21025 105
21026 105
21057 221
21058 92
21060 93
21062 93
21064 95
21066 95
21068 97
21069 96
21070 97
21072 99
21073 98
21074 99
21076 101
21077 100
21078 101
21080 103
21081 102
21082 103
21084 103
21085 102
21086 103
21088 105
21089 104
21090 105
21121 222
21122 222
21123 222
21124 223
21126 223
21127 223
21128 224
21129 224
21131 224
21132 225
21133 225
21134 225
21135 225
21136 226
21137 226
21138 226
21139 226
21140 227
21141 227
21142 227
21143 227
21144 228
21145 228
21146 228
21147 228
21148 228
21149 228
21150 228
21151 228
21152 229
21153 229
21154 229
21155 229
21249 119
21250 119
21252 230
21254 120
21256 121
21257 122
21258 122
21261 124
21262 124
21264 125
21265 126
21266 126
21268 127
21269 128
21270 128
21272 129
21273 130
21274 130
21276 129
21277 130
21278 130
21280 131
21281 132
21282 132
21313 231
21314 119
21316 120
21318 120
21320 122
21321 121
21322 122
21324 124
21326 124
21328 126
21329 125
21330 126
21332 128
21333 127
21334 128
21336 130
21337 129
21338 130
21340 130
21341 129
21342 130
21344 132
21345 131
21346 132
21377 232
21378 232
21379 232
21380 233
21382 233
21383 233
21384 234
21385 234
21386 234
21387 234
21388 235
21389 235
21391 235
21392 236
21393 236
21394 236
21395 236
21396 237
21397 237
21398 237
21399 237
21400 238
21401 238
21402 238
21403 238
21404 238
21405 238
21406 238
21407 238
21408 239
21409 239
21410 239
21411 239
21505 142
21506 142
21508 240
21510 143
21512 144
21513 145
21514 145
21516 144
21517 145
21518 145
21521 147
21522 147
21524 148
21525 149
21526 149
21528 150
21529 151
21530 151
21532 150
21533 151
21534 151
21536 148
21537 149
21538 149
21569 241
21570 142
21572 143
21574 143
21576 145
21577 144
21578 145
21580 145
21581 144
21582 145
21584 147
21586 147
21588 149
21589 148
21590 149
21592 151
21593 150
21594 151
21596 151
21597 150
21598 151
21600 149
21601 148
21602 149
21633 242
21634 242
21635 242
21636 243
21638 243
21639 243
21640 244
21641 244
21642 244
21643 244
21644 244
21645 244
21646 244
21647 244
21648 245
21649 245
21651 245
21652 246
21653 246
21654 246
21655 246
21656 247
21657 247
21658 247
21659 247
21660 247
21661 247
21662 247
21663 247
21664 246
21665 246
21666 246
21667 246
21761 159
21762 159
21764 248
21766 160
21768 161
21769 162
21770 162
21772 161
21773 162
21774 162
21776 161
21777 162
21778 162
21781 164
21782 164
21784 165
21785 166
21786 166
21788 165
21789 166
21790 166
21792 161
21793 162
21794 162
21825 249
21826 159
21828 160
21830 160
21832 162
21833 161
21834 162
21836 162
21837 161
21838 162
21840 162
21841 161
21842 162
21844 164
21846 164
21848 166
21849 165
21850 166
21852 166
21853 165
21854 166
21856 162
21857 161
21858 162
21889 250
21890 250
21891 250
21892 251
21894 251
21895 251
21896 252
21897 252
21898 252
21899 252
21900 252
21901 252
21902 252
21903 252
21904 252
21905 252
21906 252
21907 252
21908 253
21909 253
21911 253
21912 254
21913 254
21914 254
21915 254
21916 254
21917 254
21918 254
21919 254
21920 252
21921 252
21922 252
21923 252
22017 174
22018 174
22020 255
22022 175
22024 176
22025 177
22026 177
22028 176
22029 177
22030 177
22032 176
22033 177
22034 177
22036 178
22037 179
22038 179
22041 181
22042 181
22044 178
22045 179
22046 179
22048 176
22049 177
22050 177
22081 256
22082 174
22084 175
22086 175
22088 177
22089 176
22090 177
22092 177
22093 176
22094 177
22096 177
22097 176
22098 177
22100 179
22101 178
22102 179
22104 181
22106 181
22108 179
22109 178
22110 179
22112 177
22113 176
22114 177
22145 257
22146 257
22147 257
22148 258
22150 258
22151 258
22152 259
22153 259
22154 259
22155 259
22156 259
22157 259
22158 259
22159 259
22160 259
22161 259
22162 259
22163 259
22164 260
22165 260
22166 260
22167 260
22168 261
22169 261
22171 261
22172 260
22173 260
22174 260
22175 260
22176 259
22177 259
22178 259
22179 259
22273 189
22274 189
22276 262
22278 190
22280 191
22281 192
22282 192
22284 191
22285 192
22286 192
22288 191
22289 192
22290 192
22292 193
22293 194
22294 194
22296 193
22297 194
22298 194
22301 196
22302 196
22304 191
22305 192
22306 192
22337 263
22338 189
22340 190
22342 190
22344 192
22345 191
22346 192
22348 192
22349 191
22350 192
22352 192
22353 191
22354 192
22356 194
22357 193
22358 194
22360 194
22361 193
22362 194
22364 196
22366 196
22368 192
22369 191
22370 192
22401 264
22402 264
22403 264
22404 265
22406 265
22407 265
22408 266
22409 266
22410 266
22411 266
22412 266
22413 266
22414 266
22415 266
22416 266
22417 266
22418 266
22419 266
22420 267
22421 267
22422 267
22423 267
22424 267
22425 267
22426 267
22427 267
22428 268
22429 268
22431 268
22432 266
22433 266
22434 266
22435 266
22529 206
22530 206
22532 269
22534 207
22536 208
22537 209
22538 209
22540 208
22541 209
22542 209
22544 210
22545 211
22546 211
22548 212
22549 213
22550 213
22552 212
22553 213
22554 213
22556 212
22557 213
22558 213
22561 215
22562 215
22593 270
22594 206
22596 207
22598 207
22600 209
22601 208
22602 209
22604 209
22605 208
22606 209
22608 211
22609 210
22610 211
22612 213
22613 212
22614 213
22616 213
22617 212
22618 213
22620 213
22621 212
22622 213
22624 215
22626 215
22657 271
22658 271
22659 271
22660 272
22662 272
22663 272
22664 273
22665 273
22666 273
22667 273
22668 273
22669 273
22670 273
22671 273
22672 274
22673 274
22674 274
22675 274
22676 275
22677 275
22678 275
22679 275
22680 275
22681 275
22682 275
22683 275
22684 275
22685 275
22686 275
22687 275
22688 276
22689 276
22691 276
33345 277
33346 277
33348 278
33349 279
33350 279
33354 280
33356 278
33357 279
33358 279
33360 278
33361 279
33362 279
33364 281
33365 282
33366 282
33368 281
33369 282
33370 282
33372 281
33373 282
33374 282
33376 278
33377 279
33378 279
33537 283
33540 284
33541 285
33545 286
33549 287
33552 288
33553 289
33556 290
33557 291
33560 290
33561 291
33564 292
33565 293
33568 294
33569 295
33601 296
33602 296
33604 297
33605 298
33606 298
33609 299
33610 299
33612 300
33614 301
33616 302
33617 303
33618 303
33620 304
33621 305
33622 305
33624 304
33625 305
33626 305
33628 306
33629 307
33630 307
33632 308
33633 309
33634 309
33793 310
33796 311
33797 312
33801 313
33804 311
33805 312
33809 314
33812 315
33813 316
33816 315
33817 316
33820 317
33821 318
33824 315
33825 316
33857 319
33858 319
33860 320
33861 321
33862 321
33865 322
33866 322
33868 320
33869 321
33870 321
33872 323
33874 324
33876 325
33877 326
33878 326
33880 325
33881 326
33882 326
33884 327
33885 328
33886 328
33888 325
33889 326
33890 326
34049 329
34052 330
34053 331
34057 332
34060 330
34061 331
34064 330
34065 331
34069 333
34072 330
34073 331
34076 334
34077 335
34080 330
34081 331
34113 336
34114 336
34116 337
34117 338
34118 338
34121 339
34122 339
34124 337
34125 338
34126 338
34128 337
34129 338
34130 338
34132 340
34134 341
34136 337
34137 338
34138 338
34140 342
34141 343
34142 343
34144 337
34145 338
34146 338
34305 344
34308 345
34309 346
34313 347
34316 345
34317 346
34320 345
34321 346
34324 345
34325 346
34329 348
34332 349
34333 350
34336 345
34337 346
34369 351
34370 351
34372 352
34373 353
34374 353
34377 354
34378 354
34380 352
34381 353
34382 353
34384 352
34385 353
34386 353
34388 352
34389 353
34390 353
34392 355
34394 356
34396 357
34397 358
34398 358
34400 352
34401 353
34402 353
34561 359
34564 360
34565 361
34569 362
34572 360
34573 361
34576 360
34577 361
34580 363
34581 364
34584 363
34585 364
34589 365
34592 360
34593 361
34625 366
34626 366
34628 367
34629 368
34630 368
34633 369
34634 369
34636 367
34637 368
34638 368
34640 367
34641 368
34642 368
34644 370
34645 371
34646 371
34648 370
34649 371
34650 371
34652 372
34654 373
34656 367
34657 368
34658 368
34817 374
34820 375
34821 376
34825 377
34828 375
34829 376
34832 378
34833 379
34836 380
34837 381
34840 380
34841 381
34844 380
34845 381
34849 382
34881 383
34882 383
34884 384
34885 385
34886 385
34889 386
34890 386
34892 384
34893 385
34894 385
34896 387
34897 388
34898 388
34900 389
34901 390
34902 390
34904 389
34905 390
34906 390
34908 389
34909 390
34910 390
34912 391
34914 392
37505 393
37507 393
37508 394
37509 394
37511 394
37512 395
37515 395
37516 394
37517 394
37519 394
37520 394
37521 394
37523 394
37524 396
37525 396
37527 396
37528 396
37529 396
37531 396
37532 396
37533 396
37535 396
37536 394
37537 394
37539 394
37633 296
37634 296
37636 297
37637 298
37638 298
37640 397
37642 299
37645 301
37646 301
37648 302
37649 303
37650 303
37652 304
37653 305
37654 305
37656 304
37657 305
37658 305
37660 306
37661 307
37662 307
37664 308
37665 309
37666 309
37697 398
37698 296
37700 298
37701 297
37702 298
37704 299
37706 299
37708 301
37710 301
37712 303
37713 302
37714 303
37716 305
37717 304
37718 305
37720 305
37721 304
37722 305
37724 307
37725 306
37726 307
37728 309
37729 308
37730 309
37761 399
37762 399
37763 399
37764 400
37765 400
37766 400
37767 400
37768 401
37770 401
37771 401
37772 402
37773 402
37775 402
37776 403
37777 403
37778 403
37779 403
37780 404
37781 404
37782 404
37783 404
37784 404
37785 404
37786 404
37787 404
37788 405
37789 405
37790 405
37791 405
37792 406
37793 406
37794 406
37795 406
37889 319
37890 319
37892 320
37893 321
37894 321
37896 407
37898 322
37900 320
37901 321
37902 321
37905 324
37906 324
37908 325
37909 326
37910 326
37912 325
37913 326
37914 326
37916 327
37917 328
37918 328
37920 325
37921 326
37922 326
37953 408
37954 319
37956 321
37957 320
37958 321
37960 322
37962 322
37964 321
37965 320
37966 321
37968 324
37970 324
37972 326
37973 325
37974 326
37976 326
37977 325
37978 326
37980 328
37981 327
37982 328
37984 326
37985 325
37986 326
38017 409
38018 409
38019 409
38020 410
38021 410
38022 410
38023 410
38024 411
38026 411
38027 411
38028 410
38029 410
38030 410
38031 410
38032 412
38033 412
38035 412
38036 413
38037 413
38038 413
38039 413
38040 413
38041 413
38042 413
38043 413
38044 414
38045 414
38046 414
38047 414
38048 413
38049 413
38050 413
38051 413
38145 336
38146 336
38148 337
38149 338
38150 338
38152 415
38154 339
38156 337
38157 338
38158 338
38160 337
38161 338
38162 338
38165 341
38166 341
38168 337
38169 338
38170 338
38172 342
38173 343
38174 343
38176 337
38177 338
38178 338
38209 416
38210 336
38212 338
38213 337
38214 338
38216 339
38218 339
38220 338
38221 337
38222 338
38224 338
38225 337
38226 338
38228 341
38230 341
38232 338
38233 337
38234 338
38236 343
38237 342
38238 343
38240 338
38241 337
38242 338
38273 417
38274 417
38275 417
38276 418
38277 418
38278 418
38279 418
38280 419
38282 419
38283 419
38284 418
38285 418
38286 418
38287 418
38288 418
38289 418
38290 418
38291 418
38292 420
38293 420
38295 420
38296 418
38297 418
38298 418
38299 418
38300 421
38301 421
38302 421
38303 421
38304 418
38305 418
38306 418
38307 418
38401 351
38402 351
38404 352
38405 353
38406 353
38408 422
38410 354
38412 352
38413 353
38414 353
38416 352
38417 353
38418 353
38420 352
38421 353
38422 353
38425 356
38426 356
38428 357
38429 358
38430 358
38432 352
38433 353
38434 353
38465 423
38466 351
38468 353
38469 352
38470 353
38472 354
38474 354
38476 353
38477 352
38478 353
38480 353
38481 352
38482 353
38484 353
38485 352
38486 353
38488 356
38490 356
38492 358
38493 357
38494 358
38496 353
38497 352
38498 353
38529 424
38530 424
38531 424
38532 425
38533 425
38534 425
38535 425
38536 426
38538 426
38539 426
38540 425
38541 425
38542 425
38543 425
38544 425
38545 425
38546 425
38547 425
38548 425
38549 425
38550 425
38551 425
38552 427
38553 427
38555 427
38556 428
38557 428
38558 428
38559 428
38560 425
38561 425
38562 425
38563 425
38657 366
38658 366
38660 367
38661 368
38662 368
38664 429
38666 369
38668 367
38669 368
38670 368
38672 367
38673 368
38674 368
38676 370
38677 371
38678 371
38680 370
38681 371
38682 371
38685 373
38686 373
38688 367
38689 368
38690 368
38721 430
38722 366
38724 368
38725 367
38726 368
38728 369
38730 369
38732 368
38733 367
38734 368
38736 368
38737 367
38738 368
38740 371
38741 370
38742 371
38744 371
38745 370
38746 371
38748 373
38750 373
38752 368
38753 367
38754 368
38785 431
38786 431
38787 431
38788 432
38789 432
38790 432
38791 432
38792 433
38794 433
38795 433
38796 432
38797 432
38798 432
38799 432
38800 432
38801 432
38802 432
38803 432
38804 434
38805 434
38806 434
38807 434
38808 434
38809 434
38810 434
38811 434
38812 435
38813 435
38815 435
38816 432
38817 432
38818 432
38819 432
38913 383
38914 383
38916 384
38917 385
38918 385
38920 436
38922 386
38924 384
38925 385
38926 385
38928 387
38929 388
38930 388
38932 389
38933 390
38934 390
38936 389
38937 390
38938 390
38940 389
38941 390
38942 390
38945 392
38946 392
38977 437
38978 383
38980 385
38981 384
38982 385
38984 386
38986 386
38988 385
38989 384
38990 385
38992 388
38993 387
38994 388
38996 390
38997 389
38998 390
39000 390
39001 389
39002 390
39004 390
39005 389
39006 390
39008 392
39010 392
39041 438
39042 438
39043 438
39044 439
39045 439
39046 439
39047 439
39048 440
39050 440
39051 440
39052 439
39053 439
39054 439
39055 439
39056 441
39057 441
39058 441
39059 441
39060 442
39061 442
39062 442
39063 442
39064 442
39065 442
39066 442
39067 442
39068 442
39069 442
39070 442
39071 442
39072 443
39073 443
39075 443
49985 444
49986 444
49988 445
49989 446
49990 446
49992 445
49993 446
49994 446
49998 447
50000 445
50001 446
50002 446
50004 448
50005 449
50006 449
50008 448
50009 449
50010 449
50012 448
50013 449
50014 449
50016 445
50017 446
50018 446
50177 450
50180 451
50181 452
50184 451
50185 452
50189 453
50193 454
50196 455
50197 456
50200 455
50201 456
50204 455
50205 456
50208 455
50209 456
50241 457
50242 457
50244 458
50245 459
50246 459
50248 458
50249 459
50250 459
50253 460
50254 460
50256 461
50258 462
50260 463
50261 464
50262 464
50264 463
50265 464
50266 464
50268 463
50269 464
50270 464
50272 463
50273 464
50274 464
50433 465
50436 466
50437 467
50440 466
50441 467
50445 468
50448 466
50449 467
50453 469
50456 466
50457 467
50460 466
50461 467
50464 466
50465 467
50497 470
50498 470
50500 471
50501 472
50502 472
50504 471
50505 472
50506 472
50509 473
50510 473
50512 471
50513 472
50514 472
50516 474
50518 475
50520 471
50521 472
50522 472
50524 471
50525 472
50526 472
50528 471
50529 472
50530 472
50689 476
50692 477
50693 478
50696 477
50697 478
50701 479
50704 477
50705 478
50708 477
50709 478
50713 480
50716 477
50717 478
50720 477
50721 478
50753 481
50754 481
50756 482
50757 483
50758 483
50760 482
50761 483
50762 483
50765 484
50766 484
50768 482
50769 483
50770 483
50772 482
50773 483
50774 483
50776 485
50778 486
50780 482
50781 483
50782 483
50784 482
50785 483
50786 483
50945 487
50948 488
50949 489
50952 488
50953 489
50957 490
50960 488
50961 489
50964 488
50965 489
50968 488
50969 489
50973 491
50976 488
50977 489
51009 492
51010 492
51012 493
51013 494
51014 494
51016 493
51017 494
51018 494
51021 495
51022 495
51024 493
51025 494
51026 494
51028 493
51029 494
51030 494
51032 493
51033 494
51034 494
51036 496
51038 497
51040 493
51041 494
51042 494
51201 498
51204 499
51205 500
51208 499
51209 500
51213 501
51216 502
51217 503
51220 504
51221 505
51224 504
51225 505
51228 504
51229 505
51233 506
51265 507
51266 507
51268 508
51269 509
51270 509
51272 508
51273 509
51274 509
51277 510
51278 510
51280 511
51281 512
51282 512
51284 513
51285 514
51286 514
51288 513
51289 514
51290 514
51292 513
51293 514
51294 514
51296 515
51298 516
54145 517
54147 517
54148 518
54149 518
54151 518
54152 518
54153 518
54155 518
54156 519
54159 519
54160 518
54161 518
54163 518
54164 520
54165 520
54167 520
54168 520
54169 520
54171 520
54172 520
54173 520
54175 520
54176 518
54177 518
54179 518
54273 457
54274 457
54276 458
54277 459
54278 459
54280 458
54281 459
54282 459
54284 521
54286 460
54289 462
54290 462
54292 463
54293 464
54294 464
54296 463
54297 464
54298 464
54300 463
54301 464
54302 464
54304 463
54305 464
54306 464
54337 522
54338 457
54340 459
54341 458
54342 459
54344 459
54345 458
54346 459
54348 460
54350 460
54352 462
54354 462
54356 464
54357 463
54358 464
54360 464
54361 463
54362 464
54364 464
54365 463
54366 464
54368 464
54369 463
54370 464
54401 523
54402 523
54403 523
54404 524
54405 524
54406 524
54407 524
54408 524
54409 524
54410 524
54411 524
54412 525
54414 525
54415 525
54416 526
54417 526
54419 526
54420 527
54421 527
54422 527
54423 527
54424 527
54425 527
54426 527
54427 527
54428 527
54429 527
54430 527
54431 527
54432 527
54433 527
54434 527
54435 527
54529 470
54530 470
54532 471
54533 472
54534 472
54536 471
54537 472
54538 472
54540 528
54542 473
54544 471
54545 472
54546 472
54549 475
54550 475
54552 471
54553 472
54554 472
54556 471
54557 472
54558 472
54560 471
54561 472
54562 472
54593 529
54594 470
54596 472
54597 471
54598 472
54600 472
54601 471
54602 472
54604 473
54606 473
54608 472
54609 471
54610 472
54612 475
54614 475
54616 472
54617 471
54618 472
54620 472
54621 471
54622 472
54624 472
54625 471
54626 472
54657 530
54658 530
54659 530
54660 531
54661 531
54662 531
54663 531
54664 531
54665 531
54666 531
54667 531
54668 532
54670 532
54671 532
54672 531
54673 531
54674 531
54675 531
54676 533
54677 533
54679 533
54680 531
54681 531
54682 531
54683 531
54684 531
54685 531
54686 531
54687 531
54688 531
54689 531
54690 531
54691 531
54785 481
54786 481
54788 482
54789 483
54790 483
54792 482
54793 483
54794 483
54796 534
54798 484
54800 482
54801 483
54802 483
54804 482
54805 483
54806 483
54809 486
54810 486
54812 482
54813 483
54814 483
54816 482
54817 483
54818 483
54849 535
54850 481
54852 483
54853 482
54854 483
54856 483
54857 482
54858 483
54860 484
54862 484
54864 483
54865 482
54866 483
54868 483
54869 482
54870 483
54872 486
54874 486
54876 483
54877 482
54878 483
54880 483
54881 482
54882 483
54913 536
54914 536
54915 536
54916 537
54917 537
54918 537
54919 537
54920 537
54921 537
54922 537
54923 537
54924 538
54926 538
54927 538
54928 537
54929 537
54930 537
54931 537
54932 537
54933 537
54934 537
54935 537
54936 539
54937 539
54939 539
54940 537
54941 537
54942 537
54943 537
54944 537
54945 537
54946 537
54947 537
55041 492
55042 492
55044 493
55045 494
55046 494
55048 493
55049 494
55050 494
55052 540
55054 495
55056 493
55057 494
55058 494
55060 493
55061 494
55062 494
55064 493
55065 494
55066 494
55069 497
55070 497
55072 493
55073 494
55074 494
55105 541
55106 492
55108 494
55109 493
55110 494
55112 494
55113 493
55114 494
55116 495
55118 495
55120 494
55121 493
55122 494
55124 494
55125 493
55126 494
55128 494
55129 493
55130 494
55132 497
55134 497
55136 494
55137 493
55138 494
55169 542
55170 542
55171 542
55172 543
55173 543
55174 543
55175 543
55176 543
55177 543
55178 543
55179 543
55180 544
55182 544
55183 544
55184 543
55185 543
55186 543
55187 543
55188 543
55189 543
55190 543
55191 543
55192 543
55193 543
55194 543
55195 543
55196 545
55197 545
55199 545
55200 543
55201 543
55202 543
55203 543
55297 507
55298 507
55300 508
55301 509
55302 509
55304 508
55305 509
55306 509
55308 546
55310 510
55312 511
55313 512
55314 512
55316 513
55317 514
55318 514
55320 513
55321 514
55322 514
55324 513
55325 514
55326 514
55329 516
55330 516
55361 547
55362 507
55364 509
55365 508
55366 509
55368 509
55369 508
55370 509
55372 510
55374 510
55376 512
55377 511
55378 512
55380 514
55381 513
55382 514
55384 514
55385 513
55386 514
55388 514
55389 513
55390 514
55392 516
55394 516
55425 548
55426 548
55427 548
55428 549
55429 549
55430 549
55431 549
55432 549
55433 549
55434 549
55435 549
55436 550
55438 550
55439 550
55440 551
55441 551
55442 551
55443 551
55444 552
55445 552
55446 552
55447 552
55448 552
55449 552
55450 552
55451 552
55452 552
55453 552
55454 552
55455 552
55456 553
55457 553
55459 553
66625 554
66626 554
66628 555
66629 556
66630 556
66632 555
66633 556
66634 556
66636 555
66637 556
66638 556
66642 557
66644 558
66645 559
66646 559
66648 558
66649 559
66650 559
66652 558
66653 559
66654 559
66656 558
66657 559
66658 559
66817 560
66820 561
66821 562
66824 561
66825 562
66828 561
66829 562
66833 563
66837 564
66840 561
66841 562
66844 561
66845 562
66848 561
66849 562
66881 565
66882 565
66884 566
66885 567
66886 567
66888 566
66889 567
66890 567
66892 566
66893 567
66894 567
66897 568
66898 568
66900 569
66902 570
66904 566
66905 567
66906 567
66908 566
66909 567
66910 567
66912 566
66913 567
66914 567
67073 571
67076 572
67077 573
67080 572
67081 573
67084 572
67085 573
67089 574
67092 572
67093 573
67097 575
67100 572
67101 573
67104 572
67105 573
67137 576
67138 576
67140 577
67141 578
67142 578
67144 577
67145 578
67146 578
67148 577
67149 578
67150 578
67153 579
67154 579
67156 577
67157 578
67158 578
67160 580
67162 581
67164 577
67165 578
67166 578
67168 577
67169 578
67170 578
67329 582
67332 583
67333 584
67336 583
67337 584
67340 583
67341 584
67345 585
67348 583
67349 584
67352 583
67353 584
67357 586
67360 583
67361 584
67393 587
67394 587
67396 588
67397 589
67398 589
67400 588
67401 589
67402 589
67404 588
67405 589
67406 589
67409 590
67410 590
67412 588
67413 589
67414 589
67416 588
67417 589
67418 589
67420 591
67422 592
67424 588
67425 589
67426 589
67585 593
67588 594
67589 595
67592 594
67593 595
67596 594
67597 595
67601 596
67604 594
67605 595
67608 594
67609 595
67612 594
67613 595
67617 597
67649 598
67650 598
67652 599
67653 600
67654 600
67656 599
67657 600
67658 600
67660 599
67661 600
67662 600
67665 601
67666 601
67668 599
67669 600
67670 600
67672 599
67673 600
67674 600
67676 599
67677 600
67678 600
67680 602
67682 603
70785 604
70787 604
70788 605
70789 605
70791 605
70792 605
70793 605
70795 605
70796 605
70797 605
70799 605
70800 606
70803 606
70804 607
70805 607
70807 607
70808 607
70809 607
70811 607
70812 607
70813 607
70815 607
70816 607
70817 607
70819 607
70913 565
70914 565
70916 566
70917 567
70918 567
70920 566
70921 567
70922 567
70924 566
70925 567
70926 567
70928 608
70930 568
70933 570
70934 570
70936 566
70937 567
70938 567
70940 566
70941 567
70942 567
70944 566
70945 567
70946 567
70977 609
70978 565
70980 567
70981 566
70982 567
70984 567
70985 566
70986 567
70988 567
70989 566
70990 567
70992 568
70994 568
70996 570
70998 570
71000 567
71001 566
71002 567
71004 567
71005 566
71006 567
71008 567
71009 566
71010 567
71041 610
71042 610
71043 610
71044 611
71045 611
71046 611
71047 611
71048 611
71049 611
71050 611
71051 611
71052 611
71053 611
71054 611
71055 611
71056 612
71058 612
71059 612
71060 613
71061 613
71063 613
71064 611
71065 611
71066 611
71067 611
71068 611
71069 611
71070 611
71071 611
71072 611
71073 611
71074 611
71075 611
71169 576
71170 576
71172 577
71173 578
71174 578
71176 577
71177 578
71178 578
71180 577
71181 578
71182 578
71184 614
71186 579
71188 577
71189 578
71190 578
71193 581
71194 581
71196 577
71197 578
71198 578
71200 577
71201 578
71202 578
71233 615
71234 576
71236 578
71237 577
71238 578
71240 578
71241 577
71242 578
71244 578
71245 577
71246 578
71248 579
71250 579
71252 578
71253 577
71254 578
71256 581
71258 581
71260 578
71261 577
71262 578
71264 578
71265 577
71266 578
71297 616
71298 616
71299 616
71300 617
71301 617
71302 617
71303 617
71304 617
71305 617
71306 617
71307 617
71308 617
71309 617
71310 617
71311 617
71312 618
71314 618
71315 618
71316 617
71317 617
71318 617
71319 617
71320 619
71321 619
71323 619
71324 617
71325 617
71326 617
71327 617
71328 617
71329 617
71330 617
71331 617
71425 587
71426 587
71428 588
71429 589
71430 589
71432 588
71433 589
71434 589
71436 588
71437 589
71438 589
71440 620
71442 590
71444 588
71445 589
71446 589
71448 588
71449 589
71450 589
71453 592
71454 592
71456 588
71457 589
71458 589
71489 621
71490 587
71492 589
71493 588
71494 589
71496 589
71497 588
71498 589
71500 589
71501 588
71502 589
71504 590
71506 590
71508 589
71509 588
71510 589
71512 589
71513 588
71514 589
71516 592
71518 592
71520 589
71521 588
71522 589
71553 622
71554 622
71555 622
71556 623
71557 623
71558 623
71559 623
71560 623
71561 623
71562 623
71563 623
71564 623
71565 623
71566 623
71567 623
71568 624
71570 624
71571 624
71572 623
71573 623
71574 623
71575 623
71576 623
71577 623
71578 623
71579 623
71580 625
71581 625
71583 625
71584 623
71585 623
71586 623
71587 623
71681 598
71682 598
71684 599
71685 600
71686 600
71688 599
71689 600
71690 600
71692 599
71693 600
71694 600
71696 626
71698 601
71700 599
71701 600
71702 600
71704 599
71705 600
71706 600
71708 599
71709 600
71710 600
71713 603
71714 603
71745 627
71746 598
71748 600
71749 599
71750 600
71752 600
71753 599
71754 600
71756 600
71757 599
71758 600
71760 601
71762 601
71764 600
71765 599
71766 600
71768 600
71769 599
71770 600
71772 600
71773 599
71774 600
71776 603
71778 603
71809 628
71810 628
71811 628
71812 629
71813 629
71814 629
71815 629
71816 629
71817 629
71818 629
71819 629
71820 629
71821 629
71822 629
71823 629
71824 630
71826 630
71827 630
71828 629
71829 629
71830 629
71831 629
71832 629
71833 629
71834 629
71835 629
71836 629
71837 629
71838 629
71839 629
71840 631
71841 631
71843 631
83265 632
83266 632
83268 633
83269 634
83270 634
83272 633
83273 634
83274 634
83276 633
83277 634
83278 634
83280 633
83281 634
83282 634
83286 635
83288 633
83289 634
83290 634
83292 633
83293 634
83294 634
83296 633
83297 634
83298 634
83457 636
83460 637
83461 638
83464 639
83465 640
83468 639
83469 640
83472 639
83473 640
83477 641
83481 642
83484 639
83485 640
83488 639
83489 640
83521 643
83522 643
83524 644
83525 645
83526 645
83528 646
83529 647
83530 647
83532 646
83533 647
83534 647
83536 646
83537 647
83538 647
83541 648
83542 648
83544 649
83546 650
83548 646
83549 647
83550 647
83552 646
83553 647
83554 647
83713 651
83716 652
83717 653
83720 652
83721 653
83724 654
83725 655
83728 654
83729 655
83733 656
83736 654
83737 655
83741 657
83744 654
83745 655
83777 658
83778 658
83780 659
83781 660
83782 660
83784 659
83785 660
83786 660
83788 661
83789 662
83790 662
83792 661
83793 662
83794 662
83797 663
83798 663
83800 661
83801 662
83802 662
83804 664
83806 665
83808 661
83809 662
83810 662
83969 666
83972 667
83973 668
83976 667
83977 668
83980 667
83981 668
83984 667
83985 668
83989 669
83992 667
83993 668
83996 667
83997 668
84001 670
84033 671
84034 671
84036 672
84037 673
84038 673
84040 672
84041 673
84042 673
84044 672
84045 673
84046 673
84048 672
84049 673
84050 673
84053 674
84054 674
84056 672
84057 673
84058 673
84060 672
84061 673
84062 673
84064 675
84066 676
87425 677
87427 677
87428 678
87429 678
87431 678
87432 678
87433 678
87435 678
87436 678
87437 678
87439 678
87440 678
87441 678
87443 678
87444 679
87447 679
87448 678
87449 678
87451 678
87452 678
87453 678
87455 678
87456 678
87457 678
87459 678
87553 643
87554 643
87556 644
87557 645
87558 645
87560 646
87561 647
87562 647
87564 646
87565 647
87566 647
87568 646
87569 647
87570 647
87572 680
87574 648
87577 650
87578 650
87580 646
87581 647
87582 647
87584 646
87585 647
87586 647
87617 681
87618 643
87620 645
87621 644
87622 645
87624 647
87625 646
87626 647
87628 647
87629 646
87630 647
87632 647
87633 646
87634 647
87636 648
87638 648
87640 650
87642 650
87644 647
87645 646
87646 647
87648 647
87649 646
87650 647
87681 682
87682 682
87683 682
87684 683
87685 683
87686 683
87687 683
87688 684
87689 684
87690 684
87691 684
87692 684
87693 684
87694 684
87695 684
87696 684
87697 684
87698 684
87699 684
87700 685
87702 685
87703 685
87704 686
87705 686
87707 686
87708 684
87709 684
87710 684
87711 684
87712 684
87713 684
87714 684
87715 684
87809 658
87810 658
87812 659
87813 660
87814 660
87816 659
87817 660
87818 660
87820 661
87821 662
87822 662
87824 661
87825 662
87826 662
87828 687
87830 663
87832 661
87833 662
87834 662
87837 665
87838 665
87840 661
87841 662
87842 662
87873 688
87874 658
87876 660
87877 659
87878 660
87880 660
87881 659
87882 660
87884 662
87885 661
87886 662
87888 662
87889 661
87890 662
87892 663
87894 663
87896 662
87897 661
87898 662
87900 665
87902 665
87904 662
87905 661
87906 662
87937 689
87938 689
87939 689
87940 690
87941 690
87942 690
87943 690
87944 690
87945 690
87946 690
87947 690
87948 691
87949 691
87950 691
87951 691
87952 691
87953 691
87954 691
87955 691
87956 692
87958 692
87959 692
87960 691
87961 691
87962 691
87963 691
87964 693
87965 693
87967 693
87968 691
87969 691
87970 691
87971 691
88065 671
88066 671
88068 672
88069 673
88070 673
88072 672
88073 673
88074 673
88076 672
88077 673
88078 673
88080 672
88081 673
88082 673
88084 694
88086 674
88088 672
88089 673
88090 673
88092 672
88093 673
88094 673
88097 676
88098 676
88129 695
88130 671
88132 673
88133 672
88134 673
88136 673
88137 672
88138 673
88140 673
88141 672
88142 673
88144 673
88145 672
88146 673
88148 674
88150 674
88152 673
88153 672
88154 673
88156 673
88157 672
88158 673
88160 676
88162 676
88193 696
88194 696
88195 696
88196 697
88197 697
88198 697
88199 697
88200 697
88201 697
88202 697
88203 697
88204 697
88205 697
88206 697
88207 697
88208 697
88209 697
88210 697
88211 697
88212 698
88214 698
88215 698
88216 697
88217 697
88218 697
88219 697
88220 697
88221 697
88222 697
88223 697
88224 699
88225 699
88227 699
99905 700
99906 700
99908 701
99909 702
99910 702
99912 701
99913 702
99914 702
99916 701
99917 702
99918 702
99920 701
99921 702
99922 702
99924 701
99925 702
99926 702
99930 703
99932 701
99933 702
99934 702
99936 701
99937 702
99938 702
100097 704
100100 705
100101 706
100104 705
100105 706
100108 707
100109 708
100112 707
100113 708
100116 707
100117 708
100121 709
100125 710
100128 707
100129 708
100161 711
100162 711
100164 712
100165 713
100166 713
100168 712
100169 713
100170 713
100172 714
100173 715
100174 715
100176 714
100177 715
100178 715
100180 714
100181 715
100182 715
100185 716
100186 716
100188 717
100190 718
100192 714
100193 715
100194 715
100353 719
100356 720
100357 721
100360 720
100361 721
100364 720
100365 721
100368 720
100369 721
100372 720
100373 721
100377 722
100380 720
100381 721
100385 723
100417 724
100418 724
100420 725
100421 726
100422 726
100424 725
100425 726
100426 726
100428 725
100429 726
100430 726
100432 725
100433 726
100434 726
100436 725
100437 726
100438 726
100441 727
100442 727
100444 725
100445 726
100446 726
100448 728
100450 729
104065 730
104067 730
104068 731
104069 731
104071 731
104072 731
104073 731
104075 731
104076 731
104077 731
104079 731
104080 731
104081 731
104083 731
104084 731
104085 731
104087 731
104088 732
104091 732
104092 731
104093 731
104095 731
104096 731
104097 731
104099 731
104193 711
104194 711
104196 712
104197 713
104198 713
104200 712
104201 713
104202 713
104204 714
104205 715
104206 715
104208 714
104209 715
104210 715
104212 714
104213 715
104214 715
104216 733
104218 716
104221 718
104222 718
104224 714
104225 715
104226 715
104257 734
104258 711
104260 713
104261 712
104262 713
104264 713
104265 712
104266 713
104268 715
104269 714
104270 715
104272 715
104273 714
104274 715
104276 715
104277 714
104278 715
104280 716
104282 716
104284 718
104286 718
104288 715
104289 714
104290 715
104321 735
104322 735
104323 735
104324 736
104325 736
104326 736
104327 736
104328 736
104329 736
104330 736
104331 736
104332 737
104333 737
104334 737
104335 737
104336 737
104337 737
104338 737
104339 737
104340 737
104341 737
104342 737
104343 737
104344 738
104346 738
104347 738
104348 739
104349 739
104351 739
104352 737
104353 737
104354 737
104355 737
104449 724
104450 724
104452 725
104453 726
104454 726
104456 725
104457 726
104458 726
104460 725
104461 726
104462 726
104464 725
104465 726
104466 726
104468 725
104469 726
104470 726
104472 740
104474 727
104476 725
104477 726
104478 726
104481 729
104482 729
104513 741
104514 724
104516 726
104517 725
104518 726
104520 726
104521 725
104522 726
104524 726
104525 725
104526 726
104528 726
104529 725
104530 726
104532 726
104533 725
104534 726
104536 727
104538 727
104540 726
104541 725
104542 726
104544 729
104546 729
104577 742
104578 742
104579 742
104580 743
104581 743
104582 743
104583 743
104584 743
104585 743
104586 743
104587 743
104588 743
104589 743
104590 743
104591 743
104592 743
104593 743
104594 743
104595 743
104596 743
104597 743
104598 743
104599 743
104600 744
104602 744
104603 744
104604 743
104605 743
104606 743
104607 743
104608 745
104609 745
104611 745
116545 746
116546 746
116548 747
116549 748
116550 748
116552 747
116553 748
116554 748
116556 747
116557 748
116558 748
116560 747
116561 748
116562 748
116564 747
116565 748
116566 748
116568 747
116569 748
116570 748
116574 749
116576 747
116577 748
116578 748
116737 750
116740 751
116741 752
116744 751
116745 752
116748 751
116749 752
116752 751
116753 752
116756 751
116757 752
116760 751
116761 752
116765 753
116769 754
116801 755
116802 755
116804 756
116805 757
116806 757
116808 756
116809 757
116810 757
116812 756
116813 757
116814 757
116816 756
116817 757
116818 757
116820 756
116821 757
116822 757
116824 756
116825 757
116826 757
116829 758
116830 758
116832 759
116834 760
120705 761
120707 761
120708 762
120709 762
120711 762
120712 762
120713 762
120715 762
120716 762
120717 762
120719 762
120720 762
120721 762
120723 762
120724 762
120725 762
120727 762
120728 762
120729 762
120731 762
120732 763
120735 763
120736 762
120737 762
120739 762
120833 755
120834 755
120836 756
120837 757
120838 757
120840 756
120841 757
120842 757
120844 756
120845 757
120846 757
120848 756
120849 757
120850 757
120852 756
120853 757
120854 757
120856 756
120857 757
120858 757
120860 764
120862 758
120865 760
120866 760
120897 765
120898 755
120900 757
120901 756
120902 757
120904 757
120905 756
120906 757
120908 757
120909 756
120910 757
120912 757
120913 756
120914 757
120916 757
120917 756
120918 757
120920 757
120921 756
120922 757
120924 758
120926 758
120928 760
120930 760
120961 766
120962 766
120963 766
120964 767
120965 767
120966 767
120967 767
120968 767
120969 767
120970 767
120971 767
120972 767
120973 767
120974 767
120975 767
120976 767
120977 767
120978 767
120979 767
120980 767
120981 767
120982 767
120983 767
120984 767
120985 767
120986 767
120987 767
120988 768
120990 768
120991 768
120992 769
120993 769
120995 769
133185 770
133186 770
133188 771
133189 772
133190 772
133192 771
133193 772
133194 772
133196 771
133197 772
133198 772
133200 773
133201 774
133202 774
133204 773
133205 774
133206 774
133208 773
133209 774
133210 774
133212 773
133213 774
133214 774
133218 775
137345 776
137347 776
137348 777
137349 777
137351 777
137352 777
137353 777
137355 777
137356 777
137357 777
137359 777
137360 778
137361 778
137363 778
137364 778
137365 778
137367 778
137368 778
137369 778
137371 778
137372 778
137373 778
137375 778
137376 779
137379 779
1069440 780
1069443 780
1069447 781
1069448 780
1069451 780
1069452 780
1069455 780
1069456 780
1069459 780
1069460 780
1069463 780
1069464 780
1069467 780
1069468 780
1069471 780
1069472 780
1069475 780
1069568 782
1069569 783
1069570 783
1069574 784
1069577 785
1069578 785
1069580 782
1069581 783
1069582 783
1069584 782
1069585 783
1069586 783
1069588 782
1069589 783
1069590 783
1069592 786
1069593 787
1069594 787
1069596 786
1069597 787
1069598 787
1069600 782
1069601 783
1069602 783
1069696 788
1069698 788
1069699 788
1069702 789
1069703 789
1069704 790
1069707 790
1069708 788
1069710 788
1069711 788
1069712 788
1069714 788
1069715 788
1069716 788
1069718 788
1069719 788
1069720 791
1069722 791
1069723 791
1069724 791
1069726 791
1069727 791
1069728 788
1069730 788
1069731 788
1069824 792
1069825 793
1069826 793
1069830 794
1069832 792
1069833 793
1069834 793
1069837 795
1069838 795
1069840 792
1069841 793
1069842 793
1069844 792
1069845 793
1069846 793
1069848 796
1069849 797
1069850 797
1069852 796
1069853 797
1069854 797
1069856 792
1069857 793
1069858 793
1069952 798
1069954 798
1069955 798
1069958 799
1069959 799
1069960 798
1069962 798
1069963 798
1069964 800
1069967 800
1069968 798
1069970 798
1069971 798
1069972 798
1069974 798
1069975 798
1069976 801
1069978 801
1069979 801
1069980 801
1069982 801
1069983 801
1069984 798
1069986 798
1069987 798
1070080 802
1070081 803
1070082 803
1070086 804
1070088 802
1070089 803
1070090 803
1070092 802
1070093 803
1070094 803
1070097 805
1070098 805
1070100 802
1070101 803
1070102 803
1070104 806
1070105 807
1070106 807
1070108 806
1070109 807
1070110 807
1070112 806
1070113 807
1070114 807
1070208 808
1070210 808
1070211 808
1070214 809
1070215 809
1070216 808
1070218 808
1070219 808
1070220 808
1070222 808
1070223 808
1070224 810
1070227 810
1070228 808
1070230 808
1070231 808
1070232 811
1070234 811
1070235 811
1070236 811
1070238 811
1070239 811
1070240 811
1070242 811
1070243 811
1070336 812
1070337 813
1070338 813
1070342 814
1070344 815
1070345 816
1070346 816
1070348 815
1070349 816
1070350 816
1070352 815
1070353 816
1070354 816
1070357 817
1070358 817
1070360 812
1070361 813
1070362 813
1070364 812
1070365 813
1070366 813
1070368 812
1070369 813
1070370 813
1070464 818
1070466 818
1070467 818
1070470 819
1070471 819
1070472 820
1070474 820
1070475 820
1070476 820
1070478 820
1070479 820
1070480 820
1070482 820
1070483 820
1070484 821
1070487 821
1070488 818
1070490 818
1070491 818
1070492 818
1070494 818
1070495 818
1070496 818
1070498 818
1070499 818
1070592 822
1070593 823
1070594 823
1070598 824
1070600 822
1070601 823
1070602 823
1070604 822
1070605 823
1070606 823
1070608 822
1070609 823
1070610 823
1070612 822
1070613 823
1070614 823
1070617 825
1070618 825
1070620 822
1070621 823
1070622 823
1070624 822
1070625 823
1070626 823
1070720 826
1070722 826
1070723 826
1070726 827
1070727 827
1070728 826
1070730 826
1070731 826
1070732 826
1070734 826
1070735 826
1070736 826
1070738 826
1070739 826
1070740 826
1070742 826
1070743 826
1070744 828
1070747 828
1070748 826
1070750 826
1070751 826
1070752 826
1070754 826
1070755 826
1070848 829
1070849 830
1070850 830
1070854 831
1070856 829
1070857 830
1070858 830
1070860 829
1070861 830
1070862 830
1070864 829
1070865 830
1070866 830
1070868 829
1070869 830
1070870 830
1070872 829
1070873 830
1070874 830
1070877 832
1070878 832
1070880 829
1070881 830
1070882 830
1070976 833
1070978 833
1070979 833
1070982 834
1070983 834
1070984 833
1070986 833
1070987 833
1070988 833
1070990 833
1070991 833
1070992 833
1070994 833
1070995 833
1070996 833
1070998 833
1070999 833
1071000 833
1071002 833
1071003 833
1071004 835
1071007 835
1071008 833
1071010 833
1071011 833
1071104 836
1071105 837
1071106 837
1071110 838
1071112 836
1071113 837
1071114 837
1071116 836
1071117 837
1071118 837
1071120 839
1071121 840
1071122 840
1071124 839
1071125 840
1071126 840
1071128 839
1071129 840
1071130 840
1071132 839
1071133 840
1071134 840
1071137 841
1071138 841
1071232 842
1071234 842
1071235 842
1071238 843
1071239 843
1071240 842
1071242 842
1071243 842
1071244 842
1071246 842
1071247 842
1071248 844
1071250 844
1071251 844
1071252 844
1071254 844
1071255 844
1071256 844
1071258 844
1071259 844
1071260 844
1071262 844
1071263 844
1071264 845
1071267 845
1081920 846
1081921 847
1081922 847
1081925 848
1081926 848
1081930 849
1081932 846
1081933 847
1081934 847
1081936 846
1081937 847
1081938 847
1081940 846
1081941 847
1081942 847
1081944 850
1081945 851
1081946 851
1081948 850
1081949 851
1081950 851
1081952 846
1081953 847
1081954 847
1082112 852
1082113 853
1082117 854
1082121 855
1082125 856
1082128 857
1082129 858
1082132 859
1082133 860
1082136 861
1082137 862
1082140 863
1082141 864
1082144 865
1082145 866
1082176 867
1082177 868
1082178 868
1082181 869
1082182 869
1082185 870
1082186 870
1082188 871
1082190 872
1082192 873
1082193 874
1082194 874
1082196 875
1082197 876
1082198 876
1082200 877
1082201 878
1082202 878
1082204 879
1082205 880
1082206 880
1082208 881
1082209 882
1082210 882
1082368 883
1082369 884
1082373 885
1082377 886
1082380 887
1082381 888
1082385 889
1082388 883
1082389 884
1082392 890
1082393 891
1082396 892
1082397 893
1082400 890
1082401 891
1082432 894
1082433 895
1082434 895
1082437 896
1082438 896
1082441 897
1082442 897
1082444 898
1082445 899
1082446 899
1082448 900
1082450 901
1082452 894
1082453 895
1082454 895
1082456 902
1082457 903
1082458 903
1082460 904
1082461 905
1082462 905
1082464 902
1082465 903
1082466 903
1082624 906
1082625 907
1082629 908
1082633 909
1082636 910
1082637 911
1082640 910
1082641 911
1082645 912
1082648 906
1082649 907
1082652 913
1082653 914
1082656 906
1082657 907
1082688 915
1082689 916
1082690 916
1082693 917
1082694 917
1082697 918
1082698 918
1082700 919
1082701 920
1082702 920
1082704 919
1082705 920
1082706 920
1082708 921
1082710 922
1082712 915
1082713 916
1082714 916
1082716 923
1082717 924
1082718 924
1082720 915
1082721 916
1082722 916
1082880 925
1082881 926
1082885 927
1082889 928
1082892 925
1082893 926
1082896 925
1082897 926
1082900 925
1082901 926
1082905 929
1082908 930
1082909 931
1082912 925
1082913 926
1082944 932
1082945 933
1082946 933
1082949 934
1082950 934
1082953 935
1082954 935
1082956 932
1082957 933
1082958 933
1082960 932
1082961 933
1082962 933
1082964 932
1082965 933
1082966 933
1082968 936
1082970 937
1082972 938
1082973 939
1082974 939
1082976 932
1082977 933
1082978 933
1083136 940
1083137 941
1083141 942
1083145 943
1083148 940
1083149 941
1083152 940
1083153 941
1083156 940
1083157 941
1083160 944
1083161 945
1083165 946
1083168 940
1083169 941
1083200 947
1083201 948
1083202 948
1083205 949
1083206 949
1083209 950
1083210 950
1083212 947
1083213 948
1083214 948
1083216 947
1083217 948
1083218 948
1083220 947
1083221 948
1083222 948
1083224 951
1083225 952
1083226 952
1083228 953
1083230 954
1083232 947
1083233 948
1083234 948
1083392 955
1083393 956
1083397 957
1083401 958
1083404 955
1083405 956
1083408 959
1083409 960
1083412 959
1083413 960
1083416 961
1083417 962
1083420 961
1083421 962
1083425 963
1083456 964
1083457 965
1083458 965
1083461 966
1083462 966
1083465 967
1083466 967
1083468 964
1083469 965
1083470 965
1083472 968
1083473 969
1083474 969
1083476 968
1083477 969
1083478 969
1083480 970
1083481 971
1083482 971
1083484 970
1083485 971
1083486 971
1083488 972
1083490 973
1086080 974
1086081 974
1086083 974
1086085 975
1086087 975
1086088 976
1086091 976
1086092 974
1086093 974
1086095 974
1086096 974
1086097 974
1086099 974
1086100 974
1086101 974
1086103 974
1086104 977
1086105 977
1086107 977
1086108 977
1086109 977
1086111 977
1086112 974
1086113 974
1086115 974
1086208 867
1086209 868
1086210 868
1086213 869
1086214 869
1086216 978
1086218 870
1086221 872
1086222 872
1086224 873
1086225 874
1086226 874
1086228 875
1086229 876
1086230 876
1086232 877
1086233 878
1086234 878
1086236 879
1086237 880
1086238 880
1086240 881
1086241 882
1086242 882
1086272 868
1086273 867
1086274 868
1086277 979
1086278 869
1086280 870
1086282 870
1086284 872
1086286 872
1086288 874
1086289 873
1086290 874
1086292 876
1086293 875
1086294 876
1086296 878
1086297 877
1086298 878
1086300 880
1086301 879
1086302 880
1086304 882
1086305 881
1086306 882
1086336 980
1086337 980
1086338 980
1086339 980
1086341 981
1086342 981
1086343 981
1086344 982
1086346 982
1086347 982
1086348 983
1086349 983
1086351 983
1086352 984
1086353 984
1086354 984
1086355 984
1086356 985
1086357 985
1086358 985
1086359 985
1086360 986
1086361 986
1086362 986
1086363 986
1086364 987
1086365 987
1086366 987
1086367 987
1086368 988
1086369 988
1086370 988
1086371 988
1086464 894
1086465 895
1086466 895
1086469 896
1086470 896
1086472 989
1086474 897
1086476 898
1086477 899
1086478 899
1086481 901
1086482 901
1086484 894
1086485 895
1086486 895
1086488 902
1086489 903
1086490 903
1086492 904
1086493 905
1086494 905
1086496 902
1086497 903
1086498 903
1086528 895
1086529 894
1086530 895
1086533 990
1086534 896
1086536 897
1086538 897
1086540 899
1086541 898
1086542 899
1086544 901
1086546 901
1086548 895
1086549 894
1086550 895
1086552 903
1086553 902
1086554 903
1086556 905
1086557 904
1086558 905
1086560 903
1086561 902
1086562 903
1086592 991
1086593 991
1086594 991
1086595 991
1086597 992
1086598 992
1086599 992
1086600 993
1086602 993
1086603 993
1086604 994
1086605 994
1086606 994
1086607 994
1086608 995
1086609 995
1086611 995
1086612 991
1086613 991
1086614 991
1086615 991
1086616 996
1086617 996
1086618 996
1086619 996
1086620 997
1086621 997
1086622 997
1086623 997
1086624 996
1086625 996
1086626 996
1086627 996
1086720 915
1086721 916
1086722 916
1086725 917
1086726 917
1086728 998
1086730 918
1086732 919
1086733 920
1086734 920
1086736 919
1086737 920
1086738 920
1086741 922
1086742 922
1086744 915
1086745 916
1086746 916
1086748 923
1086749 924
1086750 924
1086752 915
1086753 916
1086754 916
1086784 916
1086785 915
1086786 916
1086789 999
1086790 917
1086792 918
1086794 918
1086796 920
1086797 919
1086798 920
1086800 920
1086801 919
1086802 920
1086804 922
1086806 922
1086808 916
1086809 915
1086810 916
1086812 924
1086813 923
1086814 924
1086816 916
1086817 915
1086818 916
1086848 1000
1086849 1000
1086850 1000
1086851 1000
1086853 1001
1086854 1001
1086855 1001
1086856 1002
1086858 1002
1086859 1002
1086860 1003
1086861 1003
1086862 1003
1086863 1003
1086864 1003
1086865 1003
1086866 1003
1086867 1003
1086868 1004
1086869 1004
1086871 1004
1086872 1000
1086873 1000
1086874 1000
1086875 1000
1086876 1005
1086877 1005
1086878 1005
1086879 1005
1086880 1000
1086881 1000
1086882 1000
1086883 1000
1086976 932
1086977 933
1086978 933
1086981 934
1086982 934
1086984 1006
1086986 935
1086988 932
1086989 933
1086990 933
1086992 932
1086993 933
1086994 933
1086996 932
1086997 933
1086998 933
1087001 937
1087002 937
1087004 938
1087005 939
1087006 939
1087008 932
1087009 933
1087010 933
1087040 933
1087041 932
1087042 933
1087045 1007
1087046 934
1087048 935
1087050 935
1087052 933
1087053 932
1087054 933
1087056 933
1087057 932
1087058 933
1087060 933
1087061 932
1087062 933
1087064 937
1087066 937
1087068 939
1087069 938
1087070 939
1087072 933
1087073 932
1087074 933
1087104 1008
1087105 1008
1087106 1008
1087107 1008
1087109 1009
1087110 1009
1087111 1009
1087112 1010
1087114 1010
1087115 1010
1087116 1008
1087117 1008
1087118 1008
1087119 1008
1087120 1008
1087121 1008
1087122 1008
1087123 1008
1087124 1008
1087125 1008
1087126 1008
1087127 1008
1087128 1011
1087129 1011
1087131 1011
1087132 1012
1087133 1012
1087134 1012
1087135 1012
1087136 1008
1087137 1008
1087138 1008
1087139 1008
1087232 947
1087233 948
1087234 948
1087237 949
1087238 949
1087240 1013
1087242 950
1087244 947
1087245 948
1087246 948
1087248 947
1087249 948
1087250 948
1087252 947
1087253 948
1087254 948
1087256 951
1087257 952
1087258 952
1087261 954
1087262 954
1087264 947
1087265 948
1087266 948
1087296 948
1087297 947
1087298 948
1087301 1014
1087302 949
1087304 950
1087306 950
1087308 948
1087309 947
1087310 948
1087312 948
1087313 947
1087314 948
1087316 948
1087317 947
1087318 948
1087320 952
1087321 951
1087322 952
1087324 954
1087326 954
1087328 948
1087329 947
1087330 948
1087360 1015
1087361 1015
1087362 1015
1087363 1015
1087365 1016
1087366 1016
1087367 1016
1087368 1017
1087370 1017
1087371 1017
1087372 1015
1087373 1015
1087374 1015
1087375 1015
1087376 1015
1087377 1015
1087378 1015
1087379 1015
1087380 1015
1087381 1015
1087382 1015
1087383 1015
1087384 1018
1087385 1018
1087386 1018
1087387 1018
1087388 1019
1087389 1019
1087391 1019
1087392 1015
1087393 1015
1087394 1015
1087395 1015
1087488 964
1087489 965
1087490 965
1087493 966
1087494 966
1087496 1020
1087498 967
1087500 964
1087501 965
1087502 965
1087504 968
1087505 969
1087506 969
1087508 968
1087509 969
1087510 969
1087512 970
1087513 971
1087514 971
1087516 970
1087517 971
1087518 971
1087521 973
1087522 973
1087552 965
1087553 964
1087554 965
1087557 1021
1087558 966
1087560 967
1087562 967
1087564 965
1087565 964
1087566 965
1087568 969
1087569 968
1087570 969
1087572 969
1087573 968
1087574 969
1087576 971
1087577 970
1087578 971
1087580 971
1087581 970
1087582 971
1087584 973
1087586 973
1087616 1022
1087617 1022
1087618 1022
1087619 1022
1087621 1023
1087622 1023
1087623 1023
1087624 1024
1087626 1024
1087627 1024
1087628 1022
1087629 1022
1087630 1022
1087631 1022
1087632 1025
1087633 1025
1087634 1025
1087635 1025
1087636 1025
1087637 1025
1087638 1025
1087639 1025
1087640 1026
1087641 1026
1087642 1026
1087643 1026
1087644 1026
1087645 1026
1087646 1026
1087647 1026
1087648 1027
1087649 1027
1087651 1027
1098560 1028
1098561 1029
1098562 1029
1098565 1030
1098566 1030
1098568 1028
1098569 1029
1098570 1029
1098574 1031
1098576 1028
1098577 1029
1098578 1029
1098580 1028
1098581 1029
1098582 1029
1098584 1032
1098585 1033
1098586 1033
1098588 1032
1098589 1033
1098590 1033
1098592 1028
1098593 1029
1098594 1029
1098752 1034
1098753 1035
1098757 1036
1098760 1037
1098761 1038
1098765 1039
1098769 1040
1098772 1034
1098773 1035
1098776 1041
1098777 1042
1098780 1041
1098781 1042
1098784 1041
1098785 1042
1098816 1043
1098817 1044
1098818 1044
1098821 1045
1098822 1045
1098824 1046
1098825 1047
1098826 1047
1098829 1048
1098830 1048
1098832 1049
1098834 1050
1098836 1043
1098837 1044
1098838 1044
1098840 1051
1098841 1052
1098842 1052
1098844 1051
1098845 1052
1098846 1052
1098848 1051
1098849 1052
1098850 1052
1099008 1053
1099009 1054
1099013 1055
1099016 1056
1099017 1057
1099021 1058
1099024 1056
1099025 1057
1099029 1059
1099032 1053
1099033 1054
1099036 1053
1099037 1054
1099040 1053
1099041 1054
1099072 1060
1099073 1061
1099074 1061
1099077 1062
1099078 1062
1099080 1063
1099081 1064
1099082 1064
1099085 1065
1099086 1065
1099088 1063
1099089 1064
1099090 1064
1099092 1066
1099094 1067
1099096 1060
1099097 1061
1099098 1061
1099100 1060
1099101 1061
1099102 1061
1099104 1060
1099105 1061
1099106 1061
1099264 1068
1099265 1069
1099269 1070
1099272 1068
1099273 1069
1099277 1071
1099280 1068
1099281 1069
1099284 1068
1099285 1069
1099289 1072
1099292 1068
1099293 1069
1099296 1068
1099297 1069
1099328 1073
1099329 1074
1099330 1074
1099333 1075
1099334 1075
1099336 1073
1099337 1074
1099338 1074
1099341 1076
1099342 1076
1099344 1073
1099345 1074
1099346 1074
1099348 1073
1099349 1074
1099350 1074
1099352 1077
1099354 1078
1099356 1073
1099357 1074
1099358 1074
1099360 1073
1099361 1074
1099362 1074
1099520 1079
1099521 1080
1099525 1081
1099528 1079
1099529 1080
1099533 1082
1099536 1079
1099537 1080
1099540 1079
1099541 1080
1099544 1079
1099545 1080
1099549 1083
1099552 1079
1099553 1080
1099584 1084
1099585 1085
1099586 1085
1099589 1086
1099590 1086
1099592 1084
1099593 1085
1099594 1085
1099597 1087
1099598 1087
1099600 1084
1099601 1085
1099602 1085
1099604 1084
1099605 1085
1099606 1085
1099608 1084
1099609 1085
1099610 1085
1099612 1088
1099614 1089
1099616 1084
1099617 1085
1099618 1085
1099776 1090
1099777 1091
1099781 1092
1099784 1090
1099785 1091
1099789 1093
1099792 1094
1099793 1095
1099796 1094
1099797 1095
1099800 1096
1099801 1097
1099804 1096
1099805 1097
1099809 1098
1099840 1099
1099841 1100
1099842 1100
1099845 1101
1099846 1101
1099848 1099
1099849 1100
1099850 1100
1099853 1102
1099854 1102
1099856 1103
1099857 1104
1099858 1104
1099860 1103
1099861 1104
1099862 1104
1099864 1105
1099865 1106
1099866 1106
1099868 1105
1099869 1106
1099870 1106
1099872 1107
1099874 1108
1102720 1109
1102721 1109
1102723 1109
1102725 1110
1102727 1110
1102728 1109
1102729 1109
1102731 1109
1102732 1111
1102735 1111
1102736 1109
1102737 1109
1102739 1109
1102740 1109
1102741 1109
1102743 1109
1102744 1112
1102745 1112
1102747 1112
1102748 1112
1102749 1112
1102751 1112
1102752 1109
1102753 1109
1102755 1109
1102848 1043
1102849 1044
1102850 1044
1102853 1045
1102854 1045
1102856 1046
1102857 1047
1102858 1047
1102860 1113
1102862 1048
1102865 1050
1102866 1050
1102868 1043
1102869 1044
1102870 1044
1102872 1051
1102873 1052
1102874 1052
1102876 1051
1102877 1052
1102878 1052
1102880 1051
1102881 1052
1102882 1052
1102912 1044
1102913 1043
1102914 1044
1102917 1114
1102918 1045
1102920 1047
1102921 1046
1102922 1047
1102924 1048
1102926 1048
1102928 1050
1102930 1050
1102932 1044
1102933 1043
1102934 1044
1102936 1052
1102937 1051
1102938 1052
1102940 1052
1102941 1051
1102942 1052
1102944 1052
1102945 1051
1102946 1052
1102976 1115
1102977 1115
1102978 1115
1102979 1115
1102981 1116
1102982 1116
1102983 1116
1102984 1117
1102985 1117
1102986 1117
1102987 1117
1102988 1118
1102990 1118
1102991 1118
1102992 1119
1102993 1119
1102995 1119
1102996 1115
1102997 1115
1102998 1115
1102999 1115
1103000 1120
1103001 1120
1103002 1120
1103003 1120
1103004 1120
1103005 1120
1103006 1120
1103007 1120
1103008 1120
1103009 1120
1103010 1120
1103011 1120
1103104 1060
1103105 1061
1103106 1061
1103109 1062
1103110 1062
1103112 1063
1103113 1064
1103114 1064
1103116 1121
1103118 1065
1103120 1063
1103121 1064
1103122 1064
1103125 1067
1103126 1067
1103128 1060
1103129 1061
1103130 1061
1103132 1060
1103133 1061
1103134 1061
1103136 1060
1103137 1061
1103138 1061
1103168 1061
1103169 1060
1103170 1061
1103173 1122
1103174 1062
1103176 1064
1103177 1063
1103178 1064
1103180 1065
1103182 1065
1103184 1064
1103185 1063
1103186 1064
1103188 1067
1103190 1067
1103192 1061
1103193 1060
1103194 1061
1103196 1061
1103197 1060
1103198 1061
1103200 1061
1103201 1060
1103202 1061
1103232 1123
1103233 1123
1103234 1123
1103235 1123
1103237 1124
1103238 1124
1103239 1124
1103240 1125
1103241 1125
1103242 1125
1103243 1125
1103244 1126
1103246 1126
1103247 1126
1103248 1125
1103249 1125
1103250 1125
1103251 1125
1103252 1127
1103253 1127
1103255 1127
1103256 1123
1103257 1123
1103258 1123
1103259 1123
1103260 1123
1103261 1123
1103262 1123
1103263 1123
1103264 1123
1103265 1123
1103266 1123
1103267 1123
1103360 1073
1103361 1074
1103362 1074
1103365 1075
1103366 1075
1103368 1073
1103369 1074
1103370 1074
1103372 1128
1103374 1076
1103376 1073
1103377 1074
1103378 1074
1103380 1073
1103381 1074
1103382 1074
1103385 1078
1103386 1078
1103388 1073
1103389 1074
1103390 1074
1103392 1073
1103393 1074
1103394 1074
1103424 1074
1103425 1073
1103426 1074
1103429 1129
1103430 1075
1103432 1074
1103433 1073
1103434 1074
1103436 1076
1103438 1076
1103440 1074
1103441 1073
1103442 1074
1103444 1074
1103445 1073
1103446 1074
1103448 1078
1103450 1078
1103452 1074
1103453 1073
1103454 1074
1103456 1074
1103457 1073
1103458 1074
1103488 1130
1103489 1130
1103490 1130
1103491 1130
1103493 1131
1103494 1131
1103495 1131
1103496 1130
1103497 1130
1103498 1130
1103499 1130
1103500 1132
1103502 1132
1103503 1132
1103504 1130
1103505 1130
1103506 1130
1103507 1130
1103508 1130
1103509 1130
1103510 1130
1103511 1130
1103512 1133
1103513 1133
1103515 1133
1103516 1130
1103517 1130
1103518 1130
1103519 1130
1103520 1130
1103521 1130
1103522 1130
1103523 1130
1103616 1084
1103617 1085
1103618 1085
1103621 1086
1103622 1086
1103624 1084
1103625 1085
1103626 1085
1103628 1134
1103630 1087
1103632 1084
1103633 1085
1103634 1085
1103636 1084
1103637 1085
1103638 1085
1103640 1084
1103641 1085
1103642 1085
1103645 1089
1103646 1089
1103648 1084
1103649 1085
1103650 1085
1103680 1085
1103681 1084
1103682 1085
1103685 1135
1103686 1086
1103688 1085
1103689 1084
1103690 1085
1103692 1087
1103694 1087
1103696 1085
1103697 1084
1103698 1085
1103700 1085
1103701 1084
1103702 1085
1103704 1085
1103705 1084
1103706 1085
1103708 1089
1103710 1089
1103712 1085
1103713 1084
1103714 1085
1103744 1136
1103745 1136
1103746 1136
1103747 1136
1103749 1137
1103750 1137
1103751 1137
1103752 1136
1103753 1136
1103754 1136
1103755 1136
1103756 1138
1103758 1138
1103759 1138
1103760 1136
1103761 1136
1103762 1136
1103763 1136
1103764 1136
1103765 1136
1103766 1136
1103767 1136
1103768 1136
1103769 1136
1103770 1136
1103771 1136
1103772 1139
1103773 1139
1103775 1139
1103776 1136
1103777 1136
1103778 1136
1103779 1136
1103872 1099
1103873 1100
1103874 1100
1103877 1101
1103878 1101
1103880 1099
1103881 1100
1103882 1100
1103884 1140
1103886 1102
1103888 1103
1103889 1104
1103890 1104
1103892 1103
1103893 1104
1103894 1104
1103896 1105
1103897 1106
1103898 1106
1103900 1105
1103901 1106
1103902 1106
1103905 1108
1103906 1108
1103936 1100
1103937 1099
1103938 1100
1103941 1141
1103942 1101
1103944 1100
1103945 1099
1103946 1100
1103948 1102
1103950 1102
1103952 1104
1103953 1103
1103954 1104
1103956 1104
1103957 1103
1103958 1104
1103960 1106
1103961 1105
1103962 1106
1103964 1106
1103965 1105
1103966 1106
1103968 1108
1103970 1108
1104000 1142
1104001 1142
1104002 1142
1104003 1142
1104005 1143
1104006 1143
1104007 1143
1104008 1142
1104009 1142
1104010 1142
1104011 1142
1104012 1144
1104014 1144
1104015 1144
1104016 1145
1104017 1145
1104018 1145
1104019 1145
1104020 1145
1104021 1145
1104022 1145
1104023 1145
1104024 1146
1104025 1146
1104026 1146
1104027 1146
1104028 1146
1104029 1146
1104030 1146
1104031 1146
1104032 1147
1104033 1147
1104035 1147
1115200 1148
1115201 1149
1115202 1149
1115205 1150
1115206 1150
1115208 1148
1115209 1149
1115210 1149
1115212 1148
1115213 1149
1115214 1149
1115218 1151
1115220 1148
1115221 1149
1115222 1149
1115224 1152
1115225 1153
1115226 1153
1115228 1152
1115229 1153
1115230 1153
1115232 1152
1115233 1153
1115234 1153
1115392 1154
1115393 1155
1115397 1156
1115400 1157
1115401 1158
1115404 1157
1115405 1158
1115409 1159
1115413 1160
1115416 1154
1115417 1155
1115420 1154
1115421 1155
1115424 1154
1115425 1155
1115456 1161
1115457 1162
1115458 1162
1115461 1163
1115462 1163
1115464 1164
1115465 1165
1115466 1165
1115468 1164
1115469 1165
1115470 1165
1115473 1166
1115474 1166
1115476 1167
1115478 1168
1115480 1161
1115481 1162
1115482 1162
1115484 1161
1115485 1162
1115486 1162
1115488 1161
1115489 1162
1115490 1162
1115648 1169
1115649 1170
1115653 1171
1115656 1169
1115657 1170
1115660 1169
1115661 1170
1115665 1172
1115668 1169
1115669 1170
1115673 1173
1115676 1169
1115677 1170
1115680 1169
1115681 1170
1115712 1174
1115713 1175
1115714 1175
1115717 1176
1115718 1176
1115720 1174
1115721 1175
1115722 1175
1115724 1174
1115725 1175
1115726 1175
1115729 1177
1115730 1177
1115732 1174
1115733 1175
1115734 1175
1115736 1178
1115738 1179
1115740 1174
1115741 1175
1115742 1175
1115744 1174
1115745 1175
1115746 1175
1115904 1180
1115905 1181
1115909 1182
1115912 1180
1115913 1181
1115916 1180
1115917 1181
1115921 1183
1115924 1180
1115925 1181
1115928 1180
1115929 1181
1115933 1184
1115936 1180
1115937 1181
1115968 1185
1115969 1186
1115970 1186
1115973 1187
1115974 1187
1115976 1185
1115977 1186
1115978 1186
1115980 1185
1115981 1186
1115982 1186
1115985 1188
1115986 1188
1115988 1185
1115989 1186
1115990 1186
1115992 1185
1115993 1186
1115994 1186
1115996 1189
1115998 1190
1116000 1185
1116001 1186
1116002 1186
1116160 1191
1116161 1192
1116165 1193
1116168 1191
1116169 1192
1116172 1191
1116173 1192
1116177 1194
1116180 1191
1116181 1192
1116184 1191
1116185 1192
1116188 1191
1116189 1192
1116193 1195
1116224 1196
1116225 1197
1116226 1197
1116229 1198
1116230 1198
1116232 1196
1116233 1197
1116234 1197
1116236 1196
1116237 1197
1116238 1197
1116241 1199
1116242 1199
1116244 1196
1116245 1197
1116246 1197
1116248 1196
1116249 1197
1116250 1197
1116252 1196
1116253 1197
1116254 1197
1116256 1200
1116258 1201
1119360 1202
1119361 1202
1119363 1202
1119365 1203
1119367 1203
1119368 1202
1119369 1202
1119371 1202
1119372 1202
1119373 1202
1119375 1202
1119376 1204
1119379 1204
1119380 1202
1119381 1202
1119383 1202
1119384 1205
1119385 1205
1119387 1205
1119388 1205
1119389 1205
1119391 1205
1119392 1205
1119393 1205
1119395 1205
1119488 1161
1119489 1162
1119490 1162
1119493 1163
1119494 1163
1119496 1164
1119497 1165
1119498 1165
1119500 1164
1119501 1165
1119502 1165
1119504 1206
1119506 1166
1119509 1168
1119510 1168
1119512 1161
1119513 1162
1119514 1162
1119516 1161
1119517 1162
1119518 1162
1119520 1161
1119521 1162
1119522 1162
1119552 1162
1119553 1161
1119554 1162
1119557 1207
1119558 1163
1119560 1165
1119561 1164
1119562 1165
1119564 1165
1119565 1164
1119566 1165
1119568 1166
1119570 1166
1119572 1168
1119574 1168
1119576 1162
1119577 1161
1119578 1162
1119580 1162
1119581 1161
1119582 1162
1119584 1162
1119585 1161
1119586 1162
1119616 1208
1119617 1208
1119618 1208
1119619 1208
1119621 1209
1119622 1209
1119623 1209
1119624 1210
1119625 1210
1119626 1210
1119627 1210
1119628 1210
1119629 1210
1119630 1210
1119631 1210
1119632 1211
1119634 1211
1119635 1211
1119636 1212
1119637 1212
1119639 1212
1119640 1208
1119641 1208
1119642 1208
1119643 1208
1119644 1208
1119645 1208
1119646 1208
1119647 1208
1119648 1208
1119649 1208
1119650 1208
1119651 1208
1119744 1174
1119745 1175
1119746 1175
1119749 1176
1119750 1176
1119752 1174
1119753 1175
1119754 1175
1119756 1174
1119757 1175
1119758 1175
1119760 1213
1119762 1177
1119764 1174
1119765 1175
1119766 1175
1119769 1179
1119770 1179
1119772 1174
1119773 1175
1119774 1175
1119776 1174
1119777 1175
1119778 1175
1119808 1175
1119809 1174
1119810 1175
1119813 1214
1119814 1176
1119816 1175
1119817 1174
1119818 1175
1119820 1175
1119821 1174
1119822 1175
1119824 1177
1119826 1177
1119828 1175
1119829 1174
1119830 1175
1119832 1179
1119834 1179
1119836 1175
1119837 1174
1119838 1175
1119840 1175
1119841 1174
1119842 1175
1119872 1215
1119873 1215
1119874 1215
1119875 1215
1119877 1216
1119878 1216
1119879 1216
1119880 1215
1119881 1215
1119882 1215
1119883 1215
1119884 1215
1119885 1215
1119886 1215
1119887 1215
1119888 1217
1119890 1217
1119891 1217
1119892 1215
1119893 1215
1119894 1215
1119895 1215
1119896 1218
1119897 1218
1119899 1218
1119900 1215
1119901 1215
1119902 1215
1119903 1215
1119904 1215
1119905 1215
1119906 1215
1119907 1215
1120000 1185
1120001 1186
1120002 1186
1120005 1187
1120006 1187
1120008 1185
1120009 1186
1120010 1186
1120012 1185
1120013 1186
1120014 1186
1120016 1219
1120018 1188
1120020 1185
1120021 1186
1120022 1186
1120024 1185
1120025 1186
1120026 1186
1120029 1190
1120030 1190
1120032 1185
1120033 1186
1120034 1186
1120064 1186
1120065 1185
1120066 1186
1120069 1220
1120070 1187
1120072 1186
1120073 1185
1120074 1186
1120076 1186
1120077 1185
1120078 1186
1120080 1188
1120082 1188
1120084 1186
1120085 1185
1120086 1186
1120088 1186
1120089 1185
1120090 1186
1120092 1190
1120094 1190
1120096 1186
1120097 1185
1120098 1186
1120128 1221
1120129 1221
1120130 1221
1120131 1221
1120133 1222
1120134 1222
1120135 1222
1120136 1221
1120137 1221
1120138 1221
1120139 1221
1120140 1221
1120141 1221
1120142 1221
1120143 1221
1120144 1223
1120146 1223
1120147 1223
1120148 1221
1120149 1221
1120150 1221
1120151 1221
1120152 1221
1120153 1221
1120154 1221
1120155 1221
1120156 1224
1120157 1224
1120159 1224
1120160 1221
1120161 1221
1120162 1221
1120163 1221
1120256 1196
1120257 1197
1120258 1197
1120261 1198
1120262 1198
1120264 1196
1120265 1197
1120266 1197
1120268 1196
1120269 1197
1120270 1197
1120272 1225
1120274 1199
1120276 1196
1120277 1197
1120278 1197
1120280 1196
1120281 1197
1120282 1197
1120284 1196
1120285 1197
1120286 1197
1120289 1201
1120290 1201
1120320 1197
1120321 1196
1120322 1197
1120325 1226
1120326 1198
1120328 1197
1120329 1196
1120330 1197
1120332 1197
1120333 1196
1120334 1197
1120336 1199
1120338 1199
1120340 1197
1120341 1196
1120342 1197
1120344 1197
1120345 1196
1120346 1197
1120348 1197
1120349 1196
1120350 1197
1120352 1201
1120354 1201
1120384 1227
1120385 1227
1120386 1227
1120387 1227
1120389 1228
1120390 1228
1120391 1228
1120392 1227
1120393 1227
1120394 1227
1120395 1227
1120396 1227
1120397 1227
1120398 1227
1120399 1227
1120400 1229
1120402 1229
1120403 1229
1120404 1227
1120405 1227
1120406 1227
1120407 1227
1120408 1227
1120409 1227
1120410 1227
1120411 1227
1120412 1227
1120413 1227
1120414 1227
1120415 1227
1120416 1230
1120417 1230
1120419 1230
1131840 1231
1131841 1232
1131842 1232
1131845 1233
1131846 1233
1131848 1234
1131849 1235
1131850 1235
1131852 1234
1131853 1235
1131854 1235
1131856 1234
1131857 1235
1131858 1235
1131862 1236
1131864 1231
1131865 1232
1131866 1232
1131868 1231
1131869 1232
1131870 1232
1131872 1231
1131873 1232
1131874 1232
1132032 1237
1132033 1238
1132037 1239
1132040 1240
1132041 1241
1132044 1240
1132045 1241
1132048 1240
1132049 1241
1132053 1242
1132057 1243
1132060 1240
1132061 1241
1132064 1240
1132065 1241
1132096 1244
1132097 1245
1132098 1245
1132101 1246
1132102 1246
1132104 1247
1132105 1248
1132106 1248
1132108 1247
1132109 1248
1132110 1248
1132112 1247
1132113 1248
1132114 1248
1132117 1249
1132118 1249
1132120 1250
1132122 1251
1132124 1247
1132125 1248
1132126 1248
1132128 1247
1132129 1248
1132130 1248
1132288 1252
1132289 1253
1132293 1254
1132296 1255
1132297 1256
1132300 1255
1132301 1256
1132304 1255
1132305 1256
1132309 1257
1132312 1255
1132313 1256
1132317 1258
1132320 1255
1132321 1256
1132352 1259
1132353 1260
1132354 1260
1132357 1261
1132358 1261
1132360 1262
1132361 1263
1132362 1263
1132364 1262
1132365 1263
1132366 1263
1132368 1262
1132369 1263
1132370 1263
1132373 1264
1132374 1264
1132376 1262
1132377 1263
1132378 1263
1132380 1265
1132382 1266
1132384 1262
1132385 1263
1132386 1263
1132544 1267
1132545 1268
1132549 1269
1132552 1267
1132553 1268
1132556 1267
1132557 1268
1132560 1267
1132561 1268
1132565 1270
1132568 1267
1132569 1268
1132572 1267
1132573 1268
1132577 1271
1132608 1272
1132609 1273
1132610 1273
1132613 1274
1132614 1274
1132616 1272
1132617 1273
1132618 1273
1132620 1272
1132621 1273
1132622 1273
1132624 1272
1132625 1273
1132626 1273
1132629 1275
1132630 1275
1132632 1272
1132633 1273
1132634 1273
1132636 1272
1132637 1273
1132638 1273
1132640 1276
1132642 1277
1136000 1278
1136001 1278
1136003 1278
1136005 1279
1136007 1279
1136008 1280
1136009 1280
1136011 1280
1136012 1280
1136013 1280
1136015 1280
1136016 1280
1136017 1280
1136019 1280
1136020 1281
1136023 1281
1136024 1278
1136025 1278
1136027 1278
1136028 1278
1136029 1278
1136031 1278
1136032 1278
1136033 1278
1136035 1278
1136128 1244
1136129 1245
1136130 1245
1136133 1246
1136134 1246
1136136 1247
1136137 1248
1136138 1248
1136140 1247
1136141 1248
1136142 1248
1136144 1247
1136145 1248
1136146 1248
1136148 1282
1136150 1249
1136153 1251
1136154 1251
1136156 1247
1136157 1248
1136158 1248
1136160 1247
1136161 1248
1136162 1248
1136192 1245
1136193 1244
1136194 1245
1136197 1283
1136198 1246
1136200 1248
1136201 1247
1136202 1248
1136204 1248
1136205 1247
1136206 1248
1136208 1248
1136209 1247
1136210 1248
1136212 1249
1136214 1249
1136216 1251
1136218 1251
1136220 1248
1136221 1247
1136222 1248
1136224 1248
1136225 1247
1136226 1248
1136256 1284
1136257 1284
1136258 1284
1136259 1284
1136261 1285
1136262 1285
1136263 1285
1136264 1286
1136265 1286
1136266 1286
1136267 1286
1136268 1286
1136269 1286
1136270 1286
1136271 1286
1136272 1286
1136273 1286
1136274 1286
1136275 1286
1136276 1287
1136278 1287
1136279 1287
1136280 1288
1136281 1288
1136283 1288
1136284 1286
1136285 1286
1136286 1286
1136287 1286
1136288 1286
1136289 1286
1136290 1286
1136291 1286
1136384 1259
1136385 1260
1136386 1260
1136389 1261
1136390 1261
1136392 1262
1136393 1263
1136394 1263
1136396 1262
1136397 1263
1136398 1263
1136400 1262
1136401 1263
1136402 1263
1136404 1289
1136406 1264
1136408 1262
1136409 1263
1136410 1263
1136413 1266
1136414 1266
1136416 1262
1136417 1263
1136418 1263
1136448 1260
1136449 1259
1136450 1260
1136453 1290
1136454 1261
1136456 1263
1136457 1262
1136458 1263
1136460 1263
1136461 1262
1136462 1263
1136464 1263
1136465 1262
1136466 1263
1136468 1264
1136470 1264
1136472 1263
1136473 1262
1136474 1263
1136476 1266
1136478 1266
1136480 1263
1136481 1262
1136482 1263
1136512 1291
1136513 1291
1136514 1291
1136515 1291
1136517 1292
1136518 1292
1136519 1292
1136520 1293
1136521 1293
1136522 1293
1136523 1293
1136524 1293
1136525 1293
1136526 1293
1136527 1293
1136528 1293
1136529 1293
1136530 1293
1136531 1293
1136532 1294
1136534 1294
1136535 1294
1136536 1293
1136537 1293
1136538 1293
1136539 1293
1136540 1295
1136541 1295
1136543 1295
1136544 1293
1136545 1293
1136546 1293
1136547 1293
1136640 1272
1136641 1273
1136642 1273
1136645 1274
1136646 1274
1136648 1272
1136649 1273
1136650 1273
1136652 1272
1136653 1273
1136654 1273
1136656 1272
1136657 1273
1136658 1273
1136660 1296
1136662 1275
1136664 1272
1136665 1273
1136666 1273
1136668 1272
1136669 1273
1136670 1273
1136673 1277
1136674 1277
1136704 1273
1136705 1272
1136706 1273
1136709 1297
1136710 1274
1136712 1273
1136713 1272
1136714 1273
1136716 1273
1136717 1272
1136718 1273
1136720 1273
1136721 1272
1136722 1273
1136724 1275
1136726 1275
1136728 1273
1136729 1272
1136730 1273
1136732 1273
1136733 1272
1136734 1273
1136736 1277
1136738 1277
1136768 1298
1136769 1298
1136770 1298
1136771 1298
1136773 1299
1136774 1299
1136775 1299
1136776 1298
1136777 1298
1136778 1298
1136779 1298
1136780 1298
1136781 1298
1136782 1298
1136783 1298
1136784 1298
1136785 1298
1136786 1298
1136787 1298
1136788 1300
1136790 1300
1136791 1300
1136792 1298
1136793 1298
1136794 1298
1136795 1298
1136796 1298
1136797 1298
1136798 1298
1136799 1298
1136800 1301
1136801 1301
1136803 1301
1148480 1302
1148481 1303
1148482 1303
1148485 1304
1148486 1304
1148488 1302
1148489 1303
1148490 1303
1148492 1302
1148493 1303
1148494 1303
1148496 1302
1148497 1303
1148498 1303
1148500 1302
1148501 1303
1148502 1303
1148506 1305
1148508 1302
1148509 1303
1148510 1303
1148512 1302
1148513 1303
1148514 1303
1148672 1306
1148673 1307
1148677 1308
1148680 1306
1148681 1307
1148684 1309
1148685 1310
1148688 1309
1148689 1310
1148692 1309
1148693 1310
1148697 1311
1148701 1312
1148704 1309
1148705 1310
1148736 1313
1148737 1314
1148738 1314
1148741 1315
1148742 1315
1148744 1313
1148745 1314
1148746 1314
1148748 1316
1148749 1317
1148750 1317
1148752 1316
1148753 1317
1148754 1317
1148756 1316
1148757 1317
1148758 1317
1148761 1318
1148762 1318
1148764 1319
1148766 1320
1148768 1316
1148769 1317
1148770 1317
1148928 1321
1148929 1322
1148933 1323
1148936 1321
1148937 1322
1148940 1321
1148941 1322
1148944 1321
1148945 1322
1148948 1321
1148949 1322
1148953 1324
1148956 1321
1148957 1322
1148961 1325
1148992 1326
1148993 1327
1148994 1327
1148997 1328
1148998 1328
1149000 1326
1149001 1327
1149002 1327
1149004 1326
1149005 1327
1149006 1327
1149008 1326
1149009 1327
1149010 1327
1149012 1326
1149013 1327
1149014 1327
1149017 1329
1149018 1329
1149020 1326
1149021 1327
1149022 1327
1149024 1330
1149026 1331
1152640 1332
1152641 1332
1152643 1332
1152645 1333
1152647 1333
1152648 1332
1152649 1332
1152651 1332
1152652 1332
1152653 1332
1152655 1332
1152656 1332
1152657 1332
1152659 1332
1152660 1332
1152661 1332
1152663 1332
1152664 1334
1152667 1334
1152668 1332
1152669 1332
1152671 1332
1152672 1332
1152673 1332
1152675 1332
1152768 1313
1152769 1314
1152770 1314
1152773 1315
1152774 1315
1152776 1313
1152777 1314
1152778 1314
1152780 1316
1152781 1317
1152782 1317
1152784 1316
1152785 1317
1152786 1317
1152788 1316
1152789 1317
1152790 1317
1152792 1335
1152794 1318
1152797 1320
1152798 1320
1152800 1316
1152801 1317
1152802 1317
1152832 1314
1152833 1313
1152834 1314
1152837 1336
1152838 1315
1152840 1314
1152841 1313
1152842 1314
1152844 1317
1152845 1316
1152846 1317
1152848 1317
1152849 1316
1152850 1317
1152852 1317
1152853 1316
1152854 1317
1152856 1318
1152858 1318
1152860 1320
1152862 1320
1152864 1317
1152865 1316
1152866 1317
1152896 1337
1152897 1337
1152898 1337
1152899 1337
1152901 1338
1152902 1338
1152903 1338
1152904 1337
1152905 1337
1152906 1337
1152907 1337
1152908 1339
1152909 1339
1152910 1339
1152911 1339
1152912 1339
1152913 1339
1152914 1339
1152915 1339
1152916 1339
1152917 1339
1152918 1339
1152919 1339
1152920 1340
1152922 1340
1152923 1340
1152924 1341
1152925 1341
1152927 1341
1152928 1339
1152929 1339
1152930 1339
1152931 1339
1153024 1326
1153025 1327
1153026 1327
1153029 1328
1153030 1328
1153032 1326
1153033 1327
1153034 1327
1153036 1326
1153037 1327
1153038 1327
1153040 1326
1153041 1327
1153042 1327
1153044 1326
1153045 1327
1153046 1327
1153048 1342
1153050 1329
1153052 1326
1153053 1327
1153054 1327
1153057 1331
1153058 1331
1153088 1327
1153089 1326
1153090 1327
1153093 1343
1153094 1328
1153096 1327
1153097 1326
1153098 1327
1153100 1327
1153101 1326
1153102 1327
1153104 1327
1153105 1326
1153106 1327
1153108 1327
1153109 1326
1153110 1327
1153112 1329
1153114 1329
1153116 1327
1153117 1326
1153118 1327
1153120 1331
1153122 1331
1153152 1344
1153153 1344
1153154 1344
1153155 1344
1153157 1345
1153158 1345
1153159 1345
1153160 1344
1153161 1344
1153162 1344
1153163 1344
1153164 1344
1153165 1344
1153166 1344
1153167 1344
1153168 1344
1153169 1344
1153170 1344
1153171 1344
1153172 1344
1153173 1344
1153174 1344
1153175 1344
1153176 1346
1153178 1346
1153179 1346
1153180 1344
1153181 1344
1153182 1344
1153183 1344
1153184 1347
1153185 1347
1153187 1347
1165120 1348
1165121 1349
1165122 1349
1165125 1350
1165126 1350
1165128 1348
1165129 1349
1165130 1349
1165132 1348
1165133 1349
1165134 1349
1165136 1348
1165137 1349
1165138 1349
1165140 1348
1165141 1349
1165142 1349
1165144 1348
1165145 1349
1165146 1349
1165150 1351
1165152 1348
1165153 1349
1165154 1349
1165312 1352
1165313 1353
1165317 1354
1165320 1352
1165321 1353
1165324 1352
1165325 1353
1165328 1352
1165329 1353
1165332 1352
1165333 1353
1165336 1352
1165337 1353
1165341 1355
1165345 1356
1165376 1357
1165377 1358
1165378 1358
1165381 1359
1165382 1359
1165384 1357
1165385 1358
1165386 1358
1165388 1357
1165389 1358
1165390 1358
1165392 1357
1165393 1358
1165394 1358
1165396 1357
1165397 1358
1165398 1358
1165400 1357
1165401 1358
1165402 1358
1165405 1360
1165406 1360
1165408 1361
1165410 1362
1169280 1363
1169281 1363
1169283 1363
1169285 1364
1169287 1364
1169288 1363
1169289 1363
1169291 1363
1169292 1363
1169293 1363
1169295 1363
1169296 1363
1169297 1363
1169299 1363
1169300 1363
1169301 1363
1169303 1363
1169304 1363
1169305 1363
1169307 1363
1169308 1365
1169311 1365
1169312 1363
1169313 1363
1169315 1363
1169408 1357
1169409 1358
1169410 1358
1169413 1359
1169414 1359
1169416 1357
1169417 1358
1169418 1358
1169420 1357
1169421 1358
1169422 1358
1169424 1357
1169425 1358
1169426 1358
1169428 1357
1169429 1358
1169430 1358
1169432 1357
1169433 1358
1169434 1358
1169436 1366
1169438 1360
1169441 1362
1169442 1362
1169472 1358
1169473 1357
1169474 1358
1169477 1367
1169478 1359
1169480 1358
1169481 1357
1169482 1358
1169484 1358
1169485 1357
1169486 1358
1169488 1358
1169489 1357
1169490 1358
1169492 1358
1169493 1357
1169494 1358
1169496 1358
1169497 1357
1169498 1358
1169500 1360
1169502 1360
1169504 1362
1169506 1362
1169536 1368
1169537 1368
1169538 1368
1169539 1368
1169541 1369
1169542 1369
1169543 1369
1169544 1368
1169545 1368
1169546 1368
1169547 1368
1169548 1368
1169549 1368
1169550 1368
1169551 1368
1169552 1368
1169553 1368
1169554 1368
1169555 1368
1169556 1368
1169557 1368
1169558 1368
1169559 1368
1169560 1368
1169561 1368
1169562 1368
1169563 1368
1169564 1370
1169566 1370
1169567 1370
1169568 1371
1169569 1371
1169571 1371
1181760 1372
1181761 1373
1181762 1373
1181765 1374
1181766 1374
1181768 1372
1181769 1373
1181770 1373
1181772 1372
1181773 1373
1181774 1373
1181776 1375
1181777 1376
1181778 1376
1181780 1375
1181781 1376
1181782 1376
1181784 1375
1181785 1376
1181786 1376
1181788 1375
1181789 1376
1181790 1376
1181794 1377
1185920 1378
1185921 1378
1185923 1378
1185925 1379
1185927 1379
1185928 1378
1185929 1378
1185931 1378
1185932 1378
1185933 1378
1185935 1378
1185936 1380
1185937 1380
1185939 1380
1185940 1380
1185941 1380
1185943 1380
1185944 1380
1185945 1380
1185947 1380
1185948 1380
1185949 1380
1185951 1380
1185952 1381
1185955 1381
2134656 1382
2134659 1382
2134660 1382
2134663 1382
2134667 1383
2134668 1382
2134671 1382
2134672 1382
2134675 1382
2134676 1382
2134679 1382
2134680 1382
2134683 1382
2134684 1382
2134687 1382
2134688 1382
2134691 1382
2134784 1384
2134785 1385
2134786 1385
2134788 1384
2134789 1385
2134790 1385
2134794 1386
2134797 1387
2134798 1387
2134800 1384
2134801 1385
2134802 1385
2134804 1384
2134805 1385
2134806 1385
2134808 1384
2134809 1385
2134810 1385
2134812 1388
2134813 1389
2134814 1389
2134816 1384
2134817 1385
2134818 1385
2134912 1390
2134914 1390
2134915 1390
2134916 1390
2134918 1390
2134919 1390
2134922 1391
2134923 1391
2134924 1392
2134927 1392
2134928 1390
2134930 1390
2134931 1390
2134932 1390
2134934 1390
2134935 1390
2134936 1390
2134938 1390
2134939 1390
2134940 1393
2134942 1393
2134943 1393
2134944 1390
2134946 1390
2134947 1390
2135040 1394
2135041 1395
2135042 1395
2135044 1394
2135045 1395
2135046 1395
2135050 1396
2135052 1394
2135053 1395
2135054 1395
2135057 1397
2135058 1397
2135060 1394
2135061 1395
2135062 1395
2135064 1394
2135065 1395
2135066 1395
2135068 1398
2135069 1399
2135070 1399
2135072 1398
2135073 1399
2135074 1399
2135168 1400
2135170 1400
2135171 1400
2135172 1400
2135174 1400
2135175 1400
2135178 1401
2135179 1401
2135180 1400
2135182 1400
2135183 1400
2135184 1402
2135187 1402
2135188 1400
2135190 1400
2135191 1400
2135192 1400
2135194 1400
2135195 1400
2135196 1403
2135198 1403
2135199 1403
2135200 1403
2135202 1403
2135203 1403
2135296 1404
2135297 1405
2135298 1405
2135300 1406
2135301 1407
2135302 1407
2135306 1408
2135308 1406
2135309 1407
2135310 1407
2135312 1406
2135313 1407
2135314 1407
2135317 1409
2135318 1409
2135320 1406
2135321 1407
2135322 1407
2135324 1404
2135325 1405
2135326 1405
2135328 1404
2135329 1405
2135330 1405
2135424 1410
2135426 1410
2135427 1410
2135428 1411
2135430 1411
2135431 1411
2135434 1412
2135435 1412
2135436 1411
2135438 1411
2135439 1411
2135440 1411
2135442 1411
2135443 1411
2135444 1413
2135447 1413
2135448 1411
2135450 1411
2135451 1411
2135452 1410
2135454 1410
2135455 1410
2135456 1410
2135458 1410
2135459 1410
2135552 1414
2135553 1415
2135554 1415
2135556 1414
2135557 1415
2135558 1415
2135562 1416
2135564 1417
2135565 1418
2135566 1418
2135568 1417
2135569 1418
2135570 1418
2135572 1417
2135573 1418
2135574 1418
2135577 1419
2135578 1419
2135580 1414
2135581 1415
2135582 1415
2135584 1414
2135585 1415
2135586 1415
2135680 1420
2135682 1420
2135683 1420
2135684 1420
2135686 1420
2135687 1420
2135690 1421
2135691 1421
2135692 1422
2135694 1422
2135695 1422
2135696 1422
2135698 1422
2135699 1422
2135700 1422
2135702 1422
2135703 1422
2135704 1423
2135707 1423
2135708 1420
2135710 1420
2135711 1420
2135712 1420
2135714 1420
2135715 1420
2135808 1424
2135809 1425
2135810 1425
2135812 1424
2135813 1425
2135814 1425
2135818 1426
2135820 1424
2135821 1425
2135822 1425
2135824 1424
2135825 1425
2135826 1425
2135828 1424
2135829 1425
2135830 1425
2135832 1424
2135833 1425
2135834 1425
2135837 1427
2135838 1427
2135840 1424
2135841 1425
2135842 1425
2135936 1428
2135938 1428
2135939 1428
2135940 1428
2135942 1428
2135943 1428
2135946 1429
2135947 1429
2135948 1428
2135950 1428
2135951 1428
2135952 1428
2135954 1428
2135955 1428
2135956 1428
2135958 1428
2135959 1428
2135960 1428
2135962 1428
2135963 1428
2135964 1430
2135967 1430
2135968 1428
2135970 1428
2135971 1428
2136064 1431
2136065 1432
2136066 1432
2136068 1431
2136069 1432
2136070 1432
2136074 1433
2136076 1431
2136077 1432
2136078 1432
2136080 1434
2136081 1435
2136082 1435
2136084 1434
2136085 1435
2136086 1435
2136088 1434
2136089 1435
2136090 1435
2136092 1434
2136093 1435
2136094 1435
2136097 1436
2136098 1436
2136192 1437
2136194 1437
2136195 1437
2136196 1437
2136198 1437
2136199 1437
2136202 1438
2136203 1438
2136204 1437
2136206 1437
2136207 1437
2136208 1439
2136210 1439
2136211 1439
2136212 1439
2136214 1439
2136215 1439
2136216 1439
2136218 1439
2136219 1439
2136220 1439
2136222 1439
2136223 1439
2136224 1440
2136227 1440
2147136 1441
2147137 1442
2147138 1442
2147140 1441
2147141 1442
2147142 1442
2147145 1443
2147146 1443
2147150 1444
2147152 1441
2147153 1442
2147154 1442
2147156 1441
2147157 1442
2147158 1442
2147160 1441
2147161 1442
2147162 1442
2147164 1445
2147165 1446
2147166 1446
2147168 1441
2147169 1442
2147170 1442
2147328 1447
2147329 1448
2147332 1449
2147333 1450
2147337 1451
2147341 1452
2147345 1453
2147348 1449
2147349 1450
2147352 1447
2147353 1448
2147356 1454
2147357 1455
2147360 1454
2147361 1455
2147392 1456
2147393 1457
2147394 1457
2147396 1458
2147397 1459
2147398 1459
2147401 1460
2147402 1460
2147405 1461
2147406 1461
2147408 1462
2147410 1463
2147412 1458
2147413 1459
2147414 1459
2147416 1456
2147417 1457
2147418 1457
2147420 1464
2147421 1465
2147422 1465
2147424 1464
2147425 1465
2147426 1465
2147584 1466
2147585 1467
2147588 1468
2147589 1469
2147593 1470
2147597 1471
2147600 1472
2147601 1473
2147605 1474
2147608 1468
2147609 1469
2147612 1466
2147613 1467
2147616 1466
2147617 1467
2147648 1475
2147649 1476
2147650 1476
2147652 1477
2147653 1478
2147654 1478
2147657 1479
2147658 1479
2147661 1480
2147662 1480
2147664 1481
2147665 1482
2147666 1482
2147668 1483
2147670 1484
2147672 1477
2147673 1478
2147674 1478
2147676 1475
2147677 1476
2147678 1476
2147680 1475
2147681 1476
2147682 1476
2147840 1485
2147841 1486
2147844 1485
2147845 1486
2147849 1487
2147853 1488
2147856 1489
2147857 1490
2147860 1489
2147861 1490
2147865 1491
2147868 1485
2147869 1486
2147872 1485
2147873 1486
2147904 1492
2147905 1493
2147906 1493
2147908 1492
2147909 1493
2147910 1493
2147913 1494
2147914 1494
2147917 1495
2147918 1495
2147920 1496
2147921 1497
2147922 1497
2147924 1496
2147925 1497
2147926 1497
2147928 1498
2147930 1499
2147932 1492
2147933 1493
2147934 1493
2147936 1492
2147937 1493
2147938 1493
2148096 1500
2148097 1501
2148100 1500
2148101 1501
2148105 1502
2148109 1503
2148112 1500
2148113 1501
2148116 1500
2148117 1501
2148120 1500
2148121 1501
2148125 1504
2148128 1500
2148129 1501
2148160 1505
2148161 1506
2148162 1506
2148164 1505
2148165 1506
2148166 1506
2148169 1507
2148170 1507
2148173 1508
2148174 1508
2148176 1505
2148177 1506
2148178 1506
2148180 1505
2148181 1506
2148182 1506
2148184 1505
2148185 1506
2148186 1506
2148188 1509
2148190 1510
2148192 1505
2148193 1506
2148194 1506
2148352 1511
2148353 1512
2148356 1511
2148357 1512
2148361 1513
2148365 1514
2148368 1515
2148369 1516
2148372 1515
2148373 1516
2148376 1515
2148377 1516
2148380 1517
2148381 1518
2148385 1519
2148416 1520
2148417 1521
2148418 1521
2148420 1520
2148421 1521
2148422 1521
2148425 1522
2148426 1522
2148429 1523
2148430 1523
2148432 1524
2148433 1525
2148434 1525
2148436 1524
2148437 1525
2148438 1525
2148440 1524
2148441 1525
2148442 1525
2148444 1526
2148445 1527
2148446 1527
2148448 1528
2148450 1529
2151296 1530
2151297 1530
2151299 1530
2151300 1530
2151301 1530
2151303 1530
2151305 1531
2151307 1531
2151308 1532
2151311 1532
2151312 1530
2151313 1530
2151315 1530
2151316 1530
2151317 1530
2151319 1530
2151320 1530
2151321 1530
2151323 1530
2151324 1533
2151325 1533
2151327 1533
2151328 1530
2151329 1530
2151331 1530
2151424 1456
2151425 1457
2151426 1457
2151428 1458
2151429 1459
2151430 1459
2151433 1460
2151434 1460
2151436 1534
2151438 1461
2151441 1463
2151442 1463
2151444 1458
2151445 1459
2151446 1459
2151448 1456
2151449 1457
2151450 1457
2151452 1464
2151453 1465
2151454 1465
2151456 1464
2151457 1465
2151458 1465
2151488 1457
2151489 1456
2151490 1457
2151492 1459
2151493 1458
2151494 1459
2151497 1535
2151498 1460
2151500 1461
2151502 1461
2151504 1463
2151506 1463
2151508 1459
2151509 1458
2151510 1459
2151512 1457
2151513 1456
2151514 1457
2151516 1465
2151517 1464
2151518 1465
2151520 1465
2151521 1464
2151522 1465
2151552 1536
2151553 1536
2151554 1536
2151555 1536
2151556 1537
2151557 1537
2151558 1537
2151559 1537
2151561 1538
2151562 1538
2151563 1538
2151564 1539
2151566 1539
2151567 1539
2151568 1540
2151569 1540
2151571 1540
2151572 1537
2151573 1537
2151574 1537
2151575 1537
2151576 1536
2151577 1536
2151578 1536
2151579 1536
2151580 1541
2151581 1541
2151582 1541
2151583 1541
2151584 1541
2151585 1541
2151586 1541
2151587 1541
2151680 1475
2151681 1476
2151682 1476
2151684 1477
2151685 1478
2151686 1478
2151689 1479
2151690 1479
2151692 1542
2151694 1480
2151696 1481
2151697 1482
2151698 1482
2151701 1484
2151702 1484
2151704 1477
2151705 1478
2151706 1478
2151708 1475
2151709 1476
2151710 1476
2151712 1475
2151713 1476
2151714 1476
2151744 1476
2151745 1475
2151746 1476
2151748 1478
2151749 1477
2151750 1478
2151753 1543
2151754 1479
2151756 1480
2151758 1480
2151760 1482
2151761 1481
2151762 1482
2151764 1484
2151766 1484
2151768 1478
2151769 1477
2151770 1478
2151772 1476
2151773 1475
2151774 1476
2151776 1476
2151777 1475
2151778 1476
2151808 1544
2151809 1544
2151810 1544
2151811 1544
2151812 1545
2151813 1545
2151814 1545
2151815 1545
2151817 1546
2151818 1546
2151819 1546
2151820 1547
2151822 1547
2151823 1547
2151824 1548
2151825 1548
2151826 1548
2151827 1548
2151828 1549
2151829 1549
2151831 1549
2151832 1545
2151833 1545
2151834 1545
2151835 1545
2151836 1544
2151837 1544
2151838 1544
2151839 1544
2151840 1544
2151841 1544
2151842 1544
2151843 1544
2151936 1492
2151937 1493
2151938 1493
2151940 1492
2151941 1493
2151942 1493
2151945 1494
2151946 1494
2151948 1550
2151950 1495
2151952 1496
2151953 1497
2151954 1497
2151956 1496
2151957 1497
2151958 1497
2151961 1499
2151962 1499
2151964 1492
2151965 1493
2151966 1493
2151968 1492
2151969 1493
2151970 1493
2152000 1493
2152001 1492
2152002 1493
2152004 1493
2152005 1492
2152006 1493
2152009 1551
2152010 1494
2152012 1495
2152014 1495
2152016 1497
2152017 1496
2152018 1497
2152020 1497
2152021 1496
2152022 1497
2152024 1499
2152026 1499
2152028 1493
2152029 1492
2152030 1493
2152032 1493
2152033 1492
2152034 1493
2152064 1552
2152065 1552
2152066 1552
2152067 1552
2152068 1552
2152069 1552
2152070 1552
2152071 1552
2152073 1553
2152074 1553
2152075 1553
2152076 1554
2152078 1554
2152079 1554
2152080 1555
2152081 1555
2152082 1555
2152083 1555
2152084 1555
2152085 1555
2152086 1555
2152087 1555
2152088 1556
2152089 1556
2152091 1556
2152092 1552
2152093 1552
2152094 1552
2152095 1552
2152096 1552
2152097 1552
2152098 1552
2152099 1552
2152192 1505
2152193 1506
2152194 1506
2152196 1505
2152197 1506
2152198 1506
2152201 1507
2152202 1507
2152204 1557
2152206 1508
2152208 1505
2152209 1506
2152210 1506
2152212 1505
2152213 1506
2152214 1506
2152216 1505
2152217 1506
2152218 1506
2152221 1510
2152222 1510
2152224 1505
2152225 1506
2152226 1506
2152256 1506
2152257 1505
2152258 1506
2152260 1506
2152261 1505
2152262 1506
2152265 1558
2152266 1507
2152268 1508
2152270 1508
2152272 1506
2152273 1505
2152274 1506
2152276 1506
2152277 1505
2152278 1506
2152280 1506
2152281 1505
2152282 1506
2152284 1510
2152286 1510
2152288 1506
2152289 1505
2152290 1506
2152320 1559
2152321 1559
2152322 1559
2152323 1559
2152324 1559
2152325 1559
2152326 1559
2152327 1559
2152329 1560
2152330 1560
2152331 1560
2152332 1561
2152334 1561
2152335 1561
2152336 1559
2152337 1559
2152338 1559
2152339 1559
2152340 1559
2152341 1559
2152342 1559
2152343 1559
2152344 1559
2152345 1559
2152346 1559
2152347 1559
2152348 1562
2152349 1562
2152351 1562
2152352 1559
2152353 1559
2152354 1559
2152355 1559
2152448 1520
2152449 1521
2152450 1521
2152452 1520
2152453 1521
2152454 1521
2152457 1522
2152458 1522
2152460 1563
2152462 1523
2152464 1524
2152465 1525
2152466 1525
2152468 1524
2152469 1525
2152470 1525
2152472 1524
2152473 1525
2152474 1525
2152476 1526
2152477 1527
2152478 1527
2152481 1529
2152482 1529
2152512 1521
2152513 1520
2152514 1521
2152516 1521
2152517 1520
2152518 1521
2152521 1564
2152522 1522
2152524 1523
2152526 1523
2152528 1525
2152529 1524
2152530 1525
2152532 1525
2152533 1524
2152534 1525
2152536 1525
2152537 1524
2152538 1525
2152540 1527
2152541 1526
2152542 1527
2152544 1529
2152546 1529
2152576 1565
2152577 1565
2152578 1565
2152579 1565
2152580 1565
2152581 1565
2152582 1565
2152583 1565
2152585 1566
2152586 1566
2152587 1566
2152588 1567
2152590 1567
2152591 1567
2152592 1568
2152593 1568
2152594 1568
2152595 1568
2152596 1568
2152597 1568
2152598 1568
2152599 1568
2152600 1568
2152601 1568
2152602 1568
2152603 1568
2152604 1569
2152605 1569
2152606 1569
2152607 1569
2152608 1570
2152609 1570
2152611 1570
2163776 1571
2163777 1572
2163778 1572
2163780 1571
2163781 1572
2163782 1572
2163785 1573
2163786 1573
2163788 1571
2163789 1572
2163790 1572
2163794 1574
2163796 1571
2163797 1572
2163798 1572
2163800 1571
2163801 1572
2163802 1572
2163804 1575
2163805 1576
2163806 1576
2163808 1575
2163809 1576
2163810 1576
2163968 1577
2163969 1578
2163972 1579
2163973 1580
2163977 1581
2163980 1582
2163981 1583
2163985 1584
2163989 1585
2163992 1579
2163993 1580
2163996 1577
2163997 1578
2164000 1577
2164001 1578
2164032 1586
2164033 1587
2164034 1587
2164036 1588
2164037 1589
2164038 1589
2164041 1590
2164042 1590
2164044 1591
2164045 1592
2164046 1592
2164049 1593
2164050 1593
2164052 1594
2164054 1595
2164056 1588
2164057 1589
2164058 1589
2164060 1586
2164061 1587
2164062 1587
2164064 1586
2164065 1587
2164066 1587
2164224 1596
2164225 1597
2164228 1596
2164229 1597
2164233 1598
2164236 1599
2164237 1600
2164241 1601
2164244 1599
2164245 1600
2164249 1602
2164252 1596
2164253 1597
2164256 1596
2164257 1597
2164288 1603
2164289 1604
2164290 1604
2164292 1603
2164293 1604
2164294 1604
2164297 1605
2164298 1605
2164300 1606
2164301 1607
2164302 1607
2164305 1608
2164306 1608
2164308 1606
2164309 1607
2164310 1607
2164312 1609
2164314 1610
2164316 1603
2164317 1604
2164318 1604
2164320 1603
2164321 1604
2164322 1604
2164480 1611
2164481 1612
2164484 1611
2164485 1612
2164489 1613
2164492 1611
2164493 1612
2164497 1614
2164500 1611
2164501 1612
2164504 1611
2164505 1612
2164509 1615
2164512 1611
2164513 1612
2164544 1616
2164545 1617
2164546 1617
2164548 1616
2164549 1617
2164550 1617
2164553 1618
2164554 1618
2164556 1616
2164557 1617
2164558 1617
2164561 1619
2164562 1619
2164564 1616
2164565 1617
2164566 1617
2164568 1616
2164569 1617
2164570 1617
2164572 1620
2164574 1621
2164576 1616
2164577 1617
2164578 1617
2164736 1622
2164737 1623
2164740 1622
2164741 1623
2164745 1624
2164748 1622
2164749 1623
2164753 1625
2164756 1622
2164757 1623
2164760 1622
2164761 1623
2164764 1622
2164765 1623
2164769 1626
2164800 1627
2164801 1628
2164802 1628
2164804 1627
2164805 1628
2164806 1628
2164809 1629
2164810 1629
2164812 1627
2164813 1628
2164814 1628
2164817 1630
2164818 1630
2164820 1627
2164821 1628
2164822 1628
2164824 1627
2164825 1628
2164826 1628
2164828 1627
2164829 1628
2164830 1628
2164832 1631
2164834 1632
2167936 1633
2167937 1633
2167939 1633
2167940 1633
2167941 1633
2167943 1633
2167945 1634
2167947 1634
2167948 1633
2167949 1633
2167951 1633
2167952 1635
2167955 1635
2167956 1633
2167957 1633
2167959 1633
2167960 1633
2167961 1633
2167963 1633
2167964 1636
2167965 1636
2167967 1636
2167968 1636
2167969 1636
2167971 1636
2168064 1586
2168065 1587
2168066 1587
2168068 1588
2168069 1589
2168070 1589
2168073 1590
2168074 1590
2168076 1591
2168077 1592
2168078 1592
2168080 1637
2168082 1593
2168085 1595
2168086 1595
2168088 1588
2168089 1589
2168090 1589
2168092 1586
2168093 1587
2168094 1587
2168096 1586
2168097 1587
2168098 1587
2168128 1587
2168129 1586
2168130 1587
2168132 1589
2168133 1588
2168134 1589
2168137 1638
2168138 1590
2168140 1592
2168141 1591
2168142 1592
2168144 1593
2168146 1593
2168148 1595
2168150 1595
2168152 1589
2168153 1588
2168154 1589
2168156 1587
2168157 1586
2168158 1587
2168160 1587
2168161 1586
2168162 1587
2168192 1639
2168193 1639
2168194 1639
2168195 1639
2168196 1640
2168197 1640
2168198 1640
2168199 1640
2168201 1641
2168202 1641
2168203 1641
2168204 1642
2168205 1642
2168206 1642
2168207 1642
2168208 1643
2168210 1643
2168211 1643
2168212 1644
2168213 1644
2168215 1644
2168216 1640
2168217 1640
2168218 1640
2168219 1640
2168220 1639
2168221 1639
2168222 1639
2168223 1639
2168224 1639
2168225 1639
2168226 1639
2168227 1639
2168320 1603
2168321 1604
2168322 1604
2168324 1603
2168325 1604
2168326 1604
2168329 1605
2168330 1605
2168332 1606
2168333 1607
2168334 1607
2168336 1645
2168338 1608
2168340 1606
2168341 1607
2168342 1607
2168345 1610
2168346 1610
2168348 1603
2168349 1604
2168350 1604
2168352 1603
2168353 1604
2168354 1604
2168384 1604
2168385 1603
2168386 1604
2168388 1604
2168389 1603
2168390 1604
2168393 1646
2168394 1605
2168396 1607
2168397 1606
2168398 1607
2168400 1608
2168402 1608
2168404 1607
2168405 1606
2168406 1607
2168408 1610
2168410 1610
2168412 1604
2168413 1603
2168414 1604
2168416 1604
2168417 1603
2168418 1604
2168448 1647
2168449 1647
2168450 1647
2168451 1647
2168452 1647
2168453 1647
2168454 1647
2168455 1647
2168457 1648
2168458 1648
2168459 1648
2168460 1649
2168461 1649
2168462 1649
2168463 1649
2168464 1650
2168466 1650
2168467 1650
2168468 1649
2168469 1649
2168470 1649
2168471 1649
2168472 1651
2168473 1651
2168475 1651
2168476 1647
2168477 1647
2168478 1647
2168479 1647
2168480 1647
2168481 1647
2168482 1647
2168483 1647
2168576 1616
2168577 1617
2168578 1617
2168580 1616
2168581 1617
2168582 1617
2168585 1618
2168586 1618
2168588 1616
2168589 1617
2168590 1617
2168592 1652
2168594 1619
2168596 1616
2168597 1617
2168598 1617
2168600 1616
2168601 1617
2168602 1617
2168605 1621
2168606 1621
2168608 1616
2168609 1617
2168610 1617
2168640 1617
2168641 1616
2168642 1617
2168644 1617
2168645 1616
2168646 1617
2168649 1653
2168650 1618
2168652 1617
2168653 1616
2168654 1617
2168656 1619
2168658 1619
2168660 1617
2168661 1616
2168662 1617
2168664 1617
2168665 1616
2168666 1617
2168668 1621
2168670 1621
2168672 1617
2168673 1616
2168674 1617
2168704 1654
2168705 1654
2168706 1654
2168707 1654
2168708 1654
2168709 1654
2168710 1654
2168711 1654
2168713 1655
2168714 1655
2168715 1655
2168716 1654
2168717 1654
2168718 1654
2168719 1654
2168720 1656
2168722 1656
2168723 1656
2168724 1654
2168725 1654
2168726 1654
2168727 1654
2168728 1654
2168729 1654
2168730 1654
2168731 1654
2168732 1657
2168733 1657
2168735 1657
2168736 1654
2168737 1654
2168738 1654
2168739 1654
2168832 1627
2168833 1628
2168834 1628
2168836 1627
2168837 1628
2168838 1628
2168841 1629
2168842 1629
2168844 1627
2168845 1628
2168846 1628
2168848 1658
2168850 1630
2168852 1627
2168853 1628
2168854 1628
2168856 1627
2168857 1628
2168858 1628
2168860 1627
2168861 1628
2168862 1628
2168865 1632
2168866 1632
2168896 1628
2168897 1627
2168898 1628
2168900 1628
2168901 1627
2168902 1628
2168905 1659
2168906 1629
2168908 1628
2168909 1627
2168910 1628
2168912 1630
2168914 1630
2168916 1628
2168917 1627
2168918 1628
2168920 1628
2168921 1627
2168922 1628
2168924 1628
2168925 1627
2168926 1628
2168928 1632
2168930 1632
2168960 1660
2168961 1660
2168962 1660
2168963 1660
2168964 1660
2168965 1660
2168966 1660
2168967 1660
2168969 1661
2168970 1661
2168971 1661
2168972 1660
2168973 1660
2168974 1660
2168975 1660
2168976 1662
2168978 1662
2168979 1662
2168980 1660
2168981 1660
2168982 1660
2168983 1660
2168984 1660
2168985 1660
2168986 1660
2168987 1660
2168988 1660
2168989 1660
2168990 1660
2168991 1660
2168992 1663
2168993 1663
2168995 1663
2180416 1664
2180417 1665
2180418 1665
2180420 1666
2180421 1667
2180422 1667
2180425 1668
2180426 1668
2180428 1666
2180429 1667
2180430 1667
2180432 1666
2180433 1667
2180434 1667
2180438 1669
2180440 1666
2180441 1667
2180442 1667
2180444 1664
2180445 1665
2180446 1665
2180448 1664
2180449 1665
2180450 1665
2180608 1670
2180609 1671
2180612 1672
2180613 1673
2180617 1674
2180620 1675
2180621 1676
2180624 1675
2180625 1676
2180629 1677
2180633 1678
2180636 1672
2180637 1673
2180640 1672
2180641 1673
2180672 1679
2180673 1680
2180674 1680
2180676 1681
2180677 1682
2180678 1682
2180681 1683
2180682 1683
2180684 1684
2180685 1685
2180686 1685
2180688 1684
2180689 1685
2180690 1685
2180693 1686
2180694 1686
2180696 1687
2180698 1688
2180700 1681
2180701 1682
2180702 1682
2180704 1681
2180705 1682
2180706 1682
2180864 1689
2180865 1690
2180868 1691
2180869 1692
2180873 1693
2180876 1691
2180877 1692
2180880 1691
2180881 1692
2180885 1694
2180888 1691
2180889 1692
2180893 1695
2180896 1691
2180897 1692
2180928 1696
2180929 1697
2180930 1697
2180932 1698
2180933 1699
2180934 1699
2180937 1700
2180938 1700
2180940 1698
2180941 1699
2180942 1699
2180944 1698
2180945 1699
2180946 1699
2180949 1701
2180950 1701
2180952 1698
2180953 1699
2180954 1699
2180956 1702
2180958 1703
2180960 1698
2180961 1699
2180962 1699
2181120 1704
2181121 1705
2181124 1704
2181125 1705
2181129 1706
2181132 1704
2181133 1705
2181136 1704
2181137 1705
2181141 1707
2181144 1704
2181145 1705
2181148 1704
2181149 1705
2181153 1708
2181184 1709
2181185 1710
2181186 1710
2181188 1709
2181189 1710
2181190 1710
2181193 1711
2181194 1711
2181196 1709
2181197 1710
2181198 1710
2181200 1709
2181201 1710
2181202 1710
2181205 1712
2181206 1712
2181208 1709
2181209 1710
2181210 1710
2181212 1709
2181213 1710
2181214 1710
2181216 1713
2181218 1714
2184576 1715
2184577 1715
2184579 1715
2184580 1716
2184581 1716
2184583 1716
2184585 1717
2184587 1717
2184588 1716
2184589 1716
2184591 1716
2184592 1716
2184593 1716
2184595 1716
2184596 1718
2184599 1718
2184600 1716
2184601 1716
2184603 1716
2184604 1715
2184605 1715
2184607 1715
2184608 1715
2184609 1715
2184611 1715
2184704 1679
2184705 1680
2184706 1680
2184708 1681
2184709 1682
2184710 1682
2184713 1683
2184714 1683
2184716 1684
2184717 1685
2184718 1685
2184720 1684
2184721 1685
2184722 1685
2184724 1719
2184726 1686
2184729 1688
2184730 1688
2184732 1681
2184733 1682
2184734 1682
2184736 1681
2184737 1682
2184738 1682
2184768 1680
2184769 1679
2184770 1680
2184772 1682
2184773 1681
2184774 1682
2184777 1720
2184778 1683
2184780 1685
2184781 1684
2184782 1685
2184784 1685
2184785 1684
2184786 1685
2184788 1686
2184790 1686
2184792 1688
2184794 1688
2184796 1682
2184797 1681
2184798 1682
2184800 1682
2184801 1681
2184802 1682
2184832 1721
2184833 1721
2184834 1721
2184835 1721
2184836 1722
2184837 1722
2184838 1722
2184839 1722
2184841 1723
2184842 1723
2184843 1723
2184844 1724
2184845 1724
2184846 1724
2184847 1724
2184848 1724
2184849 1724
2184850 1724
2184851 1724
2184852 1725
2184854 1725
2184855 1725
2184856 1726
2184857 1726
2184859 1726
2184860 1722
2184861 1722
2184862 1722
2184863 1722
2184864 1722
2184865 1722
2184866 1722
2184867 1722
2184960 1696
2184961 1697
2184962 1697
2184964 1698
2184965 1699
2184966 1699
2184969 1700
2184970 1700
2184972 1698
2184973 1699
2184974 1699
2184976 1698
2184977 1699
2184978 1699
2184980 1727
2184982 1701
2184984 1698
2184985 1699
2184986 1699
2184989 1703
2184990 1703
2184992 1698
2184993 1699
2184994 1699
2185024 1697
2185025 1696
2185026 1697
2185028 1699
2185029 1698
2185030 1699
2185033 1728
2185034 1700
2185036 1699
2185037 1698
2185038 1699
2185040 1699
2185041 1698
2185042 1699
2185044 1701
2185046 1701
2185048 1699
2185049 1698
2185050 1699
2185052 1703
2185054 1703
2185056 1699
2185057 1698
2185058 1699
2185088 1729
2185089 1729
2185090 1729
2185091 1729
2185092 1730
2185093 1730
2185094 1730
2185095 1730
2185097 1731
2185098 1731
2185099 1731
2185100 1730
2185101 1730
2185102 1730
2185103 1730
2185104 1730
2185105 1730
2185106 1730
2185107 1730
2185108 1732
2185110 1732
2185111 1732
2185112 1730
2185113 1730
2185114 1730
2185115 1730
2185116 1733
2185117 1733
2185119 1733
2185120 1730
2185121 1730
2185122 1730
2185123 1730
2185216 1709
2185217 1710
2185218 1710
2185220 1709
2185221 1710
2185222 1710
2185225 1711
2185226 1711
2185228 1709
2185229 1710
2185230 1710
2185232 1709
2185233 1710
2185234 1710
2185236 1734
2185238 1712
2185240 1709
2185241 1710
2185242 1710
2185244 1709
2185245 1710
2185246 1710
2185249 1714
2185250 1714
2185280 1710
2185281 1709
2185282 1710
2185284 1710
2185285 1709
2185286 1710
2185289 1735
2185290 1711
2185292 1710
2185293 1709
2185294 1710
2185296 1710
2185297 1709
2185298 1710
2185300 1712
2185302 1712
2185304 1710
2185305 1709
2185306 1710
2185308 1710
2185309 1709
2185310 1710
2185312 1714
2185314 1714
2185344 1736
2185345 1736
2185346 1736
2185347 1736
2185348 1736
2185349 1736
2185350 1736
2185351 1736
2185353 1737
2185354 1737
2185355 1737
2185356 1736
2185357 1736
2185358 1736
2185359 1736
2185360 1736
2185361 1736
2185362 1736
2185363 1736
2185364 1738
2185366 1738
2185367 1738
2185368 1736
2185369 1736
2185370 1736
2185371 1736
2185372 1736
2185373 1736
2185374 1736
2185375 1736
2185376 1739
2185377 1739
2185379 1739
2197056 1740
2197057 1741
2197058 1741
2197060 1740
2197061 1741
2197062 1741
2197065 1742
2197066 1742
2197068 1743
2197069 1744
2197070 1744
2197072 1743
2197073 1744
2197074 1744
2197076 1743
2197077 1744
2197078 1744
2197082 1745
2197084 1740
2197085 1741
2197086 1741
2197088 1740
2197089 1741
2197090 1741
2197248 1746
2197249 1747
2197252 1746
2197253 1747
2197257 1748
2197260 1749
2197261 1750
2197264 1749
2197265 1750
2197268 1749
2197269 1750
2197273 1751
2197277 1752
2197280 1749
2197281 1750
2197312 1753
2197313 1754
2197314 1754
2197316 1753
2197317 1754
2197318 1754
2197321 1755
2197322 1755
2197324 1756
2197325 1757
2197326 1757
2197328 1756
2197329 1757
2197330 1757
2197332 1756
2197333 1757
2197334 1757
2197337 1758
2197338 1758
2197340 1759
2197342 1760
2197344 1756
2197345 1757
2197346 1757
2197504 1761
2197505 1762
2197508 1761
2197509 1762
2197513 1763
2197516 1761
2197517 1762
2197520 1761
2197521 1762
2197524 1761
2197525 1762
2197529 1764
2197532 1761
2197533 1762
2197537 1765
2197568 1766
2197569 1767
2197570 1767
2197572 1766
2197573 1767
2197574 1767
2197577 1768
2197578 1768
2197580 1766
2197581 1767
2197582 1767
2197584 1766
2197585 1767
2197586 1767
2197588 1766
2197589 1767
2197590 1767
2197593 1769
2197594 1769
2197596 1766
2197597 1767
2197598 1767
2197600 1770
2197602 1771
2201216 1772
2201217 1772
2201219 1772
2201220 1772
2201221 1772
2201223 1772
2201225 1773
2201227 1773
2201228 1774
2201229 1774
2201231 1774
2201232 1774
2201233 1774
2201235 1774
2201236 1774
2201237 1774
2201239 1774
2201240 1775
2201243 1775
2201244 1772
2201245 1772
2201247 1772
2201248 1772
2201249 1772
2201251 1772
2201344 1753
2201345 1754
2201346 1754
2201348 1753
2201349 1754
2201350 1754
2201353 1755
2201354 1755
2201356 1756
2201357 1757
2201358 1757
2201360 1756
2201361 1757
2201362 1757
2201364 1756
2201365 1757
2201366 1757
2201368 1776
2201370 1758
2201373 1760
2201374 1760
2201376 1756
2201377 1757
2201378 1757
2201408 1754
2201409 1753
2201410 1754
2201412 1754
2201413 1753
2201414 1754
2201417 1777
2201418 1755
2201420 1757
2201421 1756
2201422 1757
2201424 1757
2201425 1756
2201426 1757
2201428 1757
2201429 1756
2201430 1757
2201432 1758
2201434 1758
2201436 1760
2201438 1760
2201440 1757
2201441 1756
2201442 1757
2201472 1778
2201473 1778
2201474 1778
2201475 1778
2201476 1778
2201477 1778
2201478 1778
2201479 1778
2201481 1779
2201482 1779
2201483 1779
2201484 1780
2201485 1780
2201486 1780
2201487 1780
2201488 1780
2201489 1780
2201490 1780
2201491 1780
2201492 1780
2201493 1780
2201494 1780
2201495 1780
2201496 1781
2201498 1781
2201499 1781
2201500 1782
2201501 1782
2201503 1782
2201504 1780
2201505 1780
2201506 1780
2201507 1780
2201600 1766
2201601 1767
2201602 1767
2201604 1766
2201605 1767
2201606 1767
2201609 1768
2201610 1768
2201612 1766
2201613 1767
2201614 1767
2201616 1766
2201617 1767
2201618 1767
2201620 1766
2201621 1767
2201622 1767
2201624 1783
2201626 1769
2201628 1766
2201629 1767
2201630 1767
2201633 1771
2201634 1771
2201664 1767
2201665 1766
2201666 1767
2201668 1767
2201669 1766
2201670 1767
2201673 1784
2201674 1768
2201676 1767
2201677 1766
2201678 1767
2201680 1767
2201681 1766
2201682 1767
2201684 1767
2201685 1766
2201686 1767
2201688 1769
2201690 1769
2201692 1767
2201693 1766
2201694 1767
2201696 1771
2201698 1771
2201728 1785
2201729 1785
2201730 1785
2201731 1785
2201732 1785
2201733 1785
2201734 1785
2201735 1785
2201737 1786
2201738 1786
2201739 1786
2201740 1785
2201741 1785
2201742 1785
2201743 1785
2201744 1785
2201745 1785
2201746 1785
2201747 1785
2201748 1785
2201749 1785
2201750 1785
2201751 1785
2201752 1787
2201754 1787
2201755 1787
2201756 1785
2201757 1785
2201758 1785
2201759 1785
2201760 1788
2201761 1788
2201763 1788
2213696 1789
2213697 1790
2213698 1790
2213700 1789
2213701 1790
2213702 1790
2213705 1791
2213706 1791
2213708 1789
2213709 1790
2213710 1790
2213712 1789
2213713 1790
2213714 1790
2213716 1789
2213717 1790
2213718 1790
2213720 1789
2213721 1790
2213722 1790
2213726 1792
2213728 1789
2213729 1790
2213730 1790
2213888 1793
2213889 1794
2213892 1793
2213893 1794
2213897 1795
2213900 1793
2213901 1794
2213904 1793
2213905 1794
2213908 1793
2213909 1794
2213912 1793
2213913 1794
2213917 1796
2213921 1797
2213952 1798
2213953 1799
2213954 1799
2213956 1798
2213957 1799
2213958 1799
2213961 1800
2213962 1800
2213964 1798
2213965 1799
2213966 1799
2213968 1798
2213969 1799
2213970 1799
2213972 1798
2213973 1799
2213974 1799
2213976 1798
2213977 1799
2213978 1799
2213981 1801
2213982 1801
2213984 1802
2213986 1803
2217856 1804
2217857 1804
2217859 1804
2217860 1804
2217861 1804
2217863 1804
2217865 1805
2217867 1805
2217868 1804
2217869 1804
2217871 1804
2217872 1804
2217873 1804
2217875 1804
2217876 1804
2217877 1804
2217879 1804
2217880 1804
2217881 1804
2217883 1804
2217884 1806
2217887 1806
2217888 1804
2217889 1804
2217891 1804
2217984 1798
2217985 1799
2217986 1799
2217988 1798
2217989 1799
2217990 1799
2217993 1800
2217994 1800
2217996 1798
2217997 1799
2217998 1799
2218000 1798
2218001 1799
2218002 1799
2218004 1798
2218005 1799
2218006 1799
2218008 1798
2218009 1799
2218010 1799
2218012 1807
2218014 1801
2218017 1803
2218018 1803
2218048 1799
2218049 1798
2218050 1799
2218052 1799
2218053 1798
2218054 1799
2218057 1808
2218058 1800
2218060 1799
2218061 1798
2218062 1799
2218064 1799
2218065 1798
2218066 1799
2218068 1799
2218069 1798
2218070 1799
2218072 1799
2218073 1798
2218074 1799
2218076 1801
2218078 1801
2218080 1803
2218082 1803
2218112 1809
2218113 1809
2218114 1809
2218115 1809
2218116 1809
2218117 1809
2218118 1809
2218119 1809
2218121 1810
2218122 1810
2218123 1810
2218124 1809
2218125 1809
2218126 1809
2218127 1809
2218128 1809
2218129 1809
2218130 1809
2218131 1809
2218132 1809
2218133 1809
2218134 1809
2218135 1809
2218136 1809
2218137 1809
2218138 1809
2218139 1809
2218140 1811
2218142 1811
2218143 1811
2218144 1812
2218145 1812
2218147 1812
2230336 1813
2230337 1814
2230338 1814
2230340 1813
2230341 1814
2230342 1814
2230345 1815
2230346 1815
2230348 1813
2230349 1814
2230350 1814
2230352 1816
2230353 1817
2230354 1817
2230356 1816
2230357 1817
2230358 1817
2230360 1816
2230361 1817
2230362 1817
2230364 1816
2230365 1817
2230366 1817
2230370 1818
2234496 1819
2234497 1819
2234499 1819
2234500 1819
2234501 1819
2234503 1819
2234505 1820
2234507 1820
2234508 1819
2234509 1819
2234511 1819
2234512 1821
2234513 1821
2234515 1821
2234516 1821
2234517 1821
2234519 1821
2234520 1821
2234521 1821
2234523 1821
2234524 1821
2234525 1821
2234527 1821
2234528 1822
2234531 1822
3199872 1823
3199875 1823
3199876 1823
3199879 1823
3199880 1823
3199883 1823
3199887 1824
3199888 1823
3199891 1823
3199892 1823
3199895 1823
3199896 1823
3199899 1823
3199900 1823
3199903 1823
3199904 1823
3199907 1823
3200000 1825
3200001 1826
3200002 1826
3200004 1825
3200005 1826
3200006 1826
3200008 1825
3200009 1826
3200010 1826
3200014 1827
3200017 1828
3200018 1828
3200020 1825
3200021 1826
3200022 1826
3200024 1825
3200025 1826
3200026 1826
3200028 1825
3200029 1826
3200030 1826
3200032 1829
3200033 1830
3200034 1830
3200128 1831
3200130 1831
3200131 1831
3200132 1831
3200134 1831
3200135 1831
3200136 1831
3200138 1831
3200139 1831
3200142 1832
3200143 1832
3200144 1833
3200147 1833
3200148 1831
3200150 1831
3200151 1831
3200152 1831
3200154 1831
3200155 1831
3200156 1831
3200158 1831
3200159 1831
3200160 1834
3200162 1834
3200163 1834
3200256 1835
3200257 1836
3200258 1836
3200260 1837
3200261 1838
3200262 1838
3200264 1837
3200265 1838
3200266 1838
3200270 1839
3200272 1837
3200273 1838
3200274 1838
3200277 1840
3200278 1840
3200280 1837
3200281 1838
3200282 1838
3200284 1837
3200285 1838
3200286 1838
3200288 1835
3200289 1836
3200290 1836
3200384 1841
3200386 1841
3200387 1841
3200388 1842
3200390 1842
3200391 1842
3200392 1842
3200394 1842
3200395 1842
3200398 1843
3200399 1843
3200400 1842
3200402 1842
3200403 1842
3200404 1844
3200407 1844
3200408 1842
3200410 1842
3200411 1842
3200412 1842
3200414 1842
3200415 1842
3200416 1841
3200418 1841
3200419 1841
3200512 1845
3200513 1846
3200514 1846
3200516 1845
3200517 1846
3200518 1846
3200520 1847
3200521 1848
3200522 1848
3200526 1849
3200528 1847
3200529 1848
3200530 1848
3200532 1847
3200533 1848
3200534 1848
3200537 1850
3200538 1850
3200540 1847
3200541 1848
3200542 1848
3200544 1845
3200545 1846
3200546 1846
3200640 1851
3200642 1851
3200643 1851
3200644 1851
3200646 1851
3200647 1851
3200648 1852
3200650 1852
3200651 1852
3200654 1853
3200655 1853
3200656 1852
3200658 1852
3200659 1852
3200660 1852
3200662 1852
3200663 1852
3200664 1854
3200667 1854
3200668 1852
3200670 1852
3200671 1852
3200672 1851
3200674 1851
3200675 1851
3200768 1855
3200769 1856
3200770 1856
3200772 1855
3200773 1856
3200774 1856
3200776 1855
3200777 1856
3200778 1856
3200782 1857
3200784 1858
3200785 1859
3200786 1859
3200788 1858
3200789 1859
3200790 1859
3200792 1858
3200793 1859
3200794 1859
3200797 1860
3200798 1860
3200800 1855
3200801 1856
3200802 1856
3200896 1861
3200898 1861
3200899 1861
3200900 1861
3200902 1861
3200903 1861
3200904 1861
3200906 1861
3200907 1861
3200910 1862
3200911 1862
3200912 1863
3200914 1863
3200915 1863
3200916 1863
3200918 1863
3200919 1863
3200920 1863
3200922 1863
3200923 1863
3200924 1864
3200927 1864
3200928 1861
3200930 1861
3200931 1861
3201024 1865
3201025 1866
3201026 1866
3201028 1865
3201029 1866
3201030 1866
3201032 1865
3201033 1866
3201034 1866
3201038 1867
3201040 1868
3201041 1869
3201042 1869
3201044 1868
3201045 1869
3201046 1869
3201048 1868
3201049 1869
3201050 1869
3201052 1868
3201053 1869
3201054 1869
3201057 1870
3201058 1870
3201152 1871
3201154 1871
3201155 1871
3201156 1871
3201158 1871
3201159 1871
3201160 1871
3201162 1871
3201163 1871
3201166 1872
3201167 1872
3201168 1873
3201170 1873
3201171 1873
3201172 1873
3201174 1873
3201175 1873
3201176 1873
3201178 1873
3201179 1873
3201180 1873
3201182 1873
3201183 1873
3201184 1874
3201187 1874
3212352 1875
3212353 1876
3212354 1876
3212356 1875
3212357 1876
3212358 1876
3212360 1875
3212361 1876
3212362 1876
3212365 1877
3212366 1877
3212370 1878
3212372 1875
3212373 1876
3212374 1876
3212376 1875
3212377 1876
3212378 1876
3212380 1875
3212381 1876
3212382 1876
3212384 1879
3212385 1880
3212386 1880
3212544 1881
3212545 1882
3212548 1883
3212549 1884
3212552 1885
3212553 1886
3212557 1887
3212561 1888
3212565 1889
3212568 1885
3212569 1886
3212572 1883
3212573 1884
3212576 1881
3212577 1882
3212608 1890
3212609 1891
3212610 1891
3212612 1892
3212613 1893
3212614 1893
3212616 1894
3212617 1895
3212618 1895
3212621 1896
3212622 1896
3212625 1897
3212626 1897
3212628 1898
3212630 1899
3212632 1894
3212633 1895
3212634 1895
3212636 1892
3212637 1893
3212638 1893
3212640 1890
3212641 1891
3212642 1891
3212800 1900
3212801 1901
3212804 1900
3212805 1901
3212808 1902
3212809 1903
3212813 1904
3212817 1905
3212820 1906
3212821 1907
3212825 1908
3212828 1902
3212829 1903
3212832 1900
3212833 1901
3212864 1909
3212865 1910
3212866 1910
3212868 1909
3212869 1910
3212870 1910
3212872 1911
3212873 1912
3212874 1912
3212877 1913
3212878 1913
3212881 1914
3212882 1914
3212884 1915
3212885 1916
3212886 1916
3212888 1917
3212890 1918
3212892 1911
3212893 1912
3212894 1912
3212896 1909
3212897 1910
3212898 1910
3213056 1919
3213057 1920
3213060 1919
3213061 1920
3213064 1919
3213065 1920
3213069 1921
3213073 1922
3213076 1923
3213077 1924
3213080 1923
3213081 1924
3213085 1925
3213088 1919
3213089 1920
3213120 1926
3213121 1927
3213122 1927
3213124 1926
3213125 1927
3213126 1927
3213128 1926
3213129 1927
3213130 1927
3213133 1928
3213134 1928
3213137 1929
3213138 1929
3213140 1930
3213141 1931
3213142 1931
3213144 1930
3213145 1931
3213146 1931
3213148 1932
3213150 1933
3213152 1926
3213153 1927
3213154 1927
3213312 1934
3213313 1935
3213316 1934
3213317 1935
3213320 1934
3213321 1935
3213325 1936
3213329 1937
3213332 1934
3213333 1935
3213336 1934
3213337 1935
3213340 1934
3213341 1935
3213345 1938
3213376 1939
3213377 1940
3213378 1940
3213380 1939
3213381 1940
3213382 1940
3213384 1939
3213385 1940
3213386 1940
3213389 1941
3213390 1941
3213393 1942
3213394 1942
3213396 1939
3213397 1940
3213398 1940
3213400 1939
3213401 1940
3213402 1940
3213404 1939
3213405 1940
3213406 1940
3213408 1943
3213410 1944
3216512 1945
3216513 1945
3216515 1945
3216516 1945
3216517 1945
3216519 1945
3216520 1945
3216521 1945
3216523 1945
3216525 1946
3216527 1946
3216528 1947
3216531 1947
3216532 1945
3216533 1945
3216535 1945
3216536 1945
3216537 1945
3216539 1945
3216540 1945
3216541 1945
3216543 1945
3216544 1948
3216545 1948
3216547 1948
3216640 1890
3216641 1891
3216642 1891
3216644 1892
3216645 1893
3216646 1893
3216648 1894
3216649 1895
3216650 1895
3216653 1896
3216654 1896
3216656 1949
3216658 1897
3216661 1899
3216662 1899
3216664 1894
3216665 1895
3216666 1895
3216668 1892
3216669 1893
3216670 1893
3216672 1890
3216673 1891
3216674 1891
3216704 1891
3216705 1890
3216706 1891
3216708 1893
3216709 1892
3216710 1893
3216712 1895
3216713 1894
3216714 1895
3216717 1950
3216718 1896
3216720 1897
3216722 1897
3216724 1899
3216726 1899
3216728 1895
3216729 1894
3216730 1895
3216732 1893
3216733 1892
3216734 1893
3216736 1891
3216737 1890
3216738 1891
3216768 1951
3216769 1951
3216770 1951
3216771 1951
3216772 1952
3216773 1952
3216774 1952
3216775 1952
3216776 1953
3216777 1953
3216778 1953
3216779 1953
3216781 1954
3216782 1954
3216783 1954
3216784 1955
3216786 1955
3216787 1955
3216788 1956
3216789 1956
3216791 1956
3216792 1953
3216793 1953
3216794 1953
3216795 1953
3216796 1952
3216797 1952
3216798 1952
3216799 1952
3216800 1951
3216801 1951
3216802 1951
3216803 1951
3216896 1909
3216897 1910
3216898 1910
3216900 1909
3216901 1910
3216902 1910
3216904 1911
3216905 1912
3216906 1912
3216909 1913
3216910 1913
3216912 1957
3216914 1914
3216916 1915
3216917 1916
3216918 1916
3216921 1918
3216922 1918
3216924 1911
3216925 1912
3216926 1912
3216928 1909
3216929 1910
3216930 1910
3216960 1910
3216961 1909
3216962 1910
3216964 1910
3216965 1909
3216966 1910
3216968 1912
3216969 1911
3216970 1912
3216973 1958
3216974 1913
3216976 1914
3216978 1914
3216980 1916
3216981 1915
3216982 1916
3216984 1918
3216986 1918
3216988 1912
3216989 1911
3216990 1912
3216992 1910
3216993 1909
3216994 1910
3217024 1959
3217025 1959
3217026 1959
3217027 1959
3217028 1959
3217029 1959
3217030 1959
3217031 1959
3217032 1960
3217033 1960
3217034 1960
3217035 1960
3217037 1961
3217038 1961
3217039 1961
3217040 1962
3217042 1962
3217043 1962
3217044 1963
3217045 1963
3217046 1963
3217047 1963
3217048 1964
3217049 1964
3217051 1964
3217052 1960
3217053 1960
3217054 1960
3217055 1960
3217056 1959
3217057 1959
3217058 1959
3217059 1959
3217152 1926
3217153 1927
3217154 1927
3217156 1926
3217157 1927
3217158 1927
3217160 1926
3217161 1927
3217162 1927
3217165 1928
3217166 1928
3217168 1965
3217170 1929
3217172 1930
3217173 1931
3217174 1931
3217176 1930
3217177 1931
3217178 1931
3217181 1933
3217182 1933
3217184 1926
3217185 1927
3217186 1927
3217216 1927
3217217 1926
3217218 1927
3217220 1927
3217221 1926
3217222 1927
3217224 1927
3217225 1926
3217226 1927
3217229 1966
3217230 1928
3217232 1929
3217234 1929
3217236 1931
3217237 1930
3217238 1931
3217240 1931
3217241 1930
3217242 1931
3217244 1933
3217246 1933
3217248 1927
3217249 1926
3217250 1927
3217280 1967
3217281 1967
3217282 1967
3217283 1967
3217284 1967
3217285 1967
3217286 1967
3217287 1967
3217288 1967
3217289 1967
3217290 1967
3217291 1967
3217293 1968
3217294 1968
3217295 1968
3217296 1969
3217298 1969
3217299 1969
3217300 1970
3217301 1970
3217302 1970
3217303 1970
3217304 1970
3217305 1970
3217306 1970
3217307 1970
3217308 1971
3217309 1971
3217311 1971
3217312 1967
3217313 1967
3217314 1967
3217315 1967
3217408 1939
3217409 1940
3217410 1940
3217412 1939
3217413 1940
3217414 1940
3217416 1939
3217417 1940
3217418 1940
3217421 1941
3217422 1941
3217424 1972
3217426 1942
3217428 1939
3217429 1940
3217430 1940
3217432 1939
3217433 1940
3217434 1940
3217436 1939
3217437 1940
3217438 1940
3217441 1944
3217442 1944
3217472 1940
3217473 1939
3217474 1940
3217476 1940
3217477 1939
3217478 1940
3217480 1940
3217481 1939
3217482 1940
3217485 1973
3217486 1941
3217488 1942
3217490 1942
3217492 1940
3217493 1939
3217494 1940
3217496 1940
3217497 1939
3217498 1940
3217500 1940
3217501 1939
3217502 1940
3217504 1944
3217506 1944
3217536 1974
3217537 1974
3217538 1974
3217539 1974
3217540 1974
3217541 1974
3217542 1974
3217543 1974
3217544 1974
3217545 1974
3217546 1974
3217547 1974
3217549 1975
3217550 1975
3217551 1975
3217552 1976
3217554 1976
3217555 1976
3217556 1974
3217557 1974
3217558 1974
3217559 1974
3217560 1974
3217561 1974
3217562 1974
3217563 1974
3217564 1974
3217565 1974
3217566 1974
3217567 1974
3217568 1977
3217569 1977
3217571 1977
3228992 1978
3228993 1979
3228994 1979
3228996 1980
3228997 1981
3228998 1981
3229000 1980
3229001 1981
3229002 1981
3229005 1982
3229006 1982
3229008 1980
3229009 1981
3229010 1981
3229014 1983
3229016 1980
3229017 1981
3229018 1981
3229020 1980
3229021 1981
3229022 1981
3229024 1978
3229025 1979
3229026 1979
3229184 1984
3229185 1985
3229188 1986
3229189 1987
3229192 1988
3229193 1989
3229197 1990
3229200 1991
3229201 1992
3229205 1993
3229209 1994
3229212 1988
3229213 1989
3229216 1986
3229217 1987
3229248 1995
3229249 1996
3229250 1996
3229252 1997
3229253 1998
3229254 1998
3229256 1999
3229257 2000
3229258 2000
3229261 2001
3229262 2001
3229264 2002
3229265 2003
3229266 2003
3229269 2004
3229270 2004
3229272 2005
3229274 2006
3229276 1999
3229277 2000
3229278 2000
3229280 1997
3229281 1998
3229282 1998
3229440 2007
3229441 2008
3229444 2009
3229445 2010
3229448 2009
3229449 2010
3229453 2011
3229456 2012
3229457 2013
3229461 2014
3229464 2012
3229465 2013
3229469 2015
3229472 2009
3229473 2010
3229504 2016
3229505 2017
3229506 2017
3229508 2018
3229509 2019
3229510 2019
3229512 2018
3229513 2019
3229514 2019
3229517 2020
3229518 2020
3229520 2021
3229521 2022
3229522 2022
3229525 2023
3229526 2023
3229528 2021
3229529 2022
3229530 2022
3229532 2024
3229534 2025
3229536 2018
3229537 2019
3229538 2019
3229696 2026
3229697 2027
3229700 2026
3229701 2027
3229704 2026
3229705 2027
3229709 2028
3229712 2026
3229713 2027
3229717 2029
3229720 2026
3229721 2027
3229724 2026
3229725 2027
3229729 2030
3229760 2031
3229761 2032
3229762 2032
3229764 2031
3229765 2032
3229766 2032
3229768 2031
3229769 2032
3229770 2032
3229773 2033
3229774 2033
3229776 2031
3229777 2032
3229778 2032
3229781 2034
3229782 2034
3229784 2031
3229785 2032
3229786 2032
3229788 2031
3229789 2032
3229790 2032
3229792 2035
3229794 2036
3233152 2037
3233153 2037
3233155 2037
3233156 2038
3233157 2038
3233159 2038
3233160 2038
3233161 2038
3233163 2038
3233165 2039
3233167 2039
3233168 2038
3233169 2038
3233171 2038
3233172 2040
3233175 2040
3233176 2038
3233177 2038
3233179 2038
3233180 2038
3233181 2038
3233183 2038
3233184 2037
3233185 2037
3233187 2037
3233280 1995
3233281 1996
3233282 1996
3233284 1997
3233285 1998
3233286 1998
3233288 1999
3233289 2000
3233290 2000
3233293 2001
3233294 2001
3233296 2002
3233297 2003
3233298 2003
3233300 2041
3233302 2004
3233305 2006
3233306 2006
3233308 1999
3233309 2000
3233310 2000
3233312 1997
3233313 1998
3233314 1998
3233344 1996
3233345 1995
3233346 1996
3233348 1998
3233349 1997
3233350 1998
3233352 2000
3233353 1999
3233354 2000
3233357 2042
3233358 2001
3233360 2003
3233361 2002
3233362 2003
3233364 2004
3233366 2004
3233368 2006
3233370 2006
3233372 2000
3233373 1999
3233374 2000
3233376 1998
3233377 1997
3233378 1998
3233408 2043
3233409 2043
3233410 2043
3233411 2043
3233412 2044
3233413 2044
3233414 2044
3233415 2044
3233416 2045
3233417 2045
3233418 2045
3233419 2045
3233421 2046
3233422 2046
3233423 2046
3233424 2047
3233425 2047
3233426 2047
3233427 2047
3233428 2048
3233430 2048
3233431 2048
3233432 2049
3233433 2049
3233435 2049
3233436 2045
3233437 2045
3233438 2045
3233439 2045
3233440 2044
3233441 2044
3233442 2044
3233443 2044
3233536 2016
3233537 2017
3233538 2017
3233540 2018
3233541 2019
3233542 2019
3233544 2018
3233545 2019
3233546 2019
3233549 2020
3233550 2020
3233552 2021
3233553 2022
3233554 2022
3233556 2050
3233558 2023
3233560 2021
3233561 2022
3233562 2022
3233565 2025
3233566 2025
3233568 2018
3233569 2019
3233570 2019
3233600 2017
3233601 2016
3233602 2017
3233604 2019
3233605 2018
3233606 2019
3233608 2019
3233609 2018
3233610 2019
3233613 2051
3233614 2020
3233616 2022
3233617 2021
3233618 2022
3233620 2023
3233622 2023
3233624 2022
3233625 2021
3233626 2022
3233628 2025
3233630 2025
3233632 2019
3233633 2018
3233634 2019
3233664 2052
3233665 2052
3233666 2052
3233667 2052
3233668 2053
3233669 2053
3233670 2053
3233671 2053
3233672 2053
3233673 2053
3233674 2053
3233675 2053
3233677 2054
3233678 2054
3233679 2054
3233680 2055
3233681 2055
3233682 2055
3233683 2055
3233684 2056
3233686 2056
3233687 2056
3233688 2055
3233689 2055
3233690 2055
3233691 2055
3233692 2057
3233693 2057
3233695 2057
3233696 2053
3233697 2053
3233698 2053
3233699 2053
3233792 2031
3233793 2032
3233794 2032
3233796 2031
3233797 2032
3233798 2032
3233800 2031
3233801 2032
3233802 2032
3233805 2033
3233806 2033
3233808 2031
3233809 2032
3233810 2032
3233812 2058
3233814 2034
3233816 2031
3233817 2032
3233818 2032
3233820 2031
3233821 2032
3233822 2032
3233825 2036
3233826 2036
3233856 2032
3233857 2031
3233858 2032
3233860 2032
3233861 2031
3233862 2032
3233864 2032
3233865 2031
3233866 2032
3233869 2059
3233870 2033
3233872 2032
3233873 2031
3233874 2032
3233876 2034
3233878 2034
3233880 2032
3233881 2031
3233882 2032
3233884 2032
3233885 2031
3233886 2032
3233888 2036
3233890 2036
3233920 2060
3233921 2060
3233922 2060
3233923 2060
3233924 2060
3233925 2060
3233926 2060
3233927 2060
3233928 2060
3233929 2060
3233930 2060
3233931 2060
3233933 2061
3233934 2061
3233935 2061
3233936 2060
3233937 2060
3233938 2060
3233939 2060
3233940 2062
3233942 2062
3233943 2062
3233944 2060
3233945 2060
3233946 2060
3233947 2060
3233948 2060
3233949 2060
3233950 2060
3233951 2060
3233952 2063
3233953 2063
3233955 2063
3245632 2064
3245633 2065
3245634 2065
3245636 2064
3245637 2065
3245638 2065
3245640 2066
3245641 2067
3245642 2067
3245645 2068
3245646 2068
3245648 2066
3245649 2067
3245650 2067
3245652 2066
3245653 2067
3245654 2067
3245658 2069
3245660 2066
3245661 2067
3245662 2067
3245664 2064
3245665 2065
3245666 2065
3245824 2070
3245825 2071
3245828 2070
3245829 2071
3245832 2072
3245833 2073
3245837 2074
3245840 2075
3245841 2076
3245844 2075
3245845 2076
3245849 2077
3245853 2078
3245856 2072
3245857 2073
3245888 2079
3245889 2080
3245890 2080
3245892 2079
3245893 2080
3245894 2080
3245896 2081
3245897 2082
3245898 2082
3245901 2083
3245902 2083
3245904 2084
3245905 2085
3245906 2085
3245908 2084
3245909 2085
3245910 2085
3245913 2086
3245914 2086
3245916 2087
3245918 2088
3245920 2081
3245921 2082
3245922 2082
3246080 2089
3246081 2090
3246084 2089
3246085 2090
3246088 2089
3246089 2090
3246093 2091
3246096 2089
3246097 2090
3246100 2089
3246101 2090
3246105 2092
3246108 2089
3246109 2090
3246113 2093
3246144 2094
3246145 2095
3246146 2095
3246148 2094
3246149 2095
3246150 2095
3246152 2094
3246153 2095
3246154 2095
3246157 2096
3246158 2096
3246160 2094
3246161 2095
3246162 2095
3246164 2094
3246165 2095
3246166 2095
3246169 2097
3246170 2097
3246172 2094
3246173 2095
3246174 2095
3246176 2098
3246178 2099
3249792 2100
3249793 2100
3249795 2100
3249796 2100
3249797 2100
3249799 2100
3249800 2101
3249801 2101
3249803 2101
3249805 2102
3249807 2102
3249808 2101
3249809 2101
3249811 2101
3249812 2101
3249813 2101
3249815 2101
3249816 2103
3249819 2103
3249820 2101
3249821 2101
3249823 2101
3249824 2100
3249825 2100
3249827 2100
3249920 2079
3249921 2080
3249922 2080
3249924 2079
3249925 2080
3249926 2080
3249928 2081
3249929 2082
3249930 2082
3249933 2083
3249934 2083
3249936 2084
3249937 2085
3249938 2085
3249940 2084
3249941 2085
3249942 2085
3249944 2104
3249946 2086
3249949 2088
3249950 2088
3249952 2081
3249953 2082
3249954 2082
3249984 2080
3249985 2079
3249986 2080
3249988 2080
3249989 2079
3249990 2080
3249992 2082
3249993 2081
3249994 2082
3249997 2105
3249998 2083
3250000 2085
3250001 2084
3250002 2085
3250004 2085
3250005 2084
3250006 2085
3250008 2086
3250010 2086
3250012 2088
3250014 2088
3250016 2082
3250017 2081
3250018 2082
3250048 2106
3250049 2106
3250050 2106
3250051 2106
3250052 2106
3250053 2106
3250054 2106
3250055 2106
3250056 2107
3250057 2107
3250058 2107
3250059 2107
3250061 2108
3250062 2108
3250063 2108
3250064 2109
3250065 2109
3250066 2109
3250067 2109
3250068 2109
3250069 2109
3250070 2109
3250071 2109
3250072 2110
3250074 2110
3250075 2110
3250076 2111
3250077 2111
3250079 2111
3250080 2107
3250081 2107
3250082 2107
3250083 2107
3250176 2094
3250177 2095
3250178 2095
3250180 2094
3250181 2095
3250182 2095
3250184 2094
3250185 2095
3250186 2095
3250189 2096
3250190 2096
3250192 2094
3250193 2095
3250194 2095
3250196 2094
3250197 2095
3250198 2095
3250200 2112
3250202 2097
3250204 2094
3250205 2095
3250206 2095
3250209 2099
3250210 2099
3250240 2095
3250241 2094
3250242 2095
3250244 2095
3250245 2094
3250246 2095
3250248 2095
3250249 2094
3250250 2095
3250253 2113
3250254 2096
3250256 2095
3250257 2094
3250258 2095
3250260 2095
3250261 2094
3250262 2095
3250264 2097
3250266 2097
3250268 2095
3250269 2094
3250270 2095
3250272 2099
3250274 2099
3250304 2114
3250305 2114
3250306 2114
3250307 2114
3250308 2114
3250309 2114
3250310 2114
3250311 2114
3250312 2114
3250313 2114
3250314 2114
3250315 2114
3250317 2115
3250318 2115
3250319 2115
3250320 2114
3250321 2114
3250322 2114
3250323 2114
3250324 2114
3250325 2114
3250326 2114
3250327 2114
3250328 2116
3250330 2116
3250331 2116
3250332 2114
3250333 2114
3250334 2114
3250335 2114
3250336 2117
3250337 2117
3250339 2117
3262272 2118
3262273 2119
3262274 2119
3262276 2118
3262277 2119
3262278 2119
3262280 2118
3262281 2119
3262282 2119
3262285 2120
3262286 2120
3262288 2121
3262289 2122
3262290 2122
3262292 2121
3262293 2122
3262294 2122
3262296 2121
3262297 2122
3262298 2122
3262302 2123
3262304 2118
3262305 2119
3262306 2119
3262464 2124
3262465 2125
3262468 2124
3262469 2125
3262472 2124
3262473 2125
3262477 2126
3262480 2124
3262481 2125
3262484 2124
3262485 2125
3262488 2124
3262489 2125
3262493 2127
3262497 2128
3262528 2129
3262529 2130
3262530 2130
3262532 2129
3262533 2130
3262534 2130
3262536 2129
3262537 2130
3262538 2130
3262541 2131
3262542 2131
3262544 2129
3262545 2130
3262546 2130
3262548 2129
3262549 2130
3262550 2130
3262552 2129
3262553 2130
3262554 2130
3262557 2132
3262558 2132
3262560 2133
3262562 2134
3266432 2135
3266433 2135
3266435 2135
3266436 2135
3266437 2135
3266439 2135
3266440 2135
3266441 2135
3266443 2135
3266445 2136
3266447 2136
3266448 2137
3266449 2137
3266451 2137
3266452 2137
3266453 2137
3266455 2137
3266456 2137
3266457 2137
3266459 2137
3266460 2138
3266463 2138
3266464 2135
3266465 2135
3266467 2135
3266560 2129
3266561 2130
3266562 2130
3266564 2129
3266565 2130
3266566 2130
3266568 2129
3266569 2130
3266570 2130
3266573 2131
3266574 2131
3266576 2129
3266577 2130
3266578 2130
3266580 2129
3266581 2130
3266582 2130
3266584 2129
3266585 2130
3266586 2130
3266588 2139
3266590 2132
3266593 2134
3266594 2134
3266624 2130
3266625 2129
3266626 2130
3266628 2130
3266629 2129
3266630 2130
3266632 2130
3266633 2129
3266634 2130
3266637 2140
3266638 2131
3266640 2130
3266641 2129
3266642 2130
3266644 2130
3266645 2129
3266646 2130
3266648 2130
3266649 2129
3266650 2130
3266652 2132
3266654 2132
3266656 2134
3266658 2134
3266688 2141
3266689 2141
3266690 2141
3266691 2141
3266692 2141
3266693 2141
3266694 2141
3266695 2141
3266696 2141
3266697 2141
3266698 2141
3266699 2141
3266701 2142
3266702 2142
3266703 2142
3266704 2141
3266705 2141
3266706 2141
3266707 2141
3266708 2141
3266709 2141
3266710 2141
3266711 2141
3266712 2141
3266713 2141
3266714 2141
3266715 2141
3266716 2143
3266718 2143
3266719 2143
3266720 2144
3266721 2144
3266723 2144
3278912 2145
3278913 2146
3278914 2146
3278916 2145
3278917 2146
3278918 2146
3278920 2145
3278921 2146
3278922 2146
3278925 2147
3278926 2147
3278928 2148
3278929 2149
3278930 2149
3278932 2148
3278933 2149
3278934 2149
3278936 2148
3278937 2149
3278938 2149
3278940 2148
3278941 2149
3278942 2149
3278946 2150
3283072 2151
3283073 2151
3283075 2151
3283076 2151
3283077 2151
3283079 2151
3283080 2151
3283081 2151
3283083 2151
3283085 2152
3283087 2152
3283088 2153
3283089 2153
3283091 2153
3283092 2153
3283093 2153
3283095 2153
3283096 2153
3283097 2153
3283099 2153
3283100 2153
3283101 2153
3283103 2153
3283104 2154
3283107 2154
4265088 2155
4265091 2155
4265092 2155
4265095 2155
4265096 2155
4265099 2155
4265100 2155
4265103 2155
4265107 2156
4265108 2155
4265111 2155
4265112 2155
4265115 2155
4265116 2155
4265119 2155
4265120 2155
4265123 2155
4265216 2157
4265217 2158
4265218 2158
4265220 2159
4265221 2160
4265222 2160
4265224 2159
4265225 2160
4265226 2160
4265228 2159
4265229 2160
4265230 2160
4265234 2161
4265237 2162
4265238 2162
4265240 2159
4265241 2160
4265242 2160
4265244 2159
4265245 2160
4265246 2160
4265248 2159
4265249 2160
4265250 2160
4265344 2163
4265346 2163
4265347 2163
4265348 2164
4265350 2164
4265351 2164
4265352 2164
4265354 2164
4265355 2164
4265356 2164
4265358 2164
4265359 2164
4265362 2165
4265363 2165
4265364 2166
4265367 2166
4265368 2164
4265370 2164
4265371 2164
4265372 2164
4265374 2164
4265375 2164
4265376 2164
4265378 2164
4265379 2164
4265472 2167
4265473 2168
4265474 2168
4265476 2167
4265477 2168
4265478 2168
4265480 2169
4265481 2170
4265482 2170
4265484 2169
4265485 2170
4265486 2170
4265490 2171
4265492 2169
4265493 2170
4265494 2170
4265497 2172
4265498 2172
4265500 2169
4265501 2170
4265502 2170
4265504 2169
4265505 2170
4265506 2170
4265600 2173
4265602 2173
4265603 2173
4265604 2173
4265606 2173
4265607 2173
4265608 2174
4265610 2174
4265611 2174
4265612 2174
4265614 2174
4265615 2174
4265618 2175
4265619 2175
4265620 2174
4265622 2174
4265623 2174
4265624 2176
4265627 2176
4265628 2174
4265630 2174
4265631 2174
4265632 2174
4265634 2174
4265635 2174
4265728 2177
4265729 2178
4265730 2178
4265732 2177
4265733 2178
4265734 2178
4265736 2177
4265737 2178
4265738 2178
4265740 2179
4265741 2180
4265742 2180
4265746 2181
4265748 2179
4265749 2180
4265750 2180
4265752 2179
4265753 2180
4265754 2180
4265757 2182
4265758 2182
4265760 2179
4265761 2180
4265762 2180
4265856 2183
4265858 2183
4265859 2183
4265860 2183
4265862 2183
4265863 2183
4265864 2183
4265866 2183
4265867 2183
4265868 2184
4265870 2184
4265871 2184
4265874 2185
4265875 2185
4265876 2184
4265878 2184
4265879 2184
4265880 2184
4265882 2184
4265883 2184
4265884 2186
4265887 2186
4265888 2184
4265890 2184
4265891 2184
4265984 2187
4265985 2188
4265986 2188
4265988 2187
4265989 2188
4265990 2188
4265992 2187
4265993 2188
4265994 2188
4265996 2187
4265997 2188
4265998 2188
4266002 2189
4266004 2190
4266005 2191
4266006 2191
4266008 2190
4266009 2191
4266010 2191
4266012 2190
4266013 2191
4266014 2191
4266017 2192
4266018 2192
4266112 2193
4266114 2193
4266115 2193
4266116 2193
4266118 2193
4266119 2193
4266120 2193
4266122 2193
4266123 2193
4266124 2193
4266126 2193
4266127 2193
4266130 2194
4266131 2194
4266132 2195
4266134 2195
4266135 2195
4266136 2195
4266138 2195
4266139 2195
4266140 2195
4266142 2195
4266143 2195
4266144 2196
4266147 2196
4277568 2197
4277569 2198
4277570 2198
4277572 2199
4277573 2200
4277574 2200
4277576 2199
4277577 2200
4277578 2200
4277580 2199
4277581 2200
4277582 2200
4277585 2201
4277586 2201
4277590 2202
4277592 2199
4277593 2200
4277594 2200
4277596 2199
4277597 2200
4277598 2200
4277600 2199
4277601 2200
4277602 2200
4277760 2203
4277761 2204
4277764 2205
4277765 2206
4277768 2207
4277769 2208
4277772 2209
4277773 2210
4277777 2211
4277781 2212
4277785 2213
4277788 2214
4277789 2215
4277792 2216
4277793 2217
4277824 2218
4277825 2219
4277826 2219
4277828 2220
4277829 2221
4277830 2221
4277832 2222
4277833 2223
4277834 2223
4277836 2224
4277837 2225
4277838 2225
4277841 2226
4277842 2226
4277845 2227
4277846 2227
4277848 2228
4277850 2229
4277852 2230
4277853 2231
4277854 2231
4277856 2232
4277857 2233
4277858 2233
4278016 2234
4278017 2235
4278020 2236
4278021 2237
4278024 2236
4278025 2237
4278028 2238
4278029 2239
4278033 2240
4278037 2241
4278040 2242
4278041 2243
4278045 2244
4278048 2245
4278049 2246
4278080 2247
4278081 2248
4278082 2248
4278084 2249
4278085 2250
4278086 2250
4278088 2249
4278089 2250
4278090 2250
4278092 2251
4278093 2252
4278094 2252
4278097 2253
4278098 2253
4278101 2254
4278102 2254
4278104 2255
4278105 2256
4278106 2256
4278108 2257
4278110 2258
4278112 2259
4278113 2260
4278114 2260
4278272 2261
4278273 2262
4278276 2263
4278277 2264
4278280 2263
4278281 2264
4278284 2263
4278285 2264
4278289 2265
4278293 2266
4278296 2267
4278297 2268
4278300 2267
4278301 2268
4278305 2269
4278336 2270
4278337 2271
4278338 2271
4278340 2272
4278341 2273
4278342 2273
4278344 2272
4278345 2273
4278346 2273
4278348 2272
4278349 2273
4278350 2273
4278353 2274
4278354 2274
4278357 2275
4278358 2275
4278360 2276
4278361 2277
4278362 2277
4278364 2276
4278365 2277
4278366 2277
4278368 2278
4278370 2279
4281728 2280
4281729 2280
4281731 2280
4281732 2281
4281733 2281
4281735 2281
4281736 2281
4281737 2281
4281739 2281
4281740 2281
4281741 2281
4281743 2281
4281745 2282
4281747 2282
4281748 2283
4281751 2283
4281752 2281
4281753 2281
4281755 2281
4281756 2281
4281757 2281
4281759 2281
4281760 2281
4281761 2281
4281763 2281
4281856 2218
4281857 2219
4281858 2219
4281860 2220
4281861 2221
4281862 2221
4281864 2222
4281865 2223
4281866 2223
4281868 2224
4281869 2225
4281870 2225
4281873 2226
4281874 2226
4281876 2284
4281878 2227
4281881 2229
4281882 2229
4281884 2230
4281885 2231
4281886 2231
4281888 2232
4281889 2233
4281890 2233
4281920 2219
4281921 2218
4281922 2219
4281924 2221
4281925 2220
4281926 2221
4281928 2223
4281929 2222
4281930 2223
4281932 2225
4281933 2224
4281934 2225
4281937 2285
4281938 2226
4281940 2227
4281942 2227
4281944 2229
4281946 2229
4281948 2231
4281949 2230
4281950 2231
4281952 2233
4281953 2232
4281954 2233
4281984 2286
4281985 2286
4281986 2286
4281987 2286
4281988 2287
4281989 2287
4281990 2287
4281991 2287
4281992 2288
4281993 2288
4281994 2288
4281995 2288
4281996 2289
4281997 2289
4281998 2289
4281999 2289
4282001 2290
4282002 2290
4282003 2290
4282004 2291
4282006 2291
4282007 2291
4282008 2292
4282009 2292
4282011 2292
4282012 2293
4282013 2293
4282014 2293
4282015 2293
4282016 2294
4282017 2294
4282018 2294
4282019 2294
4282112 2247
4282113 2248
4282114 2248
4282116 2249
4282117 2250
4282118 2250
4282120 2249
4282121 2250
4282122 2250
4282124 2251
4282125 2252
4282126 2252
4282129 2253
4282130 2253
4282132 2295
4282134 2254
4282136 2255
4282137 2256
4282138 2256
4282141 2258
4282142 2258
4282144 2259
4282145 2260
4282146 2260
4282176 2248
4282177 2247
4282178 2248
4282180 2250
4282181 2249
4282182 2250
4282184 2250
4282185 2249
4282186 2250
4282188 2252
4282189 2251
4282190 2252
4282193 2296
4282194 2253
4282196 2254
4282198 2254
4282200 2256
4282201 2255
4282202 2256
4282204 2258
4282206 2258
4282208 2260
4282209 2259
4282210 2260
4282240 2297
4282241 2297
4282242 2297
4282243 2297
4282244 2298
4282245 2298
4282246 2298
4282247 2298
4282248 2298
4282249 2298
4282250 2298
4282251 2298
4282252 2299
4282253 2299
4282254 2299
4282255 2299
4282257 2300
4282258 2300
4282259 2300
4282260 2301
4282262 2301
4282263 2301
4282264 2302
4282265 2302
4282266 2302
4282267 2302
4282268 2303
4282269 2303
4282271 2303
4282272 2304
4282273 2304
4282274 2304
4282275 2304
4282368 2270
4282369 2271
4282370 2271
4282372 2272
4282373 2273
4282374 2273
4282376 2272
4282377 2273
4282378 2273
4282380 2272
4282381 2273
4282382 2273
4282385 2274
4282386 2274
4282388 2305
4282390 2275
4282392 2276
4282393 2277
4282394 2277
4282396 2276
4282397 2277
4282398 2277
4282401 2279
4282402 2279
4282432 2271
4282433 2270
4282434 2271
4282436 2273
4282437 2272
4282438 2273
4282440 2273
4282441 2272
4282442 2273
4282444 2273
4282445 2272
4282446 2273
4282449 2306
4282450 2274
4282452 2275
4282454 2275
4282456 2277
4282457 2276
4282458 2277
4282460 2277
4282461 2276
4282462 2277
4282464 2279
4282466 2279
4282496 2307
4282497 2307
4282498 2307
4282499 2307
4282500 2308
4282501 2308
4282502 2308
4282503 2308
4282504 2308
4282505 2308
4282506 2308
4282507 2308
4282508 2308
4282509 2308
4282510 2308
4282511 2308
4282513 2309
4282514 2309
4282515 2309
4282516 2310
4282518 2310
4282519 2310
4282520 2311
4282521 2311
4282522 2311
4282523 2311
4282524 2311
4282525 2311
4282526 2311
4282527 2311
4282528 2312
4282529 2312
4282531 2312
4294208 2313
4294209 2314
4294210 2314
4294212 2313
4294213 2314
4294214 2314
4294216 2315
4294217 2316
4294218 2316
4294220 2315
4294221 2316
4294222 2316
4294225 2317
4294226 2317
4294228 2315
4294229 2316
4294230 2316
4294234 2318
4294236 2315
4294237 2316
4294238 2316
4294240 2315
4294241 2316
4294242 2316
4294400 2319
4294401 2320
4294404 2319
4294405 2320
4294408 2321
4294409 2322
4294412 2323
4294413 2324
4294417 2325
4294420 2326
4294421 2327
4294425 2328
4294429 2329
4294432 2330
4294433 2331
4294464 2332
4294465 2333
4294466 2333
4294468 2332
4294469 2333
4294470 2333
4294472 2334
4294473 2335
4294474 2335
4294476 2336
4294477 2337
4294478 2337
4294481 2338
4294482 2338
4294484 2339
4294485 2340
4294486 2340
4294489 2341
4294490 2341
4294492 2342
4294494 2343
4294496 2344
4294497 2345
4294498 2345
4294656 2346
4294657 2347
4294660 2346
4294661 2347
4294664 2348
4294665 2349
4294668 2348
4294669 2349
4294673 2350
4294676 2351
4294677 2352
4294681 2353
4294684 2351
4294685 2352
4294689 2354
4294720 2355
4294721 2356
4294722 2356
4294724 2355
4294725 2356
4294726 2356
4294728 2357
4294729 2358
4294730 2358
4294732 2357
4294733 2358
4294734 2358
4294737 2359
4294738 2359
4294740 2360
4294741 2361
4294742 2361
4294745 2362
4294746 2362
4294748 2360
4294749 2361
4294750 2361
4294752 2363
4294754 2364
4298368 2365
4298369 2365
4298371 2365
4298372 2365
4298373 2365
4298375 2365
4298376 2366
4298377 2366
4298379 2366
4298380 2366
4298381 2366
4298383 2366
4298385 2367
4298387 2367
4298388 2366
4298389 2366
4298391 2366
4298392 2368
4298395 2368
4298396 2366
4298397 2366
4298399 2366
4298400 2366
4298401 2366
4298403 2366
4298496 2332
4298497 2333
4298498 2333
4298500 2332
4298501 2333
4298502 2333
4298504 2334
4298505 2335
4298506 2335
4298508 2336
4298509 2337
4298510 2337
4298513 2338
4298514 2338
4298516 2339
4298517 2340
4298518 2340
4298520 2369
4298522 2341
4298525 2343
4298526 2343
4298528 2344
4298529 2345
4298530 2345
4298560 2333
4298561 2332
4298562 2333
4298564 2333
4298565 2332
4298566 2333
4298568 2335
4298569 2334
4298570 2335
4298572 2337
4298573 2336
4298574 2337
4298577 2370
4298578 2338
4298580 2340
4298581 2339
4298582 2340
4298584 2341
4298586 2341
4298588 2343
4298590 2343
4298592 2345
4298593 2344
4298594 2345
4298624 2371
4298625 2371
4298626 2371
4298627 2371
4298628 2371
4298629 2371
4298630 2371
4298631 2371
4298632 2372
4298633 2372
4298634 2372
4298635 2372
4298636 2373
4298637 2373
4298638 2373
4298639 2373
4298641 2374
4298642 2374
4298643 2374
4298644 2375
4298645 2375
4298646 2375
4298647 2375
4298648 2376
4298650 2376
4298651 2376
4298652 2377
4298653 2377
4298655 2377
4298656 2378
4298657 2378
4298658 2378
4298659 2378
4298752 2355
4298753 2356
4298754 2356
4298756 2355
4298757 2356
4298758 2356
4298760 2357
4298761 2358
4298762 2358
4298764 2357
4298765 2358
4298766 2358
4298769 2359
4298770 2359
4298772 2360
4298773 2361
4298774 2361
4298776 2379
4298778 2362
4298780 2360
4298781 2361
4298782 2361
4298785 2364
4298786 2364
4298816 2356
4298817 2355
4298818 2356
4298820 2356
4298821 2355
4298822 2356
4298824 2358
4298825 2357
4298826 2358
4298828 2358
4298829 2357
4298830 2358
4298833 2380
4298834 2359
4298836 2361
4298837 2360
4298838 2361
4298840 2362
4298842 2362
4298844 2361
4298845 2360
4298846 2361
4298848 2364
4298850 2364
4298880 2381
4298881 2381
4298882 2381
4298883 2381
4298884 2381
4298885 2381
4298886 2381
4298887 2381
4298888 2382
4298889 2382
4298890 2382
4298891 2382
4298892 2382
4298893 2382
4298894 2382
4298895 2382
4298897 2383
4298898 2383
4298899 2383
4298900 2384
4298901 2384
4298902 2384
4298903 2384
4298904 2385
4298906 2385
4298907 2385
4298908 2384
4298909 2384
4298910 2384
4298911 2384
4298912 2386
4298913 2386
4298915 2386
4310848 2387
4310849 2388
4310850 2388
4310852 2387
4310853 2388
4310854 2388
4310856 2387
4310857 2388
4310858 2388
4310860 2389
4310861 2390
4310862 2390
4310865 2391
4310866 2391
4310868 2389
4310869 2390
4310870 2390
4310872 2389
4310873 2390
4310874 2390
4310878 2392
4310880 2389
4310881 2390
4310882 2390
4311040 2393
4311041 2394
4311044 2393
4311045 2394
4311048 2393
4311049 2394
4311052 2395
4311053 2396
4311057 2397
4311060 2398
4311061 2399
4311064 2398
4311065 2399
4311069 2400
4311073 2401
4311104 2402
4311105 2403
4311106 2403
4311108 2402
4311109 2403
4311110 2403
4311112 2402
4311113 2403
4311114 2403
4311116 2404
4311117 2405
4311118 2405
4311121 2406
4311122 2406
4311124 2407
4311125 2408
4311126 2408
4311128 2407
4311129 2408
4311130 2408
4311133 2409
4311134 2409
4311136 2410
4311138 2411
4315008 2412
4315009 2412
4315011 2412
4315012 2412
4315013 2412
4315015 2412
4315016 2412
4315017 2412
4315019 2412
4315020 2413
4315021 2413
4315023 2413
4315025 2414
4315027 2414
4315028 2413
4315029 2413
4315031 2413
4315032 2413
4315033 2413
4315035 2413
4315036 2415
4315039 2415
4315040 2413
4315041 2413
4315043 2413
4315136 2402
4315137 2403
4315138 2403
4315140 2402
4315141 2403
4315142 2403
4315144 2402
4315145 2403
4315146 2403
4315148 2404
4315149 2405
4315150 2405
4315153 2406
4315154 2406
4315156 2407
4315157 2408
4315158 2408
4315160 2407
4315161 2408
4315162 2408
4315164 2416
4315166 2409
4315169 2411
4315170 2411
4315200 2403
4315201 2402
4315202 2403
4315204 2403
4315205 2402
4315206 2403
4315208 2403
4315209 2402
4315210 2403
4315212 2405
4315213 2404
4315214 2405
4315217 2417
4315218 2406
4315220 2408
4315221 2407
4315222 2408
4315224 2408
4315225 2407
4315226 2408
4315228 2409
4315230 2409
4315232 2411
4315234 2411
4315264 2418
4315265 2418
4315266 2418
4315267 2418
4315268 2418
4315269 2418
4315270 2418
4315271 2418
4315272 2418
4315273 2418
4315274 2418
4315275 2418
4315276 2419
4315277 2419
4315278 2419
4315279 2419
4315281 2420
4315282 2420
4315283 2420
4315284 2421
4315285 2421
4315286 2421
4315287 2421
4315288 2421
4315289 2421
4315290 2421
4315291 2421
4315292 2422
4315294 2422
4315295 2422
4315296 2423
4315297 2423
4315299 2423
4327488 2424
4327489 2425
4327490 2425
4327492 2424
4327493 2425
4327494 2425
4327496 2424
4327497 2425
4327498 2425
4327500 2424
4327501 2425
4327502 2425
4327505 2426
4327506 2426
4327508 2427
4327509 2428
4327510 2428
4327512 2427
4327513 2428
4327514 2428
4327516 2427
4327517 2428
4327518 2428
4327522 2429
4331648 2430
4331649 2430
4331651 2430
4331652 2430
4331653 2430
4331655 2430
4331656 2430
4331657 2430
4331659 2430
4331660 2430
4331661 2430
4331663 2430
4331665 2431
4331667 2431
4331668 2432
4331669 2432
4331671 2432
4331672 2432
4331673 2432
4331675 2432
4331676 2432
4331677 2432
4331679 2432
4331680 2433
4331683 2433
5330304 2434
5330307 2434
5330308 2434
5330311 2434
5330312 2434
5330315 2434
5330316 2434
5330319 2434
5330320 2434
5330323 2434
5330327 2435
5330328 2434
5330331 2434
5330332 2434
5330335 2434
5330336 2434
5330339 2434
5330432 2436
5330433 2437
5330434 2437
5330436 2436
5330437 2437
5330438 2437
5330440 2438
5330441 2439
5330442 2439
5330444 2438
5330445 2439
5330446 2439
5330448 2438
5330449 2439
5330450 2439
5330454 2440
5330457 2441
5330458 2441
5330460 2438
5330461 2439
5330462 2439
5330464 2438
5330465 2439
5330466 2439
5330560 2442
5330562 2442
5330563 2442
5330564 2442
5330566 2442
5330567 2442
5330568 2443
5330570 2443
5330571 2443
5330572 2443
5330574 2443
5330575 2443
5330576 2443
5330578 2443
5330579 2443
5330582 2444
5330583 2444
5330584 2445
5330587 2445
5330588 2443
5330590 2443
5330591 2443
5330592 2443
5330594 2443
5330595 2443
5330688 2446
5330689 2447
5330690 2447
5330692 2446
5330693 2447
5330694 2447
5330696 2446
5330697 2447
5330698 2447
5330700 2448
5330701 2449
5330702 2449
5330704 2448
5330705 2449
5330706 2449
5330710 2450
5330712 2448
5330713 2449
5330714 2449
5330717 2451
5330718 2451
5330720 2448
5330721 2449
5330722 2449
5330816 2452
5330818 2452
5330819 2452
5330820 2452
5330822 2452
5330823 2452
5330824 2452
5330826 2452
5330827 2452
5330828 2453
5330830 2453
5330831 2453
5330832 2453
5330834 2453
5330835 2453
5330838 2454
5330839 2454
5330840 2453
5330842 2453
5330843 2453
5330844 2455
5330847 2455
5330848 2453
5330850 2453
5330851 2453
5330944 2456
5330945 2457
5330946 2457
5330948 2456
5330949 2457
5330950 2457
5330952 2456
5330953 2457
5330954 2457
5330956 2456
5330957 2457
5330958 2457
5330960 2458
5330961 2459
5330962 2459
5330966 2460
5330968 2458
5330969 2459
5330970 2459
5330972 2458
5330973 2459
5330974 2459
5330977 2461
5330978 2461
5331072 2462
5331074 2462
5331075 2462
5331076 2462
5331078 2462
5331079 2462
5331080 2462
5331082 2462
5331083 2462
5331084 2462
5331086 2462
5331087 2462
5331088 2463
5331090 2463
5331091 2463
5331094 2464
5331095 2464
5331096 2463
5331098 2463
5331099 2463
5331100 2463
5331102 2463
5331103 2463
5331104 2465
5331107 2465
5342784 2466
5342785 2467
5342786 2467
5342788 2466
5342789 2467
5342790 2467
5342792 2468
5342793 2469
5342794 2469
5342796 2468
5342797 2469
5342798 2469
5342800 2468
5342801 2469
5342802 2469
5342805 2470
5342806 2470
5342810 2471
5342812 2468
5342813 2469
5342814 2469
5342816 2468
5342817 2469
5342818 2469
5342976 2472
5342977 2473
5342980 2472
5342981 2473
5342984 2474
5342985 2475
5342988 2476
5342989 2477
5342992 2478
5342993 2479
5342997 2480
5343001 2481
5343005 2482
5343008 2483
5343009 2484
5343040 2485
5343041 2486
5343042 2486
5343044 2485
5343045 2486
5343046 2486
5343048 2487
5343049 2488
5343050 2488
5343052 2489
5343053 2490
5343054 2490
5343056 2491
5343057 2492
5343058 2492
5343061 2493
5343062 2493
5343065 2494
5343066 2494
5343068 2495
5343070 2496
5343072 2497
5343073 2498
5343074 2498
5343232 2499
5343233 2500
5343236 2499
5343237 2500
5343240 2501
5343241 2502
5343244 2501
5343245 2502
5343248 2503
5343249 2504
5343253 2505
5343257 2506
5343260 2503
5343261 2504
5343265 2507
5343296 2508
5343297 2509
5343298 2509
5343300 2508
5343301 2509
5343302 2509
5343304 2510
5343305 2511
5343306 2511
5343308 2510
5343309 2511
5343310 2511
5343312 2512
5343313 2513
5343314 2513
5343317 2514
5343318 2514
5343321 2515
5343322 2515
5343324 2512
5343325 2513
5343326 2513
5343328 2516
5343330 2517
5346944 2518
5346945 2518
5346947 2518
5346948 2518
5346949 2518
5346951 2518
5346952 2519
5346953 2519
5346955 2519
5346956 2519
5346957 2519
5346959 2519
5346960 2519
5346961 2519
5346963 2519
5346965 2520
5346967 2520
5346968 2521
5346971 2521
5346972 2519
5346973 2519
5346975 2519
5346976 2519
5346977 2519
5346979 2519
5347072 2485
5347073 2486
5347074 2486
5347076 2485
5347077 2486
5347078 2486
5347080 2487
5347081 2488
5347082 2488
5347084 2489
5347085 2490
5347086 2490
5347088 2491
5347089 2492
5347090 2492
5347093 2493
5347094 2493
5347096 2522
5347098 2494
5347101 2496
5347102 2496
5347104 2497
5347105 2498
5347106 2498
5347136 2486
5347137 2485
5347138 2486
5347140 2486
5347141 2485
5347142 2486
5347144 2488
5347145 2487
5347146 2488
5347148 2490
5347149 2489
5347150 2490
5347152 2492
5347153 2491
5347154 2492
5347157 2523
5347158 2493
5347160 2494
5347162 2494
5347164 2496
5347166 2496
5347168 2498
5347169 2497
5347170 2498
5347200 2524
5347201 2524
5347202 2524
5347203 2524
5347204 2524
5347205 2524
5347206 2524
5347207 2524
5347208 2525
5347209 2525
5347210 2525
5347211 2525
5347212 2526
5347213 2526
5347214 2526
5347215 2526
5347216 2527
5347217 2527
5347218 2527
5347219 2527
5347221 2528
5347222 2528
5347223 2528
5347224 2529
5347226 2529
5347227 2529
5347228 2530
5347229 2530
5347231 2530
5347232 2531
5347233 2531
5347234 2531
5347235 2531
5347328 2508
5347329 2509
5347330 2509
5347332 2508
5347333 2509
5347334 2509
5347336 2510
5347337 2511
5347338 2511
5347340 2510
5347341 2511
5347342 2511
5347344 2512
5347345 2513
5347346 2513
5347349 2514
5347350 2514
5347352 2532
5347354 2515
5347356 2512
5347357 2513
5347358 2513
5347361 2517
5347362 2517
5347392 2509
5347393 2508
5347394 2509
5347396 2509
5347397 2508
5347398 2509
5347400 2511
5347401 2510
5347402 2511
5347404 2511
5347405 2510
5347406 2511
5347408 2513
5347409 2512
5347410 2513
5347413 2533
5347414 2514
5347416 2515
5347418 2515
5347420 2513
5347421 2512
5347422 2513
5347424 2517
5347426 2517
5347456 2534
5347457 2534
5347458 2534
5347459 2534
5347460 2534
5347461 2534
5347462 2534
5347463 2534
5347464 2535
5347465 2535
5347466 2535
5347467 2535
5347468 2535
5347469 2535
5347470 2535
5347471 2535
5347472 2536
5347473 2536
5347474 2536
5347475 2536
5347477 2537
5347478 2537
5347479 2537
5347480 2538
5347482 2538
5347483 2538
5347484 2536
5347485 2536
5347486 2536
5347487 2536
5347488 2539
5347489 2539
5347491 2539
5359424 2540
5359425 2541
5359426 2541
5359428 2540
5359429 2541
5359430 2541
5359432 2540
5359433 2541
5359434 2541
5359436 2542
5359437 2543
5359438 2543
5359440 2542
5359441 2543
5359442 2543
5359445 2544
5359446 2544
5359448 2542
5359449 2543
5359450 2543
5359454 2545
5359456 2542
5359457 2543
5359458 2543
5359616 2546
5359617 2547
5359620 2546
5359621 2547
5359624 2546
5359625 2547
5359628 2548
5359629 2549
5359632 2550
5359633 2551
5359637 2552
5359640 2550
5359641 2551
5359645 2553
5359649 2554
5359680 2555
5359681 2556
5359682 2556
5359684 2555
5359685 2556
5359686 2556
5359688 2555
5359689 2556
5359690 2556
5359692 2557
5359693 2558
5359694 2558
5359696 2559
5359697 2560
5359698 2560
5359701 2561
5359702 2561
5359704 2559
5359705 2560
5359706 2560
5359709 2562
5359710 2562
5359712 2563
5359714 2564
5363584 2565
5363585 2565
5363587 2565
5363588 2565
5363589 2565
5363591 2565
5363592 2565
5363593 2565
5363595 2565
5363596 2566
5363597 2566
5363599 2566
5363600 2566
5363601 2566
5363603 2566
5363605 2567
5363607 2567
5363608 2566
5363609 2566
5363611 2566
5363612 2568
5363615 2568
5363616 2566
5363617 2566
5363619 2566
5363712 2555
5363713 2556
5363714 2556
5363716 2555
5363717 2556
5363718 2556
5363720 2555
5363721 2556
5363722 2556
5363724 2557
5363725 2558
5363726 2558
5363728 2559
5363729 2560
5363730 2560
5363733 2561
5363734 2561
5363736 2559
5363737 2560
5363738 2560
5363740 2569
5363742 2562
5363745 2564
5363746 2564
5363776 2556
5363777 2555
5363778 2556
5363780 2556
5363781 2555
5363782 2556
5363784 2556
5363785 2555
5363786 2556
5363788 2558
5363789 2557
5363790 2558
5363792 2560
5363793 2559
5363794 2560
5363797 2570
5363798 2561
5363800 2560
5363801 2559
5363802 2560
5363804 2562
5363806 2562
5363808 2564
5363810 2564
5363840 2571
5363841 2571
5363842 2571
5363843 2571
5363844 2571
5363845 2571
5363846 2571
5363847 2571
5363848 2571
5363849 2571
5363850 2571
5363851 2571
5363852 2572
5363853 2572
5363854 2572
5363855 2572
5363856 2573
5363857 2573
5363858 2573
5363859 2573
5363861 2574
5363862 2574
5363863 2574
5363864 2573
5363865 2573
5363866 2573
5363867 2573
5363868 2575
5363870 2575
5363871 2575
5363872 2576
5363873 2576
5363875 2576
5376064 2577
5376065 2578
5376066 2578
5376068 2577
5376069 2578
5376070 2578
5376072 2577
5376073 2578
5376074 2578
5376076 2577
5376077 2578
5376078 2578
5376080 2579
5376081 2580
5376082 2580
5376085 2581
5376086 2581
5376088 2579
5376089 2580
5376090 2580
5376092 2579
5376093 2580
5376094 2580
5376098 2582
5380224 2583
5380225 2583
5380227 2583
5380228 2583
5380229 2583
5380231 2583
5380232 2583
5380233 2583
5380235 2583
5380236 2583
5380237 2583
5380239 2583
5380240 2584
5380241 2584
5380243 2584
5380245 2585
5380247 2585
5380248 2584
5380249 2584
5380251 2584
5380252 2584
5380253 2584
5380255 2584
5380256 2586
5380259 2586
6395520 2587
6395523 2587
6395524 2587
6395527 2587
6395528 2587
6395531 2587
6395532 2587
6395535 2587
6395536 2587
6395539 2587
6395540 2587
6395543 2587
6395547 2588
6395548 2587
6395551 2587
6395552 2587
6395555 2587
6395648 2589
6395649 2590
6395650 2590
6395652 2589
6395653 2590
6395654 2590
6395656 2589
6395657 2590
6395658 2590
6395660 2591
6395661 2592
6395662 2592
6395664 2591
6395665 2592
6395666 2592
6395668 2591
6395669 2592
6395670 2592
6395674 2593
6395677 2594
6395678 2594
6395680 2591
6395681 2592
6395682 2592
6395776 2595
6395778 2595
6395779 2595
6395780 2595
6395782 2595
6395783 2595
6395784 2595
6395786 2595
6395787 2595
6395788 2596
6395790 2596
6395791 2596
6395792 2596
6395794 2596
6395795 2596
6395796 2596
6395798 2596
6395799 2596
6395802 2597
6395803 2597
6395804 2598
6395807 2598
6395808 2596
6395810 2596
6395811 2596
6395904 2599
6395905 2600
6395906 2600
6395908 2599
6395909 2600
6395910 2600
6395912 2599
6395913 2600
6395914 2600
6395916 2599
6395917 2600
6395918 2600
6395920 2601
6395921 2602
6395922 2602
6395924 2601
6395925 2602
6395926 2602
6395930 2603
6395932 2601
6395933 2602
6395934 2602
6395937 2604
6395938 2604
6396032 2605
6396034 2605
6396035 2605
6396036 2605
6396038 2605
6396039 2605
6396040 2605
6396042 2605
6396043 2605
6396044 2605
6396046 2605
6396047 2605
6396048 2606
6396050 2606
6396051 2606
6396052 2606
6396054 2606
6396055 2606
6396058 2607
6396059 2607
6396060 2606
6396062 2606
6396063 2606
6396064 2608
6396067 2608
6408000 2609
6408001 2610
6408002 2610
6408004 2609
6408005 2610
6408006 2610
6408008 2609
6408009 2610
6408010 2610
6408012 2611
6408013 2612
6408014 2612
6408016 2611
6408017 2612
6408018 2612
6408020 2611
6408021 2612
6408022 2612
6408025 2613
6408026 2613
6408030 2614
6408032 2611
6408033 2612
6408034 2612
6408192 2615
6408193 2616
6408196 2615
6408197 2616
6408200 2615
6408201 2616
6408204 2617
6408205 2618
6408208 2619
6408209 2620
6408212 2619
6408213 2620
6408217 2621
6408221 2622
6408225 2623
6408256 2624
6408257 2625
6408258 2625
6408260 2624
6408261 2625
6408262 2625
6408264 2624
6408265 2625
6408266 2625
6408268 2626
6408269 2627
6408270 2627
6408272 2628
6408273 2629
6408274 2629
6408276 2628
6408277 2629
6408278 2629
6408281 2630
6408282 2630
6408285 2631
6408286 2631
6408288 2632
6408290 2633
6412160 2634
6412161 2634
6412163 2634
6412164 2634
6412165 2634
6412167 2634
6412168 2634
6412169 2634
6412171 2634
6412172 2635
6412173 2635
6412175 2635
6412176 2635
6412177 2635
6412179 2635
6412180 2635
6412181 2635
6412183 2635
6412185 2636
6412187 2636
6412188 2637
6412191 2637
6412192 2635
6412193 2635
6412195 2635
6412288 2624
6412289 2625
6412290 2625
6412292 2624
6412293 2625
6412294 2625
6412296 2624
6412297 2625
6412298 2625
6412300 2626
6412301 2627
6412302 2627
6412304 2628
6412305 2629
6412306 2629
6412308 2628
6412309 2629
6412310 2629
6412313 2630
6412314 2630
6412316 2638
6412318 2631
6412321 2633
6412322 2633
6412352 2625
6412353 2624
6412354 2625
6412356 2625
6412357 2624
6412358 2625
6412360 2625
6412361 2624
6412362 2625
6412364 2627
6412365 2626
6412366 2627
6412368 2629
6412369 2628
6412370 2629
6412372 2629
6412373 2628
6412374 2629
6412377 2639
6412378 2630
6412380 2631
6412382 2631
6412384 2633
6412386 2633
6412416 2640
6412417 2640
6412418 2640
6412419 2640
6412420 2640
6412421 2640
6412422 2640
6412423 2640
6412424 2640
6412425 2640
6412426 2640
6412427 2640
6412428 2641
6412429 2641
6412430 2641
6412431 2641
6412432 2642
6412433 2642
6412434 2642
6412435 2642
6412436 2642
6412437 2642
6412438 2642
6412439 2642
6412441 2643
6412442 2643
6412443 2643
6412444 2644
6412446 2644
6412447 2644
6412448 2645
6412449 2645
6412451 2645
6424640 2646
6424641 2647
6424642 2647
6424644 2646
6424645 2647
6424646 2647
6424648 2646
6424649 2647
6424650 2647
6424652 2646
6424653 2647
6424654 2647
6424656 2648
6424657 2649
6424658 2649
6424660 2648
6424661 2649
6424662 2649
6424665 2650
6424666 2650
6424668 2648
6424669 2649
6424670 2649
6424674 2651
6428800 2652
6428801 2652
6428803 2652
6428804 2652
6428805 2652
6428807 2652
6428808 2652
6428809 2652
6428811 2652
6428812 2652
6428813 2652
6428815 2652
6428816 2653
6428817 2653
6428819 2653
6428820 2653
6428821 2653
6428823 2653
6428825 2654
6428827 2654
6428828 2653
6428829 2653
6428831 2653
6428832 2655
6428835 2655
7460736 2656
7460739 2656
7460740 2656
7460743 2656
7460744 2656
7460747 2656
7460748 2656
7460751 2656
7460752 2656
7460755 2656
7460756 2656
7460759 2656
7460760 2656
7460763 2656
7460767 2657
7460768 2656
7460771 2656
7460864 2658
7460865 2659
7460866 2659
7460868 2658
7460869 2659
7460870 2659
7460872 2658
7460873 2659
7460874 2659
7460876 2658
7460877 2659
7460878 2659
7460880 2660
7460881 2661
7460882 2661
7460884 2660
7460885 2661
7460886 2661
7460888 2660
7460889 2661
7460890 2661
7460894 2662
7460897 2663
7460898 2663
7460992 2664
7460994 2664
7460995 2664
7460996 2664
7460998 2664
7460999 2664
7461000 2664
7461002 2664
7461003 2664
7461004 2664
7461006 2664
7461007 2664
7461008 2665
7461010 2665
7461011 2665
7461012 2665
7461014 2665
7461015 2665
7461016 2665
7461018 2665
7461019 2665
7461022 2666
7461023 2666
7461024 2667
7461027 2667
7473216 2668
7473217 2669
7473218 2669
7473220 2668
7473221 2669
7473222 2669
7473224 2668
7473225 2669
7473226 2669
7473228 2668
7473229 2669
7473230 2669
7473232 2670
7473233 2671
7473234 2671
7473236 2670
7473237 2671
7473238 2671
7473240 2670
7473241 2671
7473242 2671
7473245 2672
7473246 2672
7473250 2673
7477376 2674
7477377 2674
7477379 2674
7477380 2674
7477381 2674
7477383 2674
7477384 2674
7477385 2674
7477387 2674
7477388 2674
7477389 2674
7477391 2674
7477392 2675
7477393 2675
7477395 2675
7477396 2675
7477397 2675
7477399 2675
7477400 2675
7477401 2675
7477403 2675
7477405 2676
7477407 2676
7477408 2677
7477411 2677
8525952 2678
8525955 2678
8525956 2678
8525959 2678
8525960 2678
8525963 2678
8525964 2678
8525967 2678
8525968 2678
8525971 2678
8525972 2678
8525975 2678
8525976 2678
8525979 2678
8525980 2678
8525983 2678
8525987 2679
