gtosd-board-texture-v1
name TXM2_monker_like
river-key turn
flop 573
66 0
68 1
70 2
72 3
74 4
76 5
78 6
80 7
82 8
84 9
86 10
88 11
90 12
92 13
94 14
96 15
98 16
261 17
264 18
265 19
268 20
269 21
272 22
273 23
276 24
277 25
280 26
281 27
284 28
285 29
288 30
289 31
326 32
328 33
329 34
330 35
332 36
333 37
334 38
336 39
337 40
338 41
340 42
341 43
342 44
344 45
345 46
346 47
348 48
349 49
350 50
352 51
353 52
354 53
521 54
524 55
525 56
528 57
529 58
532 59
533 60
536 61
537 62
540 63
541 64
544 65
545 66
586 67
588 68
589 69
590 70
592 71
593 72
594 73
596 74
597 75
598 76
600 77
601 78
602 79
604 80
605 81
606 82
608 83
609 84
610 85
781 86
784 87
785 88
788 89
789 90
792 91
793 92
796 93
797 94
800 95
801 96
846 97
848 98
849 99
850 100
852 101
853 102
854 103
856 104
857 105
858 106
860 107
861 108
862 109
864 110
865 111
866 112
1041 113
1044 114
1045 115
1048 116
1049 117
1052 118
1053 119
1056 120
1057 121
1106 122
1108 123
1109 124
1110 125
1112 126
1113 127
1114 128
1116 129
1117 130
1118 131
1120 132
1121 133
1122 134
1301 135
1304 136
1305 137
1308 138
1309 139
1312 140
1313 141
1366 142
1368 143
1369 144
1370 145
1372 146
1373 147
1374 148
1376 149
1377 150
1378 151
1561 152
1564 153
1565 154
1568 155
1569 156
1626 157
1628 158
1629 159
1630 160
1632 161
1633 162
1634 163
1821 164
1824 165
1825 166
1886 167
1888 168
1889 169
1890 170
2081 171
2146 172
16710 173
16712 174
16714 175
16716 176
16718 177
16720 178
16722 179
16724 180
16726 181
16728 182
16730 183
16732 184
16734 185
16736 186
16738 187
16905 188
16908 189
16909 190
16912 191
16913 192
16916 193
16917 194
16920 195
16921 196
16924 197
16925 198
16928 199
16929 200
16970 201
16972 202
16973 203
16974 204
16976 205
16977 206
16978 207
16980 208
16981 209
16982 210
16984 211
16985 212
16986 213
16988 214
16989 215
16990 216
16992 217
16993 218
16994 219
17165 220
17168 221
17169 222
17172 223
17173 224
17176 225
17177 226
17180 227
17181 228
17184 229
17185 230
17230 231
17232 232
17233 233
17234 234
17236 235
17237 236
17238 237
17240 238
17241 239
17242 240
17244 241
17245 242
17246 243
17248 244
17249 245
17250 246
17425 247
17428 248
17429 249
17432 250
17433 251
17436 252
17437 253
17440 254
17441 255
17490 256
17492 257
17493 258
17494 259
17496 260
17497 261
17498 262
17500 263
17501 264
17502 265
17504 266
17505 267
17506 268
17685 269
17688 270
17689 271
17692 272
17693 273
17696 274
17697 275
17750 276
17752 277
17753 278
17754 279
17756 280
17757 281
17758 282
17760 283
17761 284
17762 285
17945 286
17948 287
17949 288
17952 289
17953 290
18010 291
18012 292
18013 293
18014 294
18016 295
18017 296
18018 297
18205 298
18208 299
18209 300
18270 301
18272 302
18273 303
18274 304
18465 305
18530 306
33354 307
33356 308
33358 309
33360 310
33362 311
33364 312
33366 313
33368 314
33370 315
33372 316
33374 317
33376 318
33378 319
33549 320
33552 321
33553 322
33556 323
33557 324
33560 325
33561 326
33564 327
33565 328
33568 329
33569 330
33614 331
33616 332
33617 333
33618 334
33620 335
33621 336
33622 337
33624 338
33625 339
33626 340
33628 341
33629 342
33630 343
33632 344
33633 345
33634 346
33809 347
33812 348
33813 349
33816 350
33817 351
33820 352
33821 353
33824 354
33825 355
33874 356
33876 357
33877 358
33878 359
33880 360
33881 361
33882 362
33884 363
33885 364
33886 365
33888 366
33889 367
33890 368
34069 369
34072 370
34073 371
34076 372
34077 373
34080 374
34081 375
34134 376
34136 377
34137 378
34138 379
34140 380
34141 381
34142 382
34144 383
34145 384
34146 385
34329 386
34332 387
34333 388
34336 389
34337 390
34394 391
34396 392
34397 393
34398 394
34400 395
34401 396
34402 397
34589 398
34592 399
34593 400
34654 401
34656 402
34657 403
34658 404
34849 405
34914 406
49998 407
50000 408
50002 409
50004 410
50006 411
50008 412
50010 413
50012 414
50014 415
50016 416
50018 417
50193 418
50196 419
50197 420
50200 421
50201 422
50204 423
50205 424
50208 425
50209 426
50258 427
50260 428
50261 429
50262 430
50264 431
50265 432
50266 433
50268 434
50269 435
50270 436
50272 437
50273 438
50274 439
50453 440
50456 441
50457 442
50460 443
50461 444
50464 445
50465 446
50518 447
50520 448
50521 449
50522 450
50524 451
50525 452
50526 453
50528 454
50529 455
50530 456
50713 457
50716 458
50717 459
50720 460
50721 461
50778 462
50780 463
50781 464
50782 465
50784 466
50785 467
50786 468
50973 469
50976 470
50977 471
51038 472
51040 473
51041 474
51042 475
51233 476
51298 477
66642 478
66644 479
66646 480
66648 481
66650 482
66652 483
66654 484
66656 485
66658 486
66837 487
66840 488
66841 489
66844 490
66845 491
66848 492
66849 493
66902 494
66904 495
66905 496
66906 497
66908 498
66909 499
66910 500
66912 501
66913 502
66914 503
67097 504
67100 505
67101 506
67104 507
67105 508
67162 509
67164 510
67165 511
67166 512
67168 513
67169 514
67170 515
67357 516
67360 517
67361 518
67422 519
67424 520
67425 521
67426 522
67617 523
67682 524
83286 525
83288 526
83290 527
83292 528
83294 529
83296 530
83298 531
83481 532
83484 533
83485 534
83488 535
83489 536
83546 537
83548 538
83549 539
83550 540
83552 541
83553 542
83554 543
83741 544
83744 545
83745 546
83806 547
83808 548
83809 549
83810 550
84001 551
84066 552
99930 553
99932 554
99934 555
99936 556
99938 557
100125 558
100128 559
100129 560
100190 561
100192 562
100193 563
100194 564
100385 565
100450 566
116574 567
116576 568
116578 569
116769 570
116834 571
133218 572
turn 13761
4227 0
4228 1
4231 2
4232 3
4235 4
4236 5
4239 6
4240 7
4243 8
4244 9
4247 10
4248 11
4251 12
4252 13
4255 14
4256 15
4259 16
4354 1
4357 17
4358 18
4360 19
4361 20
4362 21
4364 22
4365 23
4366 24
4368 25
4369 26
4370 27
4372 28
4373 29
4374 30
4376 31
4377 32
4378 33
4380 34
4381 35
4382 36
4384 37
4385 38
4386 39
4482 1
4483 2
4484 18
4487 40
4488 21
4490 21
4491 41
4492 24
4494 24
4495 42
4496 27
4498 27
4499 43
4500 30
4502 30
4503 44
4504 33
4506 33
4507 45
4508 36
4510 36
4511 46
4512 39
4514 39
4515 47
4610 3
4612 19
4613 20
4614 21
4617 48
4618 49
4620 50
4621 51
4622 52
4624 53
4625 54
4626 55
4628 56
4629 57
4630 58
4632 59
4633 60
4634 61
4636 62
4637 63
4638 64
4640 65
4641 66
4642 67
4738 3
4739 4
4740 21
4742 21
4743 41
4744 49
4747 68
4748 52
4750 52
4751 69
4752 55
4754 55
4755 70
4756 58
4758 58
4759 71
4760 61
4762 61
4763 72
4764 64
4766 64
4767 73
4768 67
4770 67
4771 74
4866 5
4868 22
4869 23
4870 24
4872 50
4873 51
4874 52
4877 75
4878 76
4880 77
4881 78
4882 79
4884 80
4885 81
4886 82
4888 83
4889 84
4890 85
4892 86
4893 87
4894 88
4896 89
4897 90
4898 91
4994 5
4995 6
4996 24
4998 24
4999 42
5000 52
5002 52
5003 69
5004 76
5007 92
5008 79
5010 79
5011 93
5012 82
5014 82
5015 94
5016 85
5018 85
5019 95
5020 88
5022 88
5023 96
5024 91
5026 91
5027 97
5122 7
5124 25
5125 26
5126 27
5128 53
5129 54
5130 55
5132 77
5133 78
5134 79
5137 98
5138 99
5140 100
5141 101
5142 102
5144 103
5145 104
5146 105
5148 106
5149 107
5150 108
5152 109
5153 110
5154 111
5250 7
5251 8
5252 27
5254 27
5255 43
5256 55
5258 55
5259 70
5260 79
5262 79
5263 93
5264 99
5267 112
5268 102
5270 102
5271 113
5272 105
5274 105
5275 114
5276 108
5278 108
5279 115
5280 111
5282 111
5283 116
5378 9
5380 28
5381 29
5382 30
5384 56
5385 57
5386 58
5388 80
5389 81
5390 82
5392 100
5393 101
5394 102
5397 117
5398 118
5400 119
5401 120
5402 121
5404 122
5405 123
5406 124
5408 125
5409 126
5410 127
5506 9
5507 10
5508 30
5510 30
5511 44
5512 58
5514 58
5515 71
5516 82
5518 82
5519 94
5520 102
5522 102
5523 113
5524 118
5527 128
5528 121
5530 121
5531 129
5532 124
5534 124
5535 130
5536 127
5538 127
5539 131
5634 11
5636 31
5637 32
5638 33
5640 59
5641 60
5642 61
5644 83
5645 84
5646 85
5648 103
5649 104
5650 105
5652 119
5653 120
5654 121
5657 132
5658 133
5660 134
5661 135
5662 136
5664 137
5665 138
5666 139
5762 11
5763 12
5764 33
5766 33
5767 45
5768 61
5770 61
5771 72
5772 85
5774 85
5775 95
5776 105
5778 105
5779 114
5780 121
5782 121
5783 129
5784 133
5787 140
5788 136
5790 136
5791 141
5792 139
5794 139
5795 142
5890 13
5892 34
5893 35
5894 36
5896 62
5897 63
5898 64
5900 86
5901 87
5902 88
5904 106
5905 107
5906 108
5908 122
5909 123
5910 124
5912 134
5913 135
5914 136
5917 143
5918 144
5920 145
5921 146
5922 147
6018 13
6019 14
6020 36
6022 36
6023 46
6024 64
6026 64
6027 73
6028 88
6030 88
6031 96
6032 108
6034 108
6035 115
6036 124
6038 124
6039 130
6040 136
6042 136
6043 141
6044 144
6047 148
6048 147
6050 147
6051 149
6146 15
6148 37
6149 38
6150 39
6152 65
6153 66
6154 67
6156 89
6157 90
6158 91
6160 109
6161 110
6162 111
6164 125
6165 126
6166 127
6168 137
6169 138
6170 139
6172 145
6173 146
6174 147
6177 150
6178 151
6274 15
6275 16
6276 39
6278 39
6279 47
6280 67
6282 67
6283 74
6284 91
6286 91
6287 97
6288 111
6290 111
6291 116
6292 127
6294 127
6295 131
6296 139
6298 139
6299 142
6300 147
6302 147
6303 149
6304 151
6307 152
16705 17
16706 18
16710 153
16712 154
16713 155
16714 156
16716 157
16717 158
16718 159
16720 160
16721 161
16722 162
16724 163
16725 164
16726 165
16728 166
16729 167
16730 168
16732 169
16733 170
16734 171
16736 172
16737 173
16738 174
16897 19
16901 154
16905 175
16908 176
16909 177
16912 178
16913 179
16916 180
16917 181
16920 182
16921 183
16924 184
16925 185
16928 186
16929 187
16961 20
16962 21
16965 155
16966 156
16968 175
16970 188
16972 177
16973 189
16974 190
16976 179
16977 191
16978 192
16980 181
16981 193
16982 194
16984 183
16985 195
16986 196
16988 185
16989 197
16990 198
16992 187
16993 199
16994 200
17153 22
17157 157
17160 176
17161 177
17165 201
17168 202
17169 203
17172 204
17173 205
17176 206
17177 207
17180 208
17181 209
17184 210
17185 211
17217 23
17218 24
17221 158
17222 159
17224 177
17225 189
17226 190
17228 201
17230 212
17232 203
17233 213
17234 214
17236 205
17237 215
17238 216
17240 207
17241 217
17242 218
17244 209
17245 219
17246 220
17248 211
17249 221
17250 222
17409 25
17413 160
17416 178
17417 179
17420 202
17421 203
17425 223
17428 224
17429 225
17432 226
17433 227
17436 228
17437 229
17440 230
17441 231
17473 26
17474 27
17477 161
17478 162
17480 179
17481 191
17482 192
17484 203
17485 213
17486 214
17488 223
17490 232
17492 225
17493 233
17494 234
17496 227
17497 235
17498 236
17500 229
17501 237
17502 238
17504 231
17505 239
17506 240
17665 28
17669 163
17672 180
17673 181
17676 204
17677 205
17680 224
17681 225
17685 241
17688 242
17689 243
17692 244
17693 245
17696 246
17697 247
17729 29
17730 30
17733 164
17734 165
17736 181
17737 193
17738 194
17740 205
17741 215
17742 216
17744 225
17745 233
17746 234
17748 241
17750 248
17752 243
17753 249
17754 250
17756 245
17757 251
17758 252
17760 247
17761 253
17762 254
17921 31
17925 166
17928 182
17929 183
17932 206
17933 207
17936 226
17937 227
17940 242
17941 243
17945 255
17948 256
17949 257
17952 258
17953 259
17985 32
17986 33
17989 167
17990 168
17992 183
17993 195
17994 196
17996 207
17997 217
17998 218
18000 227
18001 235
18002 236
18004 243
18005 249
18006 250
18008 255
18010 260
18012 257
18013 261
18014 262
18016 259
18017 263
18018 264
18177 34
18181 169
18184 184
18185 185
18188 208
18189 209
18192 228
18193 229
18196 244
18197 245
18200 256
18201 257
18205 265
18208 266
18209 267
18241 35
18242 36
18245 170
18246 171
18248 185
18249 197
18250 198
18252 209
18253 219
18254 220
18256 229
18257 237
18258 238
18260 245
18261 251
18262 252
18264 257
18265 261
18266 262
18268 265
18270 268
18272 267
18273 269
18274 270
18433 37
18437 172
18440 186
18441 187
18444 210
18445 211
18448 230
18449 231
18452 246
18453 247
18456 258
18457 259
18460 266
18461 267
18465 271
18497 38
18498 39
18501 173
18502 174
18504 187
18505 199
18506 200
18508 211
18509 221
18510 222
18512 231
18513 239
18514 240
18516 247
18517 253
18518 254
18520 259
18521 263
18522 264
18524 267
18525 269
18526 270
18528 271
18530 272
20865 18
20867 40
20868 153
20871 273
20872 156
20873 156
20875 274
20876 159
20877 159
20879 275
20880 162
20881 162
20883 276
20884 165
20885 165
20887 277
20888 168
20889 168
20891 278
20892 171
20893 171
20895 279
20896 174
20897 174
20899 280
20993 20
20994 21
20996 154
20998 156
21001 281
21002 188
21004 177
21005 282
21006 190
21008 179
21009 283
21010 192
21012 181
21013 284
21014 194
21016 183
21017 285
21018 196
21020 185
21021 286
21022 198
21024 187
21025 287
21026 200
21057 19
21058 21
21060 155
21062 156
21064 281
21066 188
21068 288
21069 177
21070 190
21072 289
21073 179
21074 192
21076 290
21077 181
21078 194
21080 291
21081 183
21082 196
21084 292
21085 185
21086 198
21088 293
21089 187
21090 200
21121 21
21122 21
21123 41
21124 156
21126 156
21127 274
21128 188
21129 188
21131 294
21132 190
21133 190
21134 190
21135 295
21136 192
21137 192
21138 192
21139 296
21140 194
21141 194
21142 194
21143 297
21144 196
21145 196
21146 196
21147 298
21148 198
21149 198
21150 198
21151 299
21152 200
21153 200
21154 200
21155 300
21249 23
21250 24
21252 157
21254 159
21256 177
21257 288
21258 190
21261 301
21262 212
21264 203
21265 302
21266 214
21268 205
21269 303
21270 216
21272 207
21273 304
21274 218
21276 209
21277 305
21278 220
21280 211
21281 306
21282 222
21313 22
21314 24
21316 158
21318 159
21320 282
21321 177
21322 190
21324 301
21326 212
21328 307
21329 203
21330 214
21332 308
21333 205
21334 216
21336 309
21337 207
21338 218
21340 310
21341 209
21342 220
21344 311
21345 211
21346 222
21377 24
21378 24
21379 42
21380 159
21382 159
21383 275
21384 190
21385 190
21386 190
21387 295
21388 212
21389 212
21391 312
21392 214
21393 214
21394 214
21395 313
21396 216
21397 216
21398 216
21399 314
21400 218
21401 218
21402 218
21403 315
21404 220
21405 220
21406 220
21407 316
21408 222
21409 222
21410 222
21411 317
21505 26
21506 27
21508 160
21510 162
21512 179
21513 289
21514 192
21516 203
21517 307
21518 214
21521 318
21522 232
21524 225
21525 319
21526 234
21528 227
21529 320
21530 236
21532 229
21533 321
21534 238
21536 231
21537 322
21538 240
21569 25
21570 27
21572 161
21574 162
21576 283
21577 179
21578 192
21580 302
21581 203
21582 214
21584 318
21586 232
21588 323
21589 225
21590 234
21592 324
21593 227
21594 236
21596 325
21597 229
21598 238
21600 326
21601 231
21602 240
21633 27
21634 27
21635 43
21636 162
21638 162
21639 276
21640 192
21641 192
21642 192
21643 296
21644 214
21645 214
21646 214
21647 313
21648 232
21649 232
21651 327
21652 234
21653 234
21654 234
21655 328
21656 236
21657 236
21658 236
21659 329
21660 238
21661 238
21662 238
21663 330
21664 240
21665 240
21666 240
21667 331
21761 29
21762 30
21764 163
21766 165
21768 181
21769 290
21770 194
21772 205
21773 308
21774 216
21776 225
21777 323
21778 234
21781 332
21782 248
21784 243
21785 333
21786 250
21788 245
21789 334
21790 252
21792 247
21793 335
21794 254
21825 28
21826 30
21828 164
21830 165
21832 284
21833 181
21834 194
21836 303
21837 205
21838 216
21840 319
21841 225
21842 234
21844 332
21846 248
21848 336
21849 243
21850 250
21852 337
21853 245
21854 252
21856 338
21857 247
21858 254
21889 30
21890 30
21891 44
21892 165
21894 165
21895 277
21896 194
21897 194
21898 194
21899 297
21900 216
21901 216
21902 216
21903 314
21904 234
21905 234
21906 234
21907 328
21908 248
21909 248
21911 339
21912 250
21913 250
21914 250
21915 340
21916 252
21917 252
21918 252
21919 341
21920 254
21921 254
21922 254
21923 342
22017 32
22018 33
22020 166
22022 168
22024 183
22025 291
22026 196
22028 207
22029 309
22030 218
22032 227
22033 324
22034 236
22036 243
22037 336
22038 250
22041 343
22042 260
22044 257
22045 344
22046 262
22048 259
22049 345
22050 264
22081 31
22082 33
22084 167
22086 168
22088 285
22089 183
22090 196
22092 304
22093 207
22094 218
22096 320
22097 227
22098 236
22100 333
22101 243
22102 250
22104 343
22106 260
22108 346
22109 257
22110 262
22112 347
22113 259
22114 264
22145 33
22146 33
22147 45
22148 168
22150 168
22151 278
22152 196
22153 196
22154 196
22155 298
22156 218
22157 218
22158 218
22159 315
22160 236
22161 236
22162 236
22163 329
22164 250
22165 250
22166 250
22167 340
22168 260
22169 260
22171 348
22172 262
22173 262
22174 262
22175 349
22176 264
22177 264
22178 264
22179 350
22273 35
22274 36
22276 169
22278 171
22280 185
22281 292
22282 198
22284 209
22285 310
22286 220
22288 229
22289 325
22290 238
22292 245
22293 337
22294 252
22296 257
22297 346
22298 262
22301 351
22302 268
22304 267
22305 352
22306 270
22337 34
22338 36
22340 170
22342 171
22344 286
22345 185
22346 198
22348 305
22349 209
22350 220
22352 321
22353 229
22354 238
22356 334
22357 245
22358 252
22360 344
22361 257
22362 262
22364 351
22366 268
22368 353
22369 267
22370 270
22401 36
22402 36
22403 46
22404 171
22406 171
22407 279
22408 198
22409 198
22410 198
22411 299
22412 220
22413 220
22414 220
22415 316
22416 238
22417 238
22418 238
22419 330
22420 252
22421 252
22422 252
22423 341
22424 262
22425 262
22426 262
22427 349
22428 268
22429 268
22431 354
22432 270
22433 270
22434 270
22435 355
22529 38
22530 39
22532 172
22534 174
22536 187
22537 293
22538 200
22540 211
22541 311
22542 222
22544 231
22545 326
22546 240
22548 247
22549 338
22550 254
22552 259
22553 347
22554 264
22556 267
22557 353
22558 270
22561 356
22562 272
22593 37
22594 39
22596 173
22598 174
22600 287
22601 187
22602 200
22604 306
22605 211
22606 222
22608 322
22609 231
22610 240
22612 335
22613 247
22614 254
22616 345
22617 259
22618 264
22620 352
22621 267
22622 270
22624 356
22626 272
22657 39
22658 39
22659 47
22660 174
22662 174
22663 280
22664 200
22665 200
22666 200
22667 300
22668 222
22669 222
22670 222
22671 317
22672 240
22673 240
22674 240
22675 331
22676 254
22677 254
22678 254
22679 342
22680 264
22681 264
22682 264
22683 350
22684 270
22685 270
22686 270
22687 355
22688 272
22689 272
22691 357
33345 48
33346 49
33348 175
33349 281
33350 188
33354 358
33356 359
33357 360
33358 361
33360 362
33361 363
33362 364
33364 365
33365 366
33366 367
33368 368
33369 369
33370 370
33372 371
33373 372
33374 373
33376 374
33377 375
33378 376
33537 50
33540 176
33541 177
33545 359
33549 377
33552 378
33553 379
33556 380
33557 381
33560 382
33561 383
33564 384
33565 385
33568 386
33569 387
33601 51
33602 52
33604 177
33605 282
33606 190
33609 360
33610 361
33612 377
33614 388
33616 379
33617 389
33618 390
33620 381
33621 391
33622 392
33624 383
33625 393
33626 394
33628 385
33629 395
33630 396
33632 387
33633 397
33634 398
33793 53
33796 178
33797 179
33801 362
33804 378
33805 379
33809 399
33812 400
33813 401
33816 402
33817 403
33820 404
33821 405
33824 406
33825 407
33857 54
33858 55
33860 179
33861 283
33862 192
33865 363
33866 364
33868 379
33869 389
33870 390
33872 399
33874 408
33876 401
33877 409
33878 410
33880 403
33881 411
33882 412
33884 405
33885 413
33886 414
33888 407
33889 415
33890 416
34049 56
34052 180
34053 181
34057 365
34060 380
34061 381
34064 400
34065 401
34069 417
34072 418
34073 419
34076 420
34077 421
34080 422
34081 423
34113 57
34114 58
34116 181
34117 284
34118 194
34121 366
34122 367
34124 381
34125 391
34126 392
34128 401
34129 409
34130 410
34132 417
34134 424
34136 419
34137 425
34138 426
34140 421
34141 427
34142 428
34144 423
34145 429
34146 430
34305 59
34308 182
34309 183
34313 368
34316 382
34317 383
34320 402
34321 403
34324 418
34325 419
34329 431
34332 432
34333 433
34336 434
34337 435
34369 60
34370 61
34372 183
34373 285
34374 196
34377 369
34378 370
34380 383
34381 393
34382 394
34384 403
34385 411
34386 412
34388 419
34389 425
34390 426
34392 431
34394 436
34396 433
34397 437
34398 438
34400 435
34401 439
34402 440
34561 62
34564 184
34565 185
34569 371
34572 384
34573 385
34576 404
34577 405
34580 420
34581 421
34584 432
34585 433
34589 441
34592 442
34593 443
34625 63
34626 64
34628 185
34629 286
34630 198
34633 372
34634 373
34636 385
34637 395
34638 396
34640 405
34641 413
34642 414
34644 421
34645 427
34646 428
34648 433
34649 437
34650 438
34652 441
34654 444
34656 443
34657 445
34658 446
34817 65
34820 186
34821 187
34825 374
34828 386
34829 387
34832 406
34833 407
34836 422
34837 423
34840 434
34841 435
34844 442
34845 443
34849 447
34881 66
34882 67
34884 187
34885 287
34886 200
34889 375
34890 376
34892 387
34893 397
34894 398
34896 407
34897 415
34898 416
34900 423
34901 429
34902 430
34904 435
34905 439
34906 440
34908 443
34909 445
34910 446
34912 447
34914 448
37505 49
37507 68
37508 188
37509 188
37511 294
37512 358
37515 449
37516 361
37517 361
37519 450
37520 364
37521 364
37523 451
37524 367
37525 367
37527 452
37528 370
37529 370
37531 453
37532 373
37533 373
37535 454
37536 376
37537 376
37539 455
37633 51
37634 52
37636 177
37637 288
37638 190
37640 359
37642 361
37645 456
37646 388
37648 379
37649 457
37650 390
37652 381
37653 458
37654 392
37656 383
37657 459
37658 394
37660 385
37661 460
37662 396
37664 387
37665 461
37666 398
37697 50
37698 52
37700 189
37701 177
37702 190
37704 360
37706 361
37708 456
37710 388
37712 462
37713 379
37714 390
37716 463
37717 381
37718 392
37720 464
37721 383
37722 394
37724 465
37725 385
37726 396
37728 466
37729 387
37730 398
37761 52
37762 52
37763 69
37764 190
37765 190
37766 190
37767 295
37768 361
37770 361
37771 450
37772 388
37773 388
37775 467
37776 390
37777 390
37778 390
37779 468
37780 392
37781 392
37782 392
37783 469
37784 394
37785 394
37786 394
37787 470
37788 396
37789 396
37790 396
37791 471
37792 398
37793 398
37794 398
37795 472
37889 54
37890 55
37892 179
37893 289
37894 192
37896 362
37898 364
37900 379
37901 462
37902 390
37905 473
37906 408
37908 401
37909 474
37910 410
37912 403
37913 475
37914 412
37916 405
37917 476
37918 414
37920 407
37921 477
37922 416
37953 53
37954 55
37956 191
37957 179
37958 192
37960 363
37962 364
37964 457
37965 379
37966 390
37968 473
37970 408
37972 478
37973 401
37974 410
37976 479
37977 403
37978 412
37980 480
37981 405
37982 414
37984 481
37985 407
37986 416
38017 55
38018 55
38019 70
38020 192
38021 192
38022 192
38023 296
38024 364
38026 364
38027 451
38028 390
38029 390
38030 390
38031 468
38032 408
38033 408
38035 482
38036 410
38037 410
38038 410
38039 483
38040 412
38041 412
38042 412
38043 484
38044 414
38045 414
38046 414
38047 485
38048 416
38049 416
38050 416
38051 486
38145 57
38146 58
38148 181
38149 290
38150 194
38152 365
38154 367
38156 381
38157 463
38158 392
38160 401
38161 478
38162 410
38165 487
38166 424
38168 419
38169 488
38170 426
38172 421
38173 489
38174 428
38176 423
38177 490
38178 430
38209 56
38210 58
38212 193
38213 181
38214 194
38216 366
38218 367
38220 458
38221 381
38222 392
38224 474
38225 401
38226 410
38228 487
38230 424
38232 491
38233 419
38234 426
38236 492
38237 421
38238 428
38240 493
38241 423
38242 430
38273 58
38274 58
38275 71
38276 194
38277 194
38278 194
38279 297
38280 367
38282 367
38283 452
38284 392
38285 392
38286 392
38287 469
38288 410
38289 410
38290 410
38291 483
38292 424
38293 424
38295 494
38296 426
38297 426
38298 426
38299 495
38300 428
38301 428
38302 428
38303 496
38304 430
38305 430
38306 430
38307 497
38401 60
38402 61
38404 183
38405 291
38406 196
38408 368
38410 370
38412 383
38413 464
38414 394
38416 403
38417 479
38418 412
38420 419
38421 491
38422 426
38425 498
38426 436
38428 433
38429 499
38430 438
38432 435
38433 500
38434 440
38465 59
38466 61
38468 195
38469 183
38470 196
38472 369
38474 370
38476 459
38477 383
38478 394
38480 475
38481 403
38482 412
38484 488
38485 419
38486 426
38488 498
38490 436
38492 501
38493 433
38494 438
38496 502
38497 435
38498 440
38529 61
38530 61
38531 72
38532 196
38533 196
38534 196
38535 298
38536 370
38538 370
38539 453
38540 394
38541 394
38542 394
38543 470
38544 412
38545 412
38546 412
38547 484
38548 426
38549 426
38550 426
38551 495
38552 436
38553 436
38555 503
38556 438
38557 438
38558 438
38559 504
38560 440
38561 440
38562 440
38563 505
38657 63
38658 64
38660 185
38661 292
38662 198
38664 371
38666 373
38668 385
38669 465
38670 396
38672 405
38673 480
38674 414
38676 421
38677 492
38678 428
38680 433
38681 501
38682 438
38685 506
38686 444
38688 443
38689 507
38690 446
38721 62
38722 64
38724 197
38725 185
38726 198
38728 372
38730 373
38732 460
38733 385
38734 396
38736 476
38737 405
38738 414
38740 489
38741 421
38742 428
38744 499
38745 433
38746 438
38748 506
38750 444
38752 508
38753 443
38754 446
38785 64
38786 64
38787 73
38788 198
38789 198
38790 198
38791 299
38792 373
38794 373
38795 454
38796 396
38797 396
38798 396
38799 471
38800 414
38801 414
38802 414
38803 485
38804 428
38805 428
38806 428
38807 496
38808 438
38809 438
38810 438
38811 504
38812 444
38813 444
38815 509
38816 446
38817 446
38818 446
38819 510
38913 66
38914 67
38916 187
38917 293
38918 200
38920 374
38922 376
38924 387
38925 466
38926 398
38928 407
38929 481
38930 416
38932 423
38933 493
38934 430
38936 435
38937 502
38938 440
38940 443
38941 508
38942 446
38945 511
38946 448
38977 65
38978 67
38980 199
38981 187
38982 200
38984 375
38986 376
38988 461
38989 387
38990 398
38992 477
38993 407
38994 416
38996 490
38997 423
38998 430
39000 500
39001 435
39002 440
39004 507
39005 443
39006 446
39008 511
39010 448
39041 67
39042 67
39043 74
39044 200
39045 200
39046 200
39047 300
39048 376
39050 376
39051 455
39052 398
39053 398
39054 398
39055 472
39056 416
39057 416
39058 416
39059 486
39060 430
39061 430
39062 430
39063 497
39064 440
39065 440
39066 440
39067 505
39068 446
39069 446
39070 446
39071 510
39072 448
39073 448
39075 512
49985 75
49986 76
49988 201
49989 301
49990 212
49992 377
49993 456
49994 388
49998 513
50000 514
50001 515
50002 516
50004 517
50005 518
50006 519
50008 520
50009 521
50010 522
50012 523
50013 524
50014 525
50016 526
50017 527
50018 528
50177 77
50180 202
50181 203
50184 378
50185 379
50189 514
50193 529
50196 530
50197 531
50200 532
50201 533
50204 534
50205 535
50208 536
50209 537
50241 78
50242 79
50244 203
50245 302
50246 214
50248 379
50249 457
50250 390
50253 515
50254 516
50256 529
50258 538
50260 531
50261 539
50262 540
50264 533
50265 541
50266 542
50268 535
50269 543
50270 544
50272 537
50273 545
50274 546
50433 80
50436 204
50437 205
50440 380
50441 381
50445 517
50448 530
50449 531
50453 547
50456 548
50457 549
50460 550
50461 551
50464 552
50465 553
50497 81
50498 82
50500 205
50501 303
50502 216
50504 381
50505 458
50506 392
50509 518
50510 519
50512 531
50513 539
50514 540
50516 547
50518 554
50520 549
50521 555
50522 556
50524 551
50525 557
50526 558
50528 553
50529 559
50530 560
50689 83
50692 206
50693 207
50696 382
50697 383
50701 520
50704 532
50705 533
50708 548
50709 549
50713 561
50716 562
50717 563
50720 564
50721 565
50753 84
50754 85
50756 207
50757 304
50758 218
50760 383
50761 459
50762 394
50765 521
50766 522
50768 533
50769 541
50770 542
50772 549
50773 555
50774 556
50776 561
50778 566
50780 563
50781 567
50782 568
50784 565
50785 569
50786 570
50945 86
50948 208
50949 209
50952 384
50953 385
50957 523
50960 534
50961 535
50964 550
50965 551
50968 562
50969 563
50973 571
50976 572
50977 573
51009 87
51010 88
51012 209
51013 305
51014 220
51016 385
51017 460
51018 396
51021 524
51022 525
51024 535
51025 543
51026 544
51028 551
51029 557
51030 558
51032 563
51033 567
51034 568
51036 571
51038 574
51040 573
51041 575
51042 576
51201 89
51204 210
51205 211
51208 386
51209 387
51213 526
51216 536
51217 537
51220 552
51221 553
51224 564
51225 565
51228 572
51229 573
51233 577
51265 90
51266 91
51268 211
51269 306
51270 222
51272 387
51273 461
51274 398
51277 527
51278 528
51280 537
51281 545
51282 546
51284 553
51285 559
51286 560
51288 565
51289 569
51290 570
51292 573
51293 575
51294 576
51296 577
51298 578
54145 76
54147 92
54148 212
54149 212
54151 312
54152 388
54153 388
54155 467
54156 513
54159 579
54160 516
54161 516
54163 580
54164 519
54165 519
54167 581
54168 522
54169 522
54171 582
54172 525
54173 525
54175 583
54176 528
54177 528
54179 584
54273 78
54274 79
54276 203
54277 307
54278 214
54280 379
54281 462
54282 390
54284 514
54286 516
54289 585
54290 538
54292 531
54293 586
54294 540
54296 533
54297 587
54298 542
54300 535
54301 588
54302 544
54304 537
54305 589
54306 546
54337 77
54338 79
54340 213
54341 203
54342 214
54344 389
54345 379
54346 390
54348 515
54350 516
54352 585
54354 538
54356 590
54357 531
54358 540
54360 591
54361 533
54362 542
54364 592
54365 535
54366 544
54368 593
54369 537
54370 546
54401 79
54402 79
54403 93
54404 214
54405 214
54406 214
54407 313
54408 390
54409 390
54410 390
54411 468
54412 516
54414 516
54415 580
54416 538
54417 538
54419 594
54420 540
54421 540
54422 540
54423 595
54424 542
54425 542
54426 542
54427 596
54428 544
54429 544
54430 544
54431 597
54432 546
54433 546
54434 546
54435 598
54529 81
54530 82
54532 205
54533 308
54534 216
54536 381
54537 463
54538 392
54540 517
54542 519
54544 531
54545 590
54546 540
54549 599
54550 554
54552 549
54553 600
54554 556
54556 551
54557 601
54558 558
54560 553
54561 602
54562 560
54593 80
54594 82
54596 215
54597 205
54598 216
54600 391
54601 381
54602 392
54604 518
54606 519
54608 586
54609 531
54610 540
54612 599
54614 554
54616 603
54617 549
54618 556
54620 604
54621 551
54622 558
54624 605
54625 553
54626 560
54657 82
54658 82
54659 94
54660 216
54661 216
54662 216
54663 314
54664 392
54665 392
54666 392
54667 469
54668 519
54670 519
54671 581
54672 540
54673 540
54674 540
54675 595
54676 554
54677 554
54679 606
54680 556
54681 556
54682 556
54683 607
54684 558
54685 558
54686 558
54687 608
54688 560
54689 560
54690 560
54691 609
54785 84
54786 85
54788 207
54789 309
54790 218
54792 383
54793 464
54794 394
54796 520
54798 522
54800 533
54801 591
54802 542
54804 549
54805 603
54806 556
54809 610
54810 566
54812 563
54813 611
54814 568
54816 565
54817 612
54818 570
54849 83
54850 85
54852 217
54853 207
54854 218
54856 393
54857 383
54858 394
54860 521
54862 522
54864 587
54865 533
54866 542
54868 600
54869 549
54870 556
54872 610
54874 566
54876 613
54877 563
54878 568
54880 614
54881 565
54882 570
54913 85
54914 85
54915 95
54916 218
54917 218
54918 218
54919 315
54920 394
54921 394
54922 394
54923 470
54924 522
54926 522
54927 582
54928 542
54929 542
54930 542
54931 596
54932 556
54933 556
54934 556
54935 607
54936 566
54937 566
54939 615
54940 568
54941 568
54942 568
54943 616
54944 570
54945 570
54946 570
54947 617
55041 87
55042 88
55044 209
55045 310
55046 220
55048 385
55049 465
55050 396
55052 523
55054 525
55056 535
55057 592
55058 544
55060 551
55061 604
55062 558
55064 563
55065 613
55066 568
55069 618
55070 574
55072 573
55073 619
55074 576
55105 86
55106 88
55108 219
55109 209
55110 220
55112 395
55113 385
55114 396
55116 524
55118 525
55120 588
55121 535
55122 544
55124 601
55125 551
55126 558
55128 611
55129 563
55130 568
55132 618
55134 574
55136 620
55137 573
55138 576
55169 88
55170 88
55171 96
55172 220
55173 220
55174 220
55175 316
55176 396
55177 396
55178 396
55179 471
55180 525
55182 525
55183 583
55184 544
55185 544
55186 544
55187 597
55188 558
55189 558
55190 558
55191 608
55192 568
55193 568
55194 568
55195 616
55196 574
55197 574
55199 621
55200 576
55201 576
55202 576
55203 622
55297 90
55298 91
55300 211
55301 311
55302 222
55304 387
55305 466
55306 398
55308 526
55310 528
55312 537
55313 593
55314 546
55316 553
55317 605
55318 560
55320 565
55321 614
55322 570
55324 573
55325 620
55326 576
55329 623
55330 578
55361 89
55362 91
55364 221
55365 211
55366 222
55368 397
55369 387
55370 398
55372 527
55374 528
55376 589
55377 537
55378 546
55380 602
55381 553
55382 560
55384 612
55385 565
55386 570
55388 619
55389 573
55390 576
55392 623
55394 578
55425 91
55426 91
55427 97
55428 222
55429 222
55430 222
55431 317
55432 398
55433 398
55434 398
55435 472
55436 528
55438 528
55439 584
55440 546
55441 546
55442 546
55443 598
55444 560
55445 560
55446 560
55447 609
55448 570
55449 570
55450 570
55451 617
55452 576
55453 576
55454 576
55455 622
55456 578
55457 578
55459 624
66625 98
66626 99
66628 223
66629 318
66630 232
66632 399
66633 473
66634 408
66636 529
66637 585
66638 538
66642 625
66644 626
66645 627
66646 628
66648 629
66649 630
66650 631
66652 632
66653 633
66654 634
66656 635
66657 636
66658 637
66817 100
66820 224
66821 225
66824 400
66825 401
66828 530
66829 531
66833 626
66837 638
66840 639
66841 640
66844 641
66845 642
66848 643
66849 644
66881 101
66882 102
66884 225
66885 319
66886 234
66888 401
66889 474
66890 410
66892 531
66893 586
66894 540
66897 627
66898 628
66900 638
66902 645
66904 640
66905 646
66906 647
66908 642
66909 648
66910 649
66912 644
66913 650
66914 651
67073 103
67076 226
67077 227
67080 402
67081 403
67084 532
67085 533
67089 629
67092 639
67093 640
67097 652
67100 653
67101 654
67104 655
67105 656
67137 104
67138 105
67140 227
67141 320
67142 236
67144 403
67145 475
67146 412
67148 533
67149 587
67150 542
67153 630
67154 631
67156 640
67157 646
67158 647
67160 652
67162 657
67164 654
67165 658
67166 659
67168 656
67169 660
67170 661
67329 106
67332 228
67333 229
67336 404
67337 405
67340 534
67341 535
67345 632
67348 641
67349 642
67352 653
67353 654
67357 662
67360 663
67361 664
67393 107
67394 108
67396 229
67397 321
67398 238
67400 405
67401 476
67402 414
67404 535
67405 588
67406 544
67409 633
67410 634
67412 642
67413 648
67414 649
67416 654
67417 658
67418 659
67420 662
67422 665
67424 664
67425 666
67426 667
67585 109
67588 230
67589 231
67592 406
67593 407
67596 536
67597 537
67601 635
67604 643
67605 644
67608 655
67609 656
67612 663
67613 664
67617 668
67649 110
67650 111
67652 231
67653 322
67654 240
67656 407
67657 477
67658 416
67660 537
67661 589
67662 546
67665 636
67666 637
67668 644
67669 650
67670 651
67672 656
67673 660
67674 661
67676 664
67677 666
67678 667
67680 668
67682 669
70785 99
70787 112
70788 232
70789 232
70791 327
70792 408
70793 408
70795 482
70796 538
70797 538
70799 594
70800 625
70803 670
70804 628
70805 628
70807 671
70808 631
70809 631
70811 672
70812 634
70813 634
70815 673
70816 637
70817 637
70819 674
70913 101
70914 102
70916 225
70917 323
70918 234
70920 401
70921 478
70922 410
70924 531
70925 590
70926 540
70928 626
70930 628
70933 675
70934 645
70936 640
70937 676
70938 647
70940 642
70941 677
70942 649
70944 644
70945 678
70946 651
70977 100
70978 102
70980 233
70981 225
70982 234
70984 409
70985 401
70986 410
70988 539
70989 531
70990 540
70992 627
70994 628
70996 675
70998 645
71000 679
71001 640
71002 647
71004 680
71005 642
71006 649
71008 681
71009 644
71010 651
71041 102
71042 102
71043 113
71044 234
71045 234
71046 234
71047 328
71048 410
71049 410
71050 410
71051 483
71052 540
71053 540
71054 540
71055 595
71056 628
71058 628
71059 671
71060 645
71061 645
71063 682
71064 647
71065 647
71066 647
71067 683
71068 649
71069 649
71070 649
71071 684
71072 651
71073 651
71074 651
71075 685
71169 104
71170 105
71172 227
71173 324
71174 236
71176 403
71177 479
71178 412
71180 533
71181 591
71182 542
71184 629
71186 631
71188 640
71189 679
71190 647
71193 686
71194 657
71196 654
71197 687
71198 659
71200 656
71201 688
71202 661
71233 103
71234 105
71236 235
71237 227
71238 236
71240 411
71241 403
71242 412
71244 541
71245 533
71246 542
71248 630
71250 631
71252 676
71253 640
71254 647
71256 686
71258 657
71260 689
71261 654
71262 659
71264 690
71265 656
71266 661
71297 105
71298 105
71299 114
71300 236
71301 236
71302 236
71303 329
71304 412
71305 412
71306 412
71307 484
71308 542
71309 542
71310 542
71311 596
71312 631
71314 631
71315 672
71316 647
71317 647
71318 647
71319 683
71320 657
71321 657
71323 691
71324 659
71325 659
71326 659
71327 692
71328 661
71329 661
71330 661
71331 693
71425 107
71426 108
71428 229
71429 325
71430 238
71432 405
71433 480
71434 414
71436 535
71437 592
71438 544
71440 632
71442 634
71444 642
71445 680
71446 649
71448 654
71449 689
71450 659
71453 694
71454 665
71456 664
71457 695
71458 667
71489 106
71490 108
71492 237
71493 229
71494 238
71496 413
71497 405
71498 414
71500 543
71501 535
71502 544
71504 633
71506 634
71508 677
71509 642
71510 649
71512 687
71513 654
71514 659
71516 694
71518 665
71520 696
71521 664
71522 667
71553 108
71554 108
71555 115
71556 238
71557 238
71558 238
71559 330
71560 414
71561 414
71562 414
71563 485
71564 544
71565 544
71566 544
71567 597
71568 634
71570 634
71571 673
71572 649
71573 649
71574 649
71575 684
71576 659
71577 659
71578 659
71579 692
71580 665
71581 665
71583 697
71584 667
71585 667
71586 667
71587 698
71681 110
71682 111
71684 231
71685 326
71686 240
71688 407
71689 481
71690 416
71692 537
71693 593
71694 546
71696 635
71698 637
71700 644
71701 681
71702 651
71704 656
71705 690
71706 661
71708 664
71709 696
71710 667
71713 699
71714 669
71745 109
71746 111
71748 239
71749 231
71750 240
71752 415
71753 407
71754 416
71756 545
71757 537
71758 546
71760 636
71762 637
71764 678
71765 644
71766 651
71768 688
71769 656
71770 661
71772 695
71773 664
71774 667
71776 699
71778 669
71809 111
71810 111
71811 116
71812 240
71813 240
71814 240
71815 331
71816 416
71817 416
71818 416
71819 486
71820 546
71821 546
71822 546
71823 598
71824 637
71826 637
71827 674
71828 651
71829 651
71830 651
71831 685
71832 661
71833 661
71834 661
71835 693
71836 667
71837 667
71838 667
71839 698
71840 669
71841 669
71843 700
83265 117
83266 118
83268 241
83269 332
83270 248
83272 417
83273 487
83274 424
83276 547
83277 599
83278 554
83280 638
83281 675
83282 645
83286 701
83288 702
83289 703
83290 704
83292 705
83293 706
83294 707
83296 708
83297 709
83298 710
83457 119
83460 242
83461 243
83464 418
83465 419
83468 548
83469 549
83472 639
83473 640
83477 702
83481 711
83484 712
83485 713
83488 714
83489 715
83521 120
83522 121
83524 243
83525 333
83526 250
83528 419
83529 488
83530 426
83532 549
83533 600
83534 556
83536 640
83537 676
83538 647
83541 703
83542 704
83544 711
83546 716
83548 713
83549 717
83550 718
83552 715
83553 719
83554 720
83713 122
83716 244
83717 245
83720 420
83721 421
83724 550
83725 551
83728 641
83729 642
83733 705
83736 712
83737 713
83741 721
83744 722
83745 723
83777 123
83778 124
83780 245
83781 334
83782 252
83784 421
83785 489
83786 428
83788 551
83789 601
83790 558
83792 642
83793 677
83794 649
83797 706
83798 707
83800 713
83801 717
83802 718
83804 721
83806 724
83808 723
83809 725
83810 726
83969 125
83972 246
83973 247
83976 422
83977 423
83980 552
83981 553
83984 643
83985 644
83989 708
83992 714
83993 715
83996 722
83997 723
84001 727
84033 126
84034 127
84036 247
84037 335
84038 254
84040 423
84041 490
84042 430
84044 553
84045 602
84046 560
84048 644
84049 678
84050 651
84053 709
84054 710
84056 715
84057 719
84058 720
84060 723
84061 725
84062 726
84064 727
84066 728
87425 118
87427 128
87428 248
87429 248
87431 339
87432 424
87433 424
87435 494
87436 554
87437 554
87439 606
87440 645
87441 645
87443 682
87444 701
87447 729
87448 704
87449 704
87451 730
87452 707
87453 707
87455 731
87456 710
87457 710
87459 732
87553 120
87554 121
87556 243
87557 336
87558 250
87560 419
87561 491
87562 426
87564 549
87565 603
87566 556
87568 640
87569 679
87570 647
87572 702
87574 704
87577 733
87578 716
87580 713
87581 734
87582 718
87584 715
87585 735
87586 720
87617 119
87618 121
87620 249
87621 243
87622 250
87624 425
87625 419
87626 426
87628 555
87629 549
87630 556
87632 646
87633 640
87634 647
87636 703
87638 704
87640 733
87642 716
87644 736
87645 713
87646 718
87648 737
87649 715
87650 720
87681 121
87682 121
87683 129
87684 250
87685 250
87686 250
87687 340
87688 426
87689 426
87690 426
87691 495
87692 556
87693 556
87694 556
87695 607
87696 647
87697 647
87698 647
87699 683
87700 704
87702 704
87703 730
87704 716
87705 716
87707 738
87708 718
87709 718
87710 718
87711 739
87712 720
87713 720
87714 720
87715 740
87809 123
87810 124
87812 245
87813 337
87814 252
87816 421
87817 492
87818 428
87820 551
87821 604
87822 558
87824 642
87825 680
87826 649
87828 705
87830 707
87832 713
87833 736
87834 718
87837 741
87838 724
87840 723
87841 742
87842 726
87873 122
87874 124
87876 251
87877 245
87878 252
87880 427
87881 421
87882 428
87884 557
87885 551
87886 558
87888 648
87889 642
87890 649
87892 706
87894 707
87896 734
87897 713
87898 718
87900 741
87902 724
87904 743
87905 723
87906 726
87937 124
87938 124
87939 130
87940 252
87941 252
87942 252
87943 341
87944 428
87945 428
87946 428
87947 496
87948 558
87949 558
87950 558
87951 608
87952 649
87953 649
87954 649
87955 684
87956 707
87958 707
87959 731
87960 718
87961 718
87962 718
87963 739
87964 724
87965 724
87967 744
87968 726
87969 726
87970 726
87971 745
88065 126
88066 127
88068 247
88069 338
88070 254
88072 423
88073 493
88074 430
88076 553
88077 605
88078 560
88080 644
88081 681
88082 651
88084 708
88086 710
88088 715
88089 737
88090 720
88092 723
88093 743
88094 726
88097 746
88098 728
88129 125
88130 127
88132 253
88133 247
88134 254
88136 429
88137 423
88138 430
88140 559
88141 553
88142 560
88144 650
88145 644
88146 651
88148 709
88150 710
88152 735
88153 715
88154 720
88156 742
88157 723
88158 726
88160 746
88162 728
88193 127
88194 127
88195 131
88196 254
88197 254
88198 254
88199 342
88200 430
88201 430
88202 430
88203 497
88204 560
88205 560
88206 560
88207 609
88208 651
88209 651
88210 651
88211 685
88212 710
88214 710
88215 732
88216 720
88217 720
88218 720
88219 740
88220 726
88221 726
88222 726
88223 745
88224 728
88225 728
88227 747
99905 132
99906 133
99908 255
99909 343
99910 260
99912 431
99913 498
99914 436
99916 561
99917 610
99918 566
99920 652
99921 686
99922 657
99924 711
99925 733
99926 716
99930 748
99932 749
99933 750
99934 751
99936 752
99937 753
99938 754
100097 134
100100 256
100101 257
100104 432
100105 433
100108 562
100109 563
100112 653
100113 654
100116 712
100117 713
100121 749
100125 755
100128 756
100129 757
100161 135
100162 136
100164 257
100165 344
100166 262
100168 433
100169 499
100170 438
100172 563
100173 611
100174 568
100176 654
100177 687
100178 659
100180 713
100181 734
100182 718
100185 750
100186 751
100188 755
100190 758
100192 757
100193 759
100194 760
100353 137
100356 258
100357 259
100360 434
100361 435
100364 564
100365 565
100368 655
100369 656
100372 714
100373 715
100377 752
100380 756
100381 757
100385 761
100417 138
100418 139
100420 259
100421 345
100422 264
100424 435
100425 500
100426 440
100428 565
100429 612
100430 570
100432 656
100433 688
100434 661
100436 715
100437 735
100438 720
100441 753
100442 754
100444 757
100445 759
100446 760
100448 761
100450 762
104065 133
104067 140
104068 260
104069 260
104071 348
104072 436
104073 436
104075 503
104076 566
104077 566
104079 615
104080 657
104081 657
104083 691
104084 716
104085 716
104087 738
104088 748
104091 763
104092 751
104093 751
104095 764
104096 754
104097 754
104099 765
104193 135
104194 136
104196 257
104197 346
104198 262
104200 433
104201 501
104202 438
104204 563
104205 613
104206 568
104208 654
104209 689
104210 659
104212 713
104213 736
104214 718
104216 749
104218 751
104221 766
104222 758
104224 757
104225 767
104226 760
104257 134
104258 136
104260 261
104261 257
104262 262
104264 437
104265 433
104266 438
104268 567
104269 563
104270 568
104272 658
104273 654
104274 659
104276 717
104277 713
104278 718
104280 750
104282 751
104284 766
104286 758
104288 768
104289 757
104290 760
104321 136
104322 136
104323 141
104324 262
104325 262
104326 262
104327 349
104328 438
104329 438
104330 438
104331 504
104332 568
104333 568
104334 568
104335 616
104336 659
104337 659
104338 659
104339 692
104340 718
104341 718
104342 718
104343 739
104344 751
104346 751
104347 764
104348 758
104349 758
104351 769
104352 760
104353 760
104354 760
104355 770
104449 138
104450 139
104452 259
104453 347
104454 264
104456 435
104457 502
104458 440
104460 565
104461 614
104462 570
104464 656
104465 690
104466 661
104468 715
104469 737
104470 720
104472 752
104474 754
104476 757
104477 768
104478 760
104481 771
104482 762
104513 137
104514 139
104516 263
104517 259
104518 264
104520 439
104521 435
104522 440
104524 569
104525 565
104526 570
104528 660
104529 656
104530 661
104532 719
104533 715
104534 720
104536 753
104538 754
104540 767
104541 757
104542 760
104544 771
104546 762
104577 139
104578 139
104579 142
104580 264
104581 264
104582 264
104583 350
104584 440
104585 440
104586 440
104587 505
104588 570
104589 570
104590 570
104591 617
104592 661
104593 661
104594 661
104595 693
104596 720
104597 720
104598 720
104599 740
104600 754
104602 754
104603 765
104604 760
104605 760
104606 760
104607 770
104608 762
104609 762
104611 772
116545 143
116546 144
116548 265
116549 351
116550 268
116552 441
116553 506
116554 444
116556 571
116557 618
116558 574
116560 662
116561 694
116562 665
116564 721
116565 741
116566 724
116568 755
116569 766
116570 758
116574 773
116576 774
116577 775
116578 776
116737 145
116740 266
116741 267
116744 442
116745 443
116748 572
116749 573
116752 663
116753 664
116756 722
116757 723
116760 756
116761 757
116765 774
116769 777
116801 146
116802 147
116804 267
116805 352
116806 270
116808 443
116809 507
116810 446
116812 573
116813 619
116814 576
116816 664
116817 695
116818 667
116820 723
116821 742
116822 726
116824 757
116825 767
116826 760
116829 775
116830 776
116832 777
116834 778
120705 144
120707 148
120708 268
120709 268
120711 354
120712 444
120713 444
120715 509
120716 574
120717 574
120719 621
120720 665
120721 665
120723 697
120724 724
120725 724
120727 744
120728 758
120729 758
120731 769
120732 773
120735 779
120736 776
120737 776
120739 780
120833 146
120834 147
120836 267
120837 353
120838 270
120840 443
120841 508
120842 446
120844 573
120845 620
120846 576
120848 664
120849 696
120850 667
120852 723
120853 743
120854 726
120856 757
120857 768
120858 760
120860 774
120862 776
120865 781
120866 778
120897 145
120898 147
120900 269
120901 267
120902 270
120904 445
120905 443
120906 446
120908 575
120909 573
120910 576
120912 666
120913 664
120914 667
120916 725
120917 723
120918 726
120920 759
120921 757
120922 760
120924 775
120926 776
120928 781
120930 778
120961 147
120962 147
120963 149
120964 270
120965 270
120966 270
120967 355
120968 446
120969 446
120970 446
120971 510
120972 576
120973 576
120974 576
120975 622
120976 667
120977 667
120978 667
120979 698
120980 726
120981 726
120982 726
120983 745
120984 760
120985 760
120986 760
120987 770
120988 776
120990 776
120991 780
120992 778
120993 778
120995 782
133185 150
133186 151
133188 271
133189 356
133190 272
133192 447
133193 511
133194 448
133196 577
133197 623
133198 578
133200 668
133201 699
133202 669
133204 727
133205 746
133206 728
133208 761
133209 771
133210 762
133212 777
133213 781
133214 778
133218 783
137345 151
137347 152
137348 272
137349 272
137351 357
137352 448
137353 448
137355 512
137356 578
137357 578
137359 624
137360 669
137361 669
137363 700
137364 728
137365 728
137367 747
137368 762
137369 762
137371 772
137372 778
137373 778
137375 782
137376 783
137379 784
1069440 153
1069443 273
1069447 785
1069448 786
1069451 787
1069452 788
1069455 789
1069456 790
1069459 791
1069460 792
1069463 793
1069464 794
1069467 795
1069468 796
1069471 797
1069472 798
1069475 799
1069568 154
1069569 155
1069570 156
1069574 786
1069577 800
1069578 801
1069580 802
1069581 803
1069582 804
1069584 805
1069585 806
1069586 807
1069588 808
1069589 809
1069590 810
1069592 811
1069593 812
1069594 813
1069596 814
1069597 815
1069598 816
1069600 817
1069601 818
1069602 819
1069696 156
1069698 156
1069699 274
1069702 786
1069703 787
1069704 801
1069707 820
1069708 804
1069710 804
1069711 821
1069712 807
1069714 807
1069715 822
1069716 810
1069718 810
1069719 823
1069720 813
1069722 813
1069723 824
1069724 816
1069726 816
1069727 825
1069728 819
1069730 819
1069731 826
1069824 157
1069825 158
1069826 159
1069830 788
1069832 802
1069833 803
1069834 804
1069837 827
1069838 828
1069840 829
1069841 830
1069842 831
1069844 832
1069845 833
1069846 834
1069848 835
1069849 836
1069850 837
1069852 838
1069853 839
1069854 840
1069856 841
1069857 842
1069858 843
1069952 159
1069954 159
1069955 275
1069958 788
1069959 789
1069960 804
1069962 804
1069963 821
1069964 828
1069967 844
1069968 831
1069970 831
1069971 845
1069972 834
1069974 834
1069975 846
1069976 837
1069978 837
1069979 847
1069980 840
1069982 840
1069983 848
1069984 843
1069986 843
1069987 849
1070080 160
1070081 161
1070082 162
1070086 790
1070088 805
1070089 806
1070090 807
1070092 829
1070093 830
1070094 831
1070097 850
1070098 851
1070100 852
1070101 853
1070102 854
1070104 855
1070105 856
1070106 857
1070108 858
1070109 859
1070110 860
1070112 861
1070113 862
1070114 863
1070208 162
1070210 162
1070211 276
1070214 790
1070215 791
1070216 807
1070218 807
1070219 822
1070220 831
1070222 831
1070223 845
1070224 851
1070227 864
1070228 854
1070230 854
1070231 865
1070232 857
1070234 857
1070235 866
1070236 860
1070238 860
1070239 867
1070240 863
1070242 863
1070243 868
1070336 163
1070337 164
1070338 165
1070342 792
1070344 808
1070345 809
1070346 810
1070348 832
1070349 833
1070350 834
1070352 852
1070353 853
1070354 854
1070357 869
1070358 870
1070360 871
1070361 872
1070362 873
1070364 874
1070365 875
1070366 876
1070368 877
1070369 878
1070370 879
1070464 165
1070466 165
1070467 277
1070470 792
1070471 793
1070472 810
1070474 810
1070475 823
1070476 834
1070478 834
1070479 846
1070480 854
1070482 854
1070483 865
1070484 870
1070487 880
1070488 873
1070490 873
1070491 881
1070492 876
1070494 876
1070495 882
1070496 879
1070498 879
1070499 883
1070592 166
1070593 167
1070594 168
1070598 794
1070600 811
1070601 812
1070602 813
1070604 835
1070605 836
1070606 837
1070608 855
1070609 856
1070610 857
1070612 871
1070613 872
1070614 873
1070617 884
1070618 885
1070620 886
1070621 887
1070622 888
1070624 889
1070625 890
1070626 891
1070720 168
1070722 168
1070723 278
1070726 794
1070727 795
1070728 813
1070730 813
1070731 824
1070732 837
1070734 837
1070735 847
1070736 857
1070738 857
1070739 866
1070740 873
1070742 873
1070743 881
1070744 885
1070747 892
1070748 888
1070750 888
1070751 893
1070752 891
1070754 891
1070755 894
1070848 169
1070849 170
1070850 171
1070854 796
1070856 814
1070857 815
1070858 816
1070860 838
1070861 839
1070862 840
1070864 858
1070865 859
1070866 860
1070868 874
1070869 875
1070870 876
1070872 886
1070873 887
1070874 888
1070877 895
1070878 896
1070880 897
1070881 898
1070882 899
1070976 171
1070978 171
1070979 279
1070982 796
1070983 797
1070984 816
1070986 816
1070987 825
1070988 840
1070990 840
1070991 848
1070992 860
1070994 860
1070995 867
1070996 876
1070998 876
1070999 882
1071000 888
1071002 888
1071003 893
1071004 896
1071007 900
1071008 899
1071010 899
1071011 901
1071104 172
1071105 173
1071106 174
1071110 798
1071112 817
1071113 818
1071114 819
1071116 841
1071117 842
1071118 843
1071120 861
1071121 862
1071122 863
1071124 877
1071125 878
1071126 879
1071128 889
1071129 890
1071130 891
1071132 897
1071133 898
1071134 899
1071137 902
1071138 903
1071232 174
1071234 174
1071235 280
1071238 798
1071239 799
1071240 819
1071242 819
1071243 826
1071244 843
1071246 843
1071247 849
1071248 863
1071250 863
1071251 868
1071252 879
1071254 879
1071255 883
1071256 891
1071258 891
1071259 894
1071260 899
1071262 899
1071263 901
1071264 903
1071267 904
1081920 175
1081921 281
1081922 188
1081925 800
1081926 801
1081930 905
1081932 906
1081933 907
1081934 908
1081936 909
1081937 910
1081938 911
1081940 912
1081941 913
1081942 914
1081944 915
1081945 916
1081946 917
1081948 918
1081949 919
1081950 920
1081952 921
1081953 922
1081954 923
1082112 176
1082113 177
1082117 802
1082121 906
1082125 924
1082128 925
1082129 926
1082132 927
1082133 928
1082136 929
1082137 930
1082140 931
1082141 932
1082144 933
1082145 934
1082176 177
1082177 288
1082178 190
1082181 803
1082182 804
1082185 907
1082186 908
1082188 924
1082190 935
1082192 926
1082193 936
1082194 937
1082196 928
1082197 938
1082198 939
1082200 930
1082201 940
1082202 941
1082204 932
1082205 942
1082206 943
1082208 934
1082209 944
1082210 945
1082368 178
1082369 179
1082373 805
1082377 909
1082380 925
1082381 926
1082385 946
1082388 947
1082389 948
1082392 949
1082393 950
1082396 951
1082397 952
1082400 953
1082401 954
1082432 179
1082433 289
1082434 192
1082437 806
1082438 807
1082441 910
1082442 911
1082444 926
1082445 936
1082446 937
1082448 946
1082450 955
1082452 948
1082453 956
1082454 957
1082456 950
1082457 958
1082458 959
1082460 952
1082461 960
1082462 961
1082464 954
1082465 962
1082466 963
1082624 180
1082625 181
1082629 808
1082633 912
1082636 927
1082637 928
1082640 947
1082641 948
1082645 964
1082648 965
1082649 966
1082652 967
1082653 968
1082656 969
1082657 970
1082688 181
1082689 290
1082690 194
1082693 809
1082694 810
1082697 913
1082698 914
1082700 928
1082701 938
1082702 939
1082704 948
1082705 956
1082706 957
1082708 964
1082710 971
1082712 966
1082713 972
1082714 973
1082716 968
1082717 974
1082718 975
1082720 970
1082721 976
1082722 977
1082880 182
1082881 183
1082885 811
1082889 915
1082892 929
1082893 930
1082896 949
1082897 950
1082900 965
1082901 966
1082905 978
1082908 979
1082909 980
1082912 981
1082913 982
1082944 183
1082945 291
1082946 196
1082949 812
1082950 813
1082953 916
1082954 917
1082956 930
1082957 940
1082958 941
1082960 950
1082961 958
1082962 959
1082964 966
1082965 972
1082966 973
1082968 978
1082970 983
1082972 980
1082973 984
1082974 985
1082976 982
1082977 986
1082978 987
1083136 184
1083137 185
1083141 814
1083145 918
1083148 931
1083149 932
1083152 951
1083153 952
1083156 967
1083157 968
1083160 979
1083161 980
1083165 988
1083168 989
1083169 990
1083200 185
1083201 292
1083202 198
1083205 815
1083206 816
1083209 919
1083210 920
1083212 932
1083213 942
1083214 943
1083216 952
1083217 960
1083218 961
1083220 968
1083221 974
1083222 975
1083224 980
1083225 984
1083226 985
1083228 988
1083230 991
1083232 990
1083233 992
1083234 993
1083392 186
1083393 187
1083397 817
1083401 921
1083404 933
1083405 934
1083408 953
1083409 954
1083412 969
1083413 970
1083416 981
1083417 982
1083420 989
1083421 990
1083425 994
1083456 187
1083457 293
1083458 200
1083461 818
1083462 819
1083465 922
1083466 923
1083468 934
1083469 944
1083470 945
1083472 954
1083473 962
1083474 963
1083476 970
1083477 976
1083478 977
1083480 982
1083481 986
1083482 987
1083484 990
1083485 992
1083486 993
1083488 994
1083490 995
1086080 188
1086081 188
1086083 294
1086085 801
1086087 820
1086088 905
1086091 996
1086092 908
1086093 908
1086095 997
1086096 911
1086097 911
1086099 998
1086100 914
1086101 914
1086103 999
1086104 917
1086105 917
1086107 1000
1086108 920
1086109 920
1086111 1001
1086112 923
1086113 923
1086115 1002
1086208 177
1086209 282
1086210 190
1086213 803
1086214 804
1086216 906
1086218 908
1086221 1003
1086222 935
1086224 926
1086225 1004
1086226 937
1086228 928
1086229 1005
1086230 939
1086232 930
1086233 1006
1086234 941
1086236 932
1086237 1007
1086238 943
1086240 934
1086241 1008
1086242 945
1086272 189
1086273 177
1086274 190
1086277 802
1086278 804
1086280 907
1086282 908
1086284 1003
1086286 935
1086288 1009
1086289 926
1086290 937
1086292 1010
1086293 928
1086294 939
1086296 1011
1086297 930
1086298 941
1086300 1012
1086301 932
1086302 943
1086304 1013
1086305 934
1086306 945
1086336 190
1086337 190
1086338 190
1086339 295
1086341 804
1086342 804
1086343 821
1086344 908
1086346 908
1086347 997
1086348 935
1086349 935
1086351 1014
1086352 937
1086353 937
1086354 937
1086355 1015
1086356 939
1086357 939
1086358 939
1086359 1016
1086360 941
1086361 941
1086362 941
1086363 1017
1086364 943
1086365 943
1086366 943
1086367 1018
1086368 945
1086369 945
1086370 945
1086371 1019
1086464 179
1086465 283
1086466 192
1086469 806
1086470 807
1086472 909
1086474 911
1086476 926
1086477 1009
1086478 937
1086481 1020
1086482 955
1086484 948
1086485 1021
1086486 957
1086488 950
1086489 1022
1086490 959
1086492 952
1086493 1023
1086494 961
1086496 954
1086497 1024
1086498 963
1086528 191
1086529 179
1086530 192
1086533 805
1086534 807
1086536 910
1086538 911
1086540 1004
1086541 926
1086542 937
1086544 1020
1086546 955
1086548 1025
1086549 948
1086550 957
1086552 1026
1086553 950
1086554 959
1086556 1027
1086557 952
1086558 961
1086560 1028
1086561 954
1086562 963
1086592 192
1086593 192
1086594 192
1086595 296
1086597 807
1086598 807
1086599 822
1086600 911
1086602 911
1086603 998
1086604 937
1086605 937
1086606 937
1086607 1015
1086608 955
1086609 955
1086611 1029
1086612 957
1086613 957
1086614 957
1086615 1030
1086616 959
1086617 959
1086618 959
1086619 1031
1086620 961
1086621 961
1086622 961
1086623 1032
1086624 963
1086625 963
1086626 963
1086627 1033
1086720 181
1086721 284
1086722 194
1086725 809
1086726 810
1086728 912
1086730 914
1086732 928
1086733 1010
1086734 939
1086736 948
1086737 1025
1086738 957
1086741 1034
1086742 971
1086744 966
1086745 1035
1086746 973
1086748 968
1086749 1036
1086750 975
1086752 970
1086753 1037
1086754 977
1086784 193
1086785 181
1086786 194
1086789 808
1086790 810
1086792 913
1086794 914
1086796 1005
1086797 928
1086798 939
1086800 1021
1086801 948
1086802 957
1086804 1034
1086806 971
1086808 1038
1086809 966
1086810 973
1086812 1039
1086813 968
1086814 975
1086816 1040
1086817 970
1086818 977
1086848 194
1086849 194
1086850 194
1086851 297
1086853 810
1086854 810
1086855 823
1086856 914
1086858 914
1086859 999
1086860 939
1086861 939
1086862 939
1086863 1016
1086864 957
1086865 957
1086866 957
1086867 1030
1086868 971
1086869 971
1086871 1041
1086872 973
1086873 973
1086874 973
1086875 1042
1086876 975
1086877 975
1086878 975
1086879 1043
1086880 977
1086881 977
1086882 977
1086883 1044
1086976 183
1086977 285
1086978 196
1086981 812
1086982 813
1086984 915
1086986 917
1086988 930
1086989 1011
1086990 941
1086992 950
1086993 1026
1086994 959
1086996 966
1086997 1038
1086998 973
1087001 1045
1087002 983
1087004 980
1087005 1046
1087006 985
1087008 982
1087009 1047
1087010 987
1087040 195
1087041 183
1087042 196
1087045 811
1087046 813
1087048 916
1087050 917
1087052 1006
1087053 930
1087054 941
1087056 1022
1087057 950
1087058 959
1087060 1035
1087061 966
1087062 973
1087064 1045
1087066 983
1087068 1048
1087069 980
1087070 985
1087072 1049
1087073 982
1087074 987
1087104 196
1087105 196
1087106 196
1087107 298
1087109 813
1087110 813
1087111 824
1087112 917
1087114 917
1087115 1000
1087116 941
1087117 941
1087118 941
1087119 1017
1087120 959
1087121 959
1087122 959
1087123 1031
1087124 973
1087125 973
1087126 973
1087127 1042
1087128 983
1087129 983
1087131 1050
1087132 985
1087133 985
1087134 985
1087135 1051
1087136 987
1087137 987
1087138 987
1087139 1052
1087232 185
1087233 286
1087234 198
1087237 815
1087238 816
1087240 918
1087242 920
1087244 932
1087245 1012
1087246 943
1087248 952
1087249 1027
1087250 961
1087252 968
1087253 1039
1087254 975
1087256 980
1087257 1048
1087258 985
1087261 1053
1087262 991
1087264 990
1087265 1054
1087266 993
1087296 197
1087297 185
1087298 198
1087301 814
1087302 816
1087304 919
1087306 920
1087308 1007
1087309 932
1087310 943
1087312 1023
1087313 952
1087314 961
1087316 1036
1087317 968
1087318 975
1087320 1046
1087321 980
1087322 985
1087324 1053
1087326 991
1087328 1055
1087329 990
1087330 993
1087360 198
1087361 198
1087362 198
1087363 299
1087365 816
1087366 816
1087367 825
1087368 920
1087370 920
1087371 1001
1087372 943
1087373 943
1087374 943
1087375 1018
1087376 961
1087377 961
1087378 961
1087379 1032
1087380 975
1087381 975
1087382 975
1087383 1043
1087384 985
1087385 985
1087386 985
1087387 1051
1087388 991
1087389 991
1087391 1056
1087392 993
1087393 993
1087394 993
1087395 1057
1087488 187
1087489 287
1087490 200
1087493 818
1087494 819
1087496 921
1087498 923
1087500 934
1087501 1013
1087502 945
1087504 954
1087505 1028
1087506 963
1087508 970
1087509 1040
1087510 977
1087512 982
1087513 1049
1087514 987
1087516 990
1087517 1055
1087518 993
1087521 1058
1087522 995
1087552 199
1087553 187
1087554 200
1087557 817
1087558 819
1087560 922
1087562 923
1087564 1008
1087565 934
1087566 945
1087568 1024
1087569 954
1087570 963
1087572 1037
1087573 970
1087574 977
1087576 1047
1087577 982
1087578 987
1087580 1054
1087581 990
1087582 993
1087584 1058
1087586 995
1087616 200
1087617 200
1087618 200
1087619 300
1087621 819
1087622 819
1087623 826
1087624 923
1087626 923
1087627 1002
1087628 945
1087629 945
1087630 945
1087631 1019
1087632 963
1087633 963
1087634 963
1087635 1033
1087636 977
1087637 977
1087638 977
1087639 1044
1087640 987
1087641 987
1087642 987
1087643 1052
1087644 993
1087645 993
1087646 993
1087647 1057
1087648 995
1087649 995
1087651 1059
1098560 201
1098561 301
1098562 212
1098565 827
1098566 828
1098568 924
1098569 1003
1098570 935
1098574 1060
1098576 1061
1098577 1062
1098578 1063
1098580 1064
1098581 1065
1098582 1066
1098584 1067
1098585 1068
1098586 1069
1098588 1070
1098589 1071
1098590 1072
1098592 1073
1098593 1074
1098594 1075
1098752 202
1098753 203
1098757 829
1098760 925
1098761 926
1098765 1061
1098769 1076
1098772 1077
1098773 1078
1098776 1079
1098777 1080
1098780 1081
1098781 1082
1098784 1083
1098785 1084
1098816 203
1098817 307
1098818 214
1098821 830
1098822 831
1098824 926
1098825 1004
1098826 937
1098829 1062
1098830 1063
1098832 1076
1098834 1085
1098836 1078
1098837 1086
1098838 1087
1098840 1080
1098841 1088
1098842 1089
1098844 1082
1098845 1090
1098846 1091
1098848 1084
1098849 1092
1098850 1093
1099008 204
1099009 205
1099013 832
1099016 927
1099017 928
1099021 1064
1099024 1077
1099025 1078
1099029 1094
1099032 1095
1099033 1096
1099036 1097
1099037 1098
1099040 1099
1099041 1100
1099072 205
1099073 308
1099074 216
1099077 833
1099078 834
1099080 928
1099081 1005
1099082 939
1099085 1065
1099086 1066
1099088 1078
1099089 1086
1099090 1087
1099092 1094
1099094 1101
1099096 1096
1099097 1102
1099098 1103
1099100 1098
1099101 1104
1099102 1105
1099104 1100
1099105 1106
1099106 1107
1099264 206
1099265 207
1099269 835
1099272 929
1099273 930
1099277 1067
1099280 1079
1099281 1080
1099284 1095
1099285 1096
1099289 1108
1099292 1109
1099293 1110
1099296 1111
1099297 1112
1099328 207
1099329 309
1099330 218
1099333 836
1099334 837
1099336 930
1099337 1006
1099338 941
1099341 1068
1099342 1069
1099344 1080
1099345 1088
1099346 1089
1099348 1096
1099349 1102
1099350 1103
1099352 1108
1099354 1113
1099356 1110
1099357 1114
1099358 1115
1099360 1112
1099361 1116
1099362 1117
1099520 208
1099521 209
1099525 838
1099528 931
1099529 932
1099533 1070
1099536 1081
1099537 1082
1099540 1097
1099541 1098
1099544 1109
1099545 1110
1099549 1118
1099552 1119
1099553 1120
1099584 209
1099585 310
1099586 220
1099589 839
1099590 840
1099592 932
1099593 1007
1099594 943
1099597 1071
1099598 1072
1099600 1082
1099601 1090
1099602 1091
1099604 1098
1099605 1104
1099606 1105
1099608 1110
1099609 1114
1099610 1115
1099612 1118
1099614 1121
1099616 1120
1099617 1122
1099618 1123
1099776 210
1099777 211
1099781 841
1099784 933
1099785 934
1099789 1073
1099792 1083
1099793 1084
1099796 1099
1099797 1100
1099800 1111
1099801 1112
1099804 1119
1099805 1120
1099809 1124
1099840 211
1099841 311
1099842 222
1099845 842
1099846 843
1099848 934
1099849 1008
1099850 945
1099853 1074
1099854 1075
1099856 1084
1099857 1092
1099858 1093
1099860 1100
1099861 1106
1099862 1107
1099864 1112
1099865 1116
1099866 1117
1099868 1120
1099869 1122
1099870 1123
1099872 1124
1099874 1125
1102720 212
1102721 212
1102723 312
1102725 828
1102727 844
1102728 935
1102729 935
1102731 1014
1102732 1060
1102735 1126
1102736 1063
1102737 1063
1102739 1127
1102740 1066
1102741 1066
1102743 1128
1102744 1069
1102745 1069
1102747 1129
1102748 1072
1102749 1072
1102751 1130
1102752 1075
1102753 1075
1102755 1131
1102848 203
1102849 302
1102850 214
1102853 830
1102854 831
1102856 926
1102857 1009
1102858 937
1102860 1061
1102862 1063
1102865 1132
1102866 1085
1102868 1078
1102869 1133
1102870 1087
1102872 1080
1102873 1134
1102874 1089
1102876 1082
1102877 1135
1102878 1091
1102880 1084
1102881 1136
1102882 1093
1102912 213
1102913 203
1102914 214
1102917 829
1102918 831
1102920 936
1102921 926
1102922 937
1102924 1062
1102926 1063
1102928 1132
1102930 1085
1102932 1137
1102933 1078
1102934 1087
1102936 1138
1102937 1080
1102938 1089
1102940 1139
1102941 1082
1102942 1091
1102944 1140
1102945 1084
1102946 1093
1102976 214
1102977 214
1102978 214
1102979 313
1102981 831
1102982 831
1102983 845
1102984 937
1102985 937
1102986 937
1102987 1015
1102988 1063
1102990 1063
1102991 1127
1102992 1085
1102993 1085
1102995 1141
1102996 1087
1102997 1087
1102998 1087
1102999 1142
1103000 1089
1103001 1089
1103002 1089
1103003 1143
1103004 1091
1103005 1091
1103006 1091
1103007 1144
1103008 1093
1103009 1093
1103010 1093
1103011 1145
1103104 205
1103105 303
1103106 216
1103109 833
1103110 834
1103112 928
1103113 1010
1103114 939
1103116 1064
1103118 1066
1103120 1078
1103121 1137
1103122 1087
1103125 1146
1103126 1101
1103128 1096
1103129 1147
1103130 1103
1103132 1098
1103133 1148
1103134 1105
1103136 1100
1103137 1149
1103138 1107
1103168 215
1103169 205
1103170 216
1103173 832
1103174 834
1103176 938
1103177 928
1103178 939
1103180 1065
1103182 1066
1103184 1133
1103185 1078
1103186 1087
1103188 1146
1103190 1101
1103192 1150
1103193 1096
1103194 1103
1103196 1151
1103197 1098
1103198 1105
1103200 1152
1103201 1100
1103202 1107
1103232 216
1103233 216
1103234 216
1103235 314
1103237 834
1103238 834
1103239 846
1103240 939
1103241 939
1103242 939
1103243 1016
1103244 1066
1103246 1066
1103247 1128
1103248 1087
1103249 1087
1103250 1087
1103251 1142
1103252 1101
1103253 1101
1103255 1153
1103256 1103
1103257 1103
1103258 1103
1103259 1154
1103260 1105
1103261 1105
1103262 1105
1103263 1155
1103264 1107
1103265 1107
1103266 1107
1103267 1156
1103360 207
1103361 304
1103362 218
1103365 836
1103366 837
1103368 930
1103369 1011
1103370 941
1103372 1067
1103374 1069
1103376 1080
1103377 1138
1103378 1089
1103380 1096
1103381 1150
1103382 1103
1103385 1157
1103386 1113
1103388 1110
1103389 1158
1103390 1115
1103392 1112
1103393 1159
1103394 1117
1103424 217
1103425 207
1103426 218
1103429 835
1103430 837
1103432 940
1103433 930
1103434 941
1103436 1068
1103438 1069
1103440 1134
1103441 1080
1103442 1089
1103444 1147
1103445 1096
1103446 1103
1103448 1157
1103450 1113
1103452 1160
1103453 1110
1103454 1115
1103456 1161
1103457 1112
1103458 1117
1103488 218
1103489 218
1103490 218
1103491 315
1103493 837
1103494 837
1103495 847
1103496 941
1103497 941
1103498 941
1103499 1017
1103500 1069
1103502 1069
1103503 1129
1103504 1089
1103505 1089
1103506 1089
1103507 1143
1103508 1103
1103509 1103
1103510 1103
1103511 1154
1103512 1113
1103513 1113
1103515 1162
1103516 1115
1103517 1115
1103518 1115
1103519 1163
1103520 1117
1103521 1117
1103522 1117
1103523 1164
1103616 209
1103617 305
1103618 220
1103621 839
1103622 840
1103624 932
1103625 1012
1103626 943
1103628 1070
1103630 1072
1103632 1082
1103633 1139
1103634 1091
1103636 1098
1103637 1151
1103638 1105
1103640 1110
1103641 1160
1103642 1115
1103645 1165
1103646 1121
1103648 1120
1103649 1166
1103650 1123
1103680 219
1103681 209
1103682 220
1103685 838
1103686 840
1103688 942
1103689 932
1103690 943
1103692 1071
1103694 1072
1103696 1135
1103697 1082
1103698 1091
1103700 1148
1103701 1098
1103702 1105
1103704 1158
1103705 1110
1103706 1115
1103708 1165
1103710 1121
1103712 1167
1103713 1120
1103714 1123
1103744 220
1103745 220
1103746 220
1103747 316
1103749 840
1103750 840
1103751 848
1103752 943
1103753 943
1103754 943
1103755 1018
1103756 1072
1103758 1072
1103759 1130
1103760 1091
1103761 1091
1103762 1091
1103763 1144
1103764 1105
1103765 1105
1103766 1105
1103767 1155
1103768 1115
1103769 1115
1103770 1115
1103771 1163
1103772 1121
1103773 1121
1103775 1168
1103776 1123
1103777 1123
1103778 1123
1103779 1169
1103872 211
1103873 306
1103874 222
1103877 842
1103878 843
1103880 934
1103881 1013
1103882 945
1103884 1073
1103886 1075
1103888 1084
1103889 1140
1103890 1093
1103892 1100
1103893 1152
1103894 1107
1103896 1112
1103897 1161
1103898 1117
1103900 1120
1103901 1167
1103902 1123
1103905 1170
1103906 1125
1103936 221
1103937 211
1103938 222
1103941 841
1103942 843
1103944 944
1103945 934
1103946 945
1103948 1074
1103950 1075
1103952 1136
1103953 1084
1103954 1093
1103956 1149
1103957 1100
1103958 1107
1103960 1159
1103961 1112
1103962 1117
1103964 1166
1103965 1120
1103966 1123
1103968 1170
1103970 1125
1104000 222
1104001 222
1104002 222
1104003 317
1104005 843
1104006 843
1104007 849
1104008 945
1104009 945
1104010 945
1104011 1019
1104012 1075
1104014 1075
1104015 1131
1104016 1093
1104017 1093
1104018 1093
1104019 1145
1104020 1107
1104021 1107
1104022 1107
1104023 1156
1104024 1117
1104025 1117
1104026 1117
1104027 1164
1104028 1123
1104029 1123
1104030 1123
1104031 1169
1104032 1125
1104033 1125
1104035 1171
1115200 223
1115201 318
1115202 232
1115205 850
1115206 851
1115208 946
1115209 1020
1115210 955
1115212 1076
1115213 1132
1115214 1085
1115218 1172
1115220 1173
1115221 1174
1115222 1175
1115224 1176
1115225 1177
1115226 1178
1115228 1179
1115229 1180
1115230 1181
1115232 1182
1115233 1183
1115234 1184
1115392 224
1115393 225
1115397 852
1115400 947
1115401 948
1115404 1077
1115405 1078
1115409 1173
1115413 1185
1115416 1186
1115417 1187
1115420 1188
1115421 1189
1115424 1190
1115425 1191
1115456 225
1115457 323
1115458 234
1115461 853
1115462 854
1115464 948
1115465 1021
1115466 957
1115468 1078
1115469 1133
1115470 1087
1115473 1174
1115474 1175
1115476 1185
1115478 1192
1115480 1187
1115481 1193
1115482 1194
1115484 1189
1115485 1195
1115486 1196
1115488 1191
1115489 1197
1115490 1198
1115648 226
1115649 227
1115653 855
1115656 949
1115657 950
1115660 1079
1115661 1080
1115665 1176
1115668 1186
1115669 1187
1115673 1199
1115676 1200
1115677 1201
1115680 1202
1115681 1203
1115712 227
1115713 324
1115714 236
1115717 856
1115718 857
1115720 950
1115721 1022
1115722 959
1115724 1080
1115725 1134
1115726 1089
1115729 1177
1115730 1178
1115732 1187
1115733 1193
1115734 1194
1115736 1199
1115738 1204
1115740 1201
1115741 1205
1115742 1206
1115744 1203
1115745 1207
1115746 1208
1115904 228
1115905 229
1115909 858
1115912 951
1115913 952
1115916 1081
1115917 1082
1115921 1179
1115924 1188
1115925 1189
1115928 1200
1115929 1201
1115933 1209
1115936 1210
1115937 1211
1115968 229
1115969 325
1115970 238
1115973 859
1115974 860
1115976 952
1115977 1023
1115978 961
1115980 1082
1115981 1135
1115982 1091
1115985 1180
1115986 1181
1115988 1189
1115989 1195
1115990 1196
1115992 1201
1115993 1205
1115994 1206
1115996 1209
1115998 1212
1116000 1211
1116001 1213
1116002 1214
1116160 230
1116161 231
1116165 861
1116168 953
1116169 954
1116172 1083
1116173 1084
1116177 1182
1116180 1190
1116181 1191
1116184 1202
1116185 1203
1116188 1210
1116189 1211
1116193 1215
1116224 231
1116225 326
1116226 240
1116229 862
1116230 863
1116232 954
1116233 1024
1116234 963
1116236 1084
1116237 1136
1116238 1093
1116241 1183
1116242 1184
1116244 1191
1116245 1197
1116246 1198
1116248 1203
1116249 1207
1116250 1208
1116252 1211
1116253 1213
1116254 1214
1116256 1215
1116258 1216
1119360 232
1119361 232
1119363 327
1119365 851
1119367 864
1119368 955
1119369 955
1119371 1029
1119372 1085
1119373 1085
1119375 1141
1119376 1172
1119379 1217
1119380 1175
1119381 1175
1119383 1218
1119384 1178
1119385 1178
1119387 1219
1119388 1181
1119389 1181
1119391 1220
1119392 1184
1119393 1184
1119395 1221
1119488 225
1119489 319
1119490 234
1119493 853
1119494 854
1119496 948
1119497 1025
1119498 957
1119500 1078
1119501 1137
1119502 1087
1119504 1173
1119506 1175
1119509 1222
1119510 1192
1119512 1187
1119513 1223
1119514 1194
1119516 1189
1119517 1224
1119518 1196
1119520 1191
1119521 1225
1119522 1198
1119552 233
1119553 225
1119554 234
1119557 852
1119558 854
1119560 956
1119561 948
1119562 957
1119564 1086
1119565 1078
1119566 1087
1119568 1174
1119570 1175
1119572 1222
1119574 1192
1119576 1226
1119577 1187
1119578 1194
1119580 1227
1119581 1189
1119582 1196
1119584 1228
1119585 1191
1119586 1198
1119616 234
1119617 234
1119618 234
1119619 328
1119621 854
1119622 854
1119623 865
1119624 957
1119625 957
1119626 957
1119627 1030
1119628 1087
1119629 1087
1119630 1087
1119631 1142
1119632 1175
1119634 1175
1119635 1218
1119636 1192
1119637 1192
1119639 1229
1119640 1194
1119641 1194
1119642 1194
1119643 1230
1119644 1196
1119645 1196
1119646 1196
1119647 1231
1119648 1198
1119649 1198
1119650 1198
1119651 1232
1119744 227
1119745 320
1119746 236
1119749 856
1119750 857
1119752 950
1119753 1026
1119754 959
1119756 1080
1119757 1138
1119758 1089
1119760 1176
1119762 1178
1119764 1187
1119765 1226
1119766 1194
1119769 1233
1119770 1204
1119772 1201
1119773 1234
1119774 1206
1119776 1203
1119777 1235
1119778 1208
1119808 235
1119809 227
1119810 236
1119813 855
1119814 857
1119816 958
1119817 950
1119818 959
1119820 1088
1119821 1080
1119822 1089
1119824 1177
1119826 1178
1119828 1223
1119829 1187
1119830 1194
1119832 1233
1119834 1204
1119836 1236
1119837 1201
1119838 1206
1119840 1237
1119841 1203
1119842 1208
1119872 236
1119873 236
1119874 236
1119875 329
1119877 857
1119878 857
1119879 866
1119880 959
1119881 959
1119882 959
1119883 1031
1119884 1089
1119885 1089
1119886 1089
1119887 1143
1119888 1178
1119890 1178
1119891 1219
1119892 1194
1119893 1194
1119894 1194
1119895 1230
1119896 1204
1119897 1204
1119899 1238
1119900 1206
1119901 1206
1119902 1206
1119903 1239
1119904 1208
1119905 1208
1119906 1208
1119907 1240
1120000 229
1120001 321
1120002 238
1120005 859
1120006 860
1120008 952
1120009 1027
1120010 961
1120012 1082
1120013 1139
1120014 1091
1120016 1179
1120018 1181
1120020 1189
1120021 1227
1120022 1196
1120024 1201
1120025 1236
1120026 1206
1120029 1241
1120030 1212
1120032 1211
1120033 1242
1120034 1214
1120064 237
1120065 229
1120066 238
1120069 858
1120070 860
1120072 960
1120073 952
1120074 961
1120076 1090
1120077 1082
1120078 1091
1120080 1180
1120082 1181
1120084 1224
1120085 1189
1120086 1196
1120088 1234
1120089 1201
1120090 1206
1120092 1241
1120094 1212
1120096 1243
1120097 1211
1120098 1214
1120128 238
1120129 238
1120130 238
1120131 330
1120133 860
1120134 860
1120135 867
1120136 961
1120137 961
1120138 961
1120139 1032
1120140 1091
1120141 1091
1120142 1091
1120143 1144
1120144 1181
1120146 1181
1120147 1220
1120148 1196
1120149 1196
1120150 1196
1120151 1231
1120152 1206
1120153 1206
1120154 1206
1120155 1239
1120156 1212
1120157 1212
1120159 1244
1120160 1214
1120161 1214
1120162 1214
1120163 1245
1120256 231
1120257 322
1120258 240
1120261 862
1120262 863
1120264 954
1120265 1028
1120266 963
1120268 1084
1120269 1140
1120270 1093
1120272 1182
1120274 1184
1120276 1191
1120277 1228
1120278 1198
1120280 1203
1120281 1237
1120282 1208
1120284 1211
1120285 1243
1120286 1214
1120289 1246
1120290 1216
1120320 239
1120321 231
1120322 240
1120325 861
1120326 863
1120328 962
1120329 954
1120330 963
1120332 1092
1120333 1084
1120334 1093
1120336 1183
1120338 1184
1120340 1225
1120341 1191
1120342 1198
1120344 1235
1120345 1203
1120346 1208
1120348 1242
1120349 1211
1120350 1214
1120352 1246
1120354 1216
1120384 240
1120385 240
1120386 240
1120387 331
1120389 863
1120390 863
1120391 868
1120392 963
1120393 963
1120394 963
1120395 1033
1120396 1093
1120397 1093
1120398 1093
1120399 1145
1120400 1184
1120402 1184
1120403 1221
1120404 1198
1120405 1198
1120406 1198
1120407 1232
1120408 1208
1120409 1208
1120410 1208
1120411 1240
1120412 1214
1120413 1214
1120414 1214
1120415 1245
1120416 1216
1120417 1216
1120419 1247
1131840 241
1131841 332
1131842 248
1131845 869
1131846 870
1131848 964
1131849 1034
1131850 971
1131852 1094
1131853 1146
1131854 1101
1131856 1185
1131857 1222
1131858 1192
1131862 1248
1131864 1249
1131865 1250
1131866 1251
1131868 1252
1131869 1253
1131870 1254
1131872 1255
1131873 1256
1131874 1257
1132032 242
1132033 243
1132037 871
1132040 965
1132041 966
1132044 1095
1132045 1096
1132048 1186
1132049 1187
1132053 1249
1132057 1258
1132060 1259
1132061 1260
1132064 1261
1132065 1262
1132096 243
1132097 336
1132098 250
1132101 872
1132102 873
1132104 966
1132105 1035
1132106 973
1132108 1096
1132109 1147
1132110 1103
1132112 1187
1132113 1223
1132114 1194
1132117 1250
1132118 1251
1132120 1258
1132122 1263
1132124 1260
1132125 1264
1132126 1265
1132128 1262
1132129 1266
1132130 1267
1132288 244
1132289 245
1132293 874
1132296 967
1132297 968
1132300 1097
1132301 1098
1132304 1188
1132305 1189
1132309 1252
1132312 1259
1132313 1260
1132317 1268
1132320 1269
1132321 1270
1132352 245
1132353 337
1132354 252
1132357 875
1132358 876
1132360 968
1132361 1036
1132362 975
1132364 1098
1132365 1148
1132366 1105
1132368 1189
1132369 1224
1132370 1196
1132373 1253
1132374 1254
1132376 1260
1132377 1264
1132378 1265
1132380 1268
1132382 1271
1132384 1270
1132385 1272
1132386 1273
1132544 246
1132545 247
1132549 877
1132552 969
1132553 970
1132556 1099
1132557 1100
1132560 1190
1132561 1191
1132565 1255
1132568 1261
1132569 1262
1132572 1269
1132573 1270
1132577 1274
1132608 247
1132609 338
1132610 254
1132613 878
1132614 879
1132616 970
1132617 1037
1132618 977
1132620 1100
1132621 1149
1132622 1107
1132624 1191
1132625 1225
1132626 1198
1132629 1256
1132630 1257
1132632 1262
1132633 1266
1132634 1267
1132636 1270
1132637 1272
1132638 1273
1132640 1274
1132642 1275
1136000 248
1136001 248
1136003 339
1136005 870
1136007 880
1136008 971
1136009 971
1136011 1041
1136012 1101
1136013 1101
1136015 1153
1136016 1192
1136017 1192
1136019 1229
1136020 1248
1136023 1276
1136024 1251
1136025 1251
1136027 1277
1136028 1254
1136029 1254
1136031 1278
1136032 1257
1136033 1257
1136035 1279
1136128 243
1136129 333
1136130 250
1136133 872
1136134 873
1136136 966
1136137 1038
1136138 973
1136140 1096
1136141 1150
1136142 1103
1136144 1187
1136145 1226
1136146 1194
1136148 1249
1136150 1251
1136153 1280
1136154 1263
1136156 1260
1136157 1281
1136158 1265
1136160 1262
1136161 1282
1136162 1267
1136192 249
1136193 243
1136194 250
1136197 871
1136198 873
1136200 972
1136201 966
1136202 973
1136204 1102
1136205 1096
1136206 1103
1136208 1193
1136209 1187
1136210 1194
1136212 1250
1136214 1251
1136216 1280
1136218 1263
1136220 1283
1136221 1260
1136222 1265
1136224 1284
1136225 1262
1136226 1267
1136256 250
1136257 250
1136258 250
1136259 340
1136261 873
1136262 873
1136263 881
1136264 973
1136265 973
1136266 973
1136267 1042
1136268 1103
1136269 1103
1136270 1103
1136271 1154
1136272 1194
1136273 1194
1136274 1194
1136275 1230
1136276 1251
1136278 1251
1136279 1277
1136280 1263
1136281 1263
1136283 1285
1136284 1265
1136285 1265
1136286 1265
1136287 1286
1136288 1267
1136289 1267
1136290 1267
1136291 1287
1136384 245
1136385 334
1136386 252
1136389 875
1136390 876
1136392 968
1136393 1039
1136394 975
1136396 1098
1136397 1151
1136398 1105
1136400 1189
1136401 1227
1136402 1196
1136404 1252
1136406 1254
1136408 1260
1136409 1283
1136410 1265
1136413 1288
1136414 1271
1136416 1270
1136417 1289
1136418 1273
1136448 251
1136449 245
1136450 252
1136453 874
1136454 876
1136456 974
1136457 968
1136458 975
1136460 1104
1136461 1098
1136462 1105
1136464 1195
1136465 1189
1136466 1196
1136468 1253
1136470 1254
1136472 1281
1136473 1260
1136474 1265
1136476 1288
1136478 1271
1136480 1290
1136481 1270
1136482 1273
1136512 252
1136513 252
1136514 252
1136515 341
1136517 876
1136518 876
1136519 882
1136520 975
1136521 975
1136522 975
1136523 1043
1136524 1105
1136525 1105
1136526 1105
1136527 1155
1136528 1196
1136529 1196
1136530 1196
1136531 1231
1136532 1254
1136534 1254
1136535 1278
1136536 1265
1136537 1265
1136538 1265
1136539 1286
1136540 1271
1136541 1271
1136543 1291
1136544 1273
1136545 1273
1136546 1273
1136547 1292
1136640 247
1136641 335
1136642 254
1136645 878
1136646 879
1136648 970
1136649 1040
1136650 977
1136652 1100
1136653 1152
1136654 1107
1136656 1191
1136657 1228
1136658 1198
1136660 1255
1136662 1257
1136664 1262
1136665 1284
1136666 1267
1136668 1270
1136669 1290
1136670 1273
1136673 1293
1136674 1275
1136704 253
1136705 247
1136706 254
1136709 877
1136710 879
1136712 976
1136713 970
1136714 977
1136716 1106
1136717 1100
1136718 1107
1136720 1197
1136721 1191
1136722 1198
1136724 1256
1136726 1257
1136728 1282
1136729 1262
1136730 1267
1136732 1289
1136733 1270
1136734 1273
1136736 1293
1136738 1275
1136768 254
1136769 254
1136770 254
1136771 342
1136773 879
1136774 879
1136775 883
1136776 977
1136777 977
1136778 977
1136779 1044
1136780 1107
1136781 1107
1136782 1107
1136783 1156
1136784 1198
1136785 1198
1136786 1198
1136787 1232
1136788 1257
1136790 1257
1136791 1279
1136792 1267
1136793 1267
1136794 1267
1136795 1287
1136796 1273
1136797 1273
1136798 1273
1136799 1292
1136800 1275
1136801 1275
1136803 1294
1148480 255
1148481 343
1148482 260
1148485 884
1148486 885
1148488 978
1148489 1045
1148490 983
1148492 1108
1148493 1157
1148494 1113
1148496 1199
1148497 1233
1148498 1204
1148500 1258
1148501 1280
1148502 1263
1148506 1295
1148508 1296
1148509 1297
1148510 1298
1148512 1299
1148513 1300
1148514 1301
1148672 256
1148673 257
1148677 886
1148680 979
1148681 980
1148684 1109
1148685 1110
1148688 1200
1148689 1201
1148692 1259
1148693 1260
1148697 1296
1148701 1302
1148704 1303
1148705 1304
1148736 257
1148737 346
1148738 262
1148741 887
1148742 888
1148744 980
1148745 1046
1148746 985
1148748 1110
1148749 1158
1148750 1115
1148752 1201
1148753 1234
1148754 1206
1148756 1260
1148757 1281
1148758 1265
1148761 1297
1148762 1298
1148764 1302
1148766 1305
1148768 1304
1148769 1306
1148770 1307
1148928 258
1148929 259
1148933 889
1148936 981
1148937 982
1148940 1111
1148941 1112
1148944 1202
1148945 1203
1148948 1261
1148949 1262
1148953 1299
1148956 1303
1148957 1304
1148961 1308
1148992 259
1148993 347
1148994 264
1148997 890
1148998 891
1149000 982
1149001 1047
1149002 987
1149004 1112
1149005 1159
1149006 1117
1149008 1203
1149009 1235
1149010 1208
1149012 1262
1149013 1282
1149014 1267
1149017 1300
1149018 1301
1149020 1304
1149021 1306
1149022 1307
1149024 1308
1149026 1309
1152640 260
1152641 260
1152643 348
1152645 885
1152647 892
1152648 983
1152649 983
1152651 1050
1152652 1113
1152653 1113
1152655 1162
1152656 1204
1152657 1204
1152659 1238
1152660 1263
1152661 1263
1152663 1285
1152664 1295
1152667 1310
1152668 1298
1152669 1298
1152671 1311
1152672 1301
1152673 1301
1152675 1312
1152768 257
1152769 344
1152770 262
1152773 887
1152774 888
1152776 980
1152777 1048
1152778 985
1152780 1110
1152781 1160
1152782 1115
1152784 1201
1152785 1236
1152786 1206
1152788 1260
1152789 1283
1152790 1265
1152792 1296
1152794 1298
1152797 1313
1152798 1305
1152800 1304
1152801 1314
1152802 1307
1152832 261
1152833 257
1152834 262
1152837 886
1152838 888
1152840 984
1152841 980
1152842 985
1152844 1114
1152845 1110
1152846 1115
1152848 1205
1152849 1201
1152850 1206
1152852 1264
1152853 1260
1152854 1265
1152856 1297
1152858 1298
1152860 1313
1152862 1305
1152864 1315
1152865 1304
1152866 1307
1152896 262
1152897 262
1152898 262
1152899 349
1152901 888
1152902 888
1152903 893
1152904 985
1152905 985
1152906 985
1152907 1051
1152908 1115
1152909 1115
1152910 1115
1152911 1163
1152912 1206
1152913 1206
1152914 1206
1152915 1239
1152916 1265
1152917 1265
1152918 1265
1152919 1286
1152920 1298
1152922 1298
1152923 1311
1152924 1305
1152925 1305
1152927 1316
1152928 1307
1152929 1307
1152930 1307
1152931 1317
1153024 259
1153025 345
1153026 264
1153029 890
1153030 891
1153032 982
1153033 1049
1153034 987
1153036 1112
1153037 1161
1153038 1117
1153040 1203
1153041 1237
1153042 1208
1153044 1262
1153045 1284
1153046 1267
1153048 1299
1153050 1301
1153052 1304
1153053 1315
1153054 1307
1153057 1318
1153058 1309
1153088 263
1153089 259
1153090 264
1153093 889
1153094 891
1153096 986
1153097 982
1153098 987
1153100 1116
1153101 1112
1153102 1117
1153104 1207
1153105 1203
1153106 1208
1153108 1266
1153109 1262
1153110 1267
1153112 1300
1153114 1301
1153116 1314
1153117 1304
1153118 1307
1153120 1318
1153122 1309
1153152 264
1153153 264
1153154 264
1153155 350
1153157 891
1153158 891
1153159 894
1153160 987
1153161 987
1153162 987
1153163 1052
1153164 1117
1153165 1117
1153166 1117
1153167 1164
1153168 1208
1153169 1208
1153170 1208
1153171 1240
1153172 1267
1153173 1267
1153174 1267
1153175 1287
1153176 1301
1153178 1301
1153179 1312
1153180 1307
1153181 1307
1153182 1307
1153183 1317
1153184 1309
1153185 1309
1153187 1319
1165120 265
1165121 351
1165122 268
1165125 895
1165126 896
1165128 988
1165129 1053
1165130 991
1165132 1118
1165133 1165
1165134 1121
1165136 1209
1165137 1241
1165138 1212
1165140 1268
1165141 1288
1165142 1271
1165144 1302
1165145 1313
1165146 1305
1165150 1320
1165152 1321
1165153 1322
1165154 1323
1165312 266
1165313 267
1165317 897
1165320 989
1165321 990
1165324 1119
1165325 1120
1165328 1210
1165329 1211
1165332 1269
1165333 1270
1165336 1303
1165337 1304
1165341 1321
1165345 1324
1165376 267
1165377 353
1165378 270
1165381 898
1165382 899
1165384 990
1165385 1054
1165386 993
1165388 1120
1165389 1166
1165390 1123
1165392 1211
1165393 1242
1165394 1214
1165396 1270
1165397 1289
1165398 1273
1165400 1304
1165401 1314
1165402 1307
1165405 1322
1165406 1323
1165408 1324
1165410 1325
1169280 268
1169281 268
1169283 354
1169285 896
1169287 900
1169288 991
1169289 991
1169291 1056
1169292 1121
1169293 1121
1169295 1168
1169296 1212
1169297 1212
1169299 1244
1169300 1271
1169301 1271
1169303 1291
1169304 1305
1169305 1305
1169307 1316
1169308 1320
1169311 1326
1169312 1323
1169313 1323
1169315 1327
1169408 267
1169409 352
1169410 270
1169413 898
1169414 899
1169416 990
1169417 1055
1169418 993
1169420 1120
1169421 1167
1169422 1123
1169424 1211
1169425 1243
1169426 1214
1169428 1270
1169429 1290
1169430 1273
1169432 1304
1169433 1315
1169434 1307
1169436 1321
1169438 1323
1169441 1328
1169442 1325
1169472 269
1169473 267
1169474 270
1169477 897
1169478 899
1169480 992
1169481 990
1169482 993
1169484 1122
1169485 1120
1169486 1123
1169488 1213
1169489 1211
1169490 1214
1169492 1272
1169493 1270
1169494 1273
1169496 1306
1169497 1304
1169498 1307
1169500 1322
1169502 1323
1169504 1328
1169506 1325
1169536 270
1169537 270
1169538 270
1169539 355
1169541 899
1169542 899
1169543 901
1169544 993
1169545 993
1169546 993
1169547 1057
1169548 1123
1169549 1123
1169550 1123
1169551 1169
1169552 1214
1169553 1214
1169554 1214
1169555 1245
1169556 1273
1169557 1273
1169558 1273
1169559 1292
1169560 1307
1169561 1307
1169562 1307
1169563 1317
1169564 1323
1169566 1323
1169567 1327
1169568 1325
1169569 1325
1169571 1329
1181760 271
1181761 356
1181762 272
1181765 902
1181766 903
1181768 994
1181769 1058
1181770 995
1181772 1124
1181773 1170
1181774 1125
1181776 1215
1181777 1246
1181778 1216
1181780 1274
1181781 1293
1181782 1275
1181784 1308
1181785 1318
1181786 1309
1181788 1324
1181789 1328
1181790 1325
1181794 1330
1185920 272
1185921 272
1185923 357
1185925 903
1185927 904
1185928 995
1185929 995
1185931 1059
1185932 1125
1185933 1125
1185935 1171
1185936 1216
1185937 1216
1185939 1247
1185940 1275
1185941 1275
1185943 1294
1185944 1309
1185945 1309
1185947 1319
1185948 1325
1185949 1325
1185951 1329
1185952 1330
1185955 1331
2134656 358
2134659 449
2134660 905
2134663 996
2134667 1332
2134668 1333
2134671 1334
2134672 1335
2134675 1336
2134676 1337
2134679 1338
2134680 1339
2134683 1340
2134684 1341
2134687 1342
2134688 1343
2134691 1344
2134784 359
2134785 360
2134786 361
2134788 906
2134789 907
2134790 908
2134794 1333
2134797 1345
2134798 1346
2134800 1347
2134801 1348
2134802 1349
2134804 1350
2134805 1351
2134806 1352
2134808 1353
2134809 1354
2134810 1355
2134812 1356
2134813 1357
2134814 1358
2134816 1359
2134817 1360
2134818 1361
2134912 361
2134914 361
2134915 450
2134916 908
2134918 908
2134919 997
2134922 1333
2134923 1334
2134924 1346
2134927 1362
2134928 1349
2134930 1349
2134931 1363
2134932 1352
2134934 1352
2134935 1364
2134936 1355
2134938 1355
2134939 1365
2134940 1358
2134942 1358
2134943 1366
2134944 1361
2134946 1361
2134947 1367
2135040 362
2135041 363
2135042 364
2135044 909
2135045 910
2135046 911
2135050 1335
2135052 1347
2135053 1348
2135054 1349
2135057 1368
2135058 1369
2135060 1370
2135061 1371
2135062 1372
2135064 1373
2135065 1374
2135066 1375
2135068 1376
2135069 1377
2135070 1378
2135072 1379
2135073 1380
2135074 1381
2135168 364
2135170 364
2135171 451
2135172 911
2135174 911
2135175 998
2135178 1335
2135179 1336
2135180 1349
2135182 1349
2135183 1363
2135184 1369
2135187 1382
2135188 1372
2135190 1372
2135191 1383
2135192 1375
2135194 1375
2135195 1384
2135196 1378
2135198 1378
2135199 1385
2135200 1381
2135202 1381
2135203 1386
2135296 365
2135297 366
2135298 367
2135300 912
2135301 913
2135302 914
2135306 1337
2135308 1350
2135309 1351
2135310 1352
2135312 1370
2135313 1371
2135314 1372
2135317 1387
2135318 1388
2135320 1389
2135321 1390
2135322 1391
2135324 1392
2135325 1393
2135326 1394
2135328 1395
2135329 1396
2135330 1397
2135424 367
2135426 367
2135427 452
2135428 914
2135430 914
2135431 999
2135434 1337
2135435 1338
2135436 1352
2135438 1352
2135439 1364
2135440 1372
2135442 1372
2135443 1383
2135444 1388
2135447 1398
2135448 1391
2135450 1391
2135451 1399
2135452 1394
2135454 1394
2135455 1400
2135456 1397
2135458 1397
2135459 1401
2135552 368
2135553 369
2135554 370
2135556 915
2135557 916
2135558 917
2135562 1339
2135564 1353
2135565 1354
2135566 1355
2135568 1373
2135569 1374
2135570 1375
2135572 1389
2135573 1390
2135574 1391
2135577 1402
2135578 1403
2135580 1404
2135581 1405
2135582 1406
2135584 1407
2135585 1408
2135586 1409
2135680 370
2135682 370
2135683 453
2135684 917
2135686 917
2135687 1000
2135690 1339
2135691 1340
2135692 1355
2135694 1355
2135695 1365
2135696 1375
2135698 1375
2135699 1384
2135700 1391
2135702 1391
2135703 1399
2135704 1403
2135707 1410
2135708 1406
2135710 1406
2135711 1411
2135712 1409
2135714 1409
2135715 1412
2135808 371
2135809 372
2135810 373
2135812 918
2135813 919
2135814 920
2135818 1341
2135820 1356
2135821 1357
2135822 1358
2135824 1376
2135825 1377
2135826 1378
2135828 1392
2135829 1393
2135830 1394
2135832 1404
2135833 1405
2135834 1406
2135837 1413
2135838 1414
2135840 1415
2135841 1416
2135842 1417
2135936 373
2135938 373
2135939 454
2135940 920
2135942 920
2135943 1001
2135946 1341
2135947 1342
2135948 1358
2135950 1358
2135951 1366
2135952 1378
2135954 1378
2135955 1385
2135956 1394
2135958 1394
2135959 1400
2135960 1406
2135962 1406
2135963 1411
2135964 1414
2135967 1418
2135968 1417
2135970 1417
2135971 1419
2136064 374
2136065 375
2136066 376
2136068 921
2136069 922
2136070 923
2136074 1343
2136076 1359
2136077 1360
2136078 1361
2136080 1379
2136081 1380
2136082 1381
2136084 1395
2136085 1396
2136086 1397
2136088 1407
2136089 1408
2136090 1409
2136092 1415
2136093 1416
2136094 1417
2136097 1420
2136098 1421
2136192 376
2136194 376
2136195 455
2136196 923
2136198 923
2136199 1002
2136202 1343
2136203 1344
2136204 1361
2136206 1361
2136207 1367
2136208 1381
2136210 1381
2136211 1386
2136212 1397
2136214 1397
2136215 1401
2136216 1409
2136218 1409
2136219 1412
2136220 1417
2136222 1417
2136223 1419
2136224 1421
2136227 1422
2147136 377
2147137 456
2147138 388
2147140 924
2147141 1003
2147142 935
2147145 1345
2147146 1346
2147150 1423
2147152 1424
2147153 1425
2147154 1426
2147156 1427
2147157 1428
2147158 1429
2147160 1430
2147161 1431
2147162 1432
2147164 1433
2147165 1434
2147166 1435
2147168 1436
2147169 1437
2147170 1438
2147328 378
2147329 379
2147332 925
2147333 926
2147337 1347
2147341 1424
2147345 1439
2147348 1440
2147349 1441
2147352 1442
2147353 1443
2147356 1444
2147357 1445
2147360 1446
2147361 1447
2147392 379
2147393 462
2147394 390
2147396 926
2147397 1009
2147398 937
2147401 1348
2147402 1349
2147405 1425
2147406 1426
2147408 1439
2147410 1448
2147412 1441
2147413 1449
2147414 1450
2147416 1443
2147417 1451
2147418 1452
2147420 1445
2147421 1453
2147422 1454
2147424 1447
2147425 1455
2147426 1456
2147584 380
2147585 381
2147588 927
2147589 928
2147593 1350
2147597 1427
2147600 1440
2147601 1441
2147605 1457
2147608 1458
2147609 1459
2147612 1460
2147613 1461
2147616 1462
2147617 1463
2147648 381
2147649 463
2147650 392
2147652 928
2147653 1010
2147654 939
2147657 1351
2147658 1352
2147661 1428
2147662 1429
2147664 1441
2147665 1449
2147666 1450
2147668 1457
2147670 1464
2147672 1459
2147673 1465
2147674 1466
2147676 1461
2147677 1467
2147678 1468
2147680 1463
2147681 1469
2147682 1470
2147840 382
2147841 383
2147844 929
2147845 930
2147849 1353
2147853 1430
2147856 1442
2147857 1443
2147860 1458
2147861 1459
2147865 1471
2147868 1472
2147869 1473
2147872 1474
2147873 1475
2147904 383
2147905 464
2147906 394
2147908 930
2147909 1011
2147910 941
2147913 1354
2147914 1355
2147917 1431
2147918 1432
2147920 1443
2147921 1451
2147922 1452
2147924 1459
2147925 1465
2147926 1466
2147928 1471
2147930 1476
2147932 1473
2147933 1477
2147934 1478
2147936 1475
2147937 1479
2147938 1480
2148096 384
2148097 385
2148100 931
2148101 932
2148105 1356
2148109 1433
2148112 1444
2148113 1445
2148116 1460
2148117 1461
2148120 1472
2148121 1473
2148125 1481
2148128 1482
2148129 1483
2148160 385
2148161 465
2148162 396
2148164 932
2148165 1012
2148166 943
2148169 1357
2148170 1358
2148173 1434
2148174 1435
2148176 1445
2148177 1453
2148178 1454
2148180 1461
2148181 1467
2148182 1468
2148184 1473
2148185 1477
2148186 1478
2148188 1481
2148190 1484
2148192 1483
2148193 1485
2148194 1486
2148352 386
2148353 387
2148356 933
2148357 934
2148361 1359
2148365 1436
2148368 1446
2148369 1447
2148372 1462
2148373 1463
2148376 1474
2148377 1475
2148380 1482
2148381 1483
2148385 1487
2148416 387
2148417 466
2148418 398
2148420 934
2148421 1013
2148422 945
2148425 1360
2148426 1361
2148429 1437
2148430 1438
2148432 1447
2148433 1455
2148434 1456
2148436 1463
2148437 1469
2148438 1470
2148440 1475
2148441 1479
2148442 1480
2148444 1483
2148445 1485
2148446 1486
2148448 1487
2148450 1488
2151296 388
2151297 388
2151299 467
2151300 935
2151301 935
2151303 1014
2151305 1346
2151307 1362
2151308 1423
2151311 1489
2151312 1426
2151313 1426
2151315 1490
2151316 1429
2151317 1429
2151319 1491
2151320 1432
2151321 1432
2151323 1492
2151324 1435
2151325 1435
2151327 1493
2151328 1438
2151329 1438
2151331 1494
2151424 379
2151425 457
2151426 390
2151428 926
2151429 1004
2151430 937
2151433 1348
2151434 1349
2151436 1424
2151438 1426
2151441 1495
2151442 1448
2151444 1441
2151445 1496
2151446 1450
2151448 1443
2151449 1497
2151450 1452
2151452 1445
2151453 1498
2151454 1454
2151456 1447
2151457 1499
2151458 1456
2151488 389
2151489 379
2151490 390
2151492 936
2151493 926
2151494 937
2151497 1347
2151498 1349
2151500 1425
2151502 1426
2151504 1495
2151506 1448
2151508 1500
2151509 1441
2151510 1450
2151512 1501
2151513 1443
2151514 1452
2151516 1502
2151517 1445
2151518 1454
2151520 1503
2151521 1447
2151522 1456
2151552 390
2151553 390
2151554 390
2151555 468
2151556 937
2151557 937
2151558 937
2151559 1015
2151561 1349
2151562 1349
2151563 1363
2151564 1426
2151566 1426
2151567 1490
2151568 1448
2151569 1448
2151571 1504
2151572 1450
2151573 1450
2151574 1450
2151575 1505
2151576 1452
2151577 1452
2151578 1452
2151579 1506
2151580 1454
2151581 1454
2151582 1454
2151583 1507
2151584 1456
2151585 1456
2151586 1456
2151587 1508
2151680 381
2151681 458
2151682 392
2151684 928
2151685 1005
2151686 939
2151689 1351
2151690 1352
2151692 1427
2151694 1429
2151696 1441
2151697 1500
2151698 1450
2151701 1509
2151702 1464
2151704 1459
2151705 1510
2151706 1466
2151708 1461
2151709 1511
2151710 1468
2151712 1463
2151713 1512
2151714 1470
2151744 391
2151745 381
2151746 392
2151748 938
2151749 928
2151750 939
2151753 1350
2151754 1352
2151756 1428
2151758 1429
2151760 1496
2151761 1441
2151762 1450
2151764 1509
2151766 1464
2151768 1513
2151769 1459
2151770 1466
2151772 1514
2151773 1461
2151774 1468
2151776 1515
2151777 1463
2151778 1470
2151808 392
2151809 392
2151810 392
2151811 469
2151812 939
2151813 939
2151814 939
2151815 1016
2151817 1352
2151818 1352
2151819 1364
2151820 1429
2151822 1429
2151823 1491
2151824 1450
2151825 1450
2151826 1450
2151827 1505
2151828 1464
2151829 1464
2151831 1516
2151832 1466
2151833 1466
2151834 1466
2151835 1517
2151836 1468
2151837 1468
2151838 1468
2151839 1518
2151840 1470
2151841 1470
2151842 1470
2151843 1519
2151936 383
2151937 459
2151938 394
2151940 930
2151941 1006
2151942 941
2151945 1354
2151946 1355
2151948 1430
2151950 1432
2151952 1443
2151953 1501
2151954 1452
2151956 1459
2151957 1513
2151958 1466
2151961 1520
2151962 1476
2151964 1473
2151965 1521
2151966 1478
2151968 1475
2151969 1522
2151970 1480
2152000 393
2152001 383
2152002 394
2152004 940
2152005 930
2152006 941
2152009 1353
2152010 1355
2152012 1431
2152014 1432
2152016 1497
2152017 1443
2152018 1452
2152020 1510
2152021 1459
2152022 1466
2152024 1520
2152026 1476
2152028 1523
2152029 1473
2152030 1478
2152032 1524
2152033 1475
2152034 1480
2152064 394
2152065 394
2152066 394
2152067 470
2152068 941
2152069 941
2152070 941
2152071 1017
2152073 1355
2152074 1355
2152075 1365
2152076 1432
2152078 1432
2152079 1492
2152080 1452
2152081 1452
2152082 1452
2152083 1506
2152084 1466
2152085 1466
2152086 1466
2152087 1517
2152088 1476
2152089 1476
2152091 1525
2152092 1478
2152093 1478
2152094 1478
2152095 1526
2152096 1480
2152097 1480
2152098 1480
2152099 1527
2152192 385
2152193 460
2152194 396
2152196 932
2152197 1007
2152198 943
2152201 1357
2152202 1358
2152204 1433
2152206 1435
2152208 1445
2152209 1502
2152210 1454
2152212 1461
2152213 1514
2152214 1468
2152216 1473
2152217 1523
2152218 1478
2152221 1528
2152222 1484
2152224 1483
2152225 1529
2152226 1486
2152256 395
2152257 385
2152258 396
2152260 942
2152261 932
2152262 943
2152265 1356
2152266 1358
2152268 1434
2152270 1435
2152272 1498
2152273 1445
2152274 1454
2152276 1511
2152277 1461
2152278 1468
2152280 1521
2152281 1473
2152282 1478
2152284 1528
2152286 1484
2152288 1530
2152289 1483
2152290 1486
2152320 396
2152321 396
2152322 396
2152323 471
2152324 943
2152325 943
2152326 943
2152327 1018
2152329 1358
2152330 1358
2152331 1366
2152332 1435
2152334 1435
2152335 1493
2152336 1454
2152337 1454
2152338 1454
2152339 1507
2152340 1468
2152341 1468
2152342 1468
2152343 1518
2152344 1478
2152345 1478
2152346 1478
2152347 1526
2152348 1484
2152349 1484
2152351 1531
2152352 1486
2152353 1486
2152354 1486
2152355 1532
2152448 387
2152449 461
2152450 398
2152452 934
2152453 1008
2152454 945
2152457 1360
2152458 1361
2152460 1436
2152462 1438
2152464 1447
2152465 1503
2152466 1456
2152468 1463
2152469 1515
2152470 1470
2152472 1475
2152473 1524
2152474 1480
2152476 1483
2152477 1530
2152478 1486
2152481 1533
2152482 1488
2152512 397
2152513 387
2152514 398
2152516 944
2152517 934
2152518 945
2152521 1359
2152522 1361
2152524 1437
2152526 1438
2152528 1499
2152529 1447
2152530 1456
2152532 1512
2152533 1463
2152534 1470
2152536 1522
2152537 1475
2152538 1480
2152540 1529
2152541 1483
2152542 1486
2152544 1533
2152546 1488
2152576 398
2152577 398
2152578 398
2152579 472
2152580 945
2152581 945
2152582 945
2152583 1019
2152585 1361
2152586 1361
2152587 1367
2152588 1438
2152590 1438
2152591 1494
2152592 1456
2152593 1456
2152594 1456
2152595 1508
2152596 1470
2152597 1470
2152598 1470
2152599 1519
2152600 1480
2152601 1480
2152602 1480
2152603 1527
2152604 1486
2152605 1486
2152606 1486
2152607 1532
2152608 1488
2152609 1488
2152611 1534
2163776 399
2163777 473
2163778 408
2163780 946
2163781 1020
2163782 955
2163785 1368
2163786 1369
2163788 1439
2163789 1495
2163790 1448
2163794 1535
2163796 1536
2163797 1537
2163798 1538
2163800 1539
2163801 1540
2163802 1541
2163804 1542
2163805 1543
2163806 1544
2163808 1545
2163809 1546
2163810 1547
2163968 400
2163969 401
2163972 947
2163973 948
2163977 1370
2163980 1440
2163981 1441
2163985 1536
2163989 1548
2163992 1549
2163993 1550
2163996 1551
2163997 1552
2164000 1553
2164001 1554
2164032 401
2164033 478
2164034 410
2164036 948
2164037 1025
2164038 957
2164041 1371
2164042 1372
2164044 1441
2164045 1496
2164046 1450
2164049 1537
2164050 1538
2164052 1548
2164054 1555
2164056 1550
2164057 1556
2164058 1557
2164060 1552
2164061 1558
2164062 1559
2164064 1554
2164065 1560
2164066 1561
2164224 402
2164225 403
2164228 949
2164229 950
2164233 1373
2164236 1442
2164237 1443
2164241 1539
2164244 1549
2164245 1550
2164249 1562
2164252 1563
2164253 1564
2164256 1565
2164257 1566
2164288 403
2164289 479
2164290 412
2164292 950
2164293 1026
2164294 959
2164297 1374
2164298 1375
2164300 1443
2164301 1497
2164302 1452
2164305 1540
2164306 1541
2164308 1550
2164309 1556
2164310 1557
2164312 1562
2164314 1567
2164316 1564
2164317 1568
2164318 1569
2164320 1566
2164321 1570
2164322 1571
2164480 404
2164481 405
2164484 951
2164485 952
2164489 1376
2164492 1444
2164493 1445
2164497 1542
2164500 1551
2164501 1552
2164504 1563
2164505 1564
2164509 1572
2164512 1573
2164513 1574
2164544 405
2164545 480
2164546 414
2164548 952
2164549 1027
2164550 961
2164553 1377
2164554 1378
2164556 1445
2164557 1498
2164558 1454
2164561 1543
2164562 1544
2164564 1552
2164565 1558
2164566 1559
2164568 1564
2164569 1568
2164570 1569
2164572 1572
2164574 1575
2164576 1574
2164577 1576
2164578 1577
2164736 406
2164737 407
2164740 953
2164741 954
2164745 1379
2164748 1446
2164749 1447
2164753 1545
2164756 1553
2164757 1554
2164760 1565
2164761 1566
2164764 1573
2164765 1574
2164769 1578
2164800 407
2164801 481
2164802 416
2164804 954
2164805 1028
2164806 963
2164809 1380
2164810 1381
2164812 1447
2164813 1499
2164814 1456
2164817 1546
2164818 1547
2164820 1554
2164821 1560
2164822 1561
2164824 1566
2164825 1570
2164826 1571
2164828 1574
2164829 1576
2164830 1577
2164832 1578
2164834 1579
2167936 408
2167937 408
2167939 482
2167940 955
2167941 955
2167943 1029
2167945 1369
2167947 1382
2167948 1448
2167949 1448
2167951 1504
2167952 1535
2167955 1580
2167956 1538
2167957 1538
2167959 1581
2167960 1541
2167961 1541
2167963 1582
2167964 1544
2167965 1544
2167967 1583
2167968 1547
2167969 1547
2167971 1584
2168064 401
2168065 474
2168066 410
2168068 948
2168069 1021
2168070 957
2168073 1371
2168074 1372
2168076 1441
2168077 1500
2168078 1450
2168080 1536
2168082 1538
2168085 1585
2168086 1555
2168088 1550
2168089 1586
2168090 1557
2168092 1552
2168093 1587
2168094 1559
2168096 1554
2168097 1588
2168098 1561
2168128 409
2168129 401
2168130 410
2168132 956
2168133 948
2168134 957
2168137 1370
2168138 1372
2168140 1449
2168141 1441
2168142 1450
2168144 1537
2168146 1538
2168148 1585
2168150 1555
2168152 1589
2168153 1550
2168154 1557
2168156 1590
2168157 1552
2168158 1559
2168160 1591
2168161 1554
2168162 1561
2168192 410
2168193 410
2168194 410
2168195 483
2168196 957
2168197 957
2168198 957
2168199 1030
2168201 1372
2168202 1372
2168203 1383
2168204 1450
2168205 1450
2168206 1450
2168207 1505
2168208 1538
2168210 1538
2168211 1581
2168212 1555
2168213 1555
2168215 1592
2168216 1557
2168217 1557
2168218 1557
2168219 1593
2168220 1559
2168221 1559
2168222 1559
2168223 1594
2168224 1561
2168225 1561
2168226 1561
2168227 1595
2168320 403
2168321 475
2168322 412
2168324 950
2168325 1022
2168326 959
2168329 1374
2168330 1375
2168332 1443
2168333 1501
2168334 1452
2168336 1539
2168338 1541
2168340 1550
2168341 1589
2168342 1557
2168345 1596
2168346 1567
2168348 1564
2168349 1597
2168350 1569
2168352 1566
2168353 1598
2168354 1571
2168384 411
2168385 403
2168386 412
2168388 958
2168389 950
2168390 959
2168393 1373
2168394 1375
2168396 1451
2168397 1443
2168398 1452
2168400 1540
2168402 1541
2168404 1586
2168405 1550
2168406 1557
2168408 1596
2168410 1567
2168412 1599
2168413 1564
2168414 1569
2168416 1600
2168417 1566
2168418 1571
2168448 412
2168449 412
2168450 412
2168451 484
2168452 959
2168453 959
2168454 959
2168455 1031
2168457 1375
2168458 1375
2168459 1384
2168460 1452
2168461 1452
2168462 1452
2168463 1506
2168464 1541
2168466 1541
2168467 1582
2168468 1557
2168469 1557
2168470 1557
2168471 1593
2168472 1567
2168473 1567
2168475 1601
2168476 1569
2168477 1569
2168478 1569
2168479 1602
2168480 1571
2168481 1571
2168482 1571
2168483 1603
2168576 405
2168577 476
2168578 414
2168580 952
2168581 1023
2168582 961
2168585 1377
2168586 1378
2168588 1445
2168589 1502
2168590 1454
2168592 1542
2168594 1544
2168596 1552
2168597 1590
2168598 1559
2168600 1564
2168601 1599
2168602 1569
2168605 1604
2168606 1575
2168608 1574
2168609 1605
2168610 1577
2168640 413
2168641 405
2168642 414
2168644 960
2168645 952
2168646 961
2168649 1376
2168650 1378
2168652 1453
2168653 1445
2168654 1454
2168656 1543
2168658 1544
2168660 1587
2168661 1552
2168662 1559
2168664 1597
2168665 1564
2168666 1569
2168668 1604
2168670 1575
2168672 1606
2168673 1574
2168674 1577
2168704 414
2168705 414
2168706 414
2168707 485
2168708 961
2168709 961
2168710 961
2168711 1032
2168713 1378
2168714 1378
2168715 1385
2168716 1454
2168717 1454
2168718 1454
2168719 1507
2168720 1544
2168722 1544
2168723 1583
2168724 1559
2168725 1559
2168726 1559
2168727 1594
2168728 1569
2168729 1569
2168730 1569
2168731 1602
2168732 1575
2168733 1575
2168735 1607
2168736 1577
2168737 1577
2168738 1577
2168739 1608
2168832 407
2168833 477
2168834 416
2168836 954
2168837 1024
2168838 963
2168841 1380
2168842 1381
2168844 1447
2168845 1503
2168846 1456
2168848 1545
2168850 1547
2168852 1554
2168853 1591
2168854 1561
2168856 1566
2168857 1600
2168858 1571
2168860 1574
2168861 1606
2168862 1577
2168865 1609
2168866 1579
2168896 415
2168897 407
2168898 416
2168900 962
2168901 954
2168902 963
2168905 1379
2168906 1381
2168908 1455
2168909 1447
2168910 1456
2168912 1546
2168914 1547
2168916 1588
2168917 1554
2168918 1561
2168920 1598
2168921 1566
2168922 1571
2168924 1605
2168925 1574
2168926 1577
2168928 1609
2168930 1579
2168960 416
2168961 416
2168962 416
2168963 486
2168964 963
2168965 963
2168966 963
2168967 1033
2168969 1381
2168970 1381
2168971 1386
2168972 1456
2168973 1456
2168974 1456
2168975 1508
2168976 1547
2168978 1547
2168979 1584
2168980 1561
2168981 1561
2168982 1561
2168983 1595
2168984 1571
2168985 1571
2168986 1571
2168987 1603
2168988 1577
2168989 1577
2168990 1577
2168991 1608
2168992 1579
2168993 1579
2168995 1610
2180416 417
2180417 487
2180418 424
2180420 964
2180421 1034
2180422 971
2180425 1387
2180426 1388
2180428 1457
2180429 1509
2180430 1464
2180432 1548
2180433 1585
2180434 1555
2180438 1611
2180440 1612
2180441 1613
2180442 1614
2180444 1615
2180445 1616
2180446 1617
2180448 1618
2180449 1619
2180450 1620
2180608 418
2180609 419
2180612 965
2180613 966
2180617 1389
2180620 1458
2180621 1459
2180624 1549
2180625 1550
2180629 1612
2180633 1621
2180636 1622
2180637 1623
2180640 1624
2180641 1625
2180672 419
2180673 491
2180674 426
2180676 966
2180677 1038
2180678 973
2180681 1390
2180682 1391
2180684 1459
2180685 1510
2180686 1466
2180688 1550
2180689 1586
2180690 1557
2180693 1613
2180694 1614
2180696 1621
2180698 1626
2180700 1623
2180701 1627
2180702 1628
2180704 1625
2180705 1629
2180706 1630
2180864 420
2180865 421
2180868 967
2180869 968
2180873 1392
2180876 1460
2180877 1461
2180880 1551
2180881 1552
2180885 1615
2180888 1622
2180889 1623
2180893 1631
2180896 1632
2180897 1633
2180928 421
2180929 492
2180930 428
2180932 968
2180933 1039
2180934 975
2180937 1393
2180938 1394
2180940 1461
2180941 1511
2180942 1468
2180944 1552
2180945 1587
2180946 1559
2180949 1616
2180950 1617
2180952 1623
2180953 1627
2180954 1628
2180956 1631
2180958 1634
2180960 1633
2180961 1635
2180962 1636
2181120 422
2181121 423
2181124 969
2181125 970
2181129 1395
2181132 1462
2181133 1463
2181136 1553
2181137 1554
2181141 1618
2181144 1624
2181145 1625
2181148 1632
2181149 1633
2181153 1637
2181184 423
2181185 493
2181186 430
2181188 970
2181189 1040
2181190 977
2181193 1396
2181194 1397
2181196 1463
2181197 1512
2181198 1470
2181200 1554
2181201 1588
2181202 1561
2181205 1619
2181206 1620
2181208 1625
2181209 1629
2181210 1630
2181212 1633
2181213 1635
2181214 1636
2181216 1637
2181218 1638
2184576 424
2184577 424
2184579 494
2184580 971
2184581 971
2184583 1041
2184585 1388
2184587 1398
2184588 1464
2184589 1464
2184591 1516
2184592 1555
2184593 1555
2184595 1592
2184596 1611
2184599 1639
2184600 1614
2184601 1614
2184603 1640
2184604 1617
2184605 1617
2184607 1641
2184608 1620
2184609 1620
2184611 1642
2184704 419
2184705 488
2184706 426
2184708 966
2184709 1035
2184710 973
2184713 1390
2184714 1391
2184716 1459
2184717 1513
2184718 1466
2184720 1550
2184721 1589
2184722 1557
2184724 1612
2184726 1614
2184729 1643
2184730 1626
2184732 1623
2184733 1644
2184734 1628
2184736 1625
2184737 1645
2184738 1630
2184768 425
2184769 419
2184770 426
2184772 972
2184773 966
2184774 973
2184777 1389
2184778 1391
2184780 1465
2184781 1459
2184782 1466
2184784 1556
2184785 1550
2184786 1557
2184788 1613
2184790 1614
2184792 1643
2184794 1626
2184796 1646
2184797 1623
2184798 1628
2184800 1647
2184801 1625
2184802 1630
2184832 426
2184833 426
2184834 426
2184835 495
2184836 973
2184837 973
2184838 973
2184839 1042
2184841 1391
2184842 1391
2184843 1399
2184844 1466
2184845 1466
2184846 1466
2184847 1517
2184848 1557
2184849 1557
2184850 1557
2184851 1593
2184852 1614
2184854 1614
2184855 1640
2184856 1626
2184857 1626
2184859 1648
2184860 1628
2184861 1628
2184862 1628
2184863 1649
2184864 1630
2184865 1630
2184866 1630
2184867 1650
2184960 421
2184961 489
2184962 428
2184964 968
2184965 1036
2184966 975
2184969 1393
2184970 1394
2184972 1461
2184973 1514
2184974 1468
2184976 1552
2184977 1590
2184978 1559
2184980 1615
2184982 1617
2184984 1623
2184985 1646
2184986 1628
2184989 1651
2184990 1634
2184992 1633
2184993 1652
2184994 1636
2185024 427
2185025 421
2185026 428
2185028 974
2185029 968
2185030 975
2185033 1392
2185034 1394
2185036 1467
2185037 1461
2185038 1468
2185040 1558
2185041 1552
2185042 1559
2185044 1616
2185046 1617
2185048 1644
2185049 1623
2185050 1628
2185052 1651
2185054 1634
2185056 1653
2185057 1633
2185058 1636
2185088 428
2185089 428
2185090 428
2185091 496
2185092 975
2185093 975
2185094 975
2185095 1043
2185097 1394
2185098 1394
2185099 1400
2185100 1468
2185101 1468
2185102 1468
2185103 1518
2185104 1559
2185105 1559
2185106 1559
2185107 1594
2185108 1617
2185110 1617
2185111 1641
2185112 1628
2185113 1628
2185114 1628
2185115 1649
2185116 1634
2185117 1634
2185119 1654
2185120 1636
2185121 1636
2185122 1636
2185123 1655
2185216 423
2185217 490
2185218 430
2185220 970
2185221 1037
2185222 977
2185225 1396
2185226 1397
2185228 1463
2185229 1515
2185230 1470
2185232 1554
2185233 1591
2185234 1561
2185236 1618
2185238 1620
2185240 1625
2185241 1647
2185242 1630
2185244 1633
2185245 1653
2185246 1636
2185249 1656
2185250 1638
2185280 429
2185281 423
2185282 430
2185284 976
2185285 970
2185286 977
2185289 1395
2185290 1397
2185292 1469
2185293 1463
2185294 1470
2185296 1560
2185297 1554
2185298 1561
2185300 1619
2185302 1620
2185304 1645
2185305 1625
2185306 1630
2185308 1652
2185309 1633
2185310 1636
2185312 1656
2185314 1638
2185344 430
2185345 430
2185346 430
2185347 497
2185348 977
2185349 977
2185350 977
2185351 1044
2185353 1397
2185354 1397
2185355 1401
2185356 1470
2185357 1470
2185358 1470
2185359 1519
2185360 1561
2185361 1561
2185362 1561
2185363 1595
2185364 1620
2185366 1620
2185367 1642
2185368 1630
2185369 1630
2185370 1630
2185371 1650
2185372 1636
2185373 1636
2185374 1636
2185375 1655
2185376 1638
2185377 1638
2185379 1657
2197056 431
2197057 498
2197058 436
2197060 978
2197061 1045
2197062 983
2197065 1402
2197066 1403
2197068 1471
2197069 1520
2197070 1476
2197072 1562
2197073 1596
2197074 1567
2197076 1621
2197077 1643
2197078 1626
2197082 1658
2197084 1659
2197085 1660
2197086 1661
2197088 1662
2197089 1663
2197090 1664
2197248 432
2197249 433
2197252 979
2197253 980
2197257 1404
2197260 1472
2197261 1473
2197264 1563
2197265 1564
2197268 1622
2197269 1623
2197273 1659
2197277 1665
2197280 1666
2197281 1667
2197312 433
2197313 501
2197314 438
2197316 980
2197317 1048
2197318 985
2197321 1405
2197322 1406
2197324 1473
2197325 1521
2197326 1478
2197328 1564
2197329 1597
2197330 1569
2197332 1623
2197333 1644
2197334 1628
2197337 1660
2197338 1661
2197340 1665
2197342 1668
2197344 1667
2197345 1669
2197346 1670
2197504 434
2197505 435
2197508 981
2197509 982
2197513 1407
2197516 1474
2197517 1475
2197520 1565
2197521 1566
2197524 1624
2197525 1625
2197529 1662
2197532 1666
2197533 1667
2197537 1671
2197568 435
2197569 502
2197570 440
2197572 982
2197573 1049
2197574 987
2197577 1408
2197578 1409
2197580 1475
2197581 1522
2197582 1480
2197584 1566
2197585 1598
2197586 1571
2197588 1625
2197589 1645
2197590 1630
2197593 1663
2197594 1664
2197596 1667
2197597 1669
2197598 1670
2197600 1671
2197602 1672
2201216 436
2201217 436
2201219 503
2201220 983
2201221 983
2201223 1050
2201225 1403
2201227 1410
2201228 1476
2201229 1476
2201231 1525
2201232 1567
2201233 1567
2201235 1601
2201236 1626
2201237 1626
2201239 1648
2201240 1658
2201243 1673
2201244 1661
2201245 1661
2201247 1674
2201248 1664
2201249 1664
2201251 1675
2201344 433
2201345 499
2201346 438
2201348 980
2201349 1046
2201350 985
2201353 1405
2201354 1406
2201356 1473
2201357 1523
2201358 1478
2201360 1564
2201361 1599
2201362 1569
2201364 1623
2201365 1646
2201366 1628
2201368 1659
2201370 1661
2201373 1676
2201374 1668
2201376 1667
2201377 1677
2201378 1670
2201408 437
2201409 433
2201410 438
2201412 984
2201413 980
2201414 985
2201417 1404
2201418 1406
2201420 1477
2201421 1473
2201422 1478
2201424 1568
2201425 1564
2201426 1569
2201428 1627
2201429 1623
2201430 1628
2201432 1660
2201434 1661
2201436 1676
2201438 1668
2201440 1678
2201441 1667
2201442 1670
2201472 438
2201473 438
2201474 438
2201475 504
2201476 985
2201477 985
2201478 985
2201479 1051
2201481 1406
2201482 1406
2201483 1411
2201484 1478
2201485 1478
2201486 1478
2201487 1526
2201488 1569
2201489 1569
2201490 1569
2201491 1602
2201492 1628
2201493 1628
2201494 1628
2201495 1649
2201496 1661
2201498 1661
2201499 1674
2201500 1668
2201501 1668
2201503 1679
2201504 1670
2201505 1670
2201506 1670
2201507 1680
2201600 435
2201601 500
2201602 440
2201604 982
2201605 1047
2201606 987
2201609 1408
2201610 1409
2201612 1475
2201613 1524
2201614 1480
2201616 1566
2201617 1600
2201618 1571
2201620 1625
2201621 1647
2201622 1630
2201624 1662
2201626 1664
2201628 1667
2201629 1678
2201630 1670
2201633 1681
2201634 1672
2201664 439
2201665 435
2201666 440
2201668 986
2201669 982
2201670 987
2201673 1407
2201674 1409
2201676 1479
2201677 1475
2201678 1480
2201680 1570
2201681 1566
2201682 1571
2201684 1629
2201685 1625
2201686 1630
2201688 1663
2201690 1664
2201692 1677
2201693 1667
2201694 1670
2201696 1681
2201698 1672
2201728 440
2201729 440
2201730 440
2201731 505
2201732 987
2201733 987
2201734 987
2201735 1052
2201737 1409
2201738 1409
2201739 1412
2201740 1480
2201741 1480
2201742 1480
2201743 1527
2201744 1571
2201745 1571
2201746 1571
2201747 1603
2201748 1630
2201749 1630
2201750 1630
2201751 1650
2201752 1664
2201754 1664
2201755 1675
2201756 1670
2201757 1670
2201758 1670
2201759 1680
2201760 1672
2201761 1672
2201763 1682
2213696 441
2213697 506
2213698 444
2213700 988
2213701 1053
2213702 991
2213705 1413
2213706 1414
2213708 1481
2213709 1528
2213710 1484
2213712 1572
2213713 1604
2213714 1575
2213716 1631
2213717 1651
2213718 1634
2213720 1665
2213721 1676
2213722 1668
2213726 1683
2213728 1684
2213729 1685
2213730 1686
2213888 442
2213889 443
2213892 989
2213893 990
2213897 1415
2213900 1482
2213901 1483
2213904 1573
2213905 1574
2213908 1632
2213909 1633
2213912 1666
2213913 1667
2213917 1684
2213921 1687
2213952 443
2213953 508
2213954 446
2213956 990
2213957 1055
2213958 993
2213961 1416
2213962 1417
2213964 1483
2213965 1529
2213966 1486
2213968 1574
2213969 1605
2213970 1577
2213972 1633
2213973 1652
2213974 1636
2213976 1667
2213977 1677
2213978 1670
2213981 1685
2213982 1686
2213984 1687
2213986 1688
2217856 444
2217857 444
2217859 509
2217860 991
2217861 991
2217863 1056
2217865 1414
2217867 1418
2217868 1484
2217869 1484
2217871 1531
2217872 1575
2217873 1575
2217875 1607
2217876 1634
2217877 1634
2217879 1654
2217880 1668
2217881 1668
2217883 1679
2217884 1683
2217887 1689
2217888 1686
2217889 1686
2217891 1690
2217984 443
2217985 507
2217986 446
2217988 990
2217989 1054
2217990 993
2217993 1416
2217994 1417
2217996 1483
2217997 1530
2217998 1486
2218000 1574
2218001 1606
2218002 1577
2218004 1633
2218005 1653
2218006 1636
2218008 1667
2218009 1678
2218010 1670
2218012 1684
2218014 1686
2218017 1691
2218018 1688
2218048 445
2218049 443
2218050 446
2218052 992
2218053 990
2218054 993
2218057 1415
2218058 1417
2218060 1485
2218061 1483
2218062 1486
2218064 1576
2218065 1574
2218066 1577
2218068 1635
2218069 1633
2218070 1636
2218072 1669
2218073 1667
2218074 1670
2218076 1685
2218078 1686
2218080 1691
2218082 1688
2218112 446
2218113 446
2218114 446
2218115 510
2218116 993
2218117 993
2218118 993
2218119 1057
2218121 1417
2218122 1417
2218123 1419
2218124 1486
2218125 1486
2218126 1486
2218127 1532
2218128 1577
2218129 1577
2218130 1577
2218131 1608
2218132 1636
2218133 1636
2218134 1636
2218135 1655
2218136 1670
2218137 1670
2218138 1670
2218139 1680
2218140 1686
2218142 1686
2218143 1690
2218144 1688
2218145 1688
2218147 1692
2230336 447
2230337 511
2230338 448
2230340 994
2230341 1058
2230342 995
2230345 1420
2230346 1421
2230348 1487
2230349 1533
2230350 1488
2230352 1578
2230353 1609
2230354 1579
2230356 1637
2230357 1656
2230358 1638
2230360 1671
2230361 1681
2230362 1672
2230364 1687
2230365 1691
2230366 1688
2230370 1693
2234496 448
2234497 448
2234499 512
2234500 995
2234501 995
2234503 1059
2234505 1421
2234507 1422
2234508 1488
2234509 1488
2234511 1534
2234512 1579
2234513 1579
2234515 1610
2234516 1638
2234517 1638
2234519 1657
2234520 1672
2234521 1672
2234523 1682
2234524 1688
2234525 1688
2234527 1692
2234528 1693
2234531 1694
3199872 513
3199875 579
3199876 1060
3199879 1126
3199880 1423
3199883 1489
3199887 1695
3199888 1696
3199891 1697
3199892 1698
3199895 1699
3199896 1700
3199899 1701
3199900 1702
3199903 1703
3199904 1704
3199907 1705
3200000 514
3200001 515
3200002 516
3200004 1061
3200005 1062
3200006 1063
3200008 1424
3200009 1425
3200010 1426
3200014 1696
3200017 1706
3200018 1707
3200020 1708
3200021 1709
3200022 1710
3200024 1711
3200025 1712
3200026 1713
3200028 1714
3200029 1715
3200030 1716
3200032 1717
3200033 1718
3200034 1719
3200128 516
3200130 516
3200131 580
3200132 1063
3200134 1063
3200135 1127
3200136 1426
3200138 1426
3200139 1490
3200142 1696
3200143 1697
3200144 1707
3200147 1720
3200148 1710
3200150 1710
3200151 1721
3200152 1713
3200154 1713
3200155 1722
3200156 1716
3200158 1716
3200159 1723
3200160 1719
3200162 1719
3200163 1724
3200256 517
3200257 518
3200258 519
3200260 1064
3200261 1065
3200262 1066
3200264 1427
3200265 1428
3200266 1429
3200270 1698
3200272 1708
3200273 1709
3200274 1710
3200277 1725
3200278 1726
3200280 1727
3200281 1728
3200282 1729
3200284 1730
3200285 1731
3200286 1732
3200288 1733
3200289 1734
3200290 1735
3200384 519
3200386 519
3200387 581
3200388 1066
3200390 1066
3200391 1128
3200392 1429
3200394 1429
3200395 1491
3200398 1698
3200399 1699
3200400 1710
3200402 1710
3200403 1721
3200404 1726
3200407 1736
3200408 1729
3200410 1729
3200411 1737
3200412 1732
3200414 1732
3200415 1738
3200416 1735
3200418 1735
3200419 1739
3200512 520
3200513 521
3200514 522
3200516 1067
3200517 1068
3200518 1069
3200520 1430
3200521 1431
3200522 1432
3200526 1700
3200528 1711
3200529 1712
3200530 1713
3200532 1727
3200533 1728
3200534 1729
3200537 1740
3200538 1741
3200540 1742
3200541 1743
3200542 1744
3200544 1745
3200545 1746
3200546 1747
3200640 522
3200642 522
3200643 582
3200644 1069
3200646 1069
3200647 1129
3200648 1432
3200650 1432
3200651 1492
3200654 1700
3200655 1701
3200656 1713
3200658 1713
3200659 1722
3200660 1729
3200662 1729
3200663 1737
3200664 1741
3200667 1748
3200668 1744
3200670 1744
3200671 1749
3200672 1747
3200674 1747
3200675 1750
3200768 523
3200769 524
3200770 525
3200772 1070
3200773 1071
3200774 1072
3200776 1433
3200777 1434
3200778 1435
3200782 1702
3200784 1714
3200785 1715
3200786 1716
3200788 1730
3200789 1731
3200790 1732
3200792 1742
3200793 1743
3200794 1744
3200797 1751
3200798 1752
3200800 1753
3200801 1754
3200802 1755
3200896 525
3200898 525
3200899 583
3200900 1072
3200902 1072
3200903 1130
3200904 1435
3200906 1435
3200907 1493
3200910 1702
3200911 1703
3200912 1716
3200914 1716
3200915 1723
3200916 1732
3200918 1732
3200919 1738
3200920 1744
3200922 1744
3200923 1749
3200924 1752
3200927 1756
3200928 1755
3200930 1755
3200931 1757
3201024 526
3201025 527
3201026 528
3201028 1073
3201029 1074
3201030 1075
3201032 1436
3201033 1437
3201034 1438
3201038 1704
3201040 1717
3201041 1718
3201042 1719
3201044 1733
3201045 1734
3201046 1735
3201048 1745
3201049 1746
3201050 1747
3201052 1753
3201053 1754
3201054 1755
3201057 1758
3201058 1759
3201152 528
3201154 528
3201155 584
3201156 1075
3201158 1075
3201159 1131
3201160 1438
3201162 1438
3201163 1494
3201166 1704
3201167 1705
3201168 1719
3201170 1719
3201171 1724
3201172 1735
3201174 1735
3201175 1739
3201176 1747
3201178 1747
3201179 1750
3201180 1755
3201182 1755
3201183 1757
3201184 1759
3201187 1760
3212352 529
3212353 585
3212354 538
3212356 1076
3212357 1132
3212358 1085
3212360 1439
3212361 1495
3212362 1448
3212365 1706
3212366 1707
3212370 1761
3212372 1762
3212373 1763
3212374 1764
3212376 1765
3212377 1766
3212378 1767
3212380 1768
3212381 1769
3212382 1770
3212384 1771
3212385 1772
3212386 1773
3212544 530
3212545 531
3212548 1077
3212549 1078
3212552 1440
3212553 1441
3212557 1708
3212561 1762
3212565 1774
3212568 1775
3212569 1776
3212572 1777
3212573 1778
3212576 1779
3212577 1780
3212608 531
3212609 590
3212610 540
3212612 1078
3212613 1137
3212614 1087
3212616 1441
3212617 1500
3212618 1450
3212621 1709
3212622 1710
3212625 1763
3212626 1764
3212628 1774
3212630 1781
3212632 1776
3212633 1782
3212634 1783
3212636 1778
3212637 1784
3212638 1785
3212640 1780
3212641 1786
3212642 1787
3212800 532
3212801 533
3212804 1079
3212805 1080
3212808 1442
3212809 1443
3212813 1711
3212817 1765
3212820 1775
3212821 1776
3212825 1788
3212828 1789
3212829 1790
3212832 1791
3212833 1792
3212864 533
3212865 591
3212866 542
3212868 1080
3212869 1138
3212870 1089
3212872 1443
3212873 1501
3212874 1452
3212877 1712
3212878 1713
3212881 1766
3212882 1767
3212884 1776
3212885 1782
3212886 1783
3212888 1788
3212890 1793
3212892 1790
3212893 1794
3212894 1795
3212896 1792
3212897 1796
3212898 1797
3213056 534
3213057 535
3213060 1081
3213061 1082
3213064 1444
3213065 1445
3213069 1714
3213073 1768
3213076 1777
3213077 1778
3213080 1789
3213081 1790
3213085 1798
3213088 1799
3213089 1800
3213120 535
3213121 592
3213122 544
3213124 1082
3213125 1139
3213126 1091
3213128 1445
3213129 1502
3213130 1454
3213133 1715
3213134 1716
3213137 1769
3213138 1770
3213140 1778
3213141 1784
3213142 1785
3213144 1790
3213145 1794
3213146 1795
3213148 1798
3213150 1801
3213152 1800
3213153 1802
3213154 1803
3213312 536
3213313 537
3213316 1083
3213317 1084
3213320 1446
3213321 1447
3213325 1717
3213329 1771
3213332 1779
3213333 1780
3213336 1791
3213337 1792
3213340 1799
3213341 1800
3213345 1804
3213376 537
3213377 593
3213378 546
3213380 1084
3213381 1140
3213382 1093
3213384 1447
3213385 1503
3213386 1456
3213389 1718
3213390 1719
3213393 1772
3213394 1773
3213396 1780
3213397 1786
3213398 1787
3213400 1792
3213401 1796
3213402 1797
3213404 1800
3213405 1802
3213406 1803
3213408 1804
3213410 1805
3216512 538
3216513 538
3216515 594
3216516 1085
3216517 1085
3216519 1141
3216520 1448
3216521 1448
3216523 1504
3216525 1707
3216527 1720
3216528 1761
3216531 1806
3216532 1764
3216533 1764
3216535 1807
3216536 1767
3216537 1767
3216539 1808
3216540 1770
3216541 1770
3216543 1809
3216544 1773
3216545 1773
3216547 1810
3216640 531
3216641 586
3216642 540
3216644 1078
3216645 1133
3216646 1087
3216648 1441
3216649 1496
3216650 1450
3216653 1709
3216654 1710
3216656 1762
3216658 1764
3216661 1811
3216662 1781
3216664 1776
3216665 1812
3216666 1783
3216668 1778
3216669 1813
3216670 1785
3216672 1780
3216673 1814
3216674 1787
3216704 539
3216705 531
3216706 540
3216708 1086
3216709 1078
3216710 1087
3216712 1449
3216713 1441
3216714 1450
3216717 1708
3216718 1710
3216720 1763
3216722 1764
3216724 1811
3216726 1781
3216728 1815
3216729 1776
3216730 1783
3216732 1816
3216733 1778
3216734 1785
3216736 1817
3216737 1780
3216738 1787
3216768 540
3216769 540
3216770 540
3216771 595
3216772 1087
3216773 1087
3216774 1087
3216775 1142
3216776 1450
3216777 1450
3216778 1450
3216779 1505
3216781 1710
3216782 1710
3216783 1721
3216784 1764
3216786 1764
3216787 1807
3216788 1781
3216789 1781
3216791 1818
3216792 1783
3216793 1783
3216794 1783
3216795 1819
3216796 1785
3216797 1785
3216798 1785
3216799 1820
3216800 1787
3216801 1787
3216802 1787
3216803 1821
3216896 533
3216897 587
3216898 542
3216900 1080
3216901 1134
3216902 1089
3216904 1443
3216905 1497
3216906 1452
3216909 1712
3216910 1713
3216912 1765
3216914 1767
3216916 1776
3216917 1815
3216918 1783
3216921 1822
3216922 1793
3216924 1790
3216925 1823
3216926 1795
3216928 1792
3216929 1824
3216930 1797
3216960 541
3216961 533
3216962 542
3216964 1088
3216965 1080
3216966 1089
3216968 1451
3216969 1443
3216970 1452
3216973 1711
3216974 1713
3216976 1766
3216978 1767
3216980 1812
3216981 1776
3216982 1783
3216984 1822
3216986 1793
3216988 1825
3216989 1790
3216990 1795
3216992 1826
3216993 1792
3216994 1797
3217024 542
3217025 542
3217026 542
3217027 596
3217028 1089
3217029 1089
3217030 1089
3217031 1143
3217032 1452
3217033 1452
3217034 1452
3217035 1506
3217037 1713
3217038 1713
3217039 1722
3217040 1767
3217042 1767
3217043 1808
3217044 1783
3217045 1783
3217046 1783
3217047 1819
3217048 1793
3217049 1793
3217051 1827
3217052 1795
3217053 1795
3217054 1795
3217055 1828
3217056 1797
3217057 1797
3217058 1797
3217059 1829
3217152 535
3217153 588
3217154 544
3217156 1082
3217157 1135
3217158 1091
3217160 1445
3217161 1498
3217162 1454
3217165 1715
3217166 1716
3217168 1768
3217170 1770
3217172 1778
3217173 1816
3217174 1785
3217176 1790
3217177 1825
3217178 1795
3217181 1830
3217182 1801
3217184 1800
3217185 1831
3217186 1803
3217216 543
3217217 535
3217218 544
3217220 1090
3217221 1082
3217222 1091
3217224 1453
3217225 1445
3217226 1454
3217229 1714
3217230 1716
3217232 1769
3217234 1770
3217236 1813
3217237 1778
3217238 1785
3217240 1823
3217241 1790
3217242 1795
3217244 1830
3217246 1801
3217248 1832
3217249 1800
3217250 1803
3217280 544
3217281 544
3217282 544
3217283 597
3217284 1091
3217285 1091
3217286 1091
3217287 1144
3217288 1454
3217289 1454
3217290 1454
3217291 1507
3217293 1716
3217294 1716
3217295 1723
3217296 1770
3217298 1770
3217299 1809
3217300 1785
3217301 1785
3217302 1785
3217303 1820
3217304 1795
3217305 1795
3217306 1795
3217307 1828
3217308 1801
3217309 1801
3217311 1833
3217312 1803
3217313 1803
3217314 1803
3217315 1834
3217408 537
3217409 589
3217410 546
3217412 1084
3217413 1136
3217414 1093
3217416 1447
3217417 1499
3217418 1456
3217421 1718
3217422 1719
3217424 1771
3217426 1773
3217428 1780
3217429 1817
3217430 1787
3217432 1792
3217433 1826
3217434 1797
3217436 1800
3217437 1832
3217438 1803
3217441 1835
3217442 1805
3217472 545
3217473 537
3217474 546
3217476 1092
3217477 1084
3217478 1093
3217480 1455
3217481 1447
3217482 1456
3217485 1717
3217486 1719
3217488 1772
3217490 1773
3217492 1814
3217493 1780
3217494 1787
3217496 1824
3217497 1792
3217498 1797
3217500 1831
3217501 1800
3217502 1803
3217504 1835
3217506 1805
3217536 546
3217537 546
3217538 546
3217539 598
3217540 1093
3217541 1093
3217542 1093
3217543 1145
3217544 1456
3217545 1456
3217546 1456
3217547 1508
3217549 1719
3217550 1719
3217551 1724
3217552 1773
3217554 1773
3217555 1810
3217556 1787
3217557 1787
3217558 1787
3217559 1821
3217560 1797
3217561 1797
3217562 1797
3217563 1829
3217564 1803
3217565 1803
3217566 1803
3217567 1834
3217568 1805
3217569 1805
3217571 1836
3228992 547
3228993 599
3228994 554
3228996 1094
3228997 1146
3228998 1101
3229000 1457
3229001 1509
3229002 1464
3229005 1725
3229006 1726
3229008 1774
3229009 1811
3229010 1781
3229014 1837
3229016 1838
3229017 1839
3229018 1840
3229020 1841
3229021 1842
3229022 1843
3229024 1844
3229025 1845
3229026 1846
3229184 548
3229185 549
3229188 1095
3229189 1096
3229192 1458
3229193 1459
3229197 1727
3229200 1775
3229201 1776
3229205 1838
3229209 1847
3229212 1848
3229213 1849
3229216 1850
3229217 1851
3229248 549
3229249 603
3229250 556
3229252 1096
3229253 1150
3229254 1103
3229256 1459
3229257 1513
3229258 1466
3229261 1728
3229262 1729
3229264 1776
3229265 1812
3229266 1783
3229269 1839
3229270 1840
3229272 1847
3229274 1852
3229276 1849
3229277 1853
3229278 1854
3229280 1851
3229281 1855
3229282 1856
3229440 550
3229441 551
3229444 1097
3229445 1098
3229448 1460
3229449 1461
3229453 1730
3229456 1777
3229457 1778
3229461 1841
3229464 1848
3229465 1849
3229469 1857
3229472 1858
3229473 1859
3229504 551
3229505 604
3229506 558
3229508 1098
3229509 1151
3229510 1105
3229512 1461
3229513 1514
3229514 1468
3229517 1731
3229518 1732
3229520 1778
3229521 1813
3229522 1785
3229525 1842
3229526 1843
3229528 1849
3229529 1853
3229530 1854
3229532 1857
3229534 1860
3229536 1859
3229537 1861
3229538 1862
3229696 552
3229697 553
3229700 1099
3229701 1100
3229704 1462
3229705 1463
3229709 1733
3229712 1779
3229713 1780
3229717 1844
3229720 1850
3229721 1851
3229724 1858
3229725 1859
3229729 1863
3229760 553
3229761 605
3229762 560
3229764 1100
3229765 1152
3229766 1107
3229768 1463
3229769 1515
3229770 1470
3229773 1734
3229774 1735
3229776 1780
3229777 1814
3229778 1787
3229781 1845
3229782 1846
3229784 1851
3229785 1855
3229786 1856
3229788 1859
3229789 1861
3229790 1862
3229792 1863
3229794 1864
3233152 554
3233153 554
3233155 606
3233156 1101
3233157 1101
3233159 1153
3233160 1464
3233161 1464
3233163 1516
3233165 1726
3233167 1736
3233168 1781
3233169 1781
3233171 1818
3233172 1837
3233175 1865
3233176 1840
3233177 1840
3233179 1866
3233180 1843
3233181 1843
3233183 1867
3233184 1846
3233185 1846
3233187 1868
3233280 549
3233281 600
3233282 556
3233284 1096
3233285 1147
3233286 1103
3233288 1459
3233289 1510
3233290 1466
3233293 1728
3233294 1729
3233296 1776
3233297 1815
3233298 1783
3233300 1838
3233302 1840
3233305 1869
3233306 1852
3233308 1849
3233309 1870
3233310 1854
3233312 1851
3233313 1871
3233314 1856
3233344 555
3233345 549
3233346 556
3233348 1102
3233349 1096
3233350 1103
3233352 1465
3233353 1459
3233354 1466
3233357 1727
3233358 1729
3233360 1782
3233361 1776
3233362 1783
3233364 1839
3233366 1840
3233368 1869
3233370 1852
3233372 1872
3233373 1849
3233374 1854
3233376 1873
3233377 1851
3233378 1856
3233408 556
3233409 556
3233410 556
3233411 607
3233412 1103
3233413 1103
3233414 1103
3233415 1154
3233416 1466
3233417 1466
3233418 1466
3233419 1517
3233421 1729
3233422 1729
3233423 1737
3233424 1783
3233425 1783
3233426 1783
3233427 1819
3233428 1840
3233430 1840
3233431 1866
3233432 1852
3233433 1852
3233435 1874
3233436 1854
3233437 1854
3233438 1854
3233439 1875
3233440 1856
3233441 1856
3233442 1856
3233443 1876
3233536 551
3233537 601
3233538 558
3233540 1098
3233541 1148
3233542 1105
3233544 1461
3233545 1511
3233546 1468
3233549 1731
3233550 1732
3233552 1778
3233553 1816
3233554 1785
3233556 1841
3233558 1843
3233560 1849
3233561 1872
3233562 1854
3233565 1877
3233566 1860
3233568 1859
3233569 1878
3233570 1862
3233600 557
3233601 551
3233602 558
3233604 1104
3233605 1098
3233606 1105
3233608 1467
3233609 1461
3233610 1468
3233613 1730
3233614 1732
3233616 1784
3233617 1778
3233618 1785
3233620 1842
3233622 1843
3233624 1870
3233625 1849
3233626 1854
3233628 1877
3233630 1860
3233632 1879
3233633 1859
3233634 1862
3233664 558
3233665 558
3233666 558
3233667 608
3233668 1105
3233669 1105
3233670 1105
3233671 1155
3233672 1468
3233673 1468
3233674 1468
3233675 1518
3233677 1732
3233678 1732
3233679 1738
3233680 1785
3233681 1785
3233682 1785
3233683 1820
3233684 1843
3233686 1843
3233687 1867
3233688 1854
3233689 1854
3233690 1854
3233691 1875
3233692 1860
3233693 1860
3233695 1880
3233696 1862
3233697 1862
3233698 1862
3233699 1881
3233792 553
3233793 602
3233794 560
3233796 1100
3233797 1149
3233798 1107
3233800 1463
3233801 1512
3233802 1470
3233805 1734
3233806 1735
3233808 1780
3233809 1817
3233810 1787
3233812 1844
3233814 1846
3233816 1851
3233817 1873
3233818 1856
3233820 1859
3233821 1879
3233822 1862
3233825 1882
3233826 1864
3233856 559
3233857 553
3233858 560
3233860 1106
3233861 1100
3233862 1107
3233864 1469
3233865 1463
3233866 1470
3233869 1733
3233870 1735
3233872 1786
3233873 1780
3233874 1787
3233876 1845
3233878 1846
3233880 1871
3233881 1851
3233882 1856
3233884 1878
3233885 1859
3233886 1862
3233888 1882
3233890 1864
3233920 560
3233921 560
3233922 560
3233923 609
3233924 1107
3233925 1107
3233926 1107
3233927 1156
3233928 1470
3233929 1470
3233930 1470
3233931 1519
3233933 1735
3233934 1735
3233935 1739
3233936 1787
3233937 1787
3233938 1787
3233939 1821
3233940 1846
3233942 1846
3233943 1868
3233944 1856
3233945 1856
3233946 1856
3233947 1876
3233948 1862
3233949 1862
3233950 1862
3233951 1881
3233952 1864
3233953 1864
3233955 1883
3245632 561
3245633 610
3245634 566
3245636 1108
3245637 1157
3245638 1113
3245640 1471
3245641 1520
3245642 1476
3245645 1740
3245646 1741
3245648 1788
3245649 1822
3245650 1793
3245652 1847
3245653 1869
3245654 1852
3245658 1884
3245660 1885
3245661 1886
3245662 1887
3245664 1888
3245665 1889
3245666 1890
3245824 562
3245825 563
3245828 1109
3245829 1110
3245832 1472
3245833 1473
3245837 1742
3245840 1789
3245841 1790
3245844 1848
3245845 1849
3245849 1885
3245853 1891
3245856 1892
3245857 1893
3245888 563
3245889 613
3245890 568
3245892 1110
3245893 1160
3245894 1115
3245896 1473
3245897 1523
3245898 1478
3245901 1743
3245902 1744
3245904 1790
3245905 1823
3245906 1795
3245908 1849
3245909 1870
3245910 1854
3245913 1886
3245914 1887
3245916 1891
3245918 1894
3245920 1893
3245921 1895
3245922 1896
3246080 564
3246081 565
3246084 1111
3246085 1112
3246088 1474
3246089 1475
3246093 1745
3246096 1791
3246097 1792
3246100 1850
3246101 1851
3246105 1888
3246108 1892
3246109 1893
3246113 1897
3246144 565
3246145 614
3246146 570
3246148 1112
3246149 1161
3246150 1117
3246152 1475
3246153 1524
3246154 1480
3246157 1746
3246158 1747
3246160 1792
3246161 1824
3246162 1797
3246164 1851
3246165 1871
3246166 1856
3246169 1889
3246170 1890
3246172 1893
3246173 1895
3246174 1896
3246176 1897
3246178 1898
3249792 566
3249793 566
3249795 615
3249796 1113
3249797 1113
3249799 1162
3249800 1476
3249801 1476
3249803 1525
3249805 1741
3249807 1748
3249808 1793
3249809 1793
3249811 1827
3249812 1852
3249813 1852
3249815 1874
3249816 1884
3249819 1899
3249820 1887
3249821 1887
3249823 1900
3249824 1890
3249825 1890
3249827 1901
3249920 563
3249921 611
3249922 568
3249924 1110
3249925 1158
3249926 1115
3249928 1473
3249929 1521
3249930 1478
3249933 1743
3249934 1744
3249936 1790
3249937 1825
3249938 1795
3249940 1849
3249941 1872
3249942 1854
3249944 1885
3249946 1887
3249949 1902
3249950 1894
3249952 1893
3249953 1903
3249954 1896
3249984 567
3249985 563
3249986 568
3249988 1114
3249989 1110
3249990 1115
3249992 1477
3249993 1473
3249994 1478
3249997 1742
3249998 1744
3250000 1794
3250001 1790
3250002 1795
3250004 1853
3250005 1849
3250006 1854
3250008 1886
3250010 1887
3250012 1902
3250014 1894
3250016 1904
3250017 1893
3250018 1896
3250048 568
3250049 568
3250050 568
3250051 616
3250052 1115
3250053 1115
3250054 1115
3250055 1163
3250056 1478
3250057 1478
3250058 1478
3250059 1526
3250061 1744
3250062 1744
3250063 1749
3250064 1795
3250065 1795
3250066 1795
3250067 1828
3250068 1854
3250069 1854
3250070 1854
3250071 1875
3250072 1887
3250074 1887
3250075 1900
3250076 1894
3250077 1894
3250079 1905
3250080 1896
3250081 1896
3250082 1896
3250083 1906
3250176 565
3250177 612
3250178 570
3250180 1112
3250181 1159
3250182 1117
3250184 1475
3250185 1522
3250186 1480
3250189 1746
3250190 1747
3250192 1792
3250193 1826
3250194 1797
3250196 1851
3250197 1873
3250198 1856
3250200 1888
3250202 1890
3250204 1893
3250205 1904
3250206 1896
3250209 1907
3250210 1898
3250240 569
3250241 565
3250242 570
3250244 1116
3250245 1112
3250246 1117
3250248 1479
3250249 1475
3250250 1480
3250253 1745
3250254 1747
3250256 1796
3250257 1792
3250258 1797
3250260 1855
3250261 1851
3250262 1856
3250264 1889
3250266 1890
3250268 1903
3250269 1893
3250270 1896
3250272 1907
3250274 1898
3250304 570
3250305 570
3250306 570
3250307 617
3250308 1117
3250309 1117
3250310 1117
3250311 1164
3250312 1480
3250313 1480
3250314 1480
3250315 1527
3250317 1747
3250318 1747
3250319 1750
3250320 1797
3250321 1797
3250322 1797
3250323 1829
3250324 1856
3250325 1856
3250326 1856
3250327 1876
3250328 1890
3250330 1890
3250331 1901
3250332 1896
3250333 1896
3250334 1896
3250335 1906
3250336 1898
3250337 1898
3250339 1908
3262272 571
3262273 618
3262274 574
3262276 1118
3262277 1165
3262278 1121
3262280 1481
3262281 1528
3262282 1484
3262285 1751
3262286 1752
3262288 1798
3262289 1830
3262290 1801
3262292 1857
3262293 1877
3262294 1860
3262296 1891
3262297 1902
3262298 1894
3262302 1909
3262304 1910
3262305 1911
3262306 1912
3262464 572
3262465 573
3262468 1119
3262469 1120
3262472 1482
3262473 1483
3262477 1753
3262480 1799
3262481 1800
3262484 1858
3262485 1859
3262488 1892
3262489 1893
3262493 1910
3262497 1913
3262528 573
3262529 620
3262530 576
3262532 1120
3262533 1167
3262534 1123
3262536 1483
3262537 1530
3262538 1486
3262541 1754
3262542 1755
3262544 1800
3262545 1831
3262546 1803
3262548 1859
3262549 1878
3262550 1862
3262552 1893
3262553 1903
3262554 1896
3262557 1911
3262558 1912
3262560 1913
3262562 1914
3266432 574
3266433 574
3266435 621
3266436 1121
3266437 1121
3266439 1168
3266440 1484
3266441 1484
3266443 1531
3266445 1752
3266447 1756
3266448 1801
3266449 1801
3266451 1833
3266452 1860
3266453 1860
3266455 1880
3266456 1894
3266457 1894
3266459 1905
3266460 1909
3266463 1915
3266464 1912
3266465 1912
3266467 1916
3266560 573
3266561 619
3266562 576
3266564 1120
3266565 1166
3266566 1123
3266568 1483
3266569 1529
3266570 1486
3266573 1754
3266574 1755
3266576 1800
3266577 1832
3266578 1803
3266580 1859
3266581 1879
3266582 1862
3266584 1893
3266585 1904
3266586 1896
3266588 1910
3266590 1912
3266593 1917
3266594 1914
3266624 575
3266625 573
3266626 576
3266628 1122
3266629 1120
3266630 1123
3266632 1485
3266633 1483
3266634 1486
3266637 1753
3266638 1755
3266640 1802
3266641 1800
3266642 1803
3266644 1861
3266645 1859
3266646 1862
3266648 1895
3266649 1893
3266650 1896
3266652 1911
3266654 1912
3266656 1917
3266658 1914
3266688 576
3266689 576
3266690 576
3266691 622
3266692 1123
3266693 1123
3266694 1123
3266695 1169
3266696 1486
3266697 1486
3266698 1486
3266699 1532
3266701 1755
3266702 1755
3266703 1757
3266704 1803
3266705 1803
3266706 1803
3266707 1834
3266708 1862
3266709 1862
3266710 1862
3266711 1881
3266712 1896
3266713 1896
3266714 1896
3266715 1906
3266716 1912
3266718 1912
3266719 1916
3266720 1914
3266721 1914
3266723 1918
3278912 577
3278913 623
3278914 578
3278916 1124
3278917 1170
3278918 1125
3278920 1487
3278921 1533
3278922 1488
3278925 1758
3278926 1759
3278928 1804
3278929 1835
3278930 1805
3278932 1863
3278933 1882
3278934 1864
3278936 1897
3278937 1907
3278938 1898
3278940 1913
3278941 1917
3278942 1914
3278946 1919
3283072 578
3283073 578
3283075 624
3283076 1125
3283077 1125
3283079 1171
3283080 1488
3283081 1488
3283083 1534
3283085 1759
3283087 1760
3283088 1805
3283089 1805
3283091 1836
3283092 1864
3283093 1864
3283095 1883
3283096 1898
3283097 1898
3283099 1908
3283100 1914
3283101 1914
3283103 1918
3283104 1919
3283107 1920
4265088 625
4265091 670
4265092 1172
4265095 1217
4265096 1535
4265099 1580
4265100 1761
4265103 1806
4265107 1921
4265108 1922
4265111 1923
4265112 1924
4265115 1925
4265116 1926
4265119 1927
4265120 1928
4265123 1929
4265216 626
4265217 627
4265218 628
4265220 1173
4265221 1174
4265222 1175
4265224 1536
4265225 1537
4265226 1538
4265228 1762
4265229 1763
4265230 1764
4265234 1922
4265237 1930
4265238 1931
4265240 1932
4265241 1933
4265242 1934
4265244 1935
4265245 1936
4265246 1937
4265248 1938
4265249 1939
4265250 1940
4265344 628
4265346 628
4265347 671
4265348 1175
4265350 1175
4265351 1218
4265352 1538
4265354 1538
4265355 1581
4265356 1764
4265358 1764
4265359 1807
4265362 1922
4265363 1923
4265364 1931
4265367 1941
4265368 1934
4265370 1934
4265371 1942
4265372 1937
4265374 1937
4265375 1943
4265376 1940
4265378 1940
4265379 1944
4265472 629
4265473 630
4265474 631
4265476 1176
4265477 1177
4265478 1178
4265480 1539
4265481 1540
4265482 1541
4265484 1765
4265485 1766
4265486 1767
4265490 1924
4265492 1932
4265493 1933
4265494 1934
4265497 1945
4265498 1946
4265500 1947
4265501 1948
4265502 1949
4265504 1950
4265505 1951
4265506 1952
4265600 631
4265602 631
4265603 672
4265604 1178
4265606 1178
4265607 1219
4265608 1541
4265610 1541
4265611 1582
4265612 1767
4265614 1767
4265615 1808
4265618 1924
4265619 1925
4265620 1934
4265622 1934
4265623 1942
4265624 1946
4265627 1953
4265628 1949
4265630 1949
4265631 1954
4265632 1952
4265634 1952
4265635 1955
4265728 632
4265729 633
4265730 634
4265732 1179
4265733 1180
4265734 1181
4265736 1542
4265737 1543
4265738 1544
4265740 1768
4265741 1769
4265742 1770
4265746 1926
4265748 1935
4265749 1936
4265750 1937
4265752 1947
4265753 1948
4265754 1949
4265757 1956
4265758 1957
4265760 1958
4265761 1959
4265762 1960
4265856 634
4265858 634
4265859 673
4265860 1181
4265862 1181
4265863 1220
4265864 1544
4265866 1544
4265867 1583
4265868 1770
4265870 1770
4265871 1809
4265874 1926
4265875 1927
4265876 1937
4265878 1937
4265879 1943
4265880 1949
4265882 1949
4265883 1954
4265884 1957
4265887 1961
4265888 1960
4265890 1960
4265891 1962
4265984 635
4265985 636
4265986 637
4265988 1182
4265989 1183
4265990 1184
4265992 1545
4265993 1546
4265994 1547
4265996 1771
4265997 1772
4265998 1773
4266002 1928
4266004 1938
4266005 1939
4266006 1940
4266008 1950
4266009 1951
4266010 1952
4266012 1958
4266013 1959
4266014 1960
4266017 1963
4266018 1964
4266112 637
4266114 637
4266115 674
4266116 1184
4266118 1184
4266119 1221
4266120 1547
4266122 1547
4266123 1584
4266124 1773
4266126 1773
4266127 1810
4266130 1928
4266131 1929
4266132 1940
4266134 1940
4266135 1944
4266136 1952
4266138 1952
4266139 1955
4266140 1960
4266142 1960
4266143 1962
4266144 1964
4266147 1965
4277568 638
4277569 675
4277570 645
4277572 1185
4277573 1222
4277574 1192
4277576 1548
4277577 1585
4277578 1555
4277580 1774
4277581 1811
4277582 1781
4277585 1930
4277586 1931
4277590 1966
4277592 1967
4277593 1968
4277594 1969
4277596 1970
4277597 1971
4277598 1972
4277600 1973
4277601 1974
4277602 1975
4277760 639
4277761 640
4277764 1186
4277765 1187
4277768 1549
4277769 1550
4277772 1775
4277773 1776
4277777 1932
4277781 1967
4277785 1976
4277788 1977
4277789 1978
4277792 1979
4277793 1980
4277824 640
4277825 679
4277826 647
4277828 1187
4277829 1226
4277830 1194
4277832 1550
4277833 1589
4277834 1557
4277836 1776
4277837 1815
4277838 1783
4277841 1933
4277842 1934
4277845 1968
4277846 1969
4277848 1976
4277850 1981
4277852 1978
4277853 1982
4277854 1983
4277856 1980
4277857 1984
4277858 1985
4278016 641
4278017 642
4278020 1188
4278021 1189
4278024 1551
4278025 1552
4278028 1777
4278029 1778
4278033 1935
4278037 1970
4278040 1977
4278041 1978
4278045 1986
4278048 1987
4278049 1988
4278080 642
4278081 680
4278082 649
4278084 1189
4278085 1227
4278086 1196
4278088 1552
4278089 1590
4278090 1559
4278092 1778
4278093 1816
4278094 1785
4278097 1936
4278098 1937
4278101 1971
4278102 1972
4278104 1978
4278105 1982
4278106 1983
4278108 1986
4278110 1989
4278112 1988
4278113 1990
4278114 1991
4278272 643
4278273 644
4278276 1190
4278277 1191
4278280 1553
4278281 1554
4278284 1779
4278285 1780
4278289 1938
4278293 1973
4278296 1979
4278297 1980
4278300 1987
4278301 1988
4278305 1992
4278336 644
4278337 681
4278338 651
4278340 1191
4278341 1228
4278342 1198
4278344 1554
4278345 1591
4278346 1561
4278348 1780
4278349 1817
4278350 1787
4278353 1939
4278354 1940
4278357 1974
4278358 1975
4278360 1980
4278361 1984
4278362 1985
4278364 1988
4278365 1990
4278366 1991
4278368 1992
4278370 1993
4281728 645
4281729 645
4281731 682
4281732 1192
4281733 1192
4281735 1229
4281736 1555
4281737 1555
4281739 1592
4281740 1781
4281741 1781
4281743 1818
4281745 1931
4281747 1941
4281748 1966
4281751 1994
4281752 1969
4281753 1969
4281755 1995
4281756 1972
4281757 1972
4281759 1996
4281760 1975
4281761 1975
4281763 1997
4281856 640
4281857 676
4281858 647
4281860 1187
4281861 1223
4281862 1194
4281864 1550
4281865 1586
4281866 1557
4281868 1776
4281869 1812
4281870 1783
4281873 1933
4281874 1934
4281876 1967
4281878 1969
4281881 1998
4281882 1981
4281884 1978
4281885 1999
4281886 1983
4281888 1980
4281889 2000
4281890 1985
4281920 646
4281921 640
4281922 647
4281924 1193
4281925 1187
4281926 1194
4281928 1556
4281929 1550
4281930 1557
4281932 1782
4281933 1776
4281934 1783
4281937 1932
4281938 1934
4281940 1968
4281942 1969
4281944 1998
4281946 1981
4281948 2001
4281949 1978
4281950 1983
4281952 2002
4281953 1980
4281954 1985
4281984 647
4281985 647
4281986 647
4281987 683
4281988 1194
4281989 1194
4281990 1194
4281991 1230
4281992 1557
4281993 1557
4281994 1557
4281995 1593
4281996 1783
4281997 1783
4281998 1783
4281999 1819
4282001 1934
4282002 1934
4282003 1942
4282004 1969
4282006 1969
4282007 1995
4282008 1981
4282009 1981
4282011 2003
4282012 1983
4282013 1983
4282014 1983
4282015 2004
4282016 1985
4282017 1985
4282018 1985
4282019 2005
4282112 642
4282113 677
4282114 649
4282116 1189
4282117 1224
4282118 1196
4282120 1552
4282121 1587
4282122 1559
4282124 1778
4282125 1813
4282126 1785
4282129 1936
4282130 1937
4282132 1970
4282134 1972
4282136 1978
4282137 2001
4282138 1983
4282141 2006
4282142 1989
4282144 1988
4282145 2007
4282146 1991
4282176 648
4282177 642
4282178 649
4282180 1195
4282181 1189
4282182 1196
4282184 1558
4282185 1552
4282186 1559
4282188 1784
4282189 1778
4282190 1785
4282193 1935
4282194 1937
4282196 1971
4282198 1972
4282200 1999
4282201 1978
4282202 1983
4282204 2006
4282206 1989
4282208 2008
4282209 1988
4282210 1991
4282240 649
4282241 649
4282242 649
4282243 684
4282244 1196
4282245 1196
4282246 1196
4282247 1231
4282248 1559
4282249 1559
4282250 1559
4282251 1594
4282252 1785
4282253 1785
4282254 1785
4282255 1820
4282257 1937
4282258 1937
4282259 1943
4282260 1972
4282262 1972
4282263 1996
4282264 1983
4282265 1983
4282266 1983
4282267 2004
4282268 1989
4282269 1989
4282271 2009
4282272 1991
4282273 1991
4282274 1991
4282275 2010
4282368 644
4282369 678
4282370 651
4282372 1191
4282373 1225
4282374 1198
4282376 1554
4282377 1588
4282378 1561
4282380 1780
4282381 1814
4282382 1787
4282385 1939
4282386 1940
4282388 1973
4282390 1975
4282392 1980
4282393 2002
4282394 1985
4282396 1988
4282397 2008
4282398 1991
4282401 2011
4282402 1993
4282432 650
4282433 644
4282434 651
4282436 1197
4282437 1191
4282438 1198
4282440 1560
4282441 1554
4282442 1561
4282444 1786
4282445 1780
4282446 1787
4282449 1938
4282450 1940
4282452 1974
4282454 1975
4282456 2000
4282457 1980
4282458 1985
4282460 2007
4282461 1988
4282462 1991
4282464 2011
4282466 1993
4282496 651
4282497 651
4282498 651
4282499 685
4282500 1198
4282501 1198
4282502 1198
4282503 1232
4282504 1561
4282505 1561
4282506 1561
4282507 1595
4282508 1787
4282509 1787
4282510 1787
4282511 1821
4282513 1940
4282514 1940
4282515 1944
4282516 1975
4282518 1975
4282519 1997
4282520 1985
4282521 1985
4282522 1985
4282523 2005
4282524 1991
4282525 1991
4282526 1991
4282527 2010
4282528 1993
4282529 1993
4282531 2012
4294208 652
4294209 686
4294210 657
4294212 1199
4294213 1233
4294214 1204
4294216 1562
4294217 1596
4294218 1567
4294220 1788
4294221 1822
4294222 1793
4294225 1945
4294226 1946
4294228 1976
4294229 1998
4294230 1981
4294234 2013
4294236 2014
4294237 2015
4294238 2016
4294240 2017
4294241 2018
4294242 2019
4294400 653
4294401 654
4294404 1200
4294405 1201
4294408 1563
4294409 1564
4294412 1789
4294413 1790
4294417 1947
4294420 1977
4294421 1978
4294425 2014
4294429 2020
4294432 2021
4294433 2022
4294464 654
4294465 689
4294466 659
4294468 1201
4294469 1236
4294470 1206
4294472 1564
4294473 1599
4294474 1569
4294476 1790
4294477 1825
4294478 1795
4294481 1948
4294482 1949
4294484 1978
4294485 1999
4294486 1983
4294489 2015
4294490 2016
4294492 2020
4294494 2023
4294496 2022
4294497 2024
4294498 2025
4294656 655
4294657 656
4294660 1202
4294661 1203
4294664 1565
4294665 1566
4294668 1791
4294669 1792
4294673 1950
4294676 1979
4294677 1980
4294681 2017
4294684 2021
4294685 2022
4294689 2026
4294720 656
4294721 690
4294722 661
4294724 1203
4294725 1237
4294726 1208
4294728 1566
4294729 1600
4294730 1571
4294732 1792
4294733 1826
4294734 1797
4294737 1951
4294738 1952
4294740 1980
4294741 2000
4294742 1985
4294745 2018
4294746 2019
4294748 2022
4294749 2024
4294750 2025
4294752 2026
4294754 2027
4298368 657
4298369 657
4298371 691
4298372 1204
4298373 1204
4298375 1238
4298376 1567
4298377 1567
4298379 1601
4298380 1793
4298381 1793
4298383 1827
4298385 1946
4298387 1953
4298388 1981
4298389 1981
4298391 2003
4298392 2013
4298395 2028
4298396 2016
4298397 2016
4298399 2029
4298400 2019
4298401 2019
4298403 2030
4298496 654
4298497 687
4298498 659
4298500 1201
4298501 1234
4298502 1206
4298504 1564
4298505 1597
4298506 1569
4298508 1790
4298509 1823
4298510 1795
4298513 1948
4298514 1949
4298516 1978
4298517 2001
4298518 1983
4298520 2014
4298522 2016
4298525 2031
4298526 2023
4298528 2022
4298529 2032
4298530 2025
4298560 658
4298561 654
4298562 659
4298564 1205
4298565 1201
4298566 1206
4298568 1568
4298569 1564
4298570 1569
4298572 1794
4298573 1790
4298574 1795
4298577 1947
4298578 1949
4298580 1982
4298581 1978
4298582 1983
4298584 2015
4298586 2016
4298588 2031
4298590 2023
4298592 2033
4298593 2022
4298594 2025
4298624 659
4298625 659
4298626 659
4298627 692
4298628 1206
4298629 1206
4298630 1206
4298631 1239
4298632 1569
4298633 1569
4298634 1569
4298635 1602
4298636 1795
4298637 1795
4298638 1795
4298639 1828
4298641 1949
4298642 1949
4298643 1954
4298644 1983
4298645 1983
4298646 1983
4298647 2004
4298648 2016
4298650 2016
4298651 2029
4298652 2023
4298653 2023
4298655 2034
4298656 2025
4298657 2025
4298658 2025
4298659 2035
4298752 656
4298753 688
4298754 661
4298756 1203
4298757 1235
4298758 1208
4298760 1566
4298761 1598
4298762 1571
4298764 1792
4298765 1824
4298766 1797
4298769 1951
4298770 1952
4298772 1980
4298773 2002
4298774 1985
4298776 2017
4298778 2019
4298780 2022
4298781 2033
4298782 2025
4298785 2036
4298786 2027
4298816 660
4298817 656
4298818 661
4298820 1207
4298821 1203
4298822 1208
4298824 1570
4298825 1566
4298826 1571
4298828 1796
4298829 1792
4298830 1797
4298833 1950
4298834 1952
4298836 1984
4298837 1980
4298838 1985
4298840 2018
4298842 2019
4298844 2032
4298845 2022
4298846 2025
4298848 2036
4298850 2027
4298880 661
4298881 661
4298882 661
4298883 693
4298884 1208
4298885 1208
4298886 1208
4298887 1240
4298888 1571
4298889 1571
4298890 1571
4298891 1603
4298892 1797
4298893 1797
4298894 1797
4298895 1829
4298897 1952
4298898 1952
4298899 1955
4298900 1985
4298901 1985
4298902 1985
4298903 2005
4298904 2019
4298906 2019
4298907 2030
4298908 2025
4298909 2025
4298910 2025
4298911 2035
4298912 2027
4298913 2027
4298915 2037
4310848 662
4310849 694
4310850 665
4310852 1209
4310853 1241
4310854 1212
4310856 1572
4310857 1604
4310858 1575
4310860 1798
4310861 1830
4310862 1801
4310865 1956
4310866 1957
4310868 1986
4310869 2006
4310870 1989
4310872 2020
4310873 2031
4310874 2023
4310878 2038
4310880 2039
4310881 2040
4310882 2041
4311040 663
4311041 664
4311044 1210
4311045 1211
4311048 1573
4311049 1574
4311052 1799
4311053 1800
4311057 1958
4311060 1987
4311061 1988
4311064 2021
4311065 2022
4311069 2039
4311073 2042
4311104 664
4311105 696
4311106 667
4311108 1211
4311109 1243
4311110 1214
4311112 1574
4311113 1606
4311114 1577
4311116 1800
4311117 1832
4311118 1803
4311121 1959
4311122 1960
4311124 1988
4311125 2007
4311126 1991
4311128 2022
4311129 2032
4311130 2025
4311133 2040
4311134 2041
4311136 2042
4311138 2043
4315008 665
4315009 665
4315011 697
4315012 1212
4315013 1212
4315015 1244
4315016 1575
4315017 1575
4315019 1607
4315020 1801
4315021 1801
4315023 1833
4315025 1957
4315027 1961
4315028 1989
4315029 1989
4315031 2009
4315032 2023
4315033 2023
4315035 2034
4315036 2038
4315039 2044
4315040 2041
4315041 2041
4315043 2045
4315136 664
4315137 695
4315138 667
4315140 1211
4315141 1242
4315142 1214
4315144 1574
4315145 1605
4315146 1577
4315148 1800
4315149 1831
4315150 1803
4315153 1959
4315154 1960
4315156 1988
4315157 2008
4315158 1991
4315160 2022
4315161 2033
4315162 2025
4315164 2039
4315166 2041
4315169 2046
4315170 2043
4315200 666
4315201 664
4315202 667
4315204 1213
4315205 1211
4315206 1214
4315208 1576
4315209 1574
4315210 1577
4315212 1802
4315213 1800
4315214 1803
4315217 1958
4315218 1960
4315220 1990
4315221 1988
4315222 1991
4315224 2024
4315225 2022
4315226 2025
4315228 2040
4315230 2041
4315232 2046
4315234 2043
4315264 667
4315265 667
4315266 667
4315267 698
4315268 1214
4315269 1214
4315270 1214
4315271 1245
4315272 1577
4315273 1577
4315274 1577
4315275 1608
4315276 1803
4315277 1803
4315278 1803
4315279 1834
4315281 1960
4315282 1960
4315283 1962
4315284 1991
4315285 1991
4315286 1991
4315287 2010
4315288 2025
4315289 2025
4315290 2025
4315291 2035
4315292 2041
4315294 2041
4315295 2045
4315296 2043
4315297 2043
4315299 2047
4327488 668
4327489 699
4327490 669
4327492 1215
4327493 1246
4327494 1216
4327496 1578
4327497 1609
4327498 1579
4327500 1804
4327501 1835
4327502 1805
4327505 1963
4327506 1964
4327508 1992
4327509 2011
4327510 1993
4327512 2026
4327513 2036
4327514 2027
4327516 2042
4327517 2046
4327518 2043
4327522 2048
4331648 669
4331649 669
4331651 700
4331652 1216
4331653 1216
4331655 1247
4331656 1579
4331657 1579
4331659 1610
4331660 1805
4331661 1805
4331663 1836
4331665 1964
4331667 1965
4331668 1993
4331669 1993
4331671 2012
4331672 2027
4331673 2027
4331675 2037
4331676 2043
4331677 2043
4331679 2047
4331680 2048
4331683 2049
5330304 701
5330307 729
5330308 1248
5330311 1276
5330312 1611
5330315 1639
5330316 1837
5330319 1865
5330320 1966
5330323 1994
5330327 2050
5330328 2051
5330331 2052
5330332 2053
5330335 2054
5330336 2055
5330339 2056
5330432 702
5330433 703
5330434 704
5330436 1249
5330437 1250
5330438 1251
5330440 1612
5330441 1613
5330442 1614
5330444 1838
5330445 1839
5330446 1840
5330448 1967
5330449 1968
5330450 1969
5330454 2051
5330457 2057
5330458 2058
5330460 2059
5330461 2060
5330462 2061
5330464 2062
5330465 2063
5330466 2064
5330560 704
5330562 704
5330563 730
5330564 1251
5330566 1251
5330567 1277
5330568 1614
5330570 1614
5330571 1640
5330572 1840
5330574 1840
5330575 1866
5330576 1969
5330578 1969
5330579 1995
5330582 2051
5330583 2052
5330584 2058
5330587 2065
5330588 2061
5330590 2061
5330591 2066
5330592 2064
5330594 2064
5330595 2067
5330688 705
5330689 706
5330690 707
5330692 1252
5330693 1253
5330694 1254
5330696 1615
5330697 1616
5330698 1617
5330700 1841
5330701 1842
5330702 1843
5330704 1970
5330705 1971
5330706 1972
5330710 2053
5330712 2059
5330713 2060
5330714 2061
5330717 2068
5330718 2069
5330720 2070
5330721 2071
5330722 2072
5330816 707
5330818 707
5330819 731
5330820 1254
5330822 1254
5330823 1278
5330824 1617
5330826 1617
5330827 1641
5330828 1843
5330830 1843
5330831 1867
5330832 1972
5330834 1972
5330835 1996
5330838 2053
5330839 2054
5330840 2061
5330842 2061
5330843 2066
5330844 2069
5330847 2073
5330848 2072
5330850 2072
5330851 2074
5330944 708
5330945 709
5330946 710
5330948 1255
5330949 1256
5330950 1257
5330952 1618
5330953 1619
5330954 1620
5330956 1844
5330957 1845
5330958 1846
5330960 1973
5330961 1974
5330962 1975
5330966 2055
5330968 2062
5330969 2063
5330970 2064
5330972 2070
5330973 2071
5330974 2072
5330977 2075
5330978 2076
5331072 710
5331074 710
5331075 732
5331076 1257
5331078 1257
5331079 1279
5331080 1620
5331082 1620
5331083 1642
5331084 1846
5331086 1846
5331087 1868
5331088 1975
5331090 1975
5331091 1997
5331094 2055
5331095 2056
5331096 2064
5331098 2064
5331099 2067
5331100 2072
5331102 2072
5331103 2074
5331104 2076
5331107 2077
5342784 711
5342785 733
5342786 716
5342788 1258
5342789 1280
5342790 1263
5342792 1621
5342793 1643
5342794 1626
5342796 1847
5342797 1869
5342798 1852
5342800 1976
5342801 1998
5342802 1981
5342805 2057
5342806 2058
5342810 2078
5342812 2079
5342813 2080
5342814 2081
5342816 2082
5342817 2083
5342818 2084
5342976 712
5342977 713
5342980 1259
5342981 1260
5342984 1622
5342985 1623
5342988 1848
5342989 1849
5342992 1977
5342993 1978
5342997 2059
5343001 2079
5343005 2085
5343008 2086
5343009 2087
5343040 713
5343041 736
5343042 718
5343044 1260
5343045 1283
5343046 1265
5343048 1623
5343049 1646
5343050 1628
5343052 1849
5343053 1872
5343054 1854
5343056 1978
5343057 2001
5343058 1983
5343061 2060
5343062 2061
5343065 2080
5343066 2081
5343068 2085
5343070 2088
5343072 2087
5343073 2089
5343074 2090
5343232 714
5343233 715
5343236 1261
5343237 1262
5343240 1624
5343241 1625
5343244 1850
5343245 1851
5343248 1979
5343249 1980
5343253 2062
5343257 2082
5343260 2086
5343261 2087
5343265 2091
5343296 715
5343297 737
5343298 720
5343300 1262
5343301 1284
5343302 1267
5343304 1625
5343305 1647
5343306 1630
5343308 1851
5343309 1873
5343310 1856
5343312 1980
5343313 2002
5343314 1985
5343317 2063
5343318 2064
5343321 2083
5343322 2084
5343324 2087
5343325 2089
5343326 2090
5343328 2091
5343330 2092
5346944 716
5346945 716
5346947 738
5346948 1263
5346949 1263
5346951 1285
5346952 1626
5346953 1626
5346955 1648
5346956 1852
5346957 1852
5346959 1874
5346960 1981
5346961 1981
5346963 2003
5346965 2058
5346967 2065
5346968 2078
5346971 2093
5346972 2081
5346973 2081
5346975 2094
5346976 2084
5346977 2084
5346979 2095
5347072 713
5347073 734
5347074 718
5347076 1260
5347077 1281
5347078 1265
5347080 1623
5347081 1644
5347082 1628
5347084 1849
5347085 1870
5347086 1854
5347088 1978
5347089 1999
5347090 1983
5347093 2060
5347094 2061
5347096 2079
5347098 2081
5347101 2096
5347102 2088
5347104 2087
5347105 2097
5347106 2090
5347136 717
5347137 713
5347138 718
5347140 1264
5347141 1260
5347142 1265
5347144 1627
5347145 1623
5347146 1628
5347148 1853
5347149 1849
5347150 1854
5347152 1982
5347153 1978
5347154 1983
5347157 2059
5347158 2061
5347160 2080
5347162 2081
5347164 2096
5347166 2088
5347168 2098
5347169 2087
5347170 2090
5347200 718
5347201 718
5347202 718
5347203 739
5347204 1265
5347205 1265
5347206 1265
5347207 1286
5347208 1628
5347209 1628
5347210 1628
5347211 1649
5347212 1854
5347213 1854
5347214 1854
5347215 1875
5347216 1983
5347217 1983
5347218 1983
5347219 2004
5347221 2061
5347222 2061
5347223 2066
5347224 2081
5347226 2081
5347227 2094
5347228 2088
5347229 2088
5347231 2099
5347232 2090
5347233 2090
5347234 2090
5347235 2100
5347328 715
5347329 735
5347330 720
5347332 1262
5347333 1282
5347334 1267
5347336 1625
5347337 1645
5347338 1630
5347340 1851
5347341 1871
5347342 1856
5347344 1980
5347345 2000
5347346 1985
5347349 2063
5347350 2064
5347352 2082
5347354 2084
5347356 2087
5347357 2098
5347358 2090
5347361 2101
5347362 2092
5347392 719
5347393 715
5347394 720
5347396 1266
5347397 1262
5347398 1267
5347400 1629
5347401 1625
5347402 1630
5347404 1855
5347405 1851
5347406 1856
5347408 1984
5347409 1980
5347410 1985
5347413 2062
5347414 2064
5347416 2083
5347418 2084
5347420 2097
5347421 2087
5347422 2090
5347424 2101
5347426 2092
5347456 720
5347457 720
5347458 720
5347459 740
5347460 1267
5347461 1267
5347462 1267
5347463 1287
5347464 1630
5347465 1630
5347466 1630
5347467 1650
5347468 1856
5347469 1856
5347470 1856
5347471 1876
5347472 1985
5347473 1985
5347474 1985
5347475 2005
5347477 2064
5347478 2064
5347479 2067
5347480 2084
5347482 2084
5347483 2095
5347484 2090
5347485 2090
5347486 2090
5347487 2100
5347488 2092
5347489 2092
5347491 2102
5359424 721
5359425 741
5359426 724
5359428 1268
5359429 1288
5359430 1271
5359432 1631
5359433 1651
5359434 1634
5359436 1857
5359437 1877
5359438 1860
5359440 1986
5359441 2006
5359442 1989
5359445 2068
5359446 2069
5359448 2085
5359449 2096
5359450 2088
5359454 2103
5359456 2104
5359457 2105
5359458 2106
5359616 722
5359617 723
5359620 1269
5359621 1270
5359624 1632
5359625 1633
5359628 1858
5359629 1859
5359632 1987
5359633 1988
5359637 2070
5359640 2086
5359641 2087
5359645 2104
5359649 2107
5359680 723
5359681 743
5359682 726
5359684 1270
5359685 1290
5359686 1273
5359688 1633
5359689 1653
5359690 1636
5359692 1859
5359693 1879
5359694 1862
5359696 1988
5359697 2008
5359698 1991
5359701 2071
5359702 2072
5359704 2087
5359705 2097
5359706 2090
5359709 2105
5359710 2106
5359712 2107
5359714 2108
5363584 724
5363585 724
5363587 744
5363588 1271
5363589 1271
5363591 1291
5363592 1634
5363593 1634
5363595 1654
5363596 1860
5363597 1860
5363599 1880
5363600 1989
5363601 1989
5363603 2009
5363605 2069
5363607 2073
5363608 2088
5363609 2088
5363611 2099
5363612 2103
5363615 2109
5363616 2106
5363617 2106
5363619 2110
5363712 723
5363713 742
5363714 726
5363716 1270
5363717 1289
5363718 1273
5363720 1633
5363721 1652
5363722 1636
5363724 1859
5363725 1878
5363726 1862
5363728 1988
5363729 2007
5363730 1991
5363733 2071
5363734 2072
5363736 2087
5363737 2098
5363738 2090
5363740 2104
5363742 2106
5363745 2111
5363746 2108
5363776 725
5363777 723
5363778 726
5363780 1272
5363781 1270
5363782 1273
5363784 1635
5363785 1633
5363786 1636
5363788 1861
5363789 1859
5363790 1862
5363792 1990
5363793 1988
5363794 1991
5363797 2070
5363798 2072
5363800 2089
5363801 2087
5363802 2090
5363804 2105
5363806 2106
5363808 2111
5363810 2108
5363840 726
5363841 726
5363842 726
5363843 745
5363844 1273
5363845 1273
5363846 1273
5363847 1292
5363848 1636
5363849 1636
5363850 1636
5363851 1655
5363852 1862
5363853 1862
5363854 1862
5363855 1881
5363856 1991
5363857 1991
5363858 1991
5363859 2010
5363861 2072
5363862 2072
5363863 2074
5363864 2090
5363865 2090
5363866 2090
5363867 2100
5363868 2106
5363870 2106
5363871 2110
5363872 2108
5363873 2108
5363875 2112
5376064 727
5376065 746
5376066 728
5376068 1274
5376069 1293
5376070 1275
5376072 1637
5376073 1656
5376074 1638
5376076 1863
5376077 1882
5376078 1864
5376080 1992
5376081 2011
5376082 1993
5376085 2075
5376086 2076
5376088 2091
5376089 2101
5376090 2092
5376092 2107
5376093 2111
5376094 2108
5376098 2113
5380224 728
5380225 728
5380227 747
5380228 1275
5380229 1275
5380231 1294
5380232 1638
5380233 1638
5380235 1657
5380236 1864
5380237 1864
5380239 1883
5380240 1993
5380241 1993
5380243 2012
5380245 2076
5380247 2077
5380248 2092
5380249 2092
5380251 2102
5380252 2108
5380253 2108
5380255 2112
5380256 2113
5380259 2114
6395520 748
6395523 763
6395524 1295
6395527 1310
6395528 1658
6395531 1673
6395532 1884
6395535 1899
6395536 2013
6395539 2028
6395540 2078
6395543 2093
6395547 2115
6395548 2116
6395551 2117
6395552 2118
6395555 2119
6395648 749
6395649 750
6395650 751
6395652 1296
6395653 1297
6395654 1298
6395656 1659
6395657 1660
6395658 1661
6395660 1885
6395661 1886
6395662 1887
6395664 2014
6395665 2015
6395666 2016
6395668 2079
6395669 2080
6395670 2081
6395674 2116
6395677 2120
6395678 2121
6395680 2122
6395681 2123
6395682 2124
6395776 751
6395778 751
6395779 764
6395780 1298
6395782 1298
6395783 1311
6395784 1661
6395786 1661
6395787 1674
6395788 1887
6395790 1887
6395791 1900
6395792 2016
6395794 2016
6395795 2029
6395796 2081
6395798 2081
6395799 2094
6395802 2116
6395803 2117
6395804 2121
6395807 2125
6395808 2124
6395810 2124
6395811 2126
6395904 752
6395905 753
6395906 754
6395908 1299
6395909 1300
6395910 1301
6395912 1662
6395913 1663
6395914 1664
6395916 1888
6395917 1889
6395918 1890
6395920 2017
6395921 2018
6395922 2019
6395924 2082
6395925 2083
6395926 2084
6395930 2118
6395932 2122
6395933 2123
6395934 2124
6395937 2127
6395938 2128
6396032 754
6396034 754
6396035 765
6396036 1301
6396038 1301
6396039 1312
6396040 1664
6396042 1664
6396043 1675
6396044 1890
6396046 1890
6396047 1901
6396048 2019
6396050 2019
6396051 2030
6396052 2084
6396054 2084
6396055 2095
6396058 2118
6396059 2119
6396060 2124
6396062 2124
6396063 2126
6396064 2128
6396067 2129
6408000 755
6408001 766
6408002 758
6408004 1302
6408005 1313
6408006 1305
6408008 1665
6408009 1676
6408010 1668
6408012 1891
6408013 1902
6408014 1894
6408016 2020
6408017 2031
6408018 2023
6408020 2085
6408021 2096
6408022 2088
6408025 2120
6408026 2121
6408030 2130
6408032 2131
6408033 2132
6408034 2133
6408192 756
6408193 757
6408196 1303
6408197 1304
6408200 1666
6408201 1667
6408204 1892
6408205 1893
6408208 2021
6408209 2022
6408212 2086
6408213 2087
6408217 2122
6408221 2131
6408225 2134
6408256 757
6408257 768
6408258 760
6408260 1304
6408261 1315
6408262 1307
6408264 1667
6408265 1678
6408266 1670
6408268 1893
6408269 1904
6408270 1896
6408272 2022
6408273 2033
6408274 2025
6408276 2087
6408277 2098
6408278 2090
6408281 2123
6408282 2124
6408285 2132
6408286 2133
6408288 2134
6408290 2135
6412160 758
6412161 758
6412163 769
6412164 1305
6412165 1305
6412167 1316
6412168 1668
6412169 1668
6412171 1679
6412172 1894
6412173 1894
6412175 1905
6412176 2023
6412177 2023
6412179 2034
6412180 2088
6412181 2088
6412183 2099
6412185 2121
6412187 2125
6412188 2130
6412191 2136
6412192 2133
6412193 2133
6412195 2137
6412288 757
6412289 767
6412290 760
6412292 1304
6412293 1314
6412294 1307
6412296 1667
6412297 1677
6412298 1670
6412300 1893
6412301 1903
6412302 1896
6412304 2022
6412305 2032
6412306 2025
6412308 2087
6412309 2097
6412310 2090
6412313 2123
6412314 2124
6412316 2131
6412318 2133
6412321 2138
6412322 2135
6412352 759
6412353 757
6412354 760
6412356 1306
6412357 1304
6412358 1307
6412360 1669
6412361 1667
6412362 1670
6412364 1895
6412365 1893
6412366 1896
6412368 2024
6412369 2022
6412370 2025
6412372 2089
6412373 2087
6412374 2090
6412377 2122
6412378 2124
6412380 2132
6412382 2133
6412384 2138
6412386 2135
6412416 760
6412417 760
6412418 760
6412419 770
6412420 1307
6412421 1307
6412422 1307
6412423 1317
6412424 1670
6412425 1670
6412426 1670
6412427 1680
6412428 1896
6412429 1896
6412430 1896
6412431 1906
6412432 2025
6412433 2025
6412434 2025
6412435 2035
6412436 2090
6412437 2090
6412438 2090
6412439 2100
6412441 2124
6412442 2124
6412443 2126
6412444 2133
6412446 2133
6412447 2137
6412448 2135
6412449 2135
6412451 2139
6424640 761
6424641 771
6424642 762
6424644 1308
6424645 1318
6424646 1309
6424648 1671
6424649 1681
6424650 1672
6424652 1897
6424653 1907
6424654 1898
6424656 2026
6424657 2036
6424658 2027
6424660 2091
6424661 2101
6424662 2092
6424665 2127
6424666 2128
6424668 2134
6424669 2138
6424670 2135
6424674 2140
6428800 762
6428801 762
6428803 772
6428804 1309
6428805 1309
6428807 1319
6428808 1672
6428809 1672
6428811 1682
6428812 1898
6428813 1898
6428815 1908
6428816 2027
6428817 2027
6428819 2037
6428820 2092
6428821 2092
6428823 2102
6428825 2128
6428827 2129
6428828 2135
6428829 2135
6428831 2139
6428832 2140
6428835 2141
7460736 773
7460739 779
7460740 1320
7460743 1326
7460744 1683
7460747 1689
7460748 1909
7460751 1915
7460752 2038
7460755 2044
7460756 2103
7460759 2109
7460760 2130
7460763 2136
7460767 2142
7460768 2143
7460771 2144
7460864 774
7460865 775
7460866 776
7460868 1321
7460869 1322
7460870 1323
7460872 1684
7460873 1685
7460874 1686
7460876 1910
7460877 1911
7460878 1912
7460880 2039
7460881 2040
7460882 2041
7460884 2104
7460885 2105
7460886 2106
7460888 2131
7460889 2132
7460890 2133
7460894 2143
7460897 2145
7460898 2146
7460992 776
7460994 776
7460995 780
7460996 1323
7460998 1323
7460999 1327
7461000 1686
7461002 1686
7461003 1690
7461004 1912
7461006 1912
7461007 1916
7461008 2041
7461010 2041
7461011 2045
7461012 2106
7461014 2106
7461015 2110
7461016 2133
7461018 2133
7461019 2137
7461022 2143
7461023 2144
7461024 2146
7461027 2147
7473216 777
7473217 781
7473218 778
7473220 1324
7473221 1328
7473222 1325
7473224 1687
7473225 1691
7473226 1688
7473228 1913
7473229 1917
7473230 1914
7473232 2042
7473233 2046
7473234 2043
7473236 2107
7473237 2111
7473238 2108
7473240 2134
7473241 2138
7473242 2135
7473245 2145
7473246 2146
7473250 2148
7477376 778
7477377 778
7477379 782
7477380 1325
7477381 1325
7477383 1329
7477384 1688
7477385 1688
7477387 1692
7477388 1914
7477389 1914
7477391 1918
7477392 2043
7477393 2043
7477395 2047
7477396 2108
7477397 2108
7477399 2112
7477400 2135
7477401 2135
7477403 2139
7477405 2146
7477407 2147
7477408 2148
7477411 2149
8525952 783
8525955 784
8525956 1330
8525959 1331
8525960 1693
8525963 1694
8525964 1919
8525967 1920
8525968 2048
8525971 2049
8525972 2113
8525975 2114
8525976 2140
8525979 2141
8525980 2148
8525983 2149
8525987 2150
river 13761
4227 0
4228 1
4231 2
4232 3
4235 4
4236 5
4239 6
4240 7
4243 8
4244 9
4247 10
4248 11
4251 12
4252 13
4255 14
4256 15
4259 16
4354 1
4357 17
4358 18
4360 19
4361 20
4362 21
4364 22
4365 23
4366 24
4368 25
4369 26
4370 27
4372 28
4373 29
4374 30
4376 31
4377 32
4378 33
4380 34
4381 35
4382 36
4384 37
4385 38
4386 39
4482 1
4483 2
4484 18
4487 40
4488 21
4490 21
4491 41
4492 24
4494 24
4495 42
4496 27
4498 27
4499 43
4500 30
4502 30
4503 44
4504 33
4506 33
4507 45
4508 36
4510 36
4511 46
4512 39
4514 39
4515 47
4610 3
4612 19
4613 20
4614 21
4617 48
4618 49
4620 50
4621 51
4622 52
4624 53
4625 54
4626 55
4628 56
4629 57
4630 58
4632 59
4633 60
4634 61
4636 62
4637 63
4638 64
4640 65
4641 66
4642 67
4738 3
4739 4
4740 21
4742 21
4743 41
4744 49
4747 68
4748 52
4750 52
4751 69
4752 55
4754 55
4755 70
4756 58
4758 58
4759 71
4760 61
4762 61
4763 72
4764 64
4766 64
4767 73
4768 67
4770 67
4771 74
4866 5
4868 22
4869 23
4870 24
4872 50
4873 51
4874 52
4877 75
4878 76
4880 77
4881 78
4882 79
4884 80
4885 81
4886 82
4888 83
4889 84
4890 85
4892 86
4893 87
4894 88
4896 89
4897 90
4898 91
4994 5
4995 6
4996 24
4998 24
4999 42
5000 52
5002 52
5003 69
5004 76
5007 92
5008 79
5010 79
5011 93
5012 82
5014 82
5015 94
5016 85
5018 85
5019 95
5020 88
5022 88
5023 96
5024 91
5026 91
5027 97
5122 7
5124 25
5125 26
5126 27
5128 53
5129 54
5130 55
5132 77
5133 78
5134 79
5137 98
5138 99
5140 100
5141 101
5142 102
5144 103
5145 104
5146 105
5148 106
5149 107
5150 108
5152 109
5153 110
5154 111
5250 7
5251 8
5252 27
5254 27
5255 43
5256 55
5258 55
5259 70
5260 79
5262 79
5263 93
5264 99
5267 112
5268 102
5270 102
5271 113
5272 105
5274 105
5275 114
5276 108
5278 108
5279 115
5280 111
5282 111
5283 116
5378 9
5380 28
5381 29
5382 30
5384 56
5385 57
5386 58
5388 80
5389 81
5390 82
5392 100
5393 101
5394 102
5397 117
5398 118
5400 119
5401 120
5402 121
5404 122
5405 123
5406 124
5408 125
5409 126
5410 127
5506 9
5507 10
5508 30
5510 30
5511 44
5512 58
5514 58
5515 71
5516 82
5518 82
5519 94
5520 102
5522 102
5523 113
5524 118
5527 128
5528 121
5530 121
5531 129
5532 124
5534 124
5535 130
5536 127
5538 127
5539 131
5634 11
5636 31
5637 32
5638 33
5640 59
5641 60
5642 61
5644 83
5645 84
5646 85
5648 103
5649 104
5650 105
5652 119
5653 120
5654 121
5657 132
5658 133
5660 134
5661 135
5662 136
5664 137
5665 138
5666 139
5762 11
5763 12
5764 33
5766 33
5767 45
5768 61
5770 61
5771 72
5772 85
5774 85
5775 95
5776 105
5778 105
5779 114
5780 121
5782 121
5783 129
5784 133
5787 140
5788 136
5790 136
5791 141
5792 139
5794 139
5795 142
5890 13
5892 34
5893 35
5894 36
5896 62
5897 63
5898 64
5900 86
5901 87
5902 88
5904 106
5905 107
5906 108
5908 122
5909 123
5910 124
5912 134
5913 135
5914 136
5917 143
5918 144
5920 145
5921 146
5922 147
6018 13
6019 14
6020 36
6022 36
6023 46
6024 64
6026 64
6027 73
6028 88
6030 88
6031 96
6032 108
6034 108
6035 115
6036 124
6038 124
6039 130
6040 136
6042 136
6043 141
6044 144
6047 148
6048 147
6050 147
6051 149
6146 15
6148 37
6149 38
6150 39
6152 65
6153 66
6154 67
6156 89
6157 90
6158 91
6160 109
6161 110
6162 111
6164 125
6165 126
6166 127
6168 137
6169 138
6170 139
6172 145
6173 146
6174 147
6177 150
6178 151
6274 15
6275 16
6276 39
6278 39
6279 47
6280 67
6282 67
6283 74
6284 91
6286 91
6287 97
6288 111
6290 111
6291 116
6292 127
6294 127
6295 131
6296 139
6298 139
6299 142
6300 147
6302 147
6303 149
6304 151
6307 152
16705 17
16706 18
16710 153
16712 154
16713 155
16714 156
16716 157
16717 158
16718 159
16720 160
16721 161
16722 162
16724 163
16725 164
16726 165
16728 166
16729 167
16730 168
16732 169
16733 170
16734 171
16736 172
16737 173
16738 174
16897 19
16901 154
16905 175
16908 176
16909 177
16912 178
16913 179
16916 180
16917 181
16920 182
16921 183
16924 184
16925 185
16928 186
16929 187
16961 20
16962 21
16965 155
16966 156
16968 175
16970 188
16972 177
16973 189
16974 190
16976 179
16977 191
16978 192
16980 181
16981 193
16982 194
16984 183
16985 195
16986 196
16988 185
16989 197
16990 198
16992 187
16993 199
16994 200
17153 22
17157 157
17160 176
17161 177
17165 201
17168 202
17169 203
17172 204
17173 205
17176 206
17177 207
17180 208
17181 209
17184 210
17185 211
17217 23
17218 24
17221 158
17222 159
17224 177
17225 189
17226 190
17228 201
17230 212
17232 203
17233 213
17234 214
17236 205
17237 215
17238 216
17240 207
17241 217
17242 218
17244 209
17245 219
17246 220
17248 211
17249 221
17250 222
17409 25
17413 160
17416 178
17417 179
17420 202
17421 203
17425 223
17428 224
17429 225
17432 226
17433 227
17436 228
17437 229
17440 230
17441 231
17473 26
17474 27
17477 161
17478 162
17480 179
17481 191
17482 192
17484 203
17485 213
17486 214
17488 223
17490 232
17492 225
17493 233
17494 234
17496 227
17497 235
17498 236
17500 229
17501 237
17502 238
17504 231
17505 239
17506 240
17665 28
17669 163
17672 180
17673 181
17676 204
17677 205
17680 224
17681 225
17685 241
17688 242
17689 243
17692 244
17693 245
17696 246
17697 247
17729 29
17730 30
17733 164
17734 165
17736 181
17737 193
17738 194
17740 205
17741 215
17742 216
17744 225
17745 233
17746 234
17748 241
17750 248
17752 243
17753 249
17754 250
17756 245
17757 251
17758 252
17760 247
17761 253
17762 254
17921 31
17925 166
17928 182
17929 183
17932 206
17933 207
17936 226
17937 227
17940 242
17941 243
17945 255
17948 256
17949 257
17952 258
17953 259
17985 32
17986 33
17989 167
17990 168
17992 183
17993 195
17994 196
17996 207
17997 217
17998 218
18000 227
18001 235
18002 236
18004 243
18005 249
18006 250
18008 255
18010 260
18012 257
18013 261
18014 262
18016 259
18017 263
18018 264
18177 34
18181 169
18184 184
18185 185
18188 208
18189 209
18192 228
18193 229
18196 244
18197 245
18200 256
18201 257
18205 265
18208 266
18209 267
18241 35
18242 36
18245 170
18246 171
18248 185
18249 197
18250 198
18252 209
18253 219
18254 220
18256 229
18257 237
18258 238
18260 245
18261 251
18262 252
18264 257
18265 261
18266 262
18268 265
18270 268
18272 267
18273 269
18274 270
18433 37
18437 172
18440 186
18441 187
18444 210
18445 211
18448 230
18449 231
18452 246
18453 247
18456 258
18457 259
18460 266
18461 267
18465 271
18497 38
18498 39
18501 173
18502 174
18504 187
18505 199
18506 200
18508 211
18509 221
18510 222
18512 231
18513 239
18514 240
18516 247
18517 253
18518 254
18520 259
18521 263
18522 264
18524 267
18525 269
18526 270
18528 271
18530 272
20865 18
20867 40
20868 153
20871 273
20872 156
20873 156
20875 274
20876 159
20877 159
20879 275
20880 162
20881 162
20883 276
20884 165
20885 165
20887 277
20888 168
20889 168
20891 278
20892 171
20893 171
20895 279
20896 174
20897 174
20899 280
20993 20
20994 21
20996 154
20998 156
21001 281
21002 188
21004 177
21005 282
21006 190
21008 179
21009 283
21010 192
21012 181
21013 284
21014 194
21016 183
21017 285
21018 196
21020 185
21021 286
21022 198
21024 187
21025 287
21026 200
21057 19
21058 21
21060 155
21062 156
21064 281
21066 188
21068 288
21069 177
21070 190
21072 289
21073 179
21074 192
21076 290
21077 181
21078 194
21080 291
21081 183
21082 196
21084 292
21085 185
21086 198
21088 293
21089 187
21090 200
21121 21
21122 21
21123 41
21124 156
21126 156
21127 274
21128 188
21129 188
21131 294
21132 190
21133 190
21134 190
21135 295
21136 192
21137 192
21138 192
21139 296
21140 194
21141 194
21142 194
21143 297
21144 196
21145 196
21146 196
21147 298
21148 198
21149 198
21150 198
21151 299
21152 200
21153 200
21154 200
21155 300
21249 23
21250 24
21252 157
21254 159
21256 177
21257 288
21258 190
21261 301
21262 212
21264 203
21265 302
21266 214
21268 205
21269 303
21270 216
21272 207
21273 304
21274 218
21276 209
21277 305
21278 220
21280 211
21281 306
21282 222
21313 22
21314 24
21316 158
21318 159
21320 282
21321 177
21322 190
21324 301
21326 212
21328 307
21329 203
21330 214
21332 308
21333 205
21334 216
21336 309
21337 207
21338 218
21340 310
21341 209
21342 220
21344 311
21345 211
21346 222
21377 24
21378 24
21379 42
21380 159
21382 159
21383 275
21384 190
21385 190
21386 190
21387 295
21388 212
21389 212
21391 312
21392 214
21393 214
21394 214
21395 313
21396 216
21397 216
21398 216
21399 314
21400 218
21401 218
21402 218
21403 315
21404 220
21405 220
21406 220
21407 316
21408 222
21409 222
21410 222
21411 317
21505 26
21506 27
21508 160
21510 162
21512 179
21513 289
21514 192
21516 203
21517 307
21518 214
21521 318
21522 232
21524 225
21525 319
21526 234
21528 227
21529 320
21530 236
21532 229
21533 321
21534 238
21536 231
21537 322
21538 240
21569 25
21570 27
21572 161
21574 162
21576 283
21577 179
21578 192
21580 302
21581 203
21582 214
21584 318
21586 232
21588 323
21589 225
21590 234
21592 324
21593 227
21594 236
21596 325
21597 229
21598 238
21600 326
21601 231
21602 240
21633 27
21634 27
21635 43
21636 162
21638 162
21639 276
21640 192
21641 192
21642 192
21643 296
21644 214
21645 214
21646 214
21647 313
21648 232
21649 232
21651 327
21652 234
21653 234
21654 234
21655 328
21656 236
21657 236
21658 236
21659 329
21660 238
21661 238
21662 238
21663 330
21664 240
21665 240
21666 240
21667 331
21761 29
21762 30
21764 163
21766 165
21768 181
21769 290
21770 194
21772 205
21773 308
21774 216
21776 225
21777 323
21778 234
21781 332
21782 248
21784 243
21785 333
21786 250
21788 245
21789 334
21790 252
21792 247
21793 335
21794 254
21825 28
21826 30
21828 164
21830 165
21832 284
21833 181
21834 194
21836 303
21837 205
21838 216
21840 319
21841 225
21842 234
21844 332
21846 248
21848 336
21849 243
21850 250
21852 337
21853 245
21854 252
21856 338
21857 247
21858 254
21889 30
21890 30
21891 44
21892 165
21894 165
21895 277
21896 194
21897 194
21898 194
21899 297
21900 216
21901 216
21902 216
21903 314
21904 234
21905 234
21906 234
21907 328
21908 248
21909 248
21911 339
21912 250
21913 250
21914 250
21915 340
21916 252
21917 252
21918 252
21919 341
21920 254
21921 254
21922 254
21923 342
22017 32
22018 33
22020 166
22022 168
22024 183
22025 291
22026 196
22028 207
22029 309
22030 218
22032 227
22033 324
22034 236
22036 243
22037 336
22038 250
22041 343
22042 260
22044 257
22045 344
22046 262
22048 259
22049 345
22050 264
22081 31
22082 33
22084 167
22086 168
22088 285
22089 183
22090 196
22092 304
22093 207
22094 218
22096 320
22097 227
22098 236
22100 333
22101 243
22102 250
22104 343
22106 260
22108 346
22109 257
22110 262
22112 347
22113 259
22114 264
22145 33
22146 33
22147 45
22148 168
22150 168
22151 278
22152 196
22153 196
22154 196
22155 298
22156 218
22157 218
22158 218
22159 315
22160 236
22161 236
22162 236
22163 329
22164 250
22165 250
22166 250
22167 340
22168 260
22169 260
22171 348
22172 262
22173 262
22174 262
22175 349
22176 264
22177 264
22178 264
22179 350
22273 35
22274 36
22276 169
22278 171
22280 185
22281 292
22282 198
22284 209
22285 310
22286 220
22288 229
22289 325
22290 238
22292 245
22293 337
22294 252
22296 257
22297 346
22298 262
22301 351
22302 268
22304 267
22305 352
22306 270
22337 34
22338 36
22340 170
22342 171
22344 286
22345 185
22346 198
22348 305
22349 209
22350 220
22352 321
22353 229
22354 238
22356 334
22357 245
22358 252
22360 344
22361 257
22362 262
22364 351
22366 268
22368 353
22369 267
22370 270
22401 36
22402 36
22403 46
22404 171
22406 171
22407 279
22408 198
22409 198
22410 198
22411 299
22412 220
22413 220
22414 220
22415 316
22416 238
22417 238
22418 238
22419 330
22420 252
22421 252
22422 252
22423 341
22424 262
22425 262
22426 262
22427 349
22428 268
22429 268
22431 354
22432 270
22433 270
22434 270
22435 355
22529 38
22530 39
22532 172
22534 174
22536 187
22537 293
22538 200
22540 211
22541 311
22542 222
22544 231
22545 326
22546 240
22548 247
22549 338
22550 254
22552 259
22553 347
22554 264
22556 267
22557 353
22558 270
22561 356
22562 272
22593 37
22594 39
22596 173
22598 174
22600 287
22601 187
22602 200
22604 306
22605 211
22606 222
22608 322
22609 231
22610 240
22612 335
22613 247
22614 254
22616 345
22617 259
22618 264
22620 352
22621 267
22622 270
22624 356
22626 272
22657 39
22658 39
22659 47
22660 174
22662 174
22663 280
22664 200
22665 200
22666 200
22667 300
22668 222
22669 222
22670 222
22671 317
22672 240
22673 240
22674 240
22675 331
22676 254
22677 254
22678 254
22679 342
22680 264
22681 264
22682 264
22683 350
22684 270
22685 270
22686 270
22687 355
22688 272
22689 272
22691 357
33345 48
33346 49
33348 175
33349 281
33350 188
33354 358
33356 359
33357 360
33358 361
33360 362
33361 363
33362 364
33364 365
33365 366
33366 367
33368 368
33369 369
33370 370
33372 371
33373 372
33374 373
33376 374
33377 375
33378 376
33537 50
33540 176
33541 177
33545 359
33549 377
33552 378
33553 379
33556 380
33557 381
33560 382
33561 383
33564 384
33565 385
33568 386
33569 387
33601 51
33602 52
33604 177
33605 282
33606 190
33609 360
33610 361
33612 377
33614 388
33616 379
33617 389
33618 390
33620 381
33621 391
33622 392
33624 383
33625 393
33626 394
33628 385
33629 395
33630 396
33632 387
33633 397
33634 398
33793 53
33796 178
33797 179
33801 362
33804 378
33805 379
33809 399
33812 400
33813 401
33816 402
33817 403
33820 404
33821 405
33824 406
33825 407
33857 54
33858 55
33860 179
33861 283
33862 192
33865 363
33866 364
33868 379
33869 389
33870 390
33872 399
33874 408
33876 401
33877 409
33878 410
33880 403
33881 411
33882 412
33884 405
33885 413
33886 414
33888 407
33889 415
33890 416
34049 56
34052 180
34053 181
34057 365
34060 380
34061 381
34064 400
34065 401
34069 417
34072 418
34073 419
34076 420
34077 421
34080 422
34081 423
34113 57
34114 58
34116 181
34117 284
34118 194
34121 366
34122 367
34124 381
34125 391
34126 392
34128 401
34129 409
34130 410
34132 417
34134 424
34136 419
34137 425
34138 426
34140 421
34141 427
34142 428
34144 423
34145 429
34146 430
34305 59
34308 182
34309 183
34313 368
34316 382
34317 383
34320 402
34321 403
34324 418
34325 419
34329 431
34332 432
34333 433
34336 434
34337 435
34369 60
34370 61
34372 183
34373 285
34374 196
34377 369
34378 370
34380 383
34381 393
34382 394
34384 403
34385 411
34386 412
34388 419
34389 425
34390 426
34392 431
34394 436
34396 433
34397 437
34398 438
34400 435
34401 439
34402 440
34561 62
34564 184
34565 185
34569 371
34572 384
34573 385
34576 404
34577 405
34580 420
34581 421
34584 432
34585 433
34589 441
34592 442
34593 443
34625 63
34626 64
34628 185
34629 286
34630 198
34633 372
34634 373
34636 385
34637 395
34638 396
34640 405
34641 413
34642 414
34644 421
34645 427
34646 428
34648 433
34649 437
34650 438
34652 441
34654 444
34656 443
34657 445
34658 446
34817 65
34820 186
34821 187
34825 374
34828 386
34829 387
34832 406
34833 407
34836 422
34837 423
34840 434
34841 435
34844 442
34845 443
34849 447
34881 66
34882 67
34884 187
34885 287
34886 200
34889 375
34890 376
34892 387
34893 397
34894 398
34896 407
34897 415
34898 416
34900 423
34901 429
34902 430
34904 435
34905 439
34906 440
34908 443
34909 445
34910 446
34912 447
34914 448
37505 49
37507 68
37508 188
37509 188
37511 294
37512 358
37515 449
37516 361
37517 361
37519 450
37520 364
37521 364
37523 451
37524 367
37525 367
37527 452
37528 370
37529 370
37531 453
37532 373
37533 373
37535 454
37536 376
37537 376
37539 455
37633 51
37634 52
37636 177
37637 288
37638 190
37640 359
37642 361
37645 456
37646 388
37648 379
37649 457
37650 390
37652 381
37653 458
37654 392
37656 383
37657 459
37658 394
37660 385
37661 460
37662 396
37664 387
37665 461
37666 398
37697 50
37698 52
37700 189
37701 177
37702 190
37704 360
37706 361
37708 456
37710 388
37712 462
37713 379
37714 390
37716 463
37717 381
37718 392
37720 464
37721 383
37722 394
37724 465
37725 385
37726 396
37728 466
37729 387
37730 398
37761 52
37762 52
37763 69
37764 190
37765 190
37766 190
37767 295
37768 361
37770 361
37771 450
37772 388
37773 388
37775 467
37776 390
37777 390
37778 390
37779 468
37780 392
37781 392
37782 392
37783 469
37784 394
37785 394
37786 394
37787 470
37788 396
37789 396
37790 396
37791 471
37792 398
37793 398
37794 398
37795 472
37889 54
37890 55
37892 179
37893 289
37894 192
37896 362
37898 364
37900 379
37901 462
37902 390
37905 473
37906 408
37908 401
37909 474
37910 410
37912 403
37913 475
37914 412
37916 405
37917 476
37918 414
37920 407
37921 477
37922 416
37953 53
37954 55
37956 191
37957 179
37958 192
37960 363
37962 364
37964 457
37965 379
37966 390
37968 473
37970 408
37972 478
37973 401
37974 410
37976 479
37977 403
37978 412
37980 480
37981 405
37982 414
37984 481
37985 407
37986 416
38017 55
38018 55
38019 70
38020 192
38021 192
38022 192
38023 296
38024 364
38026 364
38027 451
38028 390
38029 390
38030 390
38031 468
38032 408
38033 408
38035 482
38036 410
38037 410
38038 410
38039 483
38040 412
38041 412
38042 412
38043 484
38044 414
38045 414
38046 414
38047 485
38048 416
38049 416
38050 416
38051 486
38145 57
38146 58
38148 181
38149 290
38150 194
38152 365
38154 367
38156 381
38157 463
38158 392
38160 401
38161 478
38162 410
38165 487
38166 424
38168 419
38169 488
38170 426
38172 421
38173 489
38174 428
38176 423
38177 490
38178 430
38209 56
38210 58
38212 193
38213 181
38214 194
38216 366
38218 367
38220 458
38221 381
38222 392
38224 474
38225 401
38226 410
38228 487
38230 424
38232 491
38233 419
38234 426
38236 492
38237 421
38238 428
38240 493
38241 423
38242 430
38273 58
38274 58
38275 71
38276 194
38277 194
38278 194
38279 297
38280 367
38282 367
38283 452
38284 392
38285 392
38286 392
38287 469
38288 410
38289 410
38290 410
38291 483
38292 424
38293 424
38295 494
38296 426
38297 426
38298 426
38299 495
38300 428
38301 428
38302 428
38303 496
38304 430
38305 430
38306 430
38307 497
38401 60
38402 61
38404 183
38405 291
38406 196
38408 368
38410 370
38412 383
38413 464
38414 394
38416 403
38417 479
38418 412
38420 419
38421 491
38422 426
38425 498
38426 436
38428 433
38429 499
38430 438
38432 435
38433 500
38434 440
38465 59
38466 61
38468 195
38469 183
38470 196
38472 369
38474 370
38476 459
38477 383
38478 394
38480 475
38481 403
38482 412
38484 488
38485 419
38486 426
38488 498
38490 436
38492 501
38493 433
38494 438
38496 502
38497 435
38498 440
38529 61
38530 61
38531 72
38532 196
38533 196
38534 196
38535 298
38536 370
38538 370
38539 453
38540 394
38541 394
38542 394
38543 470
38544 412
38545 412
38546 412
38547 484
38548 426
38549 426
38550 426
38551 495
38552 436
38553 436
38555 503
38556 438
38557 438
38558 438
38559 504
38560 440
38561 440
38562 440
38563 505
38657 63
38658 64
38660 185
38661 292
38662 198
38664 371
38666 373
38668 385
38669 465
38670 396
38672 405
38673 480
38674 414
38676 421
38677 492
38678 428
38680 433
38681 501
38682 438
38685 506
38686 444
38688 443
38689 507
38690 446
38721 62
38722 64
38724 197
38725 185
38726 198
38728 372
38730 373
38732 460
38733 385
38734 396
38736 476
38737 405
38738 414
38740 489
38741 421
38742 428
38744 499
38745 433
38746 438
38748 506
38750 444
38752 508
38753 443
38754 446
38785 64
38786 64
38787 73
38788 198
38789 198
38790 198
38791 299
38792 373
38794 373
38795 454
38796 396
38797 396
38798 396
38799 471
38800 414
38801 414
38802 414
38803 485
38804 428
38805 428
38806 428
38807 496
38808 438
38809 438
38810 438
38811 504
38812 444
38813 444
38815 509
38816 446
38817 446
38818 446
38819 510
38913 66
38914 67
38916 187
38917 293
38918 200
38920 374
38922 376
38924 387
38925 466
38926 398
38928 407
38929 481
38930 416
38932 423
38933 493
38934 430
38936 435
38937 502
38938 440
38940 443
38941 508
38942 446
38945 511
38946 448
38977 65
38978 67
38980 199
38981 187
38982 200
38984 375
38986 376
38988 461
38989 387
38990 398
38992 477
38993 407
38994 416
38996 490
38997 423
38998 430
39000 500
39001 435
39002 440
39004 507
39005 443
39006 446
39008 511
39010 448
39041 67
39042 67
39043 74
39044 200
39045 200
39046 200
39047 300
39048 376
39050 376
39051 455
39052 398
39053 398
39054 398
39055 472
39056 416
39057 416
39058 416
39059 486
39060 430
39061 430
39062 430
39063 497
39064 440
39065 440
39066 440
39067 505
39068 446
39069 446
39070 446
39071 510
39072 448
39073 448
39075 512
49985 75
49986 76
49988 201
49989 301
49990 212
49992 377
49993 456
49994 388
49998 513
50000 514
50001 515
50002 516
50004 517
50005 518
50006 519
50008 520
50009 521
50010 522
50012 523
50013 524
50014 525
50016 526
50017 527
50018 528
50177 77
50180 202
50181 203
50184 378
50185 379
50189 514
50193 529
50196 530
50197 531
50200 532
50201 533
50204 534
50205 535
50208 536
50209 537
50241 78
50242 79
50244 203
50245 302
50246 214
50248 379
50249 457
50250 390
50253 515
50254 516
50256 529
50258 538
50260 531
50261 539
50262 540
50264 533
50265 541
50266 542
50268 535
50269 543
50270 544
50272 537
50273 545
50274 546
50433 80
50436 204
50437 205
50440 380
50441 381
50445 517
50448 530
50449 531
50453 547
50456 548
50457 549
50460 550
50461 551
50464 552
50465 553
50497 81
50498 82
50500 205
50501 303
50502 216
50504 381
50505 458
50506 392
50509 518
50510 519
50512 531
50513 539
50514 540
50516 547
50518 554
50520 549
50521 555
50522 556
50524 551
50525 557
50526 558
50528 553
50529 559
50530 560
50689 83
50692 206
50693 207
50696 382
50697 383
50701 520
50704 532
50705 533
50708 548
50709 549
50713 561
50716 562
50717 563
50720 564
50721 565
50753 84
50754 85
50756 207
50757 304
50758 218
50760 383
50761 459
50762 394
50765 521
50766 522
50768 533
50769 541
50770 542
50772 549
50773 555
50774 556
50776 561
50778 566
50780 563
50781 567
50782 568
50784 565
50785 569
50786 570
50945 86
50948 208
50949 209
50952 384
50953 385
50957 523
50960 534
50961 535
50964 550
50965 551
50968 562
50969 563
50973 571
50976 572
50977 573
51009 87
51010 88
51012 209
51013 305
51014 220
51016 385
51017 460
51018 396
51021 524
51022 525
51024 535
51025 543
51026 544
51028 551
51029 557
51030 558
51032 563
51033 567
51034 568
51036 571
51038 574
51040 573
51041 575
51042 576
51201 89
51204 210
51205 211
51208 386
51209 387
51213 526
51216 536
51217 537
51220 552
51221 553
51224 564
51225 565
51228 572
51229 573
51233 577
51265 90
51266 91
51268 211
51269 306
51270 222
51272 387
51273 461
51274 398
51277 527
51278 528
51280 537
51281 545
51282 546
51284 553
51285 559
51286 560
51288 565
51289 569
51290 570
51292 573
51293 575
51294 576
51296 577
51298 578
54145 76
54147 92
54148 212
54149 212
54151 312
54152 388
54153 388
54155 467
54156 513
54159 579
54160 516
54161 516
54163 580
54164 519
54165 519
54167 581
54168 522
54169 522
54171 582
54172 525
54173 525
54175 583
54176 528
54177 528
54179 584
54273 78
54274 79
54276 203
54277 307
54278 214
54280 379
54281 462
54282 390
54284 514
54286 516
54289 585
54290 538
54292 531
54293 586
54294 540
54296 533
54297 587
54298 542
54300 535
54301 588
54302 544
54304 537
54305 589
54306 546
54337 77
54338 79
54340 213
54341 203
54342 214
54344 389
54345 379
54346 390
54348 515
54350 516
54352 585
54354 538
54356 590
54357 531
54358 540
54360 591
54361 533
54362 542
54364 592
54365 535
54366 544
54368 593
54369 537
54370 546
54401 79
54402 79
54403 93
54404 214
54405 214
54406 214
54407 313
54408 390
54409 390
54410 390
54411 468
54412 516
54414 516
54415 580
54416 538
54417 538
54419 594
54420 540
54421 540
54422 540
54423 595
54424 542
54425 542
54426 542
54427 596
54428 544
54429 544
54430 544
54431 597
54432 546
54433 546
54434 546
54435 598
54529 81
54530 82
54532 205
54533 308
54534 216
54536 381
54537 463
54538 392
54540 517
54542 519
54544 531
54545 590
54546 540
54549 599
54550 554
54552 549
54553 600
54554 556
54556 551
54557 601
54558 558
54560 553
54561 602
54562 560
54593 80
54594 82
54596 215
54597 205
54598 216
54600 391
54601 381
54602 392
54604 518
54606 519
54608 586
54609 531
54610 540
54612 599
54614 554
54616 603
54617 549
54618 556
54620 604
54621 551
54622 558
54624 605
54625 553
54626 560
54657 82
54658 82
54659 94
54660 216
54661 216
54662 216
54663 314
54664 392
54665 392
54666 392
54667 469
54668 519
54670 519
54671 581
54672 540
54673 540
54674 540
54675 595
54676 554
54677 554
54679 606
54680 556
54681 556
54682 556
54683 607
54684 558
54685 558
54686 558
54687 608
54688 560
54689 560
54690 560
54691 609
54785 84
54786 85
54788 207
54789 309
54790 218
54792 383
54793 464
54794 394
54796 520
54798 522
54800 533
54801 591
54802 542
54804 549
54805 603
54806 556
54809 610
54810 566
54812 563
54813 611
54814 568
54816 565
54817 612
54818 570
54849 83
54850 85
54852 217
54853 207
54854 218
54856 393
54857 383
54858 394
54860 521
54862 522
54864 587
54865 533
54866 542
54868 600
54869 549
54870 556
54872 610
54874 566
54876 613
54877 563
54878 568
54880 614
54881 565
54882 570
54913 85
54914 85
54915 95
54916 218
54917 218
54918 218
54919 315
54920 394
54921 394
54922 394
54923 470
54924 522
54926 522
54927 582
54928 542
54929 542
54930 542
54931 596
54932 556
54933 556
54934 556
54935 607
54936 566
54937 566
54939 615
54940 568
54941 568
54942 568
54943 616
54944 570
54945 570
54946 570
54947 617
55041 87
55042 88
55044 209
55045 310
55046 220
55048 385
55049 465
55050 396
55052 523
55054 525
55056 535
55057 592
55058 544
55060 551
55061 604
55062 558
55064 563
55065 613
55066 568
55069 618
55070 574
55072 573
55073 619
55074 576
55105 86
55106 88
55108 219
55109 209
55110 220
55112 395
55113 385
55114 396
55116 524
55118 525
55120 588
55121 535
55122 544
55124 601
55125 551
55126 558
55128 611
55129 563
55130 568
55132 618
55134 574
55136 620
55137 573
55138 576
55169 88
55170 88
55171 96
55172 220
55173 220
55174 220
55175 316
55176 396
55177 396
55178 396
55179 471
55180 525
55182 525
55183 583
55184 544
55185 544
55186 544
55187 597
55188 558
55189 558
55190 558
55191 608
55192 568
55193 568
55194 568
55195 616
55196 574
55197 574
55199 621
55200 576
55201 576
55202 576
55203 622
55297 90
55298 91
55300 211
55301 311
55302 222
55304 387
55305 466
55306 398
55308 526
55310 528
55312 537
55313 593
55314 546
55316 553
55317 605
55318 560
55320 565
55321 614
55322 570
55324 573
55325 620
55326 576
55329 623
55330 578
55361 89
55362 91
55364 221
55365 211
55366 222
55368 397
55369 387
55370 398
55372 527
55374 528
55376 589
55377 537
55378 546
55380 602
55381 553
55382 560
55384 612
55385 565
55386 570
55388 619
55389 573
55390 576
55392 623
55394 578
55425 91
55426 91
55427 97
55428 222
55429 222
55430 222
55431 317
55432 398
55433 398
55434 398
55435 472
55436 528
55438 528
55439 584
55440 546
55441 546
55442 546
55443 598
55444 560
55445 560
55446 560
55447 609
55448 570
55449 570
55450 570
55451 617
55452 576
55453 576
55454 576
55455 622
55456 578
55457 578
55459 624
66625 98
66626 99
66628 223
66629 318
66630 232
66632 399
66633 473
66634 408
66636 529
66637 585
66638 538
66642 625
66644 626
66645 627
66646 628
66648 629
66649 630
66650 631
66652 632
66653 633
66654 634
66656 635
66657 636
66658 637
66817 100
66820 224
66821 225
66824 400
66825 401
66828 530
66829 531
66833 626
66837 638
66840 639
66841 640
66844 641
66845 642
66848 643
66849 644
66881 101
66882 102
66884 225
66885 319
66886 234
66888 401
66889 474
66890 410
66892 531
66893 586
66894 540
66897 627
66898 628
66900 638
66902 645
66904 640
66905 646
66906 647
66908 642
66909 648
66910 649
66912 644
66913 650
66914 651
67073 103
67076 226
67077 227
67080 402
67081 403
67084 532
67085 533
67089 629
67092 639
67093 640
67097 652
67100 653
67101 654
67104 655
67105 656
67137 104
67138 105
67140 227
67141 320
67142 236
67144 403
67145 475
67146 412
67148 533
67149 587
67150 542
67153 630
67154 631
67156 640
67157 646
67158 647
67160 652
67162 657
67164 654
67165 658
67166 659
67168 656
67169 660
67170 661
67329 106
67332 228
67333 229
67336 404
67337 405
67340 534
67341 535
67345 632
67348 641
67349 642
67352 653
67353 654
67357 662
67360 663
67361 664
67393 107
67394 108
67396 229
67397 321
67398 238
67400 405
67401 476
67402 414
67404 535
67405 588
67406 544
67409 633
67410 634
67412 642
67413 648
67414 649
67416 654
67417 658
67418 659
67420 662
67422 665
67424 664
67425 666
67426 667
67585 109
67588 230
67589 231
67592 406
67593 407
67596 536
67597 537
67601 635
67604 643
67605 644
67608 655
67609 656
67612 663
67613 664
67617 668
67649 110
67650 111
67652 231
67653 322
67654 240
67656 407
67657 477
67658 416
67660 537
67661 589
67662 546
67665 636
67666 637
67668 644
67669 650
67670 651
67672 656
67673 660
67674 661
67676 664
67677 666
67678 667
67680 668
67682 669
70785 99
70787 112
70788 232
70789 232
70791 327
70792 408
70793 408
70795 482
70796 538
70797 538
70799 594
70800 625
70803 670
70804 628
70805 628
70807 671
70808 631
70809 631
70811 672
70812 634
70813 634
70815 673
70816 637
70817 637
70819 674
70913 101
70914 102
70916 225
70917 323
70918 234
70920 401
70921 478
70922 410
70924 531
70925 590
70926 540
70928 626
70930 628
70933 675
70934 645
70936 640
70937 676
70938 647
70940 642
70941 677
70942 649
70944 644
70945 678
70946 651
70977 100
70978 102
70980 233
70981 225
70982 234
70984 409
70985 401
70986 410
70988 539
70989 531
70990 540
70992 627
70994 628
70996 675
70998 645
71000 679
71001 640
71002 647
71004 680
71005 642
71006 649
71008 681
71009 644
71010 651
71041 102
71042 102
71043 113
71044 234
71045 234
71046 234
71047 328
71048 410
71049 410
71050 410
71051 483
71052 540
71053 540
71054 540
71055 595
71056 628
71058 628
71059 671
71060 645
71061 645
71063 682
71064 647
71065 647
71066 647
71067 683
71068 649
71069 649
71070 649
71071 684
71072 651
71073 651
71074 651
71075 685
71169 104
71170 105
71172 227
71173 324
71174 236
71176 403
71177 479
71178 412
71180 533
71181 591
71182 542
71184 629
71186 631
71188 640
71189 679
71190 647
71193 686
71194 657
71196 654
71197 687
71198 659
71200 656
71201 688
71202 661
71233 103
71234 105
71236 235
71237 227
71238 236
71240 411
71241 403
71242 412
71244 541
71245 533
71246 542
71248 630
71250 631
71252 676
71253 640
71254 647
71256 686
71258 657
71260 689
71261 654
71262 659
71264 690
71265 656
71266 661
71297 105
71298 105
71299 114
71300 236
71301 236
71302 236
71303 329
71304 412
71305 412
71306 412
71307 484
71308 542
71309 542
71310 542
71311 596
71312 631
71314 631
71315 672
71316 647
71317 647
71318 647
71319 683
71320 657
71321 657
71323 691
71324 659
71325 659
71326 659
71327 692
71328 661
71329 661
71330 661
71331 693
71425 107
71426 108
71428 229
71429 325
71430 238
71432 405
71433 480
71434 414
71436 535
71437 592
71438 544
71440 632
71442 634
71444 642
71445 680
71446 649
71448 654
71449 689
71450 659
71453 694
71454 665
71456 664
71457 695
71458 667
71489 106
71490 108
71492 237
71493 229
71494 238
71496 413
71497 405
71498 414
71500 543
71501 535
71502 544
71504 633
71506 634
71508 677
71509 642
71510 649
71512 687
71513 654
71514 659
71516 694
71518 665
71520 696
71521 664
71522 667
71553 108
71554 108
71555 115
71556 238
71557 238
71558 238
71559 330
71560 414
71561 414
71562 414
71563 485
71564 544
71565 544
71566 544
71567 597
71568 634
71570 634
71571 673
71572 649
71573 649
71574 649
71575 684
71576 659
71577 659
71578 659
71579 692
71580 665
71581 665
71583 697
71584 667
71585 667
71586 667
71587 698
71681 110
71682 111
71684 231
71685 326
71686 240
71688 407
71689 481
71690 416
71692 537
71693 593
71694 546
71696 635
71698 637
71700 644
71701 681
71702 651
71704 656
71705 690
71706 661
71708 664
71709 696
71710 667
71713 699
71714 669
71745 109
71746 111
71748 239
71749 231
71750 240
71752 415
71753 407
71754 416
71756 545
71757 537
71758 546
71760 636
71762 637
71764 678
71765 644
71766 651
71768 688
71769 656
71770 661
71772 695
71773 664
71774 667
71776 699
71778 669
71809 111
71810 111
71811 116
71812 240
71813 240
71814 240
71815 331
71816 416
71817 416
71818 416
71819 486
71820 546
71821 546
71822 546
71823 598
71824 637
71826 637
71827 674
71828 651
71829 651
71830 651
71831 685
71832 661
71833 661
71834 661
71835 693
71836 667
71837 667
71838 667
71839 698
71840 669
71841 669
71843 700
83265 117
83266 118
83268 241
83269 332
83270 248
83272 417
83273 487
83274 424
83276 547
83277 599
83278 554
83280 638
83281 675
83282 645
83286 701
83288 702
83289 703
83290 704
83292 705
83293 706
83294 707
83296 708
83297 709
83298 710
83457 119
83460 242
83461 243
83464 418
83465 419
83468 548
83469 549
83472 639
83473 640
83477 702
83481 711
83484 712
83485 713
83488 714
83489 715
83521 120
83522 121
83524 243
83525 333
83526 250
83528 419
83529 488
83530 426
83532 549
83533 600
83534 556
83536 640
83537 676
83538 647
83541 703
83542 704
83544 711
83546 716
83548 713
83549 717
83550 718
83552 715
83553 719
83554 720
83713 122
83716 244
83717 245
83720 420
83721 421
83724 550
83725 551
83728 641
83729 642
83733 705
83736 712
83737 713
83741 721
83744 722
83745 723
83777 123
83778 124
83780 245
83781 334
83782 252
83784 421
83785 489
83786 428
83788 551
83789 601
83790 558
83792 642
83793 677
83794 649
83797 706
83798 707
83800 713
83801 717
83802 718
83804 721
83806 724
83808 723
83809 725
83810 726
83969 125
83972 246
83973 247
83976 422
83977 423
83980 552
83981 553
83984 643
83985 644
83989 708
83992 714
83993 715
83996 722
83997 723
84001 727
84033 126
84034 127
84036 247
84037 335
84038 254
84040 423
84041 490
84042 430
84044 553
84045 602
84046 560
84048 644
84049 678
84050 651
84053 709
84054 710
84056 715
84057 719
84058 720
84060 723
84061 725
84062 726
84064 727
84066 728
87425 118
87427 128
87428 248
87429 248
87431 339
87432 424
87433 424
87435 494
87436 554
87437 554
87439 606
87440 645
87441 645
87443 682
87444 701
87447 729
87448 704
87449 704
87451 730
87452 707
87453 707
87455 731
87456 710
87457 710
87459 732
87553 120
87554 121
87556 243
87557 336
87558 250
87560 419
87561 491
87562 426
87564 549
87565 603
87566 556
87568 640
87569 679
87570 647
87572 702
87574 704
87577 733
87578 716
87580 713
87581 734
87582 718
87584 715
87585 735
87586 720
87617 119
87618 121
87620 249
87621 243
87622 250
87624 425
87625 419
87626 426
87628 555
87629 549
87630 556
87632 646
87633 640
87634 647
87636 703
87638 704
87640 733
87642 716
87644 736
87645 713
87646 718
87648 737
87649 715
87650 720
87681 121
87682 121
87683 129
87684 250
87685 250
87686 250
87687 340
87688 426
87689 426
87690 426
87691 495
87692 556
87693 556
87694 556
87695 607
87696 647
87697 647
87698 647
87699 683
87700 704
87702 704
87703 730
87704 716
87705 716
87707 738
87708 718
87709 718
87710 718
87711 739
87712 720
87713 720
87714 720
87715 740
87809 123
87810 124
87812 245
87813 337
87814 252
87816 421
87817 492
87818 428
87820 551
87821 604
87822 558
87824 642
87825 680
87826 649
87828 705
87830 707
87832 713
87833 736
87834 718
87837 741
87838 724
87840 723
87841 742
87842 726
87873 122
87874 124
87876 251
87877 245
87878 252
87880 427
87881 421
87882 428
87884 557
87885 551
87886 558
87888 648
87889 642
87890 649
87892 706
87894 707
87896 734
87897 713
87898 718
87900 741
87902 724
87904 743
87905 723
87906 726
87937 124
87938 124
87939 130
87940 252
87941 252
87942 252
87943 341
87944 428
87945 428
87946 428
87947 496
87948 558
87949 558
87950 558
87951 608
87952 649
87953 649
87954 649
87955 684
87956 707
87958 707
87959 731
87960 718
87961 718
87962 718
87963 739
87964 724
87965 724
87967 744
87968 726
87969 726
87970 726
87971 745
88065 126
88066 127
88068 247
88069 338
88070 254
88072 423
88073 493
88074 430
88076 553
88077 605
88078 560
88080 644
88081 681
88082 651
88084 708
88086 710
88088 715
88089 737
88090 720
88092 723
88093 743
88094 726
88097 746
88098 728
88129 125
88130 127
88132 253
88133 247
88134 254
88136 429
88137 423
88138 430
88140 559
88141 553
88142 560
88144 650
88145 644
88146 651
88148 709
88150 710
88152 735
88153 715
88154 720
88156 742
88157 723
88158 726
88160 746
88162 728
88193 127
88194 127
88195 131
88196 254
88197 254
88198 254
88199 342
88200 430
88201 430
88202 430
88203 497
88204 560
88205 560
88206 560
88207 609
88208 651
88209 651
88210 651
88211 685
88212 710
88214 710
88215 732
88216 720
88217 720
88218 720
88219 740
88220 726
88221 726
88222 726
88223 745
88224 728
88225 728
88227 747
99905 132
99906 133
99908 255
99909 343
99910 260
99912 431
99913 498
99914 436
99916 561
99917 610
99918 566
99920 652
99921 686
99922 657
99924 711
99925 733
99926 716
99930 748
99932 749
99933 750
99934 751
99936 752
99937 753
99938 754
100097 134
100100 256
100101 257
100104 432
100105 433
100108 562
100109 563
100112 653
100113 654
100116 712
100117 713
100121 749
100125 755
100128 756
100129 757
100161 135
100162 136
100164 257
100165 344
100166 262
100168 433
100169 499
100170 438
100172 563
100173 611
100174 568
100176 654
100177 687
100178 659
100180 713
100181 734
100182 718
100185 750
100186 751
100188 755
100190 758
100192 757
100193 759
100194 760
100353 137
100356 258
100357 259
100360 434
100361 435
100364 564
100365 565
100368 655
100369 656
100372 714
100373 715
100377 752
100380 756
100381 757
100385 761
100417 138
100418 139
100420 259
100421 345
100422 264
100424 435
100425 500
100426 440
100428 565
100429 612
100430 570
100432 656
100433 688
100434 661
100436 715
100437 735
100438 720
100441 753
100442 754
100444 757
100445 759
100446 760
100448 761
100450 762
104065 133
104067 140
104068 260
104069 260
104071 348
104072 436
104073 436
104075 503
104076 566
104077 566
104079 615
104080 657
104081 657
104083 691
104084 716
104085 716
104087 738
104088 748
104091 763
104092 751
104093 751
104095 764
104096 754
104097 754
104099 765
104193 135
104194 136
104196 257
104197 346
104198 262
104200 433
104201 501
104202 438
104204 563
104205 613
104206 568
104208 654
104209 689
104210 659
104212 713
104213 736
104214 718
104216 749
104218 751
104221 766
104222 758
104224 757
104225 767
104226 760
104257 134
104258 136
104260 261
104261 257
104262 262
104264 437
104265 433
104266 438
104268 567
104269 563
104270 568
104272 658
104273 654
104274 659
104276 717
104277 713
104278 718
104280 750
104282 751
104284 766
104286 758
104288 768
104289 757
104290 760
104321 136
104322 136
104323 141
104324 262
104325 262
104326 262
104327 349
104328 438
104329 438
104330 438
104331 504
104332 568
104333 568
104334 568
104335 616
104336 659
104337 659
104338 659
104339 692
104340 718
104341 718
104342 718
104343 739
104344 751
104346 751
104347 764
104348 758
104349 758
104351 769
104352 760
104353 760
104354 760
104355 770
104449 138
104450 139
104452 259
104453 347
104454 264
104456 435
104457 502
104458 440
104460 565
104461 614
104462 570
104464 656
104465 690
104466 661
104468 715
104469 737
104470 720
104472 752
104474 754
104476 757
104477 768
104478 760
104481 771
104482 762
104513 137
104514 139
104516 263
104517 259
104518 264
104520 439
104521 435
104522 440
104524 569
104525 565
104526 570
104528 660
104529 656
104530 661
104532 719
104533 715
104534 720
104536 753
104538 754
104540 767
104541 757
104542 760
104544 771
104546 762
104577 139
104578 139
104579 142
104580 264
104581 264
104582 264
104583 350
104584 440
104585 440
104586 440
104587 505
104588 570
104589 570
104590 570
104591 617
104592 661
104593 661
104594 661
104595 693
104596 720
104597 720
104598 720
104599 740
104600 754
104602 754
104603 765
104604 760
104605 760
104606 760
104607 770
104608 762
104609 762
104611 772
116545 143
116546 144
116548 265
116549 351
116550 268
116552 441
116553 506
116554 444
116556 571
116557 618
116558 574
116560 662
116561 694
116562 665
116564 721
116565 741
116566 724
116568 755
116569 766
116570 758
116574 773
116576 774
116577 775
116578 776
116737 145
116740 266
116741 267
116744 442
116745 443
116748 572
116749 573
116752 663
116753 664
116756 722
116757 723
116760 756
116761 757
116765 774
116769 777
116801 146
116802 147
116804 267
116805 352
116806 270
116808 443
116809 507
116810 446
116812 573
116813 619
116814 576
116816 664
116817 695
116818 667
116820 723
116821 742
116822 726
116824 757
116825 767
116826 760
116829 775
116830 776
116832 777
116834 778
120705 144
120707 148
120708 268
120709 268
120711 354
120712 444
120713 444
120715 509
120716 574
120717 574
120719 621
120720 665
120721 665
120723 697
120724 724
120725 724
120727 744
120728 758
120729 758
120731 769
120732 773
120735 779
120736 776
120737 776
120739 780
120833 146
120834 147
120836 267
120837 353
120838 270
120840 443
120841 508
120842 446
120844 573
120845 620
120846 576
120848 664
120849 696
120850 667
120852 723
120853 743
120854 726
120856 757
120857 768
120858 760
120860 774
120862 776
120865 781
120866 778
120897 145
120898 147
120900 269
120901 267
120902 270
120904 445
120905 443
120906 446
120908 575
120909 573
120910 576
120912 666
120913 664
120914 667
120916 725
120917 723
120918 726
120920 759
120921 757
120922 760
120924 775
120926 776
120928 781
120930 778
120961 147
120962 147
120963 149
120964 270
120965 270
120966 270
120967 355
120968 446
120969 446
120970 446
120971 510
120972 576
120973 576
120974 576
120975 622
120976 667
120977 667
120978 667
120979 698
120980 726
120981 726
120982 726
120983 745
120984 760
120985 760
120986 760
120987 770
120988 776
120990 776
120991 780
120992 778
120993 778
120995 782
133185 150
133186 151
133188 271
133189 356
133190 272
133192 447
133193 511
133194 448
133196 577
133197 623
133198 578
133200 668
133201 699
133202 669
133204 727
133205 746
133206 728
133208 761
133209 771
133210 762
133212 777
133213 781
133214 778
133218 783
137345 151
137347 152
137348 272
137349 272
137351 357
137352 448
137353 448
137355 512
137356 578
137357 578
137359 624
137360 669
137361 669
137363 700
137364 728
137365 728
137367 747
137368 762
137369 762
137371 772
137372 778
137373 778
137375 782
137376 783
137379 784
1069440 153
1069443 273
1069447 785
1069448 786
1069451 787
1069452 788
1069455 789
1069456 790
1069459 791
1069460 792
1069463 793
1069464 794
1069467 795
1069468 796
1069471 797
1069472 798
1069475 799
1069568 154
1069569 155
1069570 156
1069574 786
1069577 800
1069578 801
1069580 802
1069581 803
1069582 804
1069584 805
1069585 806
1069586 807
1069588 808
1069589 809
1069590 810
1069592 811
1069593 812
1069594 813
1069596 814
1069597 815
1069598 816
1069600 817
1069601 818
1069602 819
1069696 156
1069698 156
1069699 274
1069702 786
1069703 787
1069704 801
1069707 820
1069708 804
1069710 804
1069711 821
1069712 807
1069714 807
1069715 822
1069716 810
1069718 810
1069719 823
1069720 813
1069722 813
1069723 824
1069724 816
1069726 816
1069727 825
1069728 819
1069730 819
1069731 826
1069824 157
1069825 158
1069826 159
1069830 788
1069832 802
1069833 803
1069834 804
1069837 827
1069838 828
1069840 829
1069841 830
1069842 831
1069844 832
1069845 833
1069846 834
1069848 835
1069849 836
1069850 837
1069852 838
1069853 839
1069854 840
1069856 841
1069857 842
1069858 843
1069952 159
1069954 159
1069955 275
1069958 788
1069959 789
1069960 804
1069962 804
1069963 821
1069964 828
1069967 844
1069968 831
1069970 831
1069971 845
1069972 834
1069974 834
1069975 846
1069976 837
1069978 837
1069979 847
1069980 840
1069982 840
1069983 848
1069984 843
1069986 843
1069987 849
1070080 160
1070081 161
1070082 162
1070086 790
1070088 805
1070089 806
1070090 807
1070092 829
1070093 830
1070094 831
1070097 850
1070098 851
1070100 852
1070101 853
1070102 854
1070104 855
1070105 856
1070106 857
1070108 858
1070109 859
1070110 860
1070112 861
1070113 862
1070114 863
1070208 162
1070210 162
1070211 276
1070214 790
1070215 791
1070216 807
1070218 807
1070219 822
1070220 831
1070222 831
1070223 845
1070224 851
1070227 864
1070228 854
1070230 854
1070231 865
1070232 857
1070234 857
1070235 866
1070236 860
1070238 860
1070239 867
1070240 863
1070242 863
1070243 868
1070336 163
1070337 164
1070338 165
1070342 792
1070344 808
1070345 809
1070346 810
1070348 832
1070349 833
1070350 834
1070352 852
1070353 853
1070354 854
1070357 869
1070358 870
1070360 871
1070361 872
1070362 873
1070364 874
1070365 875
1070366 876
1070368 877
1070369 878
1070370 879
1070464 165
1070466 165
1070467 277
1070470 792
1070471 793
1070472 810
1070474 810
1070475 823
1070476 834
1070478 834
1070479 846
1070480 854
1070482 854
1070483 865
1070484 870
1070487 880
1070488 873
1070490 873
1070491 881
1070492 876
1070494 876
1070495 882
1070496 879
1070498 879
1070499 883
1070592 166
1070593 167
1070594 168
1070598 794
1070600 811
1070601 812
1070602 813
1070604 835
1070605 836
1070606 837
1070608 855
1070609 856
1070610 857
1070612 871
1070613 872
1070614 873
1070617 884
1070618 885
1070620 886
1070621 887
1070622 888
1070624 889
1070625 890
1070626 891
1070720 168
1070722 168
1070723 278
1070726 794
1070727 795
1070728 813
1070730 813
1070731 824
1070732 837
1070734 837
1070735 847
1070736 857
1070738 857
1070739 866
1070740 873
1070742 873
1070743 881
1070744 885
1070747 892
1070748 888
1070750 888
1070751 893
1070752 891
1070754 891
1070755 894
1070848 169
1070849 170
1070850 171
1070854 796
1070856 814
1070857 815
1070858 816
1070860 838
1070861 839
1070862 840
1070864 858
1070865 859
1070866 860
1070868 874
1070869 875
1070870 876
1070872 886
1070873 887
1070874 888
1070877 895
1070878 896
1070880 897
1070881 898
1070882 899
1070976 171
1070978 171
1070979 279
1070982 796
1070983 797
1070984 816
1070986 816
1070987 825
1070988 840
1070990 840
1070991 848
1070992 860
1070994 860
1070995 867
1070996 876
1070998 876
1070999 882
1071000 888
1071002 888
1071003 893
1071004 896
1071007 900
1071008 899
1071010 899
1071011 901
1071104 172
1071105 173
1071106 174
1071110 798
1071112 817
1071113 818
1071114 819
1071116 841
1071117 842
1071118 843
1071120 861
1071121 862
1071122 863
1071124 877
1071125 878
1071126 879
1071128 889
1071129 890
1071130 891
1071132 897
1071133 898
1071134 899
1071137 902
1071138 903
1071232 174
1071234 174
1071235 280
1071238 798
1071239 799
1071240 819
1071242 819
1071243 826
1071244 843
1071246 843
1071247 849
1071248 863
1071250 863
1071251 868
1071252 879
1071254 879
1071255 883
1071256 891
1071258 891
1071259 894
1071260 899
1071262 899
1071263 901
1071264 903
1071267 904
1081920 175
1081921 281
1081922 188
1081925 800
1081926 801
1081930 905
1081932 906
1081933 907
1081934 908
1081936 909
1081937 910
1081938 911
1081940 912
1081941 913
1081942 914
1081944 915
1081945 916
1081946 917
1081948 918
1081949 919
1081950 920
1081952 921
1081953 922
1081954 923
1082112 176
1082113 177
1082117 802
1082121 906
1082125 924
1082128 925
1082129 926
1082132 927
1082133 928
1082136 929
1082137 930
1082140 931
1082141 932
1082144 933
1082145 934
1082176 177
1082177 288
1082178 190
1082181 803
1082182 804
1082185 907
1082186 908
1082188 924
1082190 935
1082192 926
1082193 936
1082194 937
1082196 928
1082197 938
1082198 939
1082200 930
1082201 940
1082202 941
1082204 932
1082205 942
1082206 943
1082208 934
1082209 944
1082210 945
1082368 178
1082369 179
1082373 805
1082377 909
1082380 925
1082381 926
1082385 946
1082388 947
1082389 948
1082392 949
1082393 950
1082396 951
1082397 952
1082400 953
1082401 954
1082432 179
1082433 289
1082434 192
1082437 806
1082438 807
1082441 910
1082442 911
1082444 926
1082445 936
1082446 937
1082448 946
1082450 955
1082452 948
1082453 956
1082454 957
1082456 950
1082457 958
1082458 959
1082460 952
1082461 960
1082462 961
1082464 954
1082465 962
1082466 963
1082624 180
1082625 181
1082629 808
1082633 912
1082636 927
1082637 928
1082640 947
1082641 948
1082645 964
1082648 965
1082649 966
1082652 967
1082653 968
1082656 969
1082657 970
1082688 181
1082689 290
1082690 194
1082693 809
1082694 810
1082697 913
1082698 914
1082700 928
1082701 938
1082702 939
1082704 948
1082705 956
1082706 957
1082708 964
1082710 971
1082712 966
1082713 972
1082714 973
1082716 968
1082717 974
1082718 975
1082720 970
1082721 976
1082722 977
1082880 182
1082881 183
1082885 811
1082889 915
1082892 929
1082893 930
1082896 949
1082897 950
1082900 965
1082901 966
1082905 978
1082908 979
1082909 980
1082912 981
1082913 982
1082944 183
1082945 291
1082946 196
1082949 812
1082950 813
1082953 916
1082954 917
1082956 930
1082957 940
1082958 941
1082960 950
1082961 958
1082962 959
1082964 966
1082965 972
1082966 973
1082968 978
1082970 983
1082972 980
1082973 984
1082974 985
1082976 982
1082977 986
1082978 987
1083136 184
1083137 185
1083141 814
1083145 918
1083148 931
1083149 932
1083152 951
1083153 952
1083156 967
1083157 968
1083160 979
1083161 980
1083165 988
1083168 989
1083169 990
1083200 185
1083201 292
1083202 198
1083205 815
1083206 816
1083209 919
1083210 920
1083212 932
1083213 942
1083214 943
1083216 952
1083217 960
1083218 961
1083220 968
1083221 974
1083222 975
1083224 980
1083225 984
1083226 985
1083228 988
1083230 991
1083232 990
1083233 992
1083234 993
1083392 186
1083393 187
1083397 817
1083401 921
1083404 933
1083405 934
1083408 953
1083409 954
1083412 969
1083413 970
1083416 981
1083417 982
1083420 989
1083421 990
1083425 994
1083456 187
1083457 293
1083458 200
1083461 818
1083462 819
1083465 922
1083466 923
1083468 934
1083469 944
1083470 945
1083472 954
1083473 962
1083474 963
1083476 970
1083477 976
1083478 977
1083480 982
1083481 986
1083482 987
1083484 990
1083485 992
1083486 993
1083488 994
1083490 995
1086080 188
1086081 188
1086083 294
1086085 801
1086087 820
1086088 905
1086091 996
1086092 908
1086093 908
1086095 997
1086096 911
1086097 911
1086099 998
1086100 914
1086101 914
1086103 999
1086104 917
1086105 917
1086107 1000
1086108 920
1086109 920
1086111 1001
1086112 923
1086113 923
1086115 1002
1086208 177
1086209 282
1086210 190
1086213 803
1086214 804
1086216 906
1086218 908
1086221 1003
1086222 935
1086224 926
1086225 1004
1086226 937
1086228 928
1086229 1005
1086230 939
1086232 930
1086233 1006
1086234 941
1086236 932
1086237 1007
1086238 943
1086240 934
1086241 1008
1086242 945
1086272 189
1086273 177
1086274 190
1086277 802
1086278 804
1086280 907
1086282 908
1086284 1003
1086286 935
1086288 1009
1086289 926
1086290 937
1086292 1010
1086293 928
1086294 939
1086296 1011
1086297 930
1086298 941
1086300 1012
1086301 932
1086302 943
1086304 1013
1086305 934
1086306 945
1086336 190
1086337 190
1086338 190
1086339 295
1086341 804
1086342 804
1086343 821
1086344 908
1086346 908
1086347 997
1086348 935
1086349 935
1086351 1014
1086352 937
1086353 937
1086354 937
1086355 1015
1086356 939
1086357 939
1086358 939
1086359 1016
1086360 941
1086361 941
1086362 941
1086363 1017
1086364 943
1086365 943
1086366 943
1086367 1018
1086368 945
1086369 945
1086370 945
1086371 1019
1086464 179
1086465 283
1086466 192
1086469 806
1086470 807
1086472 909
1086474 911
1086476 926
1086477 1009
1086478 937
1086481 1020
1086482 955
1086484 948
1086485 1021
1086486 957
1086488 950
1086489 1022
1086490 959
1086492 952
1086493 1023
1086494 961
1086496 954
1086497 1024
1086498 963
1086528 191
1086529 179
1086530 192
1086533 805
1086534 807
1086536 910
1086538 911
1086540 1004
1086541 926
1086542 937
1086544 1020
1086546 955
1086548 1025
1086549 948
1086550 957
1086552 1026
1086553 950
1086554 959
1086556 1027
1086557 952
1086558 961
1086560 1028
1086561 954
1086562 963
1086592 192
1086593 192
1086594 192
1086595 296
1086597 807
1086598 807
1086599 822
1086600 911
1086602 911
1086603 998
1086604 937
1086605 937
1086606 937
1086607 1015
1086608 955
1086609 955
1086611 1029
1086612 957
1086613 957
1086614 957
1086615 1030
1086616 959
1086617 959
1086618 959
1086619 1031
1086620 961
1086621 961
1086622 961
1086623 1032
1086624 963
1086625 963
1086626 963
1086627 1033
1086720 181
1086721 284
1086722 194
1086725 809
1086726 810
1086728 912
1086730 914
1086732 928
1086733 1010
1086734 939
1086736 948
1086737 1025
1086738 957
1086741 1034
1086742 971
1086744 966
1086745 1035
1086746 973
1086748 968
1086749 1036
1086750 975
1086752 970
1086753 1037
1086754 977
1086784 193
1086785 181
1086786 194
1086789 808
1086790 810
1086792 913
1086794 914
1086796 1005
1086797 928
1086798 939
1086800 1021
1086801 948
1086802 957
1086804 1034
1086806 971
1086808 1038
1086809 966
1086810 973
1086812 1039
1086813 968
1086814 975
1086816 1040
1086817 970
1086818 977
1086848 194
1086849 194
1086850 194
1086851 297
1086853 810
1086854 810
1086855 823
1086856 914
1086858 914
1086859 999
1086860 939
1086861 939
1086862 939
1086863 1016
1086864 957
1086865 957
1086866 957
1086867 1030
1086868 971
1086869 971
1086871 1041
1086872 973
1086873 973
1086874 973
1086875 1042
1086876 975
1086877 975
1086878 975
1086879 1043
1086880 977
1086881 977
1086882 977
1086883 1044
1086976 183
1086977 285
1086978 196
1086981 812
1086982 813
1086984 915
1086986 917
1086988 930
1086989 1011
1086990 941
1086992 950
1086993 1026
1086994 959
1086996 966
1086997 1038
1086998 973
1087001 1045
1087002 983
1087004 980
1087005 1046
1087006 985
1087008 982
1087009 1047
1087010 987
1087040 195
1087041 183
1087042 196
1087045 811
1087046 813
1087048 916
1087050 917
1087052 1006
1087053 930
1087054 941
1087056 1022
1087057 950
1087058 959
1087060 1035
1087061 966
1087062 973
1087064 1045
1087066 983
1087068 1048
1087069 980
1087070 985
1087072 1049
1087073 982
1087074 987
1087104 196
1087105 196
1087106 196
1087107 298
1087109 813
1087110 813
1087111 824
1087112 917
1087114 917
1087115 1000
1087116 941
1087117 941
1087118 941
1087119 1017
1087120 959
1087121 959
1087122 959
1087123 1031
1087124 973
1087125 973
1087126 973
1087127 1042
1087128 983
1087129 983
1087131 1050
1087132 985
1087133 985
1087134 985
1087135 1051
1087136 987
1087137 987
1087138 987
1087139 1052
1087232 185
1087233 286
1087234 198
1087237 815
1087238 816
1087240 918
1087242 920
1087244 932
1087245 1012
1087246 943
1087248 952
1087249 1027
1087250 961
1087252 968
1087253 1039
1087254 975
1087256 980
1087257 1048
1087258 985
1087261 1053
1087262 991
1087264 990
1087265 1054
1087266 993
1087296 197
1087297 185
1087298 198
1087301 814
1087302 816
1087304 919
1087306 920
1087308 1007
1087309 932
1087310 943
1087312 1023
1087313 952
1087314 961
1087316 1036
1087317 968
1087318 975
1087320 1046
1087321 980
1087322 985
1087324 1053
1087326 991
1087328 1055
1087329 990
1087330 993
1087360 198
1087361 198
1087362 198
1087363 299
1087365 816
1087366 816
1087367 825
1087368 920
1087370 920
1087371 1001
1087372 943
1087373 943
1087374 943
1087375 1018
1087376 961
1087377 961
1087378 961
1087379 1032
1087380 975
1087381 975
1087382 975
1087383 1043
1087384 985
1087385 985
1087386 985
1087387 1051
1087388 991
1087389 991
1087391 1056
1087392 993
1087393 993
1087394 993
1087395 1057
1087488 187
1087489 287
1087490 200
1087493 818
1087494 819
1087496 921
1087498 923
1087500 934
1087501 1013
1087502 945
1087504 954
1087505 1028
1087506 963
1087508 970
1087509 1040
1087510 977
1087512 982
1087513 1049
1087514 987
1087516 990
1087517 1055
1087518 993
1087521 1058
1087522 995
1087552 199
1087553 187
1087554 200
1087557 817
1087558 819
1087560 922
1087562 923
1087564 1008
1087565 934
1087566 945
1087568 1024
1087569 954
1087570 963
1087572 1037
1087573 970
1087574 977
1087576 1047
1087577 982
1087578 987
1087580 1054
1087581 990
1087582 993
1087584 1058
1087586 995
1087616 200
1087617 200
1087618 200
1087619 300
1087621 819
1087622 819
1087623 826
1087624 923
1087626 923
1087627 1002
1087628 945
1087629 945
1087630 945
1087631 1019
1087632 963
1087633 963
1087634 963
1087635 1033
1087636 977
1087637 977
1087638 977
1087639 1044
1087640 987
1087641 987
1087642 987
1087643 1052
1087644 993
1087645 993
1087646 993
1087647 1057
1087648 995
1087649 995
1087651 1059
1098560 201
1098561 301
1098562 212
1098565 827
1098566 828
1098568 924
1098569 1003
1098570 935
1098574 1060
1098576 1061
1098577 1062
1098578 1063
1098580 1064
1098581 1065
1098582 1066
1098584 1067
1098585 1068
1098586 1069
1098588 1070
1098589 1071
1098590 1072
1098592 1073
1098593 1074
1098594 1075
1098752 202
1098753 203
1098757 829
1098760 925
1098761 926
1098765 1061
1098769 1076
1098772 1077
1098773 1078
1098776 1079
1098777 1080
1098780 1081
1098781 1082
1098784 1083
1098785 1084
1098816 203
1098817 307
1098818 214
1098821 830
1098822 831
1098824 926
1098825 1004
1098826 937
1098829 1062
1098830 1063
1098832 1076
1098834 1085
1098836 1078
1098837 1086
1098838 1087
1098840 1080
1098841 1088
1098842 1089
1098844 1082
1098845 1090
1098846 1091
1098848 1084
1098849 1092
1098850 1093
1099008 204
1099009 205
1099013 832
1099016 927
1099017 928
1099021 1064
1099024 1077
1099025 1078
1099029 1094
1099032 1095
1099033 1096
1099036 1097
1099037 1098
1099040 1099
1099041 1100
1099072 205
1099073 308
1099074 216
1099077 833
1099078 834
1099080 928
1099081 1005
1099082 939
1099085 1065
1099086 1066
1099088 1078
1099089 1086
1099090 1087
1099092 1094
1099094 1101
1099096 1096
1099097 1102
1099098 1103
1099100 1098
1099101 1104
1099102 1105
1099104 1100
1099105 1106
1099106 1107
1099264 206
1099265 207
1099269 835
1099272 929
1099273 930
1099277 1067
1099280 1079
1099281 1080
1099284 1095
1099285 1096
1099289 1108
1099292 1109
1099293 1110
1099296 1111
1099297 1112
1099328 207
1099329 309
1099330 218
1099333 836
1099334 837
1099336 930
1099337 1006
1099338 941
1099341 1068
1099342 1069
1099344 1080
1099345 1088
1099346 1089
1099348 1096
1099349 1102
1099350 1103
1099352 1108
1099354 1113
1099356 1110
1099357 1114
1099358 1115
1099360 1112
1099361 1116
1099362 1117
1099520 208
1099521 209
1099525 838
1099528 931
1099529 932
1099533 1070
1099536 1081
1099537 1082
1099540 1097
1099541 1098
1099544 1109
1099545 1110
1099549 1118
1099552 1119
1099553 1120
1099584 209
1099585 310
1099586 220
1099589 839
1099590 840
1099592 932
1099593 1007
1099594 943
1099597 1071
1099598 1072
1099600 1082
1099601 1090
1099602 1091
1099604 1098
1099605 1104
1099606 1105
1099608 1110
1099609 1114
1099610 1115
1099612 1118
1099614 1121
1099616 1120
1099617 1122
1099618 1123
1099776 210
1099777 211
1099781 841
1099784 933
1099785 934
1099789 1073
1099792 1083
1099793 1084
1099796 1099
1099797 1100
1099800 1111
1099801 1112
1099804 1119
1099805 1120
1099809 1124
1099840 211
1099841 311
1099842 222
1099845 842
1099846 843
1099848 934
1099849 1008
1099850 945
1099853 1074
1099854 1075
1099856 1084
1099857 1092
1099858 1093
1099860 1100
1099861 1106
1099862 1107
1099864 1112
1099865 1116
1099866 1117
1099868 1120
1099869 1122
1099870 1123
1099872 1124
1099874 1125
1102720 212
1102721 212
1102723 312
1102725 828
1102727 844
1102728 935
1102729 935
1102731 1014
1102732 1060
1102735 1126
1102736 1063
1102737 1063
1102739 1127
1102740 1066
1102741 1066
1102743 1128
1102744 1069
1102745 1069
1102747 1129
1102748 1072
1102749 1072
1102751 1130
1102752 1075
1102753 1075
1102755 1131
1102848 203
1102849 302
1102850 214
1102853 830
1102854 831
1102856 926
1102857 1009
1102858 937
1102860 1061
1102862 1063
1102865 1132
1102866 1085
1102868 1078
1102869 1133
1102870 1087
1102872 1080
1102873 1134
1102874 1089
1102876 1082
1102877 1135
1102878 1091
1102880 1084
1102881 1136
1102882 1093
1102912 213
1102913 203
1102914 214
1102917 829
1102918 831
1102920 936
1102921 926
1102922 937
1102924 1062
1102926 1063
1102928 1132
1102930 1085
1102932 1137
1102933 1078
1102934 1087
1102936 1138
1102937 1080
1102938 1089
1102940 1139
1102941 1082
1102942 1091
1102944 1140
1102945 1084
1102946 1093
1102976 214
1102977 214
1102978 214
1102979 313
1102981 831
1102982 831
1102983 845
1102984 937
1102985 937
1102986 937
1102987 1015
1102988 1063
1102990 1063
1102991 1127
1102992 1085
1102993 1085
1102995 1141
1102996 1087
1102997 1087
1102998 1087
1102999 1142
1103000 1089
1103001 1089
1103002 1089
1103003 1143
1103004 1091
1103005 1091
1103006 1091
1103007 1144
1103008 1093
1103009 1093
1103010 1093
1103011 1145
1103104 205
1103105 303
1103106 216
1103109 833
1103110 834
1103112 928
1103113 1010
1103114 939
1103116 1064
1103118 1066
1103120 1078
1103121 1137
1103122 1087
1103125 1146
1103126 1101
1103128 1096
1103129 1147
1103130 1103
1103132 1098
1103133 1148
1103134 1105
1103136 1100
1103137 1149
1103138 1107
1103168 215
1103169 205
1103170 216
1103173 832
1103174 834
1103176 938
1103177 928
1103178 939
1103180 1065
1103182 1066
1103184 1133
1103185 1078
1103186 1087
1103188 1146
1103190 1101
1103192 1150
1103193 1096
1103194 1103
1103196 1151
1103197 1098
1103198 1105
1103200 1152
1103201 1100
1103202 1107
1103232 216
1103233 216
1103234 216
1103235 314
1103237 834
1103238 834
1103239 846
1103240 939
1103241 939
1103242 939
1103243 1016
1103244 1066
1103246 1066
1103247 1128
1103248 1087
1103249 1087
1103250 1087
1103251 1142
1103252 1101
1103253 1101
1103255 1153
1103256 1103
1103257 1103
1103258 1103
1103259 1154
1103260 1105
1103261 1105
1103262 1105
1103263 1155
1103264 1107
1103265 1107
1103266 1107
1103267 1156
1103360 207
1103361 304
1103362 218
1103365 836
1103366 837
1103368 930
1103369 1011
1103370 941
1103372 1067
1103374 1069
1103376 1080
1103377 1138
1103378 1089
1103380 1096
1103381 1150
1103382 1103
1103385 1157
1103386 1113
1103388 1110
1103389 1158
1103390 1115
1103392 1112
1103393 1159
1103394 1117
1103424 217
1103425 207
1103426 218
1103429 835
1103430 837
1103432 940
1103433 930
1103434 941
1103436 1068
1103438 1069
1103440 1134
1103441 1080
1103442 1089
1103444 1147
1103445 1096
1103446 1103
1103448 1157
1103450 1113
1103452 1160
1103453 1110
1103454 1115
1103456 1161
1103457 1112
1103458 1117
1103488 218
1103489 218
1103490 218
1103491 315
1103493 837
1103494 837
1103495 847
1103496 941
1103497 941
1103498 941
1103499 1017
1103500 1069
1103502 1069
1103503 1129
1103504 1089
1103505 1089
1103506 1089
1103507 1143
1103508 1103
1103509 1103
1103510 1103
1103511 1154
1103512 1113
1103513 1113
1103515 1162
1103516 1115
1103517 1115
1103518 1115
1103519 1163
1103520 1117
1103521 1117
1103522 1117
1103523 1164
1103616 209
1103617 305
1103618 220
1103621 839
1103622 840
1103624 932
1103625 1012
1103626 943
1103628 1070
1103630 1072
1103632 1082
1103633 1139
1103634 1091
1103636 1098
1103637 1151
1103638 1105
1103640 1110
1103641 1160
1103642 1115
1103645 1165
1103646 1121
1103648 1120
1103649 1166
1103650 1123
1103680 219
1103681 209
1103682 220
1103685 838
1103686 840
1103688 942
1103689 932
1103690 943
1103692 1071
1103694 1072
1103696 1135
1103697 1082
1103698 1091
1103700 1148
1103701 1098
1103702 1105
1103704 1158
1103705 1110
1103706 1115
1103708 1165
1103710 1121
1103712 1167
1103713 1120
1103714 1123
1103744 220
1103745 220
1103746 220
1103747 316
1103749 840
1103750 840
1103751 848
1103752 943
1103753 943
1103754 943
1103755 1018
1103756 1072
1103758 1072
1103759 1130
1103760 1091
1103761 1091
1103762 1091
1103763 1144
1103764 1105
1103765 1105
1103766 1105
1103767 1155
1103768 1115
1103769 1115
1103770 1115
1103771 1163
1103772 1121
1103773 1121
1103775 1168
1103776 1123
1103777 1123
1103778 1123
1103779 1169
1103872 211
1103873 306
1103874 222
1103877 842
1103878 843
1103880 934
1103881 1013
1103882 945
1103884 1073
1103886 1075
1103888 1084
1103889 1140
1103890 1093
1103892 1100
1103893 1152
1103894 1107
1103896 1112
1103897 1161
1103898 1117
1103900 1120
1103901 1167
1103902 1123
1103905 1170
1103906 1125
1103936 221
1103937 211
1103938 222
1103941 841
1103942 843
1103944 944
1103945 934
1103946 945
1103948 1074
1103950 1075
1103952 1136
1103953 1084
1103954 1093
1103956 1149
1103957 1100
1103958 1107
1103960 1159
1103961 1112
1103962 1117
1103964 1166
1103965 1120
1103966 1123
1103968 1170
1103970 1125
1104000 222
1104001 222
1104002 222
1104003 317
1104005 843
1104006 843
1104007 849
1104008 945
1104009 945
1104010 945
1104011 1019
1104012 1075
1104014 1075
1104015 1131
1104016 1093
1104017 1093
1104018 1093
1104019 1145
1104020 1107
1104021 1107
1104022 1107
1104023 1156
1104024 1117
1104025 1117
1104026 1117
1104027 1164
1104028 1123
1104029 1123
1104030 1123
1104031 1169
1104032 1125
1104033 1125
1104035 1171
1115200 223
1115201 318
1115202 232
1115205 850
1115206 851
1115208 946
1115209 1020
1115210 955
1115212 1076
1115213 1132
1115214 1085
1115218 1172
1115220 1173
1115221 1174
1115222 1175
1115224 1176
1115225 1177
1115226 1178
1115228 1179
1115229 1180
1115230 1181
1115232 1182
1115233 1183
1115234 1184
1115392 224
1115393 225
1115397 852
1115400 947
1115401 948
1115404 1077
1115405 1078
1115409 1173
1115413 1185
1115416 1186
1115417 1187
1115420 1188
1115421 1189
1115424 1190
1115425 1191
1115456 225
1115457 323
1115458 234
1115461 853
1115462 854
1115464 948
1115465 1021
1115466 957
1115468 1078
1115469 1133
1115470 1087
1115473 1174
1115474 1175
1115476 1185
1115478 1192
1115480 1187
1115481 1193
1115482 1194
1115484 1189
1115485 1195
1115486 1196
1115488 1191
1115489 1197
1115490 1198
1115648 226
1115649 227
1115653 855
1115656 949
1115657 950
1115660 1079
1115661 1080
1115665 1176
1115668 1186
1115669 1187
1115673 1199
1115676 1200
1115677 1201
1115680 1202
1115681 1203
1115712 227
1115713 324
1115714 236
1115717 856
1115718 857
1115720 950
1115721 1022
1115722 959
1115724 1080
1115725 1134
1115726 1089
1115729 1177
1115730 1178
1115732 1187
1115733 1193
1115734 1194
1115736 1199
1115738 1204
1115740 1201
1115741 1205
1115742 1206
1115744 1203
1115745 1207
1115746 1208
1115904 228
1115905 229
1115909 858
1115912 951
1115913 952
1115916 1081
1115917 1082
1115921 1179
1115924 1188
1115925 1189
1115928 1200
1115929 1201
1115933 1209
1115936 1210
1115937 1211
1115968 229
1115969 325
1115970 238
1115973 859
1115974 860
1115976 952
1115977 1023
1115978 961
1115980 1082
1115981 1135
1115982 1091
1115985 1180
1115986 1181
1115988 1189
1115989 1195
1115990 1196
1115992 1201
1115993 1205
1115994 1206
1115996 1209
1115998 1212
1116000 1211
1116001 1213
1116002 1214
1116160 230
1116161 231
1116165 861
1116168 953
1116169 954
1116172 1083
1116173 1084
1116177 1182
1116180 1190
1116181 1191
1116184 1202
1116185 1203
1116188 1210
1116189 1211
1116193 1215
1116224 231
1116225 326
1116226 240
1116229 862
1116230 863
1116232 954
1116233 1024
1116234 963
1116236 1084
1116237 1136
1116238 1093
1116241 1183
1116242 1184
1116244 1191
1116245 1197
1116246 1198
1116248 1203
1116249 1207
1116250 1208
1116252 1211
1116253 1213
1116254 1214
1116256 1215
1116258 1216
1119360 232
1119361 232
1119363 327
1119365 851
1119367 864
1119368 955
1119369 955
1119371 1029
1119372 1085
1119373 1085
1119375 1141
1119376 1172
1119379 1217
1119380 1175
1119381 1175
1119383 1218
1119384 1178
1119385 1178
1119387 1219
1119388 1181
1119389 1181
1119391 1220
1119392 1184
1119393 1184
1119395 1221
1119488 225
1119489 319
1119490 234
1119493 853
1119494 854
1119496 948
1119497 1025
1119498 957
1119500 1078
1119501 1137
1119502 1087
1119504 1173
1119506 1175
1119509 1222
1119510 1192
1119512 1187
1119513 1223
1119514 1194
1119516 1189
1119517 1224
1119518 1196
1119520 1191
1119521 1225
1119522 1198
1119552 233
1119553 225
1119554 234
1119557 852
1119558 854
1119560 956
1119561 948
1119562 957
1119564 1086
1119565 1078
1119566 1087
1119568 1174
1119570 1175
1119572 1222
1119574 1192
1119576 1226
1119577 1187
1119578 1194
1119580 1227
1119581 1189
1119582 1196
1119584 1228
1119585 1191
1119586 1198
1119616 234
1119617 234
1119618 234
1119619 328
1119621 854
1119622 854
1119623 865
1119624 957
1119625 957
1119626 957
1119627 1030
1119628 1087
1119629 1087
1119630 1087
1119631 1142
1119632 1175
1119634 1175
1119635 1218
1119636 1192
1119637 1192
1119639 1229
1119640 1194
1119641 1194
1119642 1194
1119643 1230
1119644 1196
1119645 1196
1119646 1196
1119647 1231
1119648 1198
1119649 1198
1119650 1198
1119651 1232
1119744 227
1119745 320
1119746 236
1119749 856
1119750 857
1119752 950
1119753 1026
1119754 959
1119756 1080
1119757 1138
1119758 1089
1119760 1176
1119762 1178
1119764 1187
1119765 1226
1119766 1194
1119769 1233
1119770 1204
1119772 1201
1119773 1234
1119774 1206
1119776 1203
1119777 1235
1119778 1208
1119808 235
1119809 227
1119810 236
1119813 855
1119814 857
1119816 958
1119817 950
1119818 959
1119820 1088
1119821 1080
1119822 1089
1119824 1177
1119826 1178
1119828 1223
1119829 1187
1119830 1194
1119832 1233
1119834 1204
1119836 1236
1119837 1201
1119838 1206
1119840 1237
1119841 1203
1119842 1208
1119872 236
1119873 236
1119874 236
1119875 329
1119877 857
1119878 857
1119879 866
1119880 959
1119881 959
1119882 959
1119883 1031
1119884 1089
1119885 1089
1119886 1089
1119887 1143
1119888 1178
1119890 1178
1119891 1219
1119892 1194
1119893 1194
1119894 1194
1119895 1230
1119896 1204
1119897 1204
1119899 1238
1119900 1206
1119901 1206
1119902 1206
1119903 1239
1119904 1208
1119905 1208
1119906 1208
1119907 1240
1120000 229
1120001 321
1120002 238
1120005 859
1120006 860
1120008 952
1120009 1027
1120010 961
1120012 1082
1120013 1139
1120014 1091
1120016 1179
1120018 1181
1120020 1189
1120021 1227
1120022 1196
1120024 1201
1120025 1236
1120026 1206
1120029 1241
1120030 1212
1120032 1211
1120033 1242
1120034 1214
1120064 237
1120065 229
1120066 238
1120069 858
1120070 860
1120072 960
1120073 952
1120074 961
1120076 1090
1120077 1082
1120078 1091
1120080 1180
1120082 1181
1120084 1224
1120085 1189
1120086 1196
1120088 1234
1120089 1201
1120090 1206
1120092 1241
1120094 1212
1120096 1243
1120097 1211
1120098 1214
1120128 238
1120129 238
1120130 238
1120131 330
1120133 860
1120134 860
1120135 867
1120136 961
1120137 961
1120138 961
1120139 1032
1120140 1091
1120141 1091
1120142 1091
1120143 1144
1120144 1181
1120146 1181
1120147 1220
1120148 1196
1120149 1196
1120150 1196
1120151 1231
1120152 1206
1120153 1206
1120154 1206
1120155 1239
1120156 1212
1120157 1212
1120159 1244
1120160 1214
1120161 1214
1120162 1214
1120163 1245
1120256 231
1120257 322
1120258 240
1120261 862
1120262 863
1120264 954
1120265 1028
1120266 963
1120268 1084
1120269 1140
1120270 1093
1120272 1182
1120274 1184
1120276 1191
1120277 1228
1120278 1198
1120280 1203
1120281 1237
1120282 1208
1120284 1211
1120285 1243
1120286 1214
1120289 1246
1120290 1216
1120320 239
1120321 231
1120322 240
1120325 861
1120326 863
1120328 962
1120329 954
1120330 963
1120332 1092
1120333 1084
1120334 1093
1120336 1183
1120338 1184
1120340 1225
1120341 1191
1120342 1198
1120344 1235
1120345 1203
1120346 1208
1120348 1242
1120349 1211
1120350 1214
1120352 1246
1120354 1216
1120384 240
1120385 240
1120386 240
1120387 331
1120389 863
1120390 863
1120391 868
1120392 963
1120393 963
1120394 963
1120395 1033
1120396 1093
1120397 1093
1120398 1093
1120399 1145
1120400 1184
1120402 1184
1120403 1221
1120404 1198
1120405 1198
1120406 1198
1120407 1232
1120408 1208
1120409 1208
1120410 1208
1120411 1240
1120412 1214
1120413 1214
1120414 1214
1120415 1245
1120416 1216
1120417 1216
1120419 1247
1131840 241
1131841 332
1131842 248
1131845 869
1131846 870
1131848 964
1131849 1034
1131850 971
1131852 1094
1131853 1146
1131854 1101
1131856 1185
1131857 1222
1131858 1192
1131862 1248
1131864 1249
1131865 1250
1131866 1251
1131868 1252
1131869 1253
1131870 1254
1131872 1255
1131873 1256
1131874 1257
1132032 242
1132033 243
1132037 871
1132040 965
1132041 966
1132044 1095
1132045 1096
1132048 1186
1132049 1187
1132053 1249
1132057 1258
1132060 1259
1132061 1260
1132064 1261
1132065 1262
1132096 243
1132097 336
1132098 250
1132101 872
1132102 873
1132104 966
1132105 1035
1132106 973
1132108 1096
1132109 1147
1132110 1103
1132112 1187
1132113 1223
1132114 1194
1132117 1250
1132118 1251
1132120 1258
1132122 1263
1132124 1260
1132125 1264
1132126 1265
1132128 1262
1132129 1266
1132130 1267
1132288 244
1132289 245
1132293 874
1132296 967
1132297 968
1132300 1097
1132301 1098
1132304 1188
1132305 1189
1132309 1252
1132312 1259
1132313 1260
1132317 1268
1132320 1269
1132321 1270
1132352 245
1132353 337
1132354 252
1132357 875
1132358 876
1132360 968
1132361 1036
1132362 975
1132364 1098
1132365 1148
1132366 1105
1132368 1189
1132369 1224
1132370 1196
1132373 1253
1132374 1254
1132376 1260
1132377 1264
1132378 1265
1132380 1268
1132382 1271
1132384 1270
1132385 1272
1132386 1273
1132544 246
1132545 247
1132549 877
1132552 969
1132553 970
1132556 1099
1132557 1100
1132560 1190
1132561 1191
1132565 1255
1132568 1261
1132569 1262
1132572 1269
1132573 1270
1132577 1274
1132608 247
1132609 338
1132610 254
1132613 878
1132614 879
1132616 970
1132617 1037
1132618 977
1132620 1100
1132621 1149
1132622 1107
1132624 1191
1132625 1225
1132626 1198
1132629 1256
1132630 1257
1132632 1262
1132633 1266
1132634 1267
1132636 1270
1132637 1272
1132638 1273
1132640 1274
1132642 1275
1136000 248
1136001 248
1136003 339
1136005 870
1136007 880
1136008 971
1136009 971
1136011 1041
1136012 1101
1136013 1101
1136015 1153
1136016 1192
1136017 1192
1136019 1229
1136020 1248
1136023 1276
1136024 1251
1136025 1251
1136027 1277
1136028 1254
1136029 1254
1136031 1278
1136032 1257
1136033 1257
1136035 1279
1136128 243
1136129 333
1136130 250
1136133 872
1136134 873
1136136 966
1136137 1038
1136138 973
1136140 1096
1136141 1150
1136142 1103
1136144 1187
1136145 1226
1136146 1194
1136148 1249
1136150 1251
1136153 1280
1136154 1263
1136156 1260
1136157 1281
1136158 1265
1136160 1262
1136161 1282
1136162 1267
1136192 249
1136193 243
1136194 250
1136197 871
1136198 873
1136200 972
1136201 966
1136202 973
1136204 1102
1136205 1096
1136206 1103
1136208 1193
1136209 1187
1136210 1194
1136212 1250
1136214 1251
1136216 1280
1136218 1263
1136220 1283
1136221 1260
1136222 1265
1136224 1284
1136225 1262
1136226 1267
1136256 250
1136257 250
1136258 250
1136259 340
1136261 873
1136262 873
1136263 881
1136264 973
1136265 973
1136266 973
1136267 1042
1136268 1103
1136269 1103
1136270 1103
1136271 1154
1136272 1194
1136273 1194
1136274 1194
1136275 1230
1136276 1251
1136278 1251
1136279 1277
1136280 1263
1136281 1263
1136283 1285
1136284 1265
1136285 1265
1136286 1265
1136287 1286
1136288 1267
1136289 1267
1136290 1267
1136291 1287
1136384 245
1136385 334
1136386 252
1136389 875
1136390 876
1136392 968
1136393 1039
1136394 975
1136396 1098
1136397 1151
1136398 1105
1136400 1189
1136401 1227
1136402 1196
1136404 1252
1136406 1254
1136408 1260
1136409 1283
1136410 1265
1136413 1288
1136414 1271
1136416 1270
1136417 1289
1136418 1273
1136448 251
1136449 245
1136450 252
1136453 874
1136454 876
1136456 974
1136457 968
1136458 975
1136460 1104
1136461 1098
1136462 1105
1136464 1195
1136465 1189
1136466 1196
1136468 1253
1136470 1254
1136472 1281
1136473 1260
1136474 1265
1136476 1288
1136478 1271
1136480 1290
1136481 1270
1136482 1273
1136512 252
1136513 252
1136514 252
1136515 341
1136517 876
1136518 876
1136519 882
1136520 975
1136521 975
1136522 975
1136523 1043
1136524 1105
1136525 1105
1136526 1105
1136527 1155
1136528 1196
1136529 1196
1136530 1196
1136531 1231
1136532 1254
1136534 1254
1136535 1278
1136536 1265
1136537 1265
1136538 1265
1136539 1286
1136540 1271
1136541 1271
1136543 1291
1136544 1273
1136545 1273
1136546 1273
1136547 1292
1136640 247
1136641 335
1136642 254
1136645 878
1136646 879
1136648 970
1136649 1040
1136650 977
1136652 1100
1136653 1152
1136654 1107
1136656 1191
1136657 1228
1136658 1198
1136660 1255
1136662 1257
1136664 1262
1136665 1284
1136666 1267
1136668 1270
1136669 1290
1136670 1273
1136673 1293
1136674 1275
1136704 253
1136705 247
1136706 254
1136709 877
1136710 879
1136712 976
1136713 970
1136714 977
1136716 1106
1136717 1100
1136718 1107
1136720 1197
1136721 1191
1136722 1198
1136724 1256
1136726 1257
1136728 1282
1136729 1262
1136730 1267
1136732 1289
1136733 1270
1136734 1273
1136736 1293
1136738 1275
1136768 254
1136769 254
1136770 254
1136771 342
1136773 879
1136774 879
1136775 883
1136776 977
1136777 977
1136778 977
1136779 1044
1136780 1107
1136781 1107
1136782 1107
1136783 1156
1136784 1198
1136785 1198
1136786 1198
1136787 1232
1136788 1257
1136790 1257
1136791 1279
1136792 1267
1136793 1267
1136794 1267
1136795 1287
1136796 1273
1136797 1273
1136798 1273
1136799 1292
1136800 1275
1136801 1275
1136803 1294
1148480 255
1148481 343
1148482 260
1148485 884
1148486 885
1148488 978
1148489 1045
1148490 983
1148492 1108
1148493 1157
1148494 1113
1148496 1199
1148497 1233
1148498 1204
1148500 1258
1148501 1280
1148502 1263
1148506 1295
1148508 1296
1148509 1297
1148510 1298
1148512 1299
1148513 1300
1148514 1301
1148672 256
1148673 257
1148677 886
1148680 979
1148681 980
1148684 1109
1148685 1110
1148688 1200
1148689 1201
1148692 1259
1148693 1260
1148697 1296
1148701 1302
1148704 1303
1148705 1304
1148736 257
1148737 346
1148738 262
1148741 887
1148742 888
1148744 980
1148745 1046
1148746 985
1148748 1110
1148749 1158
1148750 1115
1148752 1201
1148753 1234
1148754 1206
1148756 1260
1148757 1281
1148758 1265
1148761 1297
1148762 1298
1148764 1302
1148766 1305
1148768 1304
1148769 1306
1148770 1307
1148928 258
1148929 259
1148933 889
1148936 981
1148937 982
1148940 1111
1148941 1112
1148944 1202
1148945 1203
1148948 1261
1148949 1262
1148953 1299
1148956 1303
1148957 1304
1148961 1308
1148992 259
1148993 347
1148994 264
1148997 890
1148998 891
1149000 982
1149001 1047
1149002 987
1149004 1112
1149005 1159
1149006 1117
1149008 1203
1149009 1235
1149010 1208
1149012 1262
1149013 1282
1149014 1267
1149017 1300
1149018 1301
1149020 1304
1149021 1306
1149022 1307
1149024 1308
1149026 1309
1152640 260
1152641 260
1152643 348
1152645 885
1152647 892
1152648 983
1152649 983
1152651 1050
1152652 1113
1152653 1113
1152655 1162
1152656 1204
1152657 1204
1152659 1238
1152660 1263
1152661 1263
1152663 1285
1152664 1295
1152667 1310
1152668 1298
1152669 1298
1152671 1311
1152672 1301
1152673 1301
1152675 1312
1152768 257
1152769 344
1152770 262
1152773 887
1152774 888
1152776 980
1152777 1048
1152778 985
1152780 1110
1152781 1160
1152782 1115
1152784 1201
1152785 1236
1152786 1206
1152788 1260
1152789 1283
1152790 1265
1152792 1296
1152794 1298
1152797 1313
1152798 1305
1152800 1304
1152801 1314
1152802 1307
1152832 261
1152833 257
1152834 262
1152837 886
1152838 888
1152840 984
1152841 980
1152842 985
1152844 1114
1152845 1110
1152846 1115
1152848 1205
1152849 1201
1152850 1206
1152852 1264
1152853 1260
1152854 1265
1152856 1297
1152858 1298
1152860 1313
1152862 1305
1152864 1315
1152865 1304
1152866 1307
1152896 262
1152897 262
1152898 262
1152899 349
1152901 888
1152902 888
1152903 893
1152904 985
1152905 985
1152906 985
1152907 1051
1152908 1115
1152909 1115
1152910 1115
1152911 1163
1152912 1206
1152913 1206
1152914 1206
1152915 1239
1152916 1265
1152917 1265
1152918 1265
1152919 1286
1152920 1298
1152922 1298
1152923 1311
1152924 1305
1152925 1305
1152927 1316
1152928 1307
1152929 1307
1152930 1307
1152931 1317
1153024 259
1153025 345
1153026 264
1153029 890
1153030 891
1153032 982
1153033 1049
1153034 987
1153036 1112
1153037 1161
1153038 1117
1153040 1203
1153041 1237
1153042 1208
1153044 1262
1153045 1284
1153046 1267
1153048 1299
1153050 1301
1153052 1304
1153053 1315
1153054 1307
1153057 1318
1153058 1309
1153088 263
1153089 259
1153090 264
1153093 889
1153094 891
1153096 986
1153097 982
1153098 987
1153100 1116
1153101 1112
1153102 1117
1153104 1207
1153105 1203
1153106 1208
1153108 1266
1153109 1262
1153110 1267
1153112 1300
1153114 1301
1153116 1314
1153117 1304
1153118 1307
1153120 1318
1153122 1309
1153152 264
1153153 264
1153154 264
1153155 350
1153157 891
1153158 891
1153159 894
1153160 987
1153161 987
1153162 987
1153163 1052
1153164 1117
1153165 1117
1153166 1117
1153167 1164
1153168 1208
1153169 1208
1153170 1208
1153171 1240
1153172 1267
1153173 1267
1153174 1267
1153175 1287
1153176 1301
1153178 1301
1153179 1312
1153180 1307
1153181 1307
1153182 1307
1153183 1317
1153184 1309
1153185 1309
1153187 1319
1165120 265
1165121 351
1165122 268
1165125 895
1165126 896
1165128 988
1165129 1053
1165130 991
1165132 1118
1165133 1165
1165134 1121
1165136 1209
1165137 1241
1165138 1212
1165140 1268
1165141 1288
1165142 1271
1165144 1302
1165145 1313
1165146 1305
1165150 1320
1165152 1321
1165153 1322
1165154 1323
1165312 266
1165313 267
1165317 897
1165320 989
1165321 990
1165324 1119
1165325 1120
1165328 1210
1165329 1211
1165332 1269
1165333 1270
1165336 1303
1165337 1304
1165341 1321
1165345 1324
1165376 267
1165377 353
1165378 270
1165381 898
1165382 899
1165384 990
1165385 1054
1165386 993
1165388 1120
1165389 1166
1165390 1123
1165392 1211
1165393 1242
1165394 1214
1165396 1270
1165397 1289
1165398 1273
1165400 1304
1165401 1314
1165402 1307
1165405 1322
1165406 1323
1165408 1324
1165410 1325
1169280 268
1169281 268
1169283 354
1169285 896
1169287 900
1169288 991
1169289 991
1169291 1056
1169292 1121
1169293 1121
1169295 1168
1169296 1212
1169297 1212
1169299 1244
1169300 1271
1169301 1271
1169303 1291
1169304 1305
1169305 1305
1169307 1316
1169308 1320
1169311 1326
1169312 1323
1169313 1323
1169315 1327
1169408 267
1169409 352
1169410 270
1169413 898
1169414 899
1169416 990
1169417 1055
1169418 993
1169420 1120
1169421 1167
1169422 1123
1169424 1211
1169425 1243
1169426 1214
1169428 1270
1169429 1290
1169430 1273
1169432 1304
1169433 1315
1169434 1307
1169436 1321
1169438 1323
1169441 1328
1169442 1325
1169472 269
1169473 267
1169474 270
1169477 897
1169478 899
1169480 992
1169481 990
1169482 993
1169484 1122
1169485 1120
1169486 1123
1169488 1213
1169489 1211
1169490 1214
1169492 1272
1169493 1270
1169494 1273
1169496 1306
1169497 1304
1169498 1307
1169500 1322
1169502 1323
1169504 1328
1169506 1325
1169536 270
1169537 270
1169538 270
1169539 355
1169541 899
1169542 899
1169543 901
1169544 993
1169545 993
1169546 993
1169547 1057
1169548 1123
1169549 1123
1169550 1123
1169551 1169
1169552 1214
1169553 1214
1169554 1214
1169555 1245
1169556 1273
1169557 1273
1169558 1273
1169559 1292
1169560 1307
1169561 1307
1169562 1307
1169563 1317
1169564 1323
1169566 1323
1169567 1327
1169568 1325
1169569 1325
1169571 1329
1181760 271
1181761 356
1181762 272
1181765 902
1181766 903
1181768 994
1181769 1058
1181770 995
1181772 1124
1181773 1170
1181774 1125
1181776 1215
1181777 1246
1181778 1216
1181780 1274
1181781 1293
1181782 1275
1181784 1308
1181785 1318
1181786 1309
1181788 1324
1181789 1328
1181790 1325
1181794 1330
1185920 272
1185921 272
1185923 357
1185925 903
1185927 904
1185928 995
1185929 995
1185931 1059
1185932 1125
1185933 1125
1185935 1171
1185936 1216
1185937 1216
1185939 1247
1185940 1275
1185941 1275
1185943 1294
1185944 1309
1185945 1309
1185947 1319
1185948 1325
1185949 1325
1185951 1329
1185952 1330
1185955 1331
2134656 358
2134659 449
2134660 905
2134663 996
2134667 1332
2134668 1333
2134671 1334
2134672 1335
2134675 1336
2134676 1337
2134679 1338
2134680 1339
2134683 1340
2134684 1341
2134687 1342
2134688 1343
2134691 1344
2134784 359
2134785 360
2134786 361
2134788 906
2134789 907
2134790 908
2134794 1333
2134797 1345
2134798 1346
2134800 1347
2134801 1348
2134802 1349
2134804 1350
2134805 1351
2134806 1352
2134808 1353
2134809 1354
2134810 1355
2134812 1356
2134813 1357
2134814 1358
2134816 1359
2134817 1360
2134818 1361
2134912 361
2134914 361
2134915 450
2134916 908
2134918 908
2134919 997
2134922 1333
2134923 1334
2134924 1346
2134927 1362
2134928 1349
2134930 1349
2134931 1363
2134932 1352
2134934 1352
2134935 1364
2134936 1355
2134938 1355
2134939 1365
2134940 1358
2134942 1358
2134943 1366
2134944 1361
2134946 1361
2134947 1367
2135040 362
2135041 363
2135042 364
2135044 909
2135045 910
2135046 911
2135050 1335
2135052 1347
2135053 1348
2135054 1349
2135057 1368
2135058 1369
2135060 1370
2135061 1371
2135062 1372
2135064 1373
2135065 1374
2135066 1375
2135068 1376
2135069 1377
2135070 1378
2135072 1379
2135073 1380
2135074 1381
2135168 364
2135170 364
2135171 451
2135172 911
2135174 911
2135175 998
2135178 1335
2135179 1336
2135180 1349
2135182 1349
2135183 1363
2135184 1369
2135187 1382
2135188 1372
2135190 1372
2135191 1383
2135192 1375
2135194 1375
2135195 1384
2135196 1378
2135198 1378
2135199 1385
2135200 1381
2135202 1381
2135203 1386
2135296 365
2135297 366
2135298 367
2135300 912
2135301 913
2135302 914
2135306 1337
2135308 1350
2135309 1351
2135310 1352
2135312 1370
2135313 1371
2135314 1372
2135317 1387
2135318 1388
2135320 1389
2135321 1390
2135322 1391
2135324 1392
2135325 1393
2135326 1394
2135328 1395
2135329 1396
2135330 1397
2135424 367
2135426 367
2135427 452
2135428 914
2135430 914
2135431 999
2135434 1337
2135435 1338
2135436 1352
2135438 1352
2135439 1364
2135440 1372
2135442 1372
2135443 1383
2135444 1388
2135447 1398
2135448 1391
2135450 1391
2135451 1399
2135452 1394
2135454 1394
2135455 1400
2135456 1397
2135458 1397
2135459 1401
2135552 368
2135553 369
2135554 370
2135556 915
2135557 916
2135558 917
2135562 1339
2135564 1353
2135565 1354
2135566 1355
2135568 1373
2135569 1374
2135570 1375
2135572 1389
2135573 1390
2135574 1391
2135577 1402
2135578 1403
2135580 1404
2135581 1405
2135582 1406
2135584 1407
2135585 1408
2135586 1409
2135680 370
2135682 370
2135683 453
2135684 917
2135686 917
2135687 1000
2135690 1339
2135691 1340
2135692 1355
2135694 1355
2135695 1365
2135696 1375
2135698 1375
2135699 1384
2135700 1391
2135702 1391
2135703 1399
2135704 1403
2135707 1410
2135708 1406
2135710 1406
2135711 1411
2135712 1409
2135714 1409
2135715 1412
2135808 371
2135809 372
2135810 373
2135812 918
2135813 919
2135814 920
2135818 1341
2135820 1356
2135821 1357
2135822 1358
2135824 1376
2135825 1377
2135826 1378
2135828 1392
2135829 1393
2135830 1394
2135832 1404
2135833 1405
2135834 1406
2135837 1413
2135838 1414
2135840 1415
2135841 1416
2135842 1417
2135936 373
2135938 373
2135939 454
2135940 920
2135942 920
2135943 1001
2135946 1341
2135947 1342
2135948 1358
2135950 1358
2135951 1366
2135952 1378
2135954 1378
2135955 1385
2135956 1394
2135958 1394
2135959 1400
2135960 1406
2135962 1406
2135963 1411
2135964 1414
2135967 1418
2135968 1417
2135970 1417
2135971 1419
2136064 374
2136065 375
2136066 376
2136068 921
2136069 922
2136070 923
2136074 1343
2136076 1359
2136077 1360
2136078 1361
2136080 1379
2136081 1380
2136082 1381
2136084 1395
2136085 1396
2136086 1397
2136088 1407
2136089 1408
2136090 1409
2136092 1415
2136093 1416
2136094 1417
2136097 1420
2136098 1421
2136192 376
2136194 376
2136195 455
2136196 923
2136198 923
2136199 1002
2136202 1343
2136203 1344
2136204 1361
2136206 1361
2136207 1367
2136208 1381
2136210 1381
2136211 1386
2136212 1397
2136214 1397
2136215 1401
2136216 1409
2136218 1409
2136219 1412
2136220 1417
2136222 1417
2136223 1419
2136224 1421
2136227 1422
2147136 377
2147137 456
2147138 388
2147140 924
2147141 1003
2147142 935
2147145 1345
2147146 1346
2147150 1423
2147152 1424
2147153 1425
2147154 1426
2147156 1427
2147157 1428
2147158 1429
2147160 1430
2147161 1431
2147162 1432
2147164 1433
2147165 1434
2147166 1435
2147168 1436
2147169 1437
2147170 1438
2147328 378
2147329 379
2147332 925
2147333 926
2147337 1347
2147341 1424
2147345 1439
2147348 1440
2147349 1441
2147352 1442
2147353 1443
2147356 1444
2147357 1445
2147360 1446
2147361 1447
2147392 379
2147393 462
2147394 390
2147396 926
2147397 1009
2147398 937
2147401 1348
2147402 1349
2147405 1425
2147406 1426
2147408 1439
2147410 1448
2147412 1441
2147413 1449
2147414 1450
2147416 1443
2147417 1451
2147418 1452
2147420 1445
2147421 1453
2147422 1454
2147424 1447
2147425 1455
2147426 1456
2147584 380
2147585 381
2147588 927
2147589 928
2147593 1350
2147597 1427
2147600 1440
2147601 1441
2147605 1457
2147608 1458
2147609 1459
2147612 1460
2147613 1461
2147616 1462
2147617 1463
2147648 381
2147649 463
2147650 392
2147652 928
2147653 1010
2147654 939
2147657 1351
2147658 1352
2147661 1428
2147662 1429
2147664 1441
2147665 1449
2147666 1450
2147668 1457
2147670 1464
2147672 1459
2147673 1465
2147674 1466
2147676 1461
2147677 1467
2147678 1468
2147680 1463
2147681 1469
2147682 1470
2147840 382
2147841 383
2147844 929
2147845 930
2147849 1353
2147853 1430
2147856 1442
2147857 1443
2147860 1458
2147861 1459
2147865 1471
2147868 1472
2147869 1473
2147872 1474
2147873 1475
2147904 383
2147905 464
2147906 394
2147908 930
2147909 1011
2147910 941
2147913 1354
2147914 1355
2147917 1431
2147918 1432
2147920 1443
2147921 1451
2147922 1452
2147924 1459
2147925 1465
2147926 1466
2147928 1471
2147930 1476
2147932 1473
2147933 1477
2147934 1478
2147936 1475
2147937 1479
2147938 1480
2148096 384
2148097 385
2148100 931
2148101 932
2148105 1356
2148109 1433
2148112 1444
2148113 1445
2148116 1460
2148117 1461
2148120 1472
2148121 1473
2148125 1481
2148128 1482
2148129 1483
2148160 385
2148161 465
2148162 396
2148164 932
2148165 1012
2148166 943
2148169 1357
2148170 1358
2148173 1434
2148174 1435
2148176 1445
2148177 1453
2148178 1454
2148180 1461
2148181 1467
2148182 1468
2148184 1473
2148185 1477
2148186 1478
2148188 1481
2148190 1484
2148192 1483
2148193 1485
2148194 1486
2148352 386
2148353 387
2148356 933
2148357 934
2148361 1359
2148365 1436
2148368 1446
2148369 1447
2148372 1462
2148373 1463
2148376 1474
2148377 1475
2148380 1482
2148381 1483
2148385 1487
2148416 387
2148417 466
2148418 398
2148420 934
2148421 1013
2148422 945
2148425 1360
2148426 1361
2148429 1437
2148430 1438
2148432 1447
2148433 1455
2148434 1456
2148436 1463
2148437 1469
2148438 1470
2148440 1475
2148441 1479
2148442 1480
2148444 1483
2148445 1485
2148446 1486
2148448 1487
2148450 1488
2151296 388
2151297 388
2151299 467
2151300 935
2151301 935
2151303 1014
2151305 1346
2151307 1362
2151308 1423
2151311 1489
2151312 1426
2151313 1426
2151315 1490
2151316 1429
2151317 1429
2151319 1491
2151320 1432
2151321 1432
2151323 1492
2151324 1435
2151325 1435
2151327 1493
2151328 1438
2151329 1438
2151331 1494
2151424 379
2151425 457
2151426 390
2151428 926
2151429 1004
2151430 937
2151433 1348
2151434 1349
2151436 1424
2151438 1426
2151441 1495
2151442 1448
2151444 1441
2151445 1496
2151446 1450
2151448 1443
2151449 1497
2151450 1452
2151452 1445
2151453 1498
2151454 1454
2151456 1447
2151457 1499
2151458 1456
2151488 389
2151489 379
2151490 390
2151492 936
2151493 926
2151494 937
2151497 1347
2151498 1349
2151500 1425
2151502 1426
2151504 1495
2151506 1448
2151508 1500
2151509 1441
2151510 1450
2151512 1501
2151513 1443
2151514 1452
2151516 1502
2151517 1445
2151518 1454
2151520 1503
2151521 1447
2151522 1456
2151552 390
2151553 390
2151554 390
2151555 468
2151556 937
2151557 937
2151558 937
2151559 1015
2151561 1349
2151562 1349
2151563 1363
2151564 1426
2151566 1426
2151567 1490
2151568 1448
2151569 1448
2151571 1504
2151572 1450
2151573 1450
2151574 1450
2151575 1505
2151576 1452
2151577 1452
2151578 1452
2151579 1506
2151580 1454
2151581 1454
2151582 1454
2151583 1507
2151584 1456
2151585 1456
2151586 1456
2151587 1508
2151680 381
2151681 458
2151682 392
2151684 928
2151685 1005
2151686 939
2151689 1351
2151690 1352
2151692 1427
2151694 1429
2151696 1441
2151697 1500
2151698 1450
2151701 1509
2151702 1464
2151704 1459
2151705 1510
2151706 1466
2151708 1461
2151709 1511
2151710 1468
2151712 1463
2151713 1512
2151714 1470
2151744 391
2151745 381
2151746 392
2151748 938
2151749 928
2151750 939
2151753 1350
2151754 1352
2151756 1428
2151758 1429
2151760 1496
2151761 1441
2151762 1450
2151764 1509
2151766 1464
2151768 1513
2151769 1459
2151770 1466
2151772 1514
2151773 1461
2151774 1468
2151776 1515
2151777 1463
2151778 1470
2151808 392
2151809 392
2151810 392
2151811 469
2151812 939
2151813 939
2151814 939
2151815 1016
2151817 1352
2151818 1352
2151819 1364
2151820 1429
2151822 1429
2151823 1491
2151824 1450
2151825 1450
2151826 1450
2151827 1505
2151828 1464
2151829 1464
2151831 1516
2151832 1466
2151833 1466
2151834 1466
2151835 1517
2151836 1468
2151837 1468
2151838 1468
2151839 1518
2151840 1470
2151841 1470
2151842 1470
2151843 1519
2151936 383
2151937 459
2151938 394
2151940 930
2151941 1006
2151942 941
2151945 1354
2151946 1355
2151948 1430
2151950 1432
2151952 1443
2151953 1501
2151954 1452
2151956 1459
2151957 1513
2151958 1466
2151961 1520
2151962 1476
2151964 1473
2151965 1521
2151966 1478
2151968 1475
2151969 1522
2151970 1480
2152000 393
2152001 383
2152002 394
2152004 940
2152005 930
2152006 941
2152009 1353
2152010 1355
2152012 1431
2152014 1432
2152016 1497
2152017 1443
2152018 1452
2152020 1510
2152021 1459
2152022 1466
2152024 1520
2152026 1476
2152028 1523
2152029 1473
2152030 1478
2152032 1524
2152033 1475
2152034 1480
2152064 394
2152065 394
2152066 394
2152067 470
2152068 941
2152069 941
2152070 941
2152071 1017
2152073 1355
2152074 1355
2152075 1365
2152076 1432
2152078 1432
2152079 1492
2152080 1452
2152081 1452
2152082 1452
2152083 1506
2152084 1466
2152085 1466
2152086 1466
2152087 1517
2152088 1476
2152089 1476
2152091 1525
2152092 1478
2152093 1478
2152094 1478
2152095 1526
2152096 1480
2152097 1480
2152098 1480
2152099 1527
2152192 385
2152193 460
2152194 396
2152196 932
2152197 1007
2152198 943
2152201 1357
2152202 1358
2152204 1433
2152206 1435
2152208 1445
2152209 1502
2152210 1454
2152212 1461
2152213 1514
2152214 1468
2152216 1473
2152217 1523
2152218 1478
2152221 1528
2152222 1484
2152224 1483
2152225 1529
2152226 1486
2152256 395
2152257 385
2152258 396
2152260 942
2152261 932
2152262 943
2152265 1356
2152266 1358
2152268 1434
2152270 1435
2152272 1498
2152273 1445
2152274 1454
2152276 1511
2152277 1461
2152278 1468
2152280 1521
2152281 1473
2152282 1478
2152284 1528
2152286 1484
2152288 1530
2152289 1483
2152290 1486
2152320 396
2152321 396
2152322 396
2152323 471
2152324 943
2152325 943
2152326 943
2152327 1018
2152329 1358
2152330 1358
2152331 1366
2152332 1435
2152334 1435
2152335 1493
2152336 1454
2152337 1454
2152338 1454
2152339 1507
2152340 1468
2152341 1468
2152342 1468
2152343 1518
2152344 1478
2152345 1478
2152346 1478
2152347 1526
2152348 1484
2152349 1484
2152351 1531
2152352 1486
2152353 1486
2152354 1486
2152355 1532
2152448 387
2152449 461
2152450 398
2152452 934
2152453 1008
2152454 945
2152457 1360
2152458 1361
2152460 1436
2152462 1438
2152464 1447
2152465 1503
2152466 1456
2152468 1463
2152469 1515
2152470 1470
2152472 1475
2152473 1524
2152474 1480
2152476 1483
2152477 1530
2152478 1486
2152481 1533
2152482 1488
2152512 397
2152513 387
2152514 398
2152516 944
2152517 934
2152518 945
2152521 1359
2152522 1361
2152524 1437
2152526 1438
2152528 1499
2152529 1447
2152530 1456
2152532 1512
2152533 1463
2152534 1470
2152536 1522
2152537 1475
2152538 1480
2152540 1529
2152541 1483
2152542 1486
2152544 1533
2152546 1488
2152576 398
2152577 398
2152578 398
2152579 472
2152580 945
2152581 945
2152582 945
2152583 1019
2152585 1361
2152586 1361
2152587 1367
2152588 1438
2152590 1438
2152591 1494
2152592 1456
2152593 1456
2152594 1456
2152595 1508
2152596 1470
2152597 1470
2152598 1470
2152599 1519
2152600 1480
2152601 1480
2152602 1480
2152603 1527
2152604 1486
2152605 1486
2152606 1486
2152607 1532
2152608 1488
2152609 1488
2152611 1534
2163776 399
2163777 473
2163778 408
2163780 946
2163781 1020
2163782 955
2163785 1368
2163786 1369
2163788 1439
2163789 1495
2163790 1448
2163794 1535
2163796 1536
2163797 1537
2163798 1538
2163800 1539
2163801 1540
2163802 1541
2163804 1542
2163805 1543
2163806 1544
2163808 1545
2163809 1546
2163810 1547
2163968 400
2163969 401
2163972 947
2163973 948
2163977 1370
2163980 1440
2163981 1441
2163985 1536
2163989 1548
2163992 1549
2163993 1550
2163996 1551
2163997 1552
2164000 1553
2164001 1554
2164032 401
2164033 478
2164034 410
2164036 948
2164037 1025
2164038 957
2164041 1371
2164042 1372
2164044 1441
2164045 1496
2164046 1450
2164049 1537
2164050 1538
2164052 1548
2164054 1555
2164056 1550
2164057 1556
2164058 1557
2164060 1552
2164061 1558
2164062 1559
2164064 1554
2164065 1560
2164066 1561
2164224 402
2164225 403
2164228 949
2164229 950
2164233 1373
2164236 1442
2164237 1443
2164241 1539
2164244 1549
2164245 1550
2164249 1562
2164252 1563
2164253 1564
2164256 1565
2164257 1566
2164288 403
2164289 479
2164290 412
2164292 950
2164293 1026
2164294 959
2164297 1374
2164298 1375
2164300 1443
2164301 1497
2164302 1452
2164305 1540
2164306 1541
2164308 1550
2164309 1556
2164310 1557
2164312 1562
2164314 1567
2164316 1564
2164317 1568
2164318 1569
2164320 1566
2164321 1570
2164322 1571
2164480 404
2164481 405
2164484 951
2164485 952
2164489 1376
2164492 1444
2164493 1445
2164497 1542
2164500 1551
2164501 1552
2164504 1563
2164505 1564
2164509 1572
2164512 1573
2164513 1574
2164544 405
2164545 480
2164546 414
2164548 952
2164549 1027
2164550 961
2164553 1377
2164554 1378
2164556 1445
2164557 1498
2164558 1454
2164561 1543
2164562 1544
2164564 1552
2164565 1558
2164566 1559
2164568 1564
2164569 1568
2164570 1569
2164572 1572
2164574 1575
2164576 1574
2164577 1576
2164578 1577
2164736 406
2164737 407
2164740 953
2164741 954
2164745 1379
2164748 1446
2164749 1447
2164753 1545
2164756 1553
2164757 1554
2164760 1565
2164761 1566
2164764 1573
2164765 1574
2164769 1578
2164800 407
2164801 481
2164802 416
2164804 954
2164805 1028
2164806 963
2164809 1380
2164810 1381
2164812 1447
2164813 1499
2164814 1456
2164817 1546
2164818 1547
2164820 1554
2164821 1560
2164822 1561
2164824 1566
2164825 1570
2164826 1571
2164828 1574
2164829 1576
2164830 1577
2164832 1578
2164834 1579
2167936 408
2167937 408
2167939 482
2167940 955
2167941 955
2167943 1029
2167945 1369
2167947 1382
2167948 1448
2167949 1448
2167951 1504
2167952 1535
2167955 1580
2167956 1538
2167957 1538
2167959 1581
2167960 1541
2167961 1541
2167963 1582
2167964 1544
2167965 1544
2167967 1583
2167968 1547
2167969 1547
2167971 1584
2168064 401
2168065 474
2168066 410
2168068 948
2168069 1021
2168070 957
2168073 1371
2168074 1372
2168076 1441
2168077 1500
2168078 1450
2168080 1536
2168082 1538
2168085 1585
2168086 1555
2168088 1550
2168089 1586
2168090 1557
2168092 1552
2168093 1587
2168094 1559
2168096 1554
2168097 1588
2168098 1561
2168128 409
2168129 401
2168130 410
2168132 956
2168133 948
2168134 957
2168137 1370
2168138 1372
2168140 1449
2168141 1441
2168142 1450
2168144 1537
2168146 1538
2168148 1585
2168150 1555
2168152 1589
2168153 1550
2168154 1557
2168156 1590
2168157 1552
2168158 1559
2168160 1591
2168161 1554
2168162 1561
2168192 410
2168193 410
2168194 410
2168195 483
2168196 957
2168197 957
2168198 957
2168199 1030
2168201 1372
2168202 1372
2168203 1383
2168204 1450
2168205 1450
2168206 1450
2168207 1505
2168208 1538
2168210 1538
2168211 1581
2168212 1555
2168213 1555
2168215 1592
2168216 1557
2168217 1557
2168218 1557
2168219 1593
2168220 1559
2168221 1559
2168222 1559
2168223 1594
2168224 1561
2168225 1561
2168226 1561
2168227 1595
2168320 403
2168321 475
2168322 412
2168324 950
2168325 1022
2168326 959
2168329 1374
2168330 1375
2168332 1443
2168333 1501
2168334 1452
2168336 1539
2168338 1541
2168340 1550
2168341 1589
2168342 1557
2168345 1596
2168346 1567
2168348 1564
2168349 1597
2168350 1569
2168352 1566
2168353 1598
2168354 1571
2168384 411
2168385 403
2168386 412
2168388 958
2168389 950
2168390 959
2168393 1373
2168394 1375
2168396 1451
2168397 1443
2168398 1452
2168400 1540
2168402 1541
2168404 1586
2168405 1550
2168406 1557
2168408 1596
2168410 1567
2168412 1599
2168413 1564
2168414 1569
2168416 1600
2168417 1566
2168418 1571
2168448 412
2168449 412
2168450 412
2168451 484
2168452 959
2168453 959
2168454 959
2168455 1031
2168457 1375
2168458 1375
2168459 1384
2168460 1452
2168461 1452
2168462 1452
2168463 1506
2168464 1541
2168466 1541
2168467 1582
2168468 1557
2168469 1557
2168470 1557
2168471 1593
2168472 1567
2168473 1567
2168475 1601
2168476 1569
2168477 1569
2168478 1569
2168479 1602
2168480 1571
2168481 1571
2168482 1571
2168483 1603
2168576 405
2168577 476
2168578 414
2168580 952
2168581 1023
2168582 961
2168585 1377
2168586 1378
2168588 1445
2168589 1502
2168590 1454
2168592 1542
2168594 1544
2168596 1552
2168597 1590
2168598 1559
2168600 1564
2168601 1599
2168602 1569
2168605 1604
2168606 1575
2168608 1574
2168609 1605
2168610 1577
2168640 413
2168641 405
2168642 414
2168644 960
2168645 952
2168646 961
2168649 1376
2168650 1378
2168652 1453
2168653 1445
2168654 1454
2168656 1543
2168658 1544
2168660 1587
2168661 1552
2168662 1559
2168664 1597
2168665 1564
2168666 1569
2168668 1604
2168670 1575
2168672 1606
2168673 1574
2168674 1577
2168704 414
2168705 414
2168706 414
2168707 485
2168708 961
2168709 961
2168710 961
2168711 1032
2168713 1378
2168714 1378
2168715 1385
2168716 1454
2168717 1454
2168718 1454
2168719 1507
2168720 1544
2168722 1544
2168723 1583
2168724 1559
2168725 1559
2168726 1559
2168727 1594
2168728 1569
2168729 1569
2168730 1569
2168731 1602
2168732 1575
2168733 1575
2168735 1607
2168736 1577
2168737 1577
2168738 1577
2168739 1608
2168832 407
2168833 477
2168834 416
2168836 954
2168837 1024
2168838 963
2168841 1380
2168842 1381
2168844 1447
2168845 1503
2168846 1456
2168848 1545
2168850 1547
2168852 1554
2168853 1591
2168854 1561
2168856 1566
2168857 1600
2168858 1571
2168860 1574
2168861 1606
2168862 1577
2168865 1609
2168866 1579
2168896 415
2168897 407
2168898 416
2168900 962
2168901 954
2168902 963
2168905 1379
2168906 1381
2168908 1455
2168909 1447
2168910 1456
2168912 1546
2168914 1547
2168916 1588
2168917 1554
2168918 1561
2168920 1598
2168921 1566
2168922 1571
2168924 1605
2168925 1574
2168926 1577
2168928 1609
2168930 1579
2168960 416
2168961 416
2168962 416
2168963 486
2168964 963
2168965 963
2168966 963
2168967 1033
2168969 1381
2168970 1381
2168971 1386
2168972 1456
2168973 1456
2168974 1456
2168975 1508
2168976 1547
2168978 1547
2168979 1584
2168980 1561
2168981 1561
2168982 1561
2168983 1595
2168984 1571
2168985 1571
2168986 1571
2168987 1603
2168988 1577
2168989 1577
2168990 1577
2168991 1608
2168992 1579
2168993 1579
2168995 1610
2180416 417
2180417 487
2180418 424
2180420 964
2180421 1034
2180422 971
2180425 1387
2180426 1388
2180428 1457
2180429 1509
2180430 1464
2180432 1548
2180433 1585
2180434 1555
2180438 1611
2180440 1612
2180441 1613
2180442 1614
2180444 1615
2180445 1616
2180446 1617
2180448 1618
2180449 1619
2180450 1620
2180608 418
2180609 419
2180612 965
2180613 966
2180617 1389
2180620 1458
2180621 1459
2180624 1549
2180625 1550
2180629 1612
2180633 1621
2180636 1622
2180637 1623
2180640 1624
2180641 1625
2180672 419
2180673 491
2180674 426
2180676 966
2180677 1038
2180678 973
2180681 1390
2180682 1391
2180684 1459
2180685 1510
2180686 1466
2180688 1550
2180689 1586
2180690 1557
2180693 1613
2180694 1614
2180696 1621
2180698 1626
2180700 1623
2180701 1627
2180702 1628
2180704 1625
2180705 1629
2180706 1630
2180864 420
2180865 421
2180868 967
2180869 968
2180873 1392
2180876 1460
2180877 1461
2180880 1551
2180881 1552
2180885 1615
2180888 1622
2180889 1623
2180893 1631
2180896 1632
2180897 1633
2180928 421
2180929 492
2180930 428
2180932 968
2180933 1039
2180934 975
2180937 1393
2180938 1394
2180940 1461
2180941 1511
2180942 1468
2180944 1552
2180945 1587
2180946 1559
2180949 1616
2180950 1617
2180952 1623
2180953 1627
2180954 1628
2180956 1631
2180958 1634
2180960 1633
2180961 1635
2180962 1636
2181120 422
2181121 423
2181124 969
2181125 970
2181129 1395
2181132 1462
2181133 1463
2181136 1553
2181137 1554
2181141 1618
2181144 1624
2181145 1625
2181148 1632
2181149 1633
2181153 1637
2181184 423
2181185 493
2181186 430
2181188 970
2181189 1040
2181190 977
2181193 1396
2181194 1397
2181196 1463
2181197 1512
2181198 1470
2181200 1554
2181201 1588
2181202 1561
2181205 1619
2181206 1620
2181208 1625
2181209 1629
2181210 1630
2181212 1633
2181213 1635
2181214 1636
2181216 1637
2181218 1638
2184576 424
2184577 424
2184579 494
2184580 971
2184581 971
2184583 1041
2184585 1388
2184587 1398
2184588 1464
2184589 1464
2184591 1516
2184592 1555
2184593 1555
2184595 1592
2184596 1611
2184599 1639
2184600 1614
2184601 1614
2184603 1640
2184604 1617
2184605 1617
2184607 1641
2184608 1620
2184609 1620
2184611 1642
2184704 419
2184705 488
2184706 426
2184708 966
2184709 1035
2184710 973
2184713 1390
2184714 1391
2184716 1459
2184717 1513
2184718 1466
2184720 1550
2184721 1589
2184722 1557
2184724 1612
2184726 1614
2184729 1643
2184730 1626
2184732 1623
2184733 1644
2184734 1628
2184736 1625
2184737 1645
2184738 1630
2184768 425
2184769 419
2184770 426
2184772 972
2184773 966
2184774 973
2184777 1389
2184778 1391
2184780 1465
2184781 1459
2184782 1466
2184784 1556
2184785 1550
2184786 1557
2184788 1613
2184790 1614
2184792 1643
2184794 1626
2184796 1646
2184797 1623
2184798 1628
2184800 1647
2184801 1625
2184802 1630
2184832 426
2184833 426
2184834 426
2184835 495
2184836 973
2184837 973
2184838 973
2184839 1042
2184841 1391
2184842 1391
2184843 1399
2184844 1466
2184845 1466
2184846 1466
2184847 1517
2184848 1557
2184849 1557
2184850 1557
2184851 1593
2184852 1614
2184854 1614
2184855 1640
2184856 1626
2184857 1626
2184859 1648
2184860 1628
2184861 1628
2184862 1628
2184863 1649
2184864 1630
2184865 1630
2184866 1630
2184867 1650
2184960 421
2184961 489
2184962 428
2184964 968
2184965 1036
2184966 975
2184969 1393
2184970 1394
2184972 1461
2184973 1514
2184974 1468
2184976 1552
2184977 1590
2184978 1559
2184980 1615
2184982 1617
2184984 1623
2184985 1646
2184986 1628
2184989 1651
2184990 1634
2184992 1633
2184993 1652
2184994 1636
2185024 427
2185025 421
2185026 428
2185028 974
2185029 968
2185030 975
2185033 1392
2185034 1394
2185036 1467
2185037 1461
2185038 1468
2185040 1558
2185041 1552
2185042 1559
2185044 1616
2185046 1617
2185048 1644
2185049 1623
2185050 1628
2185052 1651
2185054 1634
2185056 1653
2185057 1633
2185058 1636
2185088 428
2185089 428
2185090 428
2185091 496
2185092 975
2185093 975
2185094 975
2185095 1043
2185097 1394
2185098 1394
2185099 1400
2185100 1468
2185101 1468
2185102 1468
2185103 1518
2185104 1559
2185105 1559
2185106 1559
2185107 1594
2185108 1617
2185110 1617
2185111 1641
2185112 1628
2185113 1628
2185114 1628
2185115 1649
2185116 1634
2185117 1634
2185119 1654
2185120 1636
2185121 1636
2185122 1636
2185123 1655
2185216 423
2185217 490
2185218 430
2185220 970
2185221 1037
2185222 977
2185225 1396
2185226 1397
2185228 1463
2185229 1515
2185230 1470
2185232 1554
2185233 1591
2185234 1561
2185236 1618
2185238 1620
2185240 1625
2185241 1647
2185242 1630
2185244 1633
2185245 1653
2185246 1636
2185249 1656
2185250 1638
2185280 429
2185281 423
2185282 430
2185284 976
2185285 970
2185286 977
2185289 1395
2185290 1397
2185292 1469
2185293 1463
2185294 1470
2185296 1560
2185297 1554
2185298 1561
2185300 1619
2185302 1620
2185304 1645
2185305 1625
2185306 1630
2185308 1652
2185309 1633
2185310 1636
2185312 1656
2185314 1638
2185344 430
2185345 430
2185346 430
2185347 497
2185348 977
2185349 977
2185350 977
2185351 1044
2185353 1397
2185354 1397
2185355 1401
2185356 1470
2185357 1470
2185358 1470
2185359 1519
2185360 1561
2185361 1561
2185362 1561
2185363 1595
2185364 1620
2185366 1620
2185367 1642
2185368 1630
2185369 1630
2185370 1630
2185371 1650
2185372 1636
2185373 1636
2185374 1636
2185375 1655
2185376 1638
2185377 1638
2185379 1657
2197056 431
2197057 498
2197058 436
2197060 978
2197061 1045
2197062 983
2197065 1402
2197066 1403
2197068 1471
2197069 1520
2197070 1476
2197072 1562
2197073 1596
2197074 1567
2197076 1621
2197077 1643
2197078 1626
2197082 1658
2197084 1659
2197085 1660
2197086 1661
2197088 1662
2197089 1663
2197090 1664
2197248 432
2197249 433
2197252 979
2197253 980
2197257 1404
2197260 1472
2197261 1473
2197264 1563
2197265 1564
2197268 1622
2197269 1623
2197273 1659
2197277 1665
2197280 1666
2197281 1667
2197312 433
2197313 501
2197314 438
2197316 980
2197317 1048
2197318 985
2197321 1405
2197322 1406
2197324 1473
2197325 1521
2197326 1478
2197328 1564
2197329 1597
2197330 1569
2197332 1623
2197333 1644
2197334 1628
2197337 1660
2197338 1661
2197340 1665
2197342 1668
2197344 1667
2197345 1669
2197346 1670
2197504 434
2197505 435
2197508 981
2197509 982
2197513 1407
2197516 1474
2197517 1475
2197520 1565
2197521 1566
2197524 1624
2197525 1625
2197529 1662
2197532 1666
2197533 1667
2197537 1671
2197568 435
2197569 502
2197570 440
2197572 982
2197573 1049
2197574 987
2197577 1408
2197578 1409
2197580 1475
2197581 1522
2197582 1480
2197584 1566
2197585 1598
2197586 1571
2197588 1625
2197589 1645
2197590 1630
2197593 1663
2197594 1664
2197596 1667
2197597 1669
2197598 1670
2197600 1671
2197602 1672
2201216 436
2201217 436
2201219 503
2201220 983
2201221 983
2201223 1050
2201225 1403
2201227 1410
2201228 1476
2201229 1476
2201231 1525
2201232 1567
2201233 1567
2201235 1601
2201236 1626
2201237 1626
2201239 1648
2201240 1658
2201243 1673
2201244 1661
2201245 1661
2201247 1674
2201248 1664
2201249 1664
2201251 1675
2201344 433
2201345 499
2201346 438
2201348 980
2201349 1046
2201350 985
2201353 1405
2201354 1406
2201356 1473
2201357 1523
2201358 1478
2201360 1564
2201361 1599
2201362 1569
2201364 1623
2201365 1646
2201366 1628
2201368 1659
2201370 1661
2201373 1676
2201374 1668
2201376 1667
2201377 1677
2201378 1670
2201408 437
2201409 433
2201410 438
2201412 984
2201413 980
2201414 985
2201417 1404
2201418 1406
2201420 1477
2201421 1473
2201422 1478
2201424 1568
2201425 1564
2201426 1569
2201428 1627
2201429 1623
2201430 1628
2201432 1660
2201434 1661
2201436 1676
2201438 1668
2201440 1678
2201441 1667
2201442 1670
2201472 438
2201473 438
2201474 438
2201475 504
2201476 985
2201477 985
2201478 985
2201479 1051
2201481 1406
2201482 1406
2201483 1411
2201484 1478
2201485 1478
2201486 1478
2201487 1526
2201488 1569
2201489 1569
2201490 1569
2201491 1602
2201492 1628
2201493 1628
2201494 1628
2201495 1649
2201496 1661
2201498 1661
2201499 1674
2201500 1668
2201501 1668
2201503 1679
2201504 1670
2201505 1670
2201506 1670
2201507 1680
2201600 435
2201601 500
2201602 440
2201604 982
2201605 1047
2201606 987
2201609 1408
2201610 1409
2201612 1475
2201613 1524
2201614 1480
2201616 1566
2201617 1600
2201618 1571
2201620 1625
2201621 1647
2201622 1630
2201624 1662
2201626 1664
2201628 1667
2201629 1678
2201630 1670
2201633 1681
2201634 1672
2201664 439
2201665 435
2201666 440
2201668 986
2201669 982
2201670 987
2201673 1407
2201674 1409
2201676 1479
2201677 1475
2201678 1480
2201680 1570
2201681 1566
2201682 1571
2201684 1629
2201685 1625
2201686 1630
2201688 1663
2201690 1664
2201692 1677
2201693 1667
2201694 1670
2201696 1681
2201698 1672
2201728 440
2201729 440
2201730 440
2201731 505
2201732 987
2201733 987
2201734 987
2201735 1052
2201737 1409
2201738 1409
2201739 1412
2201740 1480
2201741 1480
2201742 1480
2201743 1527
2201744 1571
2201745 1571
2201746 1571
2201747 1603
2201748 1630
2201749 1630
2201750 1630
2201751 1650
2201752 1664
2201754 1664
2201755 1675
2201756 1670
2201757 1670
2201758 1670
2201759 1680
2201760 1672
2201761 1672
2201763 1682
2213696 441
2213697 506
2213698 444
2213700 988
2213701 1053
2213702 991
2213705 1413
2213706 1414
2213708 1481
2213709 1528
2213710 1484
2213712 1572
2213713 1604
2213714 1575
2213716 1631
2213717 1651
2213718 1634
2213720 1665
2213721 1676
2213722 1668
2213726 1683
2213728 1684
2213729 1685
2213730 1686
2213888 442
2213889 443
2213892 989
2213893 990
2213897 1415
2213900 1482
2213901 1483
2213904 1573
2213905 1574
2213908 1632
2213909 1633
2213912 1666
2213913 1667
2213917 1684
2213921 1687
2213952 443
2213953 508
2213954 446
2213956 990
2213957 1055
2213958 993
2213961 1416
2213962 1417
2213964 1483
2213965 1529
2213966 1486
2213968 1574
2213969 1605
2213970 1577
2213972 1633
2213973 1652
2213974 1636
2213976 1667
2213977 1677
2213978 1670
2213981 1685
2213982 1686
2213984 1687
2213986 1688
2217856 444
2217857 444
2217859 509
2217860 991
2217861 991
2217863 1056
2217865 1414
2217867 1418
2217868 1484
2217869 1484
2217871 1531
2217872 1575
2217873 1575
2217875 1607
2217876 1634
2217877 1634
2217879 1654
2217880 1668
2217881 1668
2217883 1679
2217884 1683
2217887 1689
2217888 1686
2217889 1686
2217891 1690
2217984 443
2217985 507
2217986 446
2217988 990
2217989 1054
2217990 993
2217993 1416
2217994 1417
2217996 1483
2217997 1530
2217998 1486
2218000 1574
2218001 1606
2218002 1577
2218004 1633
2218005 1653
2218006 1636
2218008 1667
2218009 1678
2218010 1670
2218012 1684
2218014 1686
2218017 1691
2218018 1688
2218048 445
2218049 443
2218050 446
2218052 992
2218053 990
2218054 993
2218057 1415
2218058 1417
2218060 1485
2218061 1483
2218062 1486
2218064 1576
2218065 1574
2218066 1577
2218068 1635
2218069 1633
2218070 1636
2218072 1669
2218073 1667
2218074 1670
2218076 1685
2218078 1686
2218080 1691
2218082 1688
2218112 446
2218113 446
2218114 446
2218115 510
2218116 993
2218117 993
2218118 993
2218119 1057
2218121 1417
2218122 1417
2218123 1419
2218124 1486
2218125 1486
2218126 1486
2218127 1532
2218128 1577
2218129 1577
2218130 1577
2218131 1608
2218132 1636
2218133 1636
2218134 1636
2218135 1655
2218136 1670
2218137 1670
2218138 1670
2218139 1680
2218140 1686
2218142 1686
2218143 1690
2218144 1688
2218145 1688
2218147 1692
2230336 447
2230337 511
2230338 448
2230340 994
2230341 1058
2230342 995
2230345 1420
2230346 1421
2230348 1487
2230349 1533
2230350 1488
2230352 1578
2230353 1609
2230354 1579
2230356 1637
2230357 1656
2230358 1638
2230360 1671
2230361 1681
2230362 1672
2230364 1687
2230365 1691
2230366 1688
2230370 1693
2234496 448
2234497 448
2234499 512
2234500 995
2234501 995
2234503 1059
2234505 1421
2234507 1422
2234508 1488
2234509 1488
2234511 1534
2234512 1579
2234513 1579
2234515 1610
2234516 1638
2234517 1638
2234519 1657
2234520 1672
2234521 1672
2234523 1682
2234524 1688
2234525 1688
2234527 1692
2234528 1693
2234531 1694
3199872 513
3199875 579
3199876 1060
3199879 1126
3199880 1423
3199883 1489
3199887 1695
3199888 1696
3199891 1697
3199892 1698
3199895 1699
3199896 1700
3199899 1701
3199900 1702
3199903 1703
3199904 1704
3199907 1705
3200000 514
3200001 515
3200002 516
3200004 1061
3200005 1062
3200006 1063
3200008 1424
3200009 1425
3200010 1426
3200014 1696
3200017 1706
3200018 1707
3200020 1708
3200021 1709
3200022 1710
3200024 1711
3200025 1712
3200026 1713
3200028 1714
3200029 1715
3200030 1716
3200032 1717
3200033 1718
3200034 1719
3200128 516
3200130 516
3200131 580
3200132 1063
3200134 1063
3200135 1127
3200136 1426
3200138 1426
3200139 1490
3200142 1696
3200143 1697
3200144 1707
3200147 1720
3200148 1710
3200150 1710
3200151 1721
3200152 1713
3200154 1713
3200155 1722
3200156 1716
3200158 1716
3200159 1723
3200160 1719
3200162 1719
3200163 1724
3200256 517
3200257 518
3200258 519
3200260 1064
3200261 1065
3200262 1066
3200264 1427
3200265 1428
3200266 1429
3200270 1698
3200272 1708
3200273 1709
3200274 1710
3200277 1725
3200278 1726
3200280 1727
3200281 1728
3200282 1729
3200284 1730
3200285 1731
3200286 1732
3200288 1733
3200289 1734
3200290 1735
3200384 519
3200386 519
3200387 581
3200388 1066
3200390 1066
3200391 1128
3200392 1429
3200394 1429
3200395 1491
3200398 1698
3200399 1699
3200400 1710
3200402 1710
3200403 1721
3200404 1726
3200407 1736
3200408 1729
3200410 1729
3200411 1737
3200412 1732
3200414 1732
3200415 1738
3200416 1735
3200418 1735
3200419 1739
3200512 520
3200513 521
3200514 522
3200516 1067
3200517 1068
3200518 1069
3200520 1430
3200521 1431
3200522 1432
3200526 1700
3200528 1711
3200529 1712
3200530 1713
3200532 1727
3200533 1728
3200534 1729
3200537 1740
3200538 1741
3200540 1742
3200541 1743
3200542 1744
3200544 1745
3200545 1746
3200546 1747
3200640 522
3200642 522
3200643 582
3200644 1069
3200646 1069
3200647 1129
3200648 1432
3200650 1432
3200651 1492
3200654 1700
3200655 1701
3200656 1713
3200658 1713
3200659 1722
3200660 1729
3200662 1729
3200663 1737
3200664 1741
3200667 1748
3200668 1744
3200670 1744
3200671 1749
3200672 1747
3200674 1747
3200675 1750
3200768 523
3200769 524
3200770 525
3200772 1070
3200773 1071
3200774 1072
3200776 1433
3200777 1434
3200778 1435
3200782 1702
3200784 1714
3200785 1715
3200786 1716
3200788 1730
3200789 1731
3200790 1732
3200792 1742
3200793 1743
3200794 1744
3200797 1751
3200798 1752
3200800 1753
3200801 1754
3200802 1755
3200896 525
3200898 525
3200899 583
3200900 1072
3200902 1072
3200903 1130
3200904 1435
3200906 1435
3200907 1493
3200910 1702
3200911 1703
3200912 1716
3200914 1716
3200915 1723
3200916 1732
3200918 1732
3200919 1738
3200920 1744
3200922 1744
3200923 1749
3200924 1752
3200927 1756
3200928 1755
3200930 1755
3200931 1757
3201024 526
3201025 527
3201026 528
3201028 1073
3201029 1074
3201030 1075
3201032 1436
3201033 1437
3201034 1438
3201038 1704
3201040 1717
3201041 1718
3201042 1719
3201044 1733
3201045 1734
3201046 1735
3201048 1745
3201049 1746
3201050 1747
3201052 1753
3201053 1754
3201054 1755
3201057 1758
3201058 1759
3201152 528
3201154 528
3201155 584
3201156 1075
3201158 1075
3201159 1131
3201160 1438
3201162 1438
3201163 1494
3201166 1704
3201167 1705
3201168 1719
3201170 1719
3201171 1724
3201172 1735
3201174 1735
3201175 1739
3201176 1747
3201178 1747
3201179 1750
3201180 1755
3201182 1755
3201183 1757
3201184 1759
3201187 1760
3212352 529
3212353 585
3212354 538
3212356 1076
3212357 1132
3212358 1085
3212360 1439
3212361 1495
3212362 1448
3212365 1706
3212366 1707
3212370 1761
3212372 1762
3212373 1763
3212374 1764
3212376 1765
3212377 1766
3212378 1767
3212380 1768
3212381 1769
3212382 1770
3212384 1771
3212385 1772
3212386 1773
3212544 530
3212545 531
3212548 1077
3212549 1078
3212552 1440
3212553 1441
3212557 1708
3212561 1762
3212565 1774
3212568 1775
3212569 1776
3212572 1777
3212573 1778
3212576 1779
3212577 1780
3212608 531
3212609 590
3212610 540
3212612 1078
3212613 1137
3212614 1087
3212616 1441
3212617 1500
3212618 1450
3212621 1709
3212622 1710
3212625 1763
3212626 1764
3212628 1774
3212630 1781
3212632 1776
3212633 1782
3212634 1783
3212636 1778
3212637 1784
3212638 1785
3212640 1780
3212641 1786
3212642 1787
3212800 532
3212801 533
3212804 1079
3212805 1080
3212808 1442
3212809 1443
3212813 1711
3212817 1765
3212820 1775
3212821 1776
3212825 1788
3212828 1789
3212829 1790
3212832 1791
3212833 1792
3212864 533
3212865 591
3212866 542
3212868 1080
3212869 1138
3212870 1089
3212872 1443
3212873 1501
3212874 1452
3212877 1712
3212878 1713
3212881 1766
3212882 1767
3212884 1776
3212885 1782
3212886 1783
3212888 1788
3212890 1793
3212892 1790
3212893 1794
3212894 1795
3212896 1792
3212897 1796
3212898 1797
3213056 534
3213057 535
3213060 1081
3213061 1082
3213064 1444
3213065 1445
3213069 1714
3213073 1768
3213076 1777
3213077 1778
3213080 1789
3213081 1790
3213085 1798
3213088 1799
3213089 1800
3213120 535
3213121 592
3213122 544
3213124 1082
3213125 1139
3213126 1091
3213128 1445
3213129 1502
3213130 1454
3213133 1715
3213134 1716
3213137 1769
3213138 1770
3213140 1778
3213141 1784
3213142 1785
3213144 1790
3213145 1794
3213146 1795
3213148 1798
3213150 1801
3213152 1800
3213153 1802
3213154 1803
3213312 536
3213313 537
3213316 1083
3213317 1084
3213320 1446
3213321 1447
3213325 1717
3213329 1771
3213332 1779
3213333 1780
3213336 1791
3213337 1792
3213340 1799
3213341 1800
3213345 1804
3213376 537
3213377 593
3213378 546
3213380 1084
3213381 1140
3213382 1093
3213384 1447
3213385 1503
3213386 1456
3213389 1718
3213390 1719
3213393 1772
3213394 1773
3213396 1780
3213397 1786
3213398 1787
3213400 1792
3213401 1796
3213402 1797
3213404 1800
3213405 1802
3213406 1803
3213408 1804
3213410 1805
3216512 538
3216513 538
3216515 594
3216516 1085
3216517 1085
3216519 1141
3216520 1448
3216521 1448
3216523 1504
3216525 1707
3216527 1720
3216528 1761
3216531 1806
3216532 1764
3216533 1764
3216535 1807
3216536 1767
3216537 1767
3216539 1808
3216540 1770
3216541 1770
3216543 1809
3216544 1773
3216545 1773
3216547 1810
3216640 531
3216641 586
3216642 540
3216644 1078
3216645 1133
3216646 1087
3216648 1441
3216649 1496
3216650 1450
3216653 1709
3216654 1710
3216656 1762
3216658 1764
3216661 1811
3216662 1781
3216664 1776
3216665 1812
3216666 1783
3216668 1778
3216669 1813
3216670 1785
3216672 1780
3216673 1814
3216674 1787
3216704 539
3216705 531
3216706 540
3216708 1086
3216709 1078
3216710 1087
3216712 1449
3216713 1441
3216714 1450
3216717 1708
3216718 1710
3216720 1763
3216722 1764
3216724 1811
3216726 1781
3216728 1815
3216729 1776
3216730 1783
3216732 1816
3216733 1778
3216734 1785
3216736 1817
3216737 1780
3216738 1787
3216768 540
3216769 540
3216770 540
3216771 595
3216772 1087
3216773 1087
3216774 1087
3216775 1142
3216776 1450
3216777 1450
3216778 1450
3216779 1505
3216781 1710
3216782 1710
3216783 1721
3216784 1764
3216786 1764
3216787 1807
3216788 1781
3216789 1781
3216791 1818
3216792 1783
3216793 1783
3216794 1783
3216795 1819
3216796 1785
3216797 1785
3216798 1785
3216799 1820
3216800 1787
3216801 1787
3216802 1787
3216803 1821
3216896 533
3216897 587
3216898 542
3216900 1080
3216901 1134
3216902 1089
3216904 1443
3216905 1497
3216906 1452
3216909 1712
3216910 1713
3216912 1765
3216914 1767
3216916 1776
3216917 1815
3216918 1783
3216921 1822
3216922 1793
3216924 1790
3216925 1823
3216926 1795
3216928 1792
3216929 1824
3216930 1797
3216960 541
3216961 533
3216962 542
3216964 1088
3216965 1080
3216966 1089
3216968 1451
3216969 1443
3216970 1452
3216973 1711
3216974 1713
3216976 1766
3216978 1767
3216980 1812
3216981 1776
3216982 1783
3216984 1822
3216986 1793
3216988 1825
3216989 1790
3216990 1795
3216992 1826
3216993 1792
3216994 1797
3217024 542
3217025 542
3217026 542
3217027 596
3217028 1089
3217029 1089
3217030 1089
3217031 1143
3217032 1452
3217033 1452
3217034 1452
3217035 1506
3217037 1713
3217038 1713
3217039 1722
3217040 1767
3217042 1767
3217043 1808
3217044 1783
3217045 1783
3217046 1783
3217047 1819
3217048 1793
3217049 1793
3217051 1827
3217052 1795
3217053 1795
3217054 1795
3217055 1828
3217056 1797
3217057 1797
3217058 1797
3217059 1829
3217152 535
3217153 588
3217154 544
3217156 1082
3217157 1135
3217158 1091
3217160 1445
3217161 1498
3217162 1454
3217165 1715
3217166 1716
3217168 1768
3217170 1770
3217172 1778
3217173 1816
3217174 1785
3217176 1790
3217177 1825
3217178 1795
3217181 1830
3217182 1801
3217184 1800
3217185 1831
3217186 1803
3217216 543
3217217 535
3217218 544
3217220 1090
3217221 1082
3217222 1091
3217224 1453
3217225 1445
3217226 1454
3217229 1714
3217230 1716
3217232 1769
3217234 1770
3217236 1813
3217237 1778
3217238 1785
3217240 1823
3217241 1790
3217242 1795
3217244 1830
3217246 1801
3217248 1832
3217249 1800
3217250 1803
3217280 544
3217281 544
3217282 544
3217283 597
3217284 1091
3217285 1091
3217286 1091
3217287 1144
3217288 1454
3217289 1454
3217290 1454
3217291 1507
3217293 1716
3217294 1716
3217295 1723
3217296 1770
3217298 1770
3217299 1809
3217300 1785
3217301 1785
3217302 1785
3217303 1820
3217304 1795
3217305 1795
3217306 1795
3217307 1828
3217308 1801
3217309 1801
3217311 1833
3217312 1803
3217313 1803
3217314 1803
3217315 1834
3217408 537
3217409 589
3217410 546
3217412 1084
3217413 1136
3217414 1093
3217416 1447
3217417 1499
3217418 1456
3217421 1718
3217422 1719
3217424 1771
3217426 1773
3217428 1780
3217429 1817
3217430 1787
3217432 1792
3217433 1826
3217434 1797
3217436 1800
3217437 1832
3217438 1803
3217441 1835
3217442 1805
3217472 545
3217473 537
3217474 546
3217476 1092
3217477 1084
3217478 1093
3217480 1455
3217481 1447
3217482 1456
3217485 1717
3217486 1719
3217488 1772
3217490 1773
3217492 1814
3217493 1780
3217494 1787
3217496 1824
3217497 1792
3217498 1797
3217500 1831
3217501 1800
3217502 1803
3217504 1835
3217506 1805
3217536 546
3217537 546
3217538 546
3217539 598
3217540 1093
3217541 1093
3217542 1093
3217543 1145
3217544 1456
3217545 1456
3217546 1456
3217547 1508
3217549 1719
3217550 1719
3217551 1724
3217552 1773
3217554 1773
3217555 1810
3217556 1787
3217557 1787
3217558 1787
3217559 1821
3217560 1797
3217561 1797
3217562 1797
3217563 1829
3217564 1803
3217565 1803
3217566 1803
3217567 1834
3217568 1805
3217569 1805
3217571 1836
3228992 547
3228993 599
3228994 554
3228996 1094
3228997 1146
3228998 1101
3229000 1457
3229001 1509
3229002 1464
3229005 1725
3229006 1726
3229008 1774
3229009 1811
3229010 1781
3229014 1837
3229016 1838
3229017 1839
3229018 1840
3229020 1841
3229021 1842
3229022 1843
3229024 1844
3229025 1845
3229026 1846
3229184 548
3229185 549
3229188 1095
3229189 1096
3229192 1458
3229193 1459
3229197 1727
3229200 1775
3229201 1776
3229205 1838
3229209 1847
3229212 1848
3229213 1849
3229216 1850
3229217 1851
3229248 549
3229249 603
3229250 556
3229252 1096
3229253 1150
3229254 1103
3229256 1459
3229257 1513
3229258 1466
3229261 1728
3229262 1729
3229264 1776
3229265 1812
3229266 1783
3229269 1839
3229270 1840
3229272 1847
3229274 1852
3229276 1849
3229277 1853
3229278 1854
3229280 1851
3229281 1855
3229282 1856
3229440 550
3229441 551
3229444 1097
3229445 1098
3229448 1460
3229449 1461
3229453 1730
3229456 1777
3229457 1778
3229461 1841
3229464 1848
3229465 1849
3229469 1857
3229472 1858
3229473 1859
3229504 551
3229505 604
3229506 558
3229508 1098
3229509 1151
3229510 1105
3229512 1461
3229513 1514
3229514 1468
3229517 1731
3229518 1732
3229520 1778
3229521 1813
3229522 1785
3229525 1842
3229526 1843
3229528 1849
3229529 1853
3229530 1854
3229532 1857
3229534 1860
3229536 1859
3229537 1861
3229538 1862
3229696 552
3229697 553
3229700 1099
3229701 1100
3229704 1462
3229705 1463
3229709 1733
3229712 1779
3229713 1780
3229717 1844
3229720 1850
3229721 1851
3229724 1858
3229725 1859
3229729 1863
3229760 553
3229761 605
3229762 560
3229764 1100
3229765 1152
3229766 1107
3229768 1463
3229769 1515
3229770 1470
3229773 1734
3229774 1735
3229776 1780
3229777 1814
3229778 1787
3229781 1845
3229782 1846
3229784 1851
3229785 1855
3229786 1856
3229788 1859
3229789 1861
3229790 1862
3229792 1863
3229794 1864
3233152 554
3233153 554
3233155 606
3233156 1101
3233157 1101
3233159 1153
3233160 1464
3233161 1464
3233163 1516
3233165 1726
3233167 1736
3233168 1781
3233169 1781
3233171 1818
3233172 1837
3233175 1865
3233176 1840
3233177 1840
3233179 1866
3233180 1843
3233181 1843
3233183 1867
3233184 1846
3233185 1846
3233187 1868
3233280 549
3233281 600
3233282 556
3233284 1096
3233285 1147
3233286 1103
3233288 1459
3233289 1510
3233290 1466
3233293 1728
3233294 1729
3233296 1776
3233297 1815
3233298 1783
3233300 1838
3233302 1840
3233305 1869
3233306 1852
3233308 1849
3233309 1870
3233310 1854
3233312 1851
3233313 1871
3233314 1856
3233344 555
3233345 549
3233346 556
3233348 1102
3233349 1096
3233350 1103
3233352 1465
3233353 1459
3233354 1466
3233357 1727
3233358 1729
3233360 1782
3233361 1776
3233362 1783
3233364 1839
3233366 1840
3233368 1869
3233370 1852
3233372 1872
3233373 1849
3233374 1854
3233376 1873
3233377 1851
3233378 1856
3233408 556
3233409 556
3233410 556
3233411 607
3233412 1103
3233413 1103
3233414 1103
3233415 1154
3233416 1466
3233417 1466
3233418 1466
3233419 1517
3233421 1729
3233422 1729
3233423 1737
3233424 1783
3233425 1783
3233426 1783
3233427 1819
3233428 1840
3233430 1840
3233431 1866
3233432 1852
3233433 1852
3233435 1874
3233436 1854
3233437 1854
3233438 1854
3233439 1875
3233440 1856
3233441 1856
3233442 1856
3233443 1876
3233536 551
3233537 601
3233538 558
3233540 1098
3233541 1148
3233542 1105
3233544 1461
3233545 1511
3233546 1468
3233549 1731
3233550 1732
3233552 1778
3233553 1816
3233554 1785
3233556 1841
3233558 1843
3233560 1849
3233561 1872
3233562 1854
3233565 1877
3233566 1860
3233568 1859
3233569 1878
3233570 1862
3233600 557
3233601 551
3233602 558
3233604 1104
3233605 1098
3233606 1105
3233608 1467
3233609 1461
3233610 1468
3233613 1730
3233614 1732
3233616 1784
3233617 1778
3233618 1785
3233620 1842
3233622 1843
3233624 1870
3233625 1849
3233626 1854
3233628 1877
3233630 1860
3233632 1879
3233633 1859
3233634 1862
3233664 558
3233665 558
3233666 558
3233667 608
3233668 1105
3233669 1105
3233670 1105
3233671 1155
3233672 1468
3233673 1468
3233674 1468
3233675 1518
3233677 1732
3233678 1732
3233679 1738
3233680 1785
3233681 1785
3233682 1785
3233683 1820
3233684 1843
3233686 1843
3233687 1867
3233688 1854
3233689 1854
3233690 1854
3233691 1875
3233692 1860
3233693 1860
3233695 1880
3233696 1862
3233697 1862
3233698 1862
3233699 1881
3233792 553
3233793 602
3233794 560
3233796 1100
3233797 1149
3233798 1107
3233800 1463
3233801 1512
3233802 1470
3233805 1734
3233806 1735
3233808 1780
3233809 1817
3233810 1787
3233812 1844
3233814 1846
3233816 1851
3233817 1873
3233818 1856
3233820 1859
3233821 1879
3233822 1862
3233825 1882
3233826 1864
3233856 559
3233857 553
3233858 560
3233860 1106
3233861 1100
3233862 1107
3233864 1469
3233865 1463
3233866 1470
3233869 1733
3233870 1735
3233872 1786
3233873 1780
3233874 1787
3233876 1845
3233878 1846
3233880 1871
3233881 1851
3233882 1856
3233884 1878
3233885 1859
3233886 1862
3233888 1882
3233890 1864
3233920 560
3233921 560
3233922 560
3233923 609
3233924 1107
3233925 1107
3233926 1107
3233927 1156
3233928 1470
3233929 1470
3233930 1470
3233931 1519
3233933 1735
3233934 1735
3233935 1739
3233936 1787
3233937 1787
3233938 1787
3233939 1821
3233940 1846
3233942 1846
3233943 1868
3233944 1856
3233945 1856
3233946 1856
3233947 1876
3233948 1862
3233949 1862
3233950 1862
3233951 1881
3233952 1864
3233953 1864
3233955 1883
3245632 561
3245633 610
3245634 566
3245636 1108
3245637 1157
3245638 1113
3245640 1471
3245641 1520
3245642 1476
3245645 1740
3245646 1741
3245648 1788
3245649 1822
3245650 1793
3245652 1847
3245653 1869
3245654 1852
3245658 1884
3245660 1885
3245661 1886
3245662 1887
3245664 1888
3245665 1889
3245666 1890
3245824 562
3245825 563
3245828 1109
3245829 1110
3245832 1472
3245833 1473
3245837 1742
3245840 1789
3245841 1790
3245844 1848
3245845 1849
3245849 1885
3245853 1891
3245856 1892
3245857 1893
3245888 563
3245889 613
3245890 568
3245892 1110
3245893 1160
3245894 1115
3245896 1473
3245897 1523
3245898 1478
3245901 1743
3245902 1744
3245904 1790
3245905 1823
3245906 1795
3245908 1849
3245909 1870
3245910 1854
3245913 1886
3245914 1887
3245916 1891
3245918 1894
3245920 1893
3245921 1895
3245922 1896
3246080 564
3246081 565
3246084 1111
3246085 1112
3246088 1474
3246089 1475
3246093 1745
3246096 1791
3246097 1792
3246100 1850
3246101 1851
3246105 1888
3246108 1892
3246109 1893
3246113 1897
3246144 565
3246145 614
3246146 570
3246148 1112
3246149 1161
3246150 1117
3246152 1475
3246153 1524
3246154 1480
3246157 1746
3246158 1747
3246160 1792
3246161 1824
3246162 1797
3246164 1851
3246165 1871
3246166 1856
3246169 1889
3246170 1890
3246172 1893
3246173 1895
3246174 1896
3246176 1897
3246178 1898
3249792 566
3249793 566
3249795 615
3249796 1113
3249797 1113
3249799 1162
3249800 1476
3249801 1476
3249803 1525
3249805 1741
3249807 1748
3249808 1793
3249809 1793
3249811 1827
3249812 1852
3249813 1852
3249815 1874
3249816 1884
3249819 1899
3249820 1887
3249821 1887
3249823 1900
3249824 1890
3249825 1890
3249827 1901
3249920 563
3249921 611
3249922 568
3249924 1110
3249925 1158
3249926 1115
3249928 1473
3249929 1521
3249930 1478
3249933 1743
3249934 1744
3249936 1790
3249937 1825
3249938 1795
3249940 1849
3249941 1872
3249942 1854
3249944 1885
3249946 1887
3249949 1902
3249950 1894
3249952 1893
3249953 1903
3249954 1896
3249984 567
3249985 563
3249986 568
3249988 1114
3249989 1110
3249990 1115
3249992 1477
3249993 1473
3249994 1478
3249997 1742
3249998 1744
3250000 1794
3250001 1790
3250002 1795
3250004 1853
3250005 1849
3250006 1854
3250008 1886
3250010 1887
3250012 1902
3250014 1894
3250016 1904
3250017 1893
3250018 1896
3250048 568
3250049 568
3250050 568
3250051 616
3250052 1115
3250053 1115
3250054 1115
3250055 1163
3250056 1478
3250057 1478
3250058 1478
3250059 1526
3250061 1744
3250062 1744
3250063 1749
3250064 1795
3250065 1795
3250066 1795
3250067 1828
3250068 1854
3250069 1854
3250070 1854
3250071 1875
3250072 1887
3250074 1887
3250075 1900
3250076 1894
3250077 1894
3250079 1905
3250080 1896
3250081 1896
3250082 1896
3250083 1906
3250176 565
3250177 612
3250178 570
3250180 1112
3250181 1159
3250182 1117
3250184 1475
3250185 1522
3250186 1480
3250189 1746
3250190 1747
3250192 1792
3250193 1826
3250194 1797
3250196 1851
3250197 1873
3250198 1856
3250200 1888
3250202 1890
3250204 1893
3250205 1904
3250206 1896
3250209 1907
3250210 1898
3250240 569
3250241 565
3250242 570
3250244 1116
3250245 1112
3250246 1117
3250248 1479
3250249 1475
3250250 1480
3250253 1745
3250254 1747
3250256 1796
3250257 1792
3250258 1797
3250260 1855
3250261 1851
3250262 1856
3250264 1889
3250266 1890
3250268 1903
3250269 1893
3250270 1896
3250272 1907
3250274 1898
3250304 570
3250305 570
3250306 570
3250307 617
3250308 1117
3250309 1117
3250310 1117
3250311 1164
3250312 1480
3250313 1480
3250314 1480
3250315 1527
3250317 1747
3250318 1747
3250319 1750
3250320 1797
3250321 1797
3250322 1797
3250323 1829
3250324 1856
3250325 1856
3250326 1856
3250327 1876
3250328 1890
3250330 1890
3250331 1901
3250332 1896
3250333 1896
3250334 1896
3250335 1906
3250336 1898
3250337 1898
3250339 1908
3262272 571
3262273 618
3262274 574
3262276 1118
3262277 1165
3262278 1121
3262280 1481
3262281 1528
3262282 1484
3262285 1751
3262286 1752
3262288 1798
3262289 1830
3262290 1801
3262292 1857
3262293 1877
3262294 1860
3262296 1891
3262297 1902
3262298 1894
3262302 1909
3262304 1910
3262305 1911
3262306 1912
3262464 572
3262465 573
3262468 1119
3262469 1120
3262472 1482
3262473 1483
3262477 1753
3262480 1799
3262481 1800
3262484 1858
3262485 1859
3262488 1892
3262489 1893
3262493 1910
3262497 1913
3262528 573
3262529 620
3262530 576
3262532 1120
3262533 1167
3262534 1123
3262536 1483
3262537 1530
3262538 1486
3262541 1754
3262542 1755
3262544 1800
3262545 1831
3262546 1803
3262548 1859
3262549 1878
3262550 1862
3262552 1893
3262553 1903
3262554 1896
3262557 1911
3262558 1912
3262560 1913
3262562 1914
3266432 574
3266433 574
3266435 621
3266436 1121
3266437 1121
3266439 1168
3266440 1484
3266441 1484
3266443 1531
3266445 1752
3266447 1756
3266448 1801
3266449 1801
3266451 1833
3266452 1860
3266453 1860
3266455 1880
3266456 1894
3266457 1894
3266459 1905
3266460 1909
3266463 1915
3266464 1912
3266465 1912
3266467 1916
3266560 573
3266561 619
3266562 576
3266564 1120
3266565 1166
3266566 1123
3266568 1483
3266569 1529
3266570 1486
3266573 1754
3266574 1755
3266576 1800
3266577 1832
3266578 1803
3266580 1859
3266581 1879
3266582 1862
3266584 1893
3266585 1904
3266586 1896
3266588 1910
3266590 1912
3266593 1917
3266594 1914
3266624 575
3266625 573
3266626 576
3266628 1122
3266629 1120
3266630 1123
3266632 1485
3266633 1483
3266634 1486
3266637 1753
3266638 1755
3266640 1802
3266641 1800
3266642 1803
3266644 1861
3266645 1859
3266646 1862
3266648 1895
3266649 1893
3266650 1896
3266652 1911
3266654 1912
3266656 1917
3266658 1914
3266688 576
3266689 576
3266690 576
3266691 622
3266692 1123
3266693 1123
3266694 1123
3266695 1169
3266696 1486
3266697 1486
3266698 1486
3266699 1532
3266701 1755
3266702 1755
3266703 1757
3266704 1803
3266705 1803
3266706 1803
3266707 1834
3266708 1862
3266709 1862
3266710 1862
3266711 1881
3266712 1896
3266713 1896
3266714 1896
3266715 1906
3266716 1912
3266718 1912
3266719 1916
3266720 1914
3266721 1914
3266723 1918
3278912 577
3278913 623
3278914 578
3278916 1124
3278917 1170
3278918 1125
3278920 1487
3278921 1533
3278922 1488
3278925 1758
3278926 1759
3278928 1804
3278929 1835
3278930 1805
3278932 1863
3278933 1882
3278934 1864
3278936 1897
3278937 1907
3278938 1898
3278940 1913
3278941 1917
3278942 1914
3278946 1919
3283072 578
3283073 578
3283075 624
3283076 1125
3283077 1125
3283079 1171
3283080 1488
3283081 1488
3283083 1534
3283085 1759
3283087 1760
3283088 1805
3283089 1805
3283091 1836
3283092 1864
3283093 1864
3283095 1883
3283096 1898
3283097 1898
3283099 1908
3283100 1914
3283101 1914
3283103 1918
3283104 1919
3283107 1920
4265088 625
4265091 670
4265092 1172
4265095 1217
4265096 1535
4265099 1580
4265100 1761
4265103 1806
4265107 1921
4265108 1922
4265111 1923
4265112 1924
4265115 1925
4265116 1926
4265119 1927
4265120 1928
4265123 1929
4265216 626
4265217 627
4265218 628
4265220 1173
4265221 1174
4265222 1175
4265224 1536
4265225 1537
4265226 1538
4265228 1762
4265229 1763
4265230 1764
4265234 1922
4265237 1930
4265238 1931
4265240 1932
4265241 1933
4265242 1934
4265244 1935
4265245 1936
4265246 1937
4265248 1938
4265249 1939
4265250 1940
4265344 628
4265346 628
4265347 671
4265348 1175
4265350 1175
4265351 1218
4265352 1538
4265354 1538
4265355 1581
4265356 1764
4265358 1764
4265359 1807
4265362 1922
4265363 1923
4265364 1931
4265367 1941
4265368 1934
4265370 1934
4265371 1942
4265372 1937
4265374 1937
4265375 1943
4265376 1940
4265378 1940
4265379 1944
4265472 629
4265473 630
4265474 631
4265476 1176
4265477 1177
4265478 1178
4265480 1539
4265481 1540
4265482 1541
4265484 1765
4265485 1766
4265486 1767
4265490 1924
4265492 1932
4265493 1933
4265494 1934
4265497 1945
4265498 1946
4265500 1947
4265501 1948
4265502 1949
4265504 1950
4265505 1951
4265506 1952
4265600 631
4265602 631
4265603 672
4265604 1178
4265606 1178
4265607 1219
4265608 1541
4265610 1541
4265611 1582
4265612 1767
4265614 1767
4265615 1808
4265618 1924
4265619 1925
4265620 1934
4265622 1934
4265623 1942
4265624 1946
4265627 1953
4265628 1949
4265630 1949
4265631 1954
4265632 1952
4265634 1952
4265635 1955
4265728 632
4265729 633
4265730 634
4265732 1179
4265733 1180
4265734 1181
4265736 1542
4265737 1543
4265738 1544
4265740 1768
4265741 1769
4265742 1770
4265746 1926
4265748 1935
4265749 1936
4265750 1937
4265752 1947
4265753 1948
4265754 1949
4265757 1956
4265758 1957
4265760 1958
4265761 1959
4265762 1960
4265856 634
4265858 634
4265859 673
4265860 1181
4265862 1181
4265863 1220
4265864 1544
4265866 1544
4265867 1583
4265868 1770
4265870 1770
4265871 1809
4265874 1926
4265875 1927
4265876 1937
4265878 1937
4265879 1943
4265880 1949
4265882 1949
4265883 1954
4265884 1957
4265887 1961
4265888 1960
4265890 1960
4265891 1962
4265984 635
4265985 636
4265986 637
4265988 1182
4265989 1183
4265990 1184
4265992 1545
4265993 1546
4265994 1547
4265996 1771
4265997 1772
4265998 1773
4266002 1928
4266004 1938
4266005 1939
4266006 1940
4266008 1950
4266009 1951
4266010 1952
4266012 1958
4266013 1959
4266014 1960
4266017 1963
4266018 1964
4266112 637
4266114 637
4266115 674
4266116 1184
4266118 1184
4266119 1221
4266120 1547
4266122 1547
4266123 1584
4266124 1773
4266126 1773
4266127 1810
4266130 1928
4266131 1929
4266132 1940
4266134 1940
4266135 1944
4266136 1952
4266138 1952
4266139 1955
4266140 1960
4266142 1960
4266143 1962
4266144 1964
4266147 1965
4277568 638
4277569 675
4277570 645
4277572 1185
4277573 1222
4277574 1192
4277576 1548
4277577 1585
4277578 1555
4277580 1774
4277581 1811
4277582 1781
4277585 1930
4277586 1931
4277590 1966
4277592 1967
4277593 1968
4277594 1969
4277596 1970
4277597 1971
4277598 1972
4277600 1973
4277601 1974
4277602 1975
4277760 639
4277761 640
4277764 1186
4277765 1187
4277768 1549
4277769 1550
4277772 1775
4277773 1776
4277777 1932
4277781 1967
4277785 1976
4277788 1977
4277789 1978
4277792 1979
4277793 1980
4277824 640
4277825 679
4277826 647
4277828 1187
4277829 1226
4277830 1194
4277832 1550
4277833 1589
4277834 1557
4277836 1776
4277837 1815
4277838 1783
4277841 1933
4277842 1934
4277845 1968
4277846 1969
4277848 1976
4277850 1981
4277852 1978
4277853 1982
4277854 1983
4277856 1980
4277857 1984
4277858 1985
4278016 641
4278017 642
4278020 1188
4278021 1189
4278024 1551
4278025 1552
4278028 1777
4278029 1778
4278033 1935
4278037 1970
4278040 1977
4278041 1978
4278045 1986
4278048 1987
4278049 1988
4278080 642
4278081 680
4278082 649
4278084 1189
4278085 1227
4278086 1196
4278088 1552
4278089 1590
4278090 1559
4278092 1778
4278093 1816
4278094 1785
4278097 1936
4278098 1937
4278101 1971
4278102 1972
4278104 1978
4278105 1982
4278106 1983
4278108 1986
4278110 1989
4278112 1988
4278113 1990
4278114 1991
4278272 643
4278273 644
4278276 1190
4278277 1191
4278280 1553
4278281 1554
4278284 1779
4278285 1780
4278289 1938
4278293 1973
4278296 1979
4278297 1980
4278300 1987
4278301 1988
4278305 1992
4278336 644
4278337 681
4278338 651
4278340 1191
4278341 1228
4278342 1198
4278344 1554
4278345 1591
4278346 1561
4278348 1780
4278349 1817
4278350 1787
4278353 1939
4278354 1940
4278357 1974
4278358 1975
4278360 1980
4278361 1984
4278362 1985
4278364 1988
4278365 1990
4278366 1991
4278368 1992
4278370 1993
4281728 645
4281729 645
4281731 682
4281732 1192
4281733 1192
4281735 1229
4281736 1555
4281737 1555
4281739 1592
4281740 1781
4281741 1781
4281743 1818
4281745 1931
4281747 1941
4281748 1966
4281751 1994
4281752 1969
4281753 1969
4281755 1995
4281756 1972
4281757 1972
4281759 1996
4281760 1975
4281761 1975
4281763 1997
4281856 640
4281857 676
4281858 647
4281860 1187
4281861 1223
4281862 1194
4281864 1550
4281865 1586
4281866 1557
4281868 1776
4281869 1812
4281870 1783
4281873 1933
4281874 1934
4281876 1967
4281878 1969
4281881 1998
4281882 1981
4281884 1978
4281885 1999
4281886 1983
4281888 1980
4281889 2000
4281890 1985
4281920 646
4281921 640
4281922 647
4281924 1193
4281925 1187
4281926 1194
4281928 1556
4281929 1550
4281930 1557
4281932 1782
4281933 1776
4281934 1783
4281937 1932
4281938 1934
4281940 1968
4281942 1969
4281944 1998
4281946 1981
4281948 2001
4281949 1978
4281950 1983
4281952 2002
4281953 1980
4281954 1985
4281984 647
4281985 647
4281986 647
4281987 683
4281988 1194
4281989 1194
4281990 1194
4281991 1230
4281992 1557
4281993 1557
4281994 1557
4281995 1593
4281996 1783
4281997 1783
4281998 1783
4281999 1819
4282001 1934
4282002 1934
4282003 1942
4282004 1969
4282006 1969
4282007 1995
4282008 1981
4282009 1981
4282011 2003
4282012 1983
4282013 1983
4282014 1983
4282015 2004
4282016 1985
4282017 1985
4282018 1985
4282019 2005
4282112 642
4282113 677
4282114 649
4282116 1189
4282117 1224
4282118 1196
4282120 1552
4282121 1587
4282122 1559
4282124 1778
4282125 1813
4282126 1785
4282129 1936
4282130 1937
4282132 1970
4282134 1972
4282136 1978
4282137 2001
4282138 1983
4282141 2006
4282142 1989
4282144 1988
4282145 2007
4282146 1991
4282176 648
4282177 642
4282178 649
4282180 1195
4282181 1189
4282182 1196
4282184 1558
4282185 1552
4282186 1559
4282188 1784
4282189 1778
4282190 1785
4282193 1935
4282194 1937
4282196 1971
4282198 1972
4282200 1999
4282201 1978
4282202 1983
4282204 2006
4282206 1989
4282208 2008
4282209 1988
4282210 1991
4282240 649
4282241 649
4282242 649
4282243 684
4282244 1196
4282245 1196
4282246 1196
4282247 1231
4282248 1559
4282249 1559
4282250 1559
4282251 1594
4282252 1785
4282253 1785
4282254 1785
4282255 1820
4282257 1937
4282258 1937
4282259 1943
4282260 1972
4282262 1972
4282263 1996
4282264 1983
4282265 1983
4282266 1983
4282267 2004
4282268 1989
4282269 1989
4282271 2009
4282272 1991
4282273 1991
4282274 1991
4282275 2010
4282368 644
4282369 678
4282370 651
4282372 1191
4282373 1225
4282374 1198
4282376 1554
4282377 1588
4282378 1561
4282380 1780
4282381 1814
4282382 1787
4282385 1939
4282386 1940
4282388 1973
4282390 1975
4282392 1980
4282393 2002
4282394 1985
4282396 1988
4282397 2008
4282398 1991
4282401 2011
4282402 1993
4282432 650
4282433 644
4282434 651
4282436 1197
4282437 1191
4282438 1198
4282440 1560
4282441 1554
4282442 1561
4282444 1786
4282445 1780
4282446 1787
4282449 1938
4282450 1940
4282452 1974
4282454 1975
4282456 2000
4282457 1980
4282458 1985
4282460 2007
4282461 1988
4282462 1991
4282464 2011
4282466 1993
4282496 651
4282497 651
4282498 651
4282499 685
4282500 1198
4282501 1198
4282502 1198
4282503 1232
4282504 1561
4282505 1561
4282506 1561
4282507 1595
4282508 1787
4282509 1787
4282510 1787
4282511 1821
4282513 1940
4282514 1940
4282515 1944
4282516 1975
4282518 1975
4282519 1997
4282520 1985
4282521 1985
4282522 1985
4282523 2005
4282524 1991
4282525 1991
4282526 1991
4282527 2010
4282528 1993
4282529 1993
4282531 2012
4294208 652
4294209 686
4294210 657
4294212 1199
4294213 1233
4294214 1204
4294216 1562
4294217 1596
4294218 1567
4294220 1788
4294221 1822
4294222 1793
4294225 1945
4294226 1946
4294228 1976
4294229 1998
4294230 1981
4294234 2013
4294236 2014
4294237 2015
4294238 2016
4294240 2017
4294241 2018
4294242 2019
4294400 653
4294401 654
4294404 1200
4294405 1201
4294408 1563
4294409 1564
4294412 1789
4294413 1790
4294417 1947
4294420 1977
4294421 1978
4294425 2014
4294429 2020
4294432 2021
4294433 2022
4294464 654
4294465 689
4294466 659
4294468 1201
4294469 1236
4294470 1206
4294472 1564
4294473 1599
4294474 1569
4294476 1790
4294477 1825
4294478 1795
4294481 1948
4294482 1949
4294484 1978
4294485 1999
4294486 1983
4294489 2015
4294490 2016
4294492 2020
4294494 2023
4294496 2022
4294497 2024
4294498 2025
4294656 655
4294657 656
4294660 1202
4294661 1203
4294664 1565
4294665 1566
4294668 1791
4294669 1792
4294673 1950
4294676 1979
4294677 1980
4294681 2017
4294684 2021
4294685 2022
4294689 2026
4294720 656
4294721 690
4294722 661
4294724 1203
4294725 1237
4294726 1208
4294728 1566
4294729 1600
4294730 1571
4294732 1792
4294733 1826
4294734 1797
4294737 1951
4294738 1952
4294740 1980
4294741 2000
4294742 1985
4294745 2018
4294746 2019
4294748 2022
4294749 2024
4294750 2025
4294752 2026
4294754 2027
4298368 657
4298369 657
4298371 691
4298372 1204
4298373 1204
4298375 1238
4298376 1567
4298377 1567
4298379 1601
4298380 1793
4298381 1793
4298383 1827
4298385 1946
4298387 1953
4298388 1981
4298389 1981
4298391 2003
4298392 2013
4298395 2028
4298396 2016
4298397 2016
4298399 2029
4298400 2019
4298401 2019
4298403 2030
4298496 654
4298497 687
4298498 659
4298500 1201
4298501 1234
4298502 1206
4298504 1564
4298505 1597
4298506 1569
4298508 1790
4298509 1823
4298510 1795
4298513 1948
4298514 1949
4298516 1978
4298517 2001
4298518 1983
4298520 2014
4298522 2016
4298525 2031
4298526 2023
4298528 2022
4298529 2032
4298530 2025
4298560 658
4298561 654
4298562 659
4298564 1205
4298565 1201
4298566 1206
4298568 1568
4298569 1564
4298570 1569
4298572 1794
4298573 1790
4298574 1795
4298577 1947
4298578 1949
4298580 1982
4298581 1978
4298582 1983
4298584 2015
4298586 2016
4298588 2031
4298590 2023
4298592 2033
4298593 2022
4298594 2025
4298624 659
4298625 659
4298626 659
4298627 692
4298628 1206
4298629 1206
4298630 1206
4298631 1239
4298632 1569
4298633 1569
4298634 1569
4298635 1602
4298636 1795
4298637 1795
4298638 1795
4298639 1828
4298641 1949
4298642 1949
4298643 1954
4298644 1983
4298645 1983
4298646 1983
4298647 2004
4298648 2016
4298650 2016
4298651 2029
4298652 2023
4298653 2023
4298655 2034
4298656 2025
4298657 2025
4298658 2025
4298659 2035
4298752 656
4298753 688
4298754 661
4298756 1203
4298757 1235
4298758 1208
4298760 1566
4298761 1598
4298762 1571
4298764 1792
4298765 1824
4298766 1797
4298769 1951
4298770 1952
4298772 1980
4298773 2002
4298774 1985
4298776 2017
4298778 2019
4298780 2022
4298781 2033
4298782 2025
4298785 2036
4298786 2027
4298816 660
4298817 656
4298818 661
4298820 1207
4298821 1203
4298822 1208
4298824 1570
4298825 1566
4298826 1571
4298828 1796
4298829 1792
4298830 1797
4298833 1950
4298834 1952
4298836 1984
4298837 1980
4298838 1985
4298840 2018
4298842 2019
4298844 2032
4298845 2022
4298846 2025
4298848 2036
4298850 2027
4298880 661
4298881 661
4298882 661
4298883 693
4298884 1208
4298885 1208
4298886 1208
4298887 1240
4298888 1571
4298889 1571
4298890 1571
4298891 1603
4298892 1797
4298893 1797
4298894 1797
4298895 1829
4298897 1952
4298898 1952
4298899 1955
4298900 1985
4298901 1985
4298902 1985
4298903 2005
4298904 2019
4298906 2019
4298907 2030
4298908 2025
4298909 2025
4298910 2025
4298911 2035
4298912 2027
4298913 2027
4298915 2037
4310848 662
4310849 694
4310850 665
4310852 1209
4310853 1241
4310854 1212
4310856 1572
4310857 1604
4310858 1575
4310860 1798
4310861 1830
4310862 1801
4310865 1956
4310866 1957
4310868 1986
4310869 2006
4310870 1989
4310872 2020
4310873 2031
4310874 2023
4310878 2038
4310880 2039
4310881 2040
4310882 2041
4311040 663
4311041 664
4311044 1210
4311045 1211
4311048 1573
4311049 1574
4311052 1799
4311053 1800
4311057 1958
4311060 1987
4311061 1988
4311064 2021
4311065 2022
4311069 2039
4311073 2042
4311104 664
4311105 696
4311106 667
4311108 1211
4311109 1243
4311110 1214
4311112 1574
4311113 1606
4311114 1577
4311116 1800
4311117 1832
4311118 1803
4311121 1959
4311122 1960
4311124 1988
4311125 2007
4311126 1991
4311128 2022
4311129 2032
4311130 2025
4311133 2040
4311134 2041
4311136 2042
4311138 2043
4315008 665
4315009 665
4315011 697
4315012 1212
4315013 1212
4315015 1244
4315016 1575
4315017 1575
4315019 1607
4315020 1801
4315021 1801
4315023 1833
4315025 1957
4315027 1961
4315028 1989
4315029 1989
4315031 2009
4315032 2023
4315033 2023
4315035 2034
4315036 2038
4315039 2044
4315040 2041
4315041 2041
4315043 2045
4315136 664
4315137 695
4315138 667
4315140 1211
4315141 1242
4315142 1214
4315144 1574
4315145 1605
4315146 1577
4315148 1800
4315149 1831
4315150 1803
4315153 1959
4315154 1960
4315156 1988
4315157 2008
4315158 1991
4315160 2022
4315161 2033
4315162 2025
4315164 2039
4315166 2041
4315169 2046
4315170 2043
4315200 666
4315201 664
4315202 667
4315204 1213
4315205 1211
4315206 1214
4315208 1576
4315209 1574
4315210 1577
4315212 1802
4315213 1800
4315214 1803
4315217 1958
4315218 1960
4315220 1990
4315221 1988
4315222 1991
4315224 2024
4315225 2022
4315226 2025
4315228 2040
4315230 2041
4315232 2046
4315234 2043
4315264 667
4315265 667
4315266 667
4315267 698
4315268 1214
4315269 1214
4315270 1214
4315271 1245
4315272 1577
4315273 1577
4315274 1577
4315275 1608
4315276 1803
4315277 1803
4315278 1803
4315279 1834
4315281 1960
4315282 1960
4315283 1962
4315284 1991
4315285 1991
4315286 1991
4315287 2010
4315288 2025
4315289 2025
4315290 2025
4315291 2035
4315292 2041
4315294 2041
4315295 2045
4315296 2043
4315297 2043
4315299 2047
4327488 668
4327489 699
4327490 669
4327492 1215
4327493 1246
4327494 1216
4327496 1578
4327497 1609
4327498 1579
4327500 1804
4327501 1835
4327502 1805
4327505 1963
4327506 1964
4327508 1992
4327509 2011
4327510 1993
4327512 2026
4327513 2036
4327514 2027
4327516 2042
4327517 2046
4327518 2043
4327522 2048
4331648 669
4331649 669
4331651 700
4331652 1216
4331653 1216
4331655 1247
4331656 1579
4331657 1579
4331659 1610
4331660 1805
4331661 1805
4331663 1836
4331665 1964
4331667 1965
4331668 1993
4331669 1993
4331671 2012
4331672 2027
4331673 2027
4331675 2037
4331676 2043
4331677 2043
4331679 2047
4331680 2048
4331683 2049
5330304 701
5330307 729
5330308 1248
5330311 1276
5330312 1611
5330315 1639
5330316 1837
5330319 1865
5330320 1966
5330323 1994
5330327 2050
5330328 2051
5330331 2052
5330332 2053
5330335 2054
5330336 2055
5330339 2056
5330432 702
5330433 703
5330434 704
5330436 1249
5330437 1250
5330438 1251
5330440 1612
5330441 1613
5330442 1614
5330444 1838
5330445 1839
5330446 1840
5330448 1967
5330449 1968
5330450 1969
5330454 2051
5330457 2057
5330458 2058
5330460 2059
5330461 2060
5330462 2061
5330464 2062
5330465 2063
5330466 2064
5330560 704
5330562 704
5330563 730
5330564 1251
5330566 1251
5330567 1277
5330568 1614
5330570 1614
5330571 1640
5330572 1840
5330574 1840
5330575 1866
5330576 1969
5330578 1969
5330579 1995
5330582 2051
5330583 2052
5330584 2058
5330587 2065
5330588 2061
5330590 2061
5330591 2066
5330592 2064
5330594 2064
5330595 2067
5330688 705
5330689 706
5330690 707
5330692 1252
5330693 1253
5330694 1254
5330696 1615
5330697 1616
5330698 1617
5330700 1841
5330701 1842
5330702 1843
5330704 1970
5330705 1971
5330706 1972
5330710 2053
5330712 2059
5330713 2060
5330714 2061
5330717 2068
5330718 2069
5330720 2070
5330721 2071
5330722 2072
5330816 707
5330818 707
5330819 731
5330820 1254
5330822 1254
5330823 1278
5330824 1617
5330826 1617
5330827 1641
5330828 1843
5330830 1843
5330831 1867
5330832 1972
5330834 1972
5330835 1996
5330838 2053
5330839 2054
5330840 2061
5330842 2061
5330843 2066
5330844 2069
5330847 2073
5330848 2072
5330850 2072
5330851 2074
5330944 708
5330945 709
5330946 710
5330948 1255
5330949 1256
5330950 1257
5330952 1618
5330953 1619
5330954 1620
5330956 1844
5330957 1845
5330958 1846
5330960 1973
5330961 1974
5330962 1975
5330966 2055
5330968 2062
5330969 2063
5330970 2064
5330972 2070
5330973 2071
5330974 2072
5330977 2075
5330978 2076
5331072 710
5331074 710
5331075 732
5331076 1257
5331078 1257
5331079 1279
5331080 1620
5331082 1620
5331083 1642
5331084 1846
5331086 1846
5331087 1868
5331088 1975
5331090 1975
5331091 1997
5331094 2055
5331095 2056
5331096 2064
5331098 2064
5331099 2067
5331100 2072
5331102 2072
5331103 2074
5331104 2076
5331107 2077
5342784 711
5342785 733
5342786 716
5342788 1258
5342789 1280
5342790 1263
5342792 1621
5342793 1643
5342794 1626
5342796 1847
5342797 1869
5342798 1852
5342800 1976
5342801 1998
5342802 1981
5342805 2057
5342806 2058
5342810 2078
5342812 2079
5342813 2080
5342814 2081
5342816 2082
5342817 2083
5342818 2084
5342976 712
5342977 713
5342980 1259
5342981 1260
5342984 1622
5342985 1623
5342988 1848
5342989 1849
5342992 1977
5342993 1978
5342997 2059
5343001 2079
5343005 2085
5343008 2086
5343009 2087
5343040 713
5343041 736
5343042 718
5343044 1260
5343045 1283
5343046 1265
5343048 1623
5343049 1646
5343050 1628
5343052 1849
5343053 1872
5343054 1854
5343056 1978
5343057 2001
5343058 1983
5343061 2060
5343062 2061
5343065 2080
5343066 2081
5343068 2085
5343070 2088
5343072 2087
5343073 2089
5343074 2090
5343232 714
5343233 715
5343236 1261
5343237 1262
5343240 1624
5343241 1625
5343244 1850
5343245 1851
5343248 1979
5343249 1980
5343253 2062
5343257 2082
5343260 2086
5343261 2087
5343265 2091
5343296 715
5343297 737
5343298 720
5343300 1262
5343301 1284
5343302 1267
5343304 1625
5343305 1647
5343306 1630
5343308 1851
5343309 1873
5343310 1856
5343312 1980
5343313 2002
5343314 1985
5343317 2063
5343318 2064
5343321 2083
5343322 2084
5343324 2087
5343325 2089
5343326 2090
5343328 2091
5343330 2092
5346944 716
5346945 716
5346947 738
5346948 1263
5346949 1263
5346951 1285
5346952 1626
5346953 1626
5346955 1648
5346956 1852
5346957 1852
5346959 1874
5346960 1981
5346961 1981
5346963 2003
5346965 2058
5346967 2065
5346968 2078
5346971 2093
5346972 2081
5346973 2081
5346975 2094
5346976 2084
5346977 2084
5346979 2095
5347072 713
5347073 734
5347074 718
5347076 1260
5347077 1281
5347078 1265
5347080 1623
5347081 1644
5347082 1628
5347084 1849
5347085 1870
5347086 1854
5347088 1978
5347089 1999
5347090 1983
5347093 2060
5347094 2061
5347096 2079
5347098 2081
5347101 2096
5347102 2088
5347104 2087
5347105 2097
5347106 2090
5347136 717
5347137 713
5347138 718
5347140 1264
5347141 1260
5347142 1265
5347144 1627
5347145 1623
5347146 1628
5347148 1853
5347149 1849
5347150 1854
5347152 1982
5347153 1978
5347154 1983
5347157 2059
5347158 2061
5347160 2080
5347162 2081
5347164 2096
5347166 2088
5347168 2098
5347169 2087
5347170 2090
5347200 718
5347201 718
5347202 718
5347203 739
5347204 1265
5347205 1265
5347206 1265
5347207 1286
5347208 1628
5347209 1628
5347210 1628
5347211 1649
5347212 1854
5347213 1854
5347214 1854
5347215 1875
5347216 1983
5347217 1983
5347218 1983
5347219 2004
5347221 2061
5347222 2061
5347223 2066
5347224 2081
5347226 2081
5347227 2094
5347228 2088
5347229 2088
5347231 2099
5347232 2090
5347233 2090
5347234 2090
5347235 2100
5347328 715
5347329 735
5347330 720
5347332 1262
5347333 1282
5347334 1267
5347336 1625
5347337 1645
5347338 1630
5347340 1851
5347341 1871
5347342 1856
5347344 1980
5347345 2000
5347346 1985
5347349 2063
5347350 2064
5347352 2082
5347354 2084
5347356 2087
5347357 2098
5347358 2090
5347361 2101
5347362 2092
5347392 719
5347393 715
5347394 720
5347396 1266
5347397 1262
5347398 1267
5347400 1629
5347401 1625
5347402 1630
5347404 1855
5347405 1851
5347406 1856
5347408 1984
5347409 1980
5347410 1985
5347413 2062
5347414 2064
5347416 2083
5347418 2084
5347420 2097
5347421 2087
5347422 2090
5347424 2101
5347426 2092
5347456 720
5347457 720
5347458 720
5347459 740
5347460 1267
5347461 1267
5347462 1267
5347463 1287
5347464 1630
5347465 1630
5347466 1630
5347467 1650
5347468 1856
5347469 1856
5347470 1856
5347471 1876
5347472 1985
5347473 1985
5347474 1985
5347475 2005
5347477 2064
5347478 2064
5347479 2067
5347480 2084
5347482 2084
5347483 2095
5347484 2090
5347485 2090
5347486 2090
5347487 2100
5347488 2092
5347489 2092
5347491 2102
5359424 721
5359425 741
5359426 724
5359428 1268
5359429 1288
5359430 1271
5359432 1631
5359433 1651
5359434 1634
5359436 1857
5359437 1877
5359438 1860
5359440 1986
5359441 2006
5359442 1989
5359445 2068
5359446 2069
5359448 2085
5359449 2096
5359450 2088
5359454 2103
5359456 2104
5359457 2105
5359458 2106
5359616 722
5359617 723
5359620 1269
5359621 1270
5359624 1632
5359625 1633
5359628 1858
5359629 1859
5359632 1987
5359633 1988
5359637 2070
5359640 2086
5359641 2087
5359645 2104
5359649 2107
5359680 723
5359681 743
5359682 726
5359684 1270
5359685 1290
5359686 1273
5359688 1633
5359689 1653
5359690 1636
5359692 1859
5359693 1879
5359694 1862
5359696 1988
5359697 2008
5359698 1991
5359701 2071
5359702 2072
5359704 2087
5359705 2097
5359706 2090
5359709 2105
5359710 2106
5359712 2107
5359714 2108
5363584 724
5363585 724
5363587 744
5363588 1271
5363589 1271
5363591 1291
5363592 1634
5363593 1634
5363595 1654
5363596 1860
5363597 1860
5363599 1880
5363600 1989
5363601 1989
5363603 2009
5363605 2069
5363607 2073
5363608 2088
5363609 2088
5363611 2099
5363612 2103
5363615 2109
5363616 2106
5363617 2106
5363619 2110
5363712 723
5363713 742
5363714 726
5363716 1270
5363717 1289
5363718 1273
5363720 1633
5363721 1652
5363722 1636
5363724 1859
5363725 1878
5363726 1862
5363728 1988
5363729 2007
5363730 1991
5363733 2071
5363734 2072
5363736 2087
5363737 2098
5363738 2090
5363740 2104
5363742 2106
5363745 2111
5363746 2108
5363776 725
5363777 723
5363778 726
5363780 1272
5363781 1270
5363782 1273
5363784 1635
5363785 1633
5363786 1636
5363788 1861
5363789 1859
5363790 1862
5363792 1990
5363793 1988
5363794 1991
5363797 2070
5363798 2072
5363800 2089
5363801 2087
5363802 2090
5363804 2105
5363806 2106
5363808 2111
5363810 2108
5363840 726
5363841 726
5363842 726
5363843 745
5363844 1273
5363845 1273
5363846 1273
5363847 1292
5363848 1636
5363849 1636
5363850 1636
5363851 1655
5363852 1862
5363853 1862
5363854 1862
5363855 1881
5363856 1991
5363857 1991
5363858 1991
5363859 2010
5363861 2072
5363862 2072
5363863 2074
5363864 2090
5363865 2090
5363866 2090
5363867 2100
5363868 2106
5363870 2106
5363871 2110
5363872 2108
5363873 2108
5363875 2112
5376064 727
5376065 746
5376066 728
5376068 1274
5376069 1293
5376070 1275
5376072 1637
5376073 1656
5376074 1638
5376076 1863
5376077 1882
5376078 1864
5376080 1992
5376081 2011
5376082 1993
5376085 2075
5376086 2076
5376088 2091
5376089 2101
5376090 2092
5376092 2107
5376093 2111
5376094 2108
5376098 2113
5380224 728
5380225 728
5380227 747
5380228 1275
5380229 1275
5380231 1294
5380232 1638
5380233 1638
5380235 1657
5380236 1864
5380237 1864
5380239 1883
5380240 1993
5380241 1993
5380243 2012
5380245 2076
5380247 2077
5380248 2092
5380249 2092
5380251 2102
5380252 2108
5380253 2108
5380255 2112
5380256 2113
5380259 2114
6395520 748
6395523 763
6395524 1295
6395527 1310
6395528 1658
6395531 1673
6395532 1884
6395535 1899
6395536 2013
6395539 2028
6395540 2078
6395543 2093
6395547 2115
6395548 2116
6395551 2117
6395552 2118
6395555 2119
6395648 749
6395649 750
6395650 751
6395652 1296
6395653 1297
6395654 1298
6395656 1659
6395657 1660
6395658 1661
6395660 1885
6395661 1886
6395662 1887
6395664 2014
6395665 2015
6395666 2016
6395668 2079
6395669 2080
6395670 2081
6395674 2116
6395677 2120
6395678 2121
6395680 2122
6395681 2123
6395682 2124
6395776 751
6395778 751
6395779 764
6395780 1298
6395782 1298
6395783 1311
6395784 1661
6395786 1661
6395787 1674
6395788 1887
6395790 1887
6395791 1900
6395792 2016
6395794 2016
6395795 2029
6395796 2081
6395798 2081
6395799 2094
6395802 2116
6395803 2117
6395804 2121
6395807 2125
6395808 2124
6395810 2124
6395811 2126
6395904 752
6395905 753
6395906 754
6395908 1299
6395909 1300
6395910 1301
6395912 1662
6395913 1663
6395914 1664
6395916 1888
6395917 1889
6395918 1890
6395920 2017
6395921 2018
6395922 2019
6395924 2082
6395925 2083
6395926 2084
6395930 2118
6395932 2122
6395933 2123
6395934 2124
6395937 2127
6395938 2128
6396032 754
6396034 754
6396035 765
6396036 1301
6396038 1301
6396039 1312
6396040 1664
6396042 1664
6396043 1675
6396044 1890
6396046 1890
6396047 1901
6396048 2019
6396050 2019
6396051 2030
6396052 2084
6396054 2084
6396055 2095
6396058 2118
6396059 2119
6396060 2124
6396062 2124
6396063 2126
6396064 2128
6396067 2129
6408000 755
6408001 766
6408002 758
6408004 1302
6408005 1313
6408006 1305
6408008 1665
6408009 1676
6408010 1668
6408012 1891
6408013 1902
6408014 1894
6408016 2020
6408017 2031
6408018 2023
6408020 2085
6408021 2096
6408022 2088
6408025 2120
6408026 2121
6408030 2130
6408032 2131
6408033 2132
6408034 2133
6408192 756
6408193 757
6408196 1303
6408197 1304
6408200 1666
6408201 1667
6408204 1892
6408205 1893
6408208 2021
6408209 2022
6408212 2086
6408213 2087
6408217 2122
6408221 2131
6408225 2134
6408256 757
6408257 768
6408258 760
6408260 1304
6408261 1315
6408262 1307
6408264 1667
6408265 1678
6408266 1670
6408268 1893
6408269 1904
6408270 1896
6408272 2022
6408273 2033
6408274 2025
6408276 2087
6408277 2098
6408278 2090
6408281 2123
6408282 2124
6408285 2132
6408286 2133
6408288 2134
6408290 2135
6412160 758
6412161 758
6412163 769
6412164 1305
6412165 1305
6412167 1316
6412168 1668
6412169 1668
6412171 1679
6412172 1894
6412173 1894
6412175 1905
6412176 2023
6412177 2023
6412179 2034
6412180 2088
6412181 2088
6412183 2099
6412185 2121
6412187 2125
6412188 2130
6412191 2136
6412192 2133
6412193 2133
6412195 2137
6412288 757
6412289 767
6412290 760
6412292 1304
6412293 1314
6412294 1307
6412296 1667
6412297 1677
6412298 1670
6412300 1893
6412301 1903
6412302 1896
6412304 2022
6412305 2032
6412306 2025
6412308 2087
6412309 2097
6412310 2090
6412313 2123
6412314 2124
6412316 2131
6412318 2133
6412321 2138
6412322 2135
6412352 759
6412353 757
6412354 760
6412356 1306
6412357 1304
6412358 1307
6412360 1669
6412361 1667
6412362 1670
6412364 1895
6412365 1893
6412366 1896
6412368 2024
6412369 2022
6412370 2025
6412372 2089
6412373 2087
6412374 2090
6412377 2122
6412378 2124
6412380 2132
6412382 2133
6412384 2138
6412386 2135
6412416 760
6412417 760
6412418 760
6412419 770
6412420 1307
6412421 1307
6412422 1307
6412423 1317
6412424 1670
6412425 1670
6412426 1670
6412427 1680
6412428 1896
6412429 1896
6412430 1896
6412431 1906
6412432 2025
6412433 2025
6412434 2025
6412435 2035
6412436 2090
6412437 2090
6412438 2090
6412439 2100
6412441 2124
6412442 2124
6412443 2126
6412444 2133
6412446 2133
6412447 2137
6412448 2135
6412449 2135
6412451 2139
6424640 761
6424641 771
6424642 762
6424644 1308
6424645 1318
6424646 1309
6424648 1671
6424649 1681
6424650 1672
6424652 1897
6424653 1907
6424654 1898
6424656 2026
6424657 2036
6424658 2027
6424660 2091
6424661 2101
6424662 2092
6424665 2127
6424666 2128
6424668 2134
6424669 2138
6424670 2135
6424674 2140
6428800 762
6428801 762
6428803 772
6428804 1309
6428805 1309
6428807 1319
6428808 1672
6428809 1672
6428811 1682
6428812 1898
6428813 1898
6428815 1908
6428816 2027
6428817 2027
6428819 2037
6428820 2092
6428821 2092
6428823 2102
6428825 2128
6428827 2129
6428828 2135
6428829 2135
6428831 2139
6428832 2140
6428835 2141
7460736 773
7460739 779
7460740 1320
7460743 1326
7460744 1683
7460747 1689
7460748 1909
7460751 1915
7460752 2038
7460755 2044
7460756 2103
7460759 2109
7460760 2130
7460763 2136
7460767 2142
7460768 2143
7460771 2144
7460864 774
7460865 775
7460866 776
7460868 1321
7460869 1322
7460870 1323
7460872 1684
7460873 1685
7460874 1686
7460876 1910
7460877 1911
7460878 1912
7460880 2039
7460881 2040
7460882 2041
7460884 2104
7460885 2105
7460886 2106
7460888 2131
7460889 2132
7460890 2133
7460894 2143
7460897 2145
7460898 2146
7460992 776
7460994 776
7460995 780
7460996 1323
7460998 1323
7460999 1327
7461000 1686
7461002 1686
7461003 1690
7461004 1912
7461006 1912
7461007 1916
7461008 2041
7461010 2041
7461011 2045
7461012 2106
7461014 2106
7461015 2110
7461016 2133
7461018 2133
7461019 2137
7461022 2143
7461023 2144
7461024 2146
7461027 2147
7473216 777
7473217 781
7473218 778
7473220 1324
7473221 1328
7473222 1325
7473224 1687
7473225 1691
7473226 1688
7473228 1913
7473229 1917
7473230 1914
7473232 2042
7473233 2046
7473234 2043
7473236 2107
7473237 2111
7473238 2108
7473240 2134
7473241 2138
7473242 2135
7473245 2145
7473246 2146
7473250 2148
7477376 778
7477377 778
7477379 782
7477380 1325
7477381 1325
7477383 1329
7477384 1688
7477385 1688
7477387 1692
7477388 1914
7477389 1914
7477391 1918
7477392 2043
7477393 2043
7477395 2047
7477396 2108
7477397 2108
7477399 2112
7477400 2135
7477401 2135
7477403 2139
7477405 2146
7477407 2147
7477408 2148
7477411 2149
8525952 783
8525955 784
8525956 1330
8525959 1331
8525960 1693
8525963 1694
8525964 1919
8525967 1920
8525968 2048
8525971 2049
8525972 2113
8525975 2114
8525976 2140
8525979 2141
8525980 2148
8525983 2149
8525987 2150
